audio_file,subtitle
-qyZgVdUmgI_sentence_005.wav,Sudden.
-qyZgVdUmgI_sentence_010.wav,His death was very sudden.
-qyZgVdUmgI_sentence_031.wav,Hope.
-qyZgVdUmgI_sentence_038.wav,Plain.
-qyZgVdUmgI_sentence_040.wav,I want to make a model plane.
-qyZgVdUmgI_sentence_042.wav,Can I carry this on the plane?
-qyZgVdUmgI_sentence_045.wav,Hair.
-qyZgVdUmgI_sentence_050.wav,I need to get a haircut.
-qyZgVdUmgI_sentence_052.wav,War
-qyZgVdUmgI_sentence_053.wav,The two countries are at war.
-qyZgVdUmgI_sentence_054.wav,He was killed in the war.
-qyZgVdUmgI_sentence_059.wav,What time will you leave the office?
-qyZgVdUmgI_sentence_065.wav,You should read the instructions carefully.
-qyZgVdUmgI_sentence_066.wav,Did you read the instructions?
-qyZgVdUmgI_sentence_067.wav,"I did everything according to your instructions, and"
-qyZgVdUmgI_sentence_072.wav,Why do you hesitate?
-qyZgVdUmgI_sentence_073.wav,Don't hesitate to ask me any questions.
-qyZgVdUmgI_sentence_083.wav,Scale
-qyZgVdUmgI_sentence_095.wav,Root.
-qyZgVdUmgI_sentence_107.wav,Ice.
-qyZgVdUmgI_sentence_110.wav,The ice is melting.
-qyZgVdUmgI_sentence_119.wav,Friend
-qyZgVdUmgI_sentence_121.wav,I have a friend whose father is a teacher.
-qyZgVdUmgI_sentence_123.wav,He is an old friend of mine.
-qyZgVdUmgI_sentence_125.wav,I'd like you to meet my friends.
-qyZgVdUmgI_sentence_133.wav,Hers.
-qyZgVdUmgI_sentence_143.wav,Maybe.
-qyZgVdUmgI_sentence_145.wav,Are you going to sell your house? Maybe.
-qyZgVdUmgI_sentence_151.wav,Set.
-qyZgVdUmgI_sentence_158.wav,Far.
-qyZgVdUmgI_sentence_172.wav,Hobby
-qyZgVdUmgI_sentence_179.wav,Available.
-qyZgVdUmgI_sentence_186.wav,Fat.
-qyZgVdUmgI_sentence_189.wav,"My uncle is thin, but my aunt is fat."
-qyZgVdUmgI_sentence_200.wav,Home.
-qyZgVdUmgI_sentence_206.wav,She advised him to go home early.
-qyZgVdUmgI_sentence_219.wav,Mistake
-qyZgVdUmgI_sentence_220.wav,We all make mistakes.
-qyZgVdUmgI_sentence_222.wav,I took his umbrella by mistake.
-qyZgVdUmgI_sentence_238.wav,Less.
-qyZgVdUmgI_sentence_239.wav,You'll get there in less than ten minutes.
-qyZgVdUmgI_sentence_245.wav,Former
-qyZgVdUmgI_sentence_257.wav,Shape.
-qyZgVdUmgI_sentence_268.wav,He will get nowhere with his plans.
-qyZgVdUmgI_sentence_276.wav,Pupil
-qyZgVdUmgI_sentence_281.wav,After.
-qyZgVdUmgI_sentence_283.wav,Please look after my luggage for a minute.
-qyZgVdUmgI_sentence_285.wav,Can we talk about this after lunch?
-qyZgVdUmgI_sentence_288.wav,No.
-qyZgVdUmgI_sentence_291.wav,"As far as I know, he's never come on time."
-qyZgVdUmgI_sentence_292.wav,Do you know what time it is?
-qyZgVdUmgI_sentence_295.wav,Check.
-qyZgVdUmgI_sentence_299.wav,Customs officers have the right to check all luggages.
-qyZgVdUmgI_sentence_305.wav,Month.
-qyZgVdUmgI_sentence_309.wav,I'll be very busy next month.
-qyZgVdUmgI_sentence_312.wav,Other
-qyZgVdUmgI_sentence_333.wav,Oh.
-qyZgVdUmgI_sentence_336.wav,I owe you an apology.
-qyZgVdUmgI_sentence_340.wav,Gather.
-qyZgVdUmgI_sentence_347.wav,Solution.
-qyZgVdUmgI_sentence_348.wav,Every problem has a solution.
-qyZgVdUmgI_sentence_354.wav,Hmm.
-qyZgVdUmgI_sentence_356.wav,How did you get to know her?
-qyZgVdUmgI_sentence_361.wav,Account.
-qyZgVdUmgI_sentence_363.wav,She has a lot of money in her savings account.
-qyZgVdUmgI_sentence_368.wav,Large.
-qyZgVdUmgI_sentence_370.wav,Do you have a larger size?
-qyZgVdUmgI_sentence_371.wav,There used to be a large park here.
-qyZgVdUmgI_sentence_373.wav,Salt.
-qyZgVdUmgI_sentence_380.wav,Famous.
-qyZgVdUmgI_sentence_381.wav,She is a famous singer.
-qyZgVdUmgI_sentence_386.wav,He is eager to be famous.
-qyZgVdUmgI_sentence_387.wav,Drink.
-qyZgVdUmgI_sentence_388.wav,Let me buy you a drink.
-qyZgVdUmgI_sentence_394.wav,Inside
-qyZgVdUmgI_sentence_398.wav,Can we go Saturday?
-qyZgVdUmgI_sentence_399.wav,Today is Saturday.
-qyZgVdUmgI_sentence_407.wav,Do you have medical insurance?
-qyZgVdUmgI_sentence_412.wav,Believe.
-qyZgVdUmgI_sentence_419.wav,This building is government property.
-qyZgVdUmgI_sentence_427.wav,Satisfied.
-qyZgVdUmgI_sentence_429.wav,Are you satisfied with your salary?
-qyZgVdUmgI_sentence_434.wav,Reject.
-qyZgVdUmgI_sentence_441.wav,Crazy.
-qyZgVdUmgI_sentence_444.wav,I realize that this may sound crazy.
-qyZgVdUmgI_sentence_445.wav,But I think I've fallen in love with your younger sister.
-qyZgVdUmgI_sentence_446.wav,Variety.
-qyZgVdUmgI_sentence_451.wav,Receipt.
-qyZgVdUmgI_sentence_452.wav,"Can I have a receipt, please?"
-qyZgVdUmgI_sentence_458.wav,Priority
-qyZgVdUmgI_sentence_459.wav,Family is my number one priority.
-qyZgVdUmgI_sentence_472.wav,Storm
-qyZgVdUmgI_sentence_473.wav,There is going to be a storm.
-qyZgVdUmgI_sentence_474.wav,The storm caused a lot of damage.
-qyZgVdUmgI_sentence_477.wav,Idea.
-qyZgVdUmgI_sentence_479.wav,Do you have a better idea?
-qyZgVdUmgI_sentence_481.wav,That's a good idea.
-qyZgVdUmgI_sentence_491.wav,Important.
-qyZgVdUmgI_sentence_498.wav,Reets
-qyZgVdUmgI_sentence_505.wav,Otherwise
-qyZgVdUmgI_sentence_510.wav,What?
-qyZgVdUmgI_sentence_511.wav,What time is it?
-qyZgVdUmgI_sentence_512.wav,What are you doing?
-qyZgVdUmgI_sentence_517.wav,Obvious.
-qyZgVdUmgI_sentence_524.wav,Prevent.
-qyZgVdUmgI_sentence_531.wav,guy.
-qyZgVdUmgI_sentence_533.wav,I don't get along with that guy.
-qyZgVdUmgI_sentence_534.wav,That guy annoys me.
-qyZgVdUmgI_sentence_538.wav,Reserve.
-qyZgVdUmgI_sentence_547.wav,It's a rare disease.
-qyZgVdUmgI_sentence_550.wav,Value.
-qyZgVdUmgI_sentence_557.wav,Catch.
-qyZgVdUmgI_sentence_564.wav,Truck.
-xuEvpBrgTE_sentence_012.wav,Arrival
-xuEvpBrgTE_sentence_013.wav,I informed her of my arrival.
-xuEvpBrgTE_sentence_025.wav,What is the meaning of life?
-xuEvpBrgTE_sentence_033.wav,Occur.
-xuEvpBrgTE_sentence_035.wav,Something unexpected occurred.
-xuEvpBrgTE_sentence_038.wav,Ashore
-xuEvpBrgTE_sentence_057.wav,Tooth.
-xuEvpBrgTE_sentence_058.wav,Which tooth hurts?
-xuEvpBrgTE_sentence_068.wav,I can't express my feelings.
-xuEvpBrgTE_sentence_139.wav,Mad.
-xuEvpBrgTE_sentence_141.wav,Why are you mad at me?
-xuEvpBrgTE_sentence_190.wav,Can I assist you in any way?
-xuEvpBrgTE_sentence_203.wav,Lift.
-xuEvpBrgTE_sentence_221.wav,What is the advantage of this technique over traditional techniques?
-xuEvpBrgTE_sentence_224.wav,Unknown.
-xuEvpBrgTE_sentence_231.wav,Arrange.
-xuEvpBrgTE_sentence_237.wav,"We met at six, as arranged."
-xuEvpBrgTE_sentence_259.wav,Future.
-xuEvpBrgTE_sentence_262.wav,The best way to predict the future is to create it.
-xuEvpBrgTE_sentence_280.wav,I didn't notice anything suspicious.
-xuEvpBrgTE_sentence_285.wav,Excuse
-xuEvpBrgTE_sentence_292.wav,Shout.
-xuEvpBrgTE_sentence_295.wav,"He shouted, Get out."
-xuEvpBrgTE_sentence_296.wav,Stop shouting and listen.
-xuEvpBrgTE_sentence_301.wav,Secretary
-xuEvpBrgTE_sentence_308.wav,Answer.
-xuEvpBrgTE_sentence_325.wav,Afterwards.
-xuEvpBrgTE_sentence_329.wav,Shortly afterwards I met her again.
-xuEvpBrgTE_sentence_330.wav,Man.
-xuEvpBrgTE_sentence_331.wav,He is a good looking young man.
-xuEvpBrgTE_sentence_332.wav,Who is that man?
-xuEvpBrgTE_sentence_341.wav,Experience is required for this job.
-xuEvpBrgTE_sentence_344.wav,Totally.
-xuEvpBrgTE_sentence_348.wav,It's totally up to you.
-xuEvpBrgTE_sentence_351.wav,Dare.
-xuEvpBrgTE_sentence_358.wav,Kindness.
-xuEvpBrgTE_sentence_361.wav,Thank you for your kindness.
-xuEvpBrgTE_sentence_365.wav,Alone.
-xuEvpBrgTE_sentence_372.wav,Intelligent.
-xuEvpBrgTE_sentence_377.wav,Even.
-xuEvpBrgTE_sentence_391.wav,disappointed.
-xuEvpBrgTE_sentence_392.wav,He seemed disappointed at the results.
-xuEvpBrgTE_sentence_405.wav,Develop.
-xuEvpBrgTE_sentence_419.wav,Beef.
-xuEvpBrgTE_sentence_420.wav,She ordered a plate of beef.
-xuEvpBrgTE_sentence_421.wav,Would you like some more beef? She ordered a plate of beef. Would you like some more beef?
-xuEvpBrgTE_sentence_422.wav,Heart.
-xuEvpBrgTE_sentence_423.wav,He's alive. His heart is still beating.
-xuEvpBrgTE_sentence_427.wav,Measure.
-xuEvpBrgTE_sentence_429.wav,We want to measure your blood pressure.
-xuEvpBrgTE_sentence_430.wav,It can't be measured with money.
-xuEvpBrgTE_sentence_432.wav,Half.
-xuEvpBrgTE_sentence_435.wav,She made me wait for half an hour.
-xuEvpBrgTE_sentence_436.wav,I can do it in half the time.
-xuEvpBrgTE_sentence_437.wav,Half the work is already finished.
-xuEvpBrgTE_sentence_439.wav,Fast.
-xuEvpBrgTE_sentence_441.wav,She didn't run fast enough to catch the bus.
-xuEvpBrgTE_sentence_446.wav,Careful.
-xuEvpBrgTE_sentence_449.wav,Be careful.
-xuEvpBrgTE_sentence_451.wav,Please be careful that you don't break this vase.
-xuEvpBrgTE_sentence_452.wav,I begged him to be more careful.
-xuEvpBrgTE_sentence_454.wav,There's broken glass on the floor.
-xuEvpBrgTE_sentence_455.wav,Circle.
-xuEvpBrgTE_sentence_461.wav,She drew a circle on a piece of paper with a pencil.
-xuEvpBrgTE_sentence_462.wav,Handle
-xuEvpBrgTE_sentence_466.wav,Can you handle it?
-xuEvpBrgTE_sentence_469.wav,You.
-xuEvpBrgTE_sentence_471.wav,Where are you from?
-xuEvpBrgTE_sentence_472.wav,Are you new here?
-xuEvpBrgTE_sentence_476.wav,Glasses
-xuEvpBrgTE_sentence_478.wav,He put on his glasses and began to read.
-xuEvpBrgTE_sentence_479.wav,"Take off your glasses, please."
-xuEvpBrgTE_sentence_483.wav,Have.
-xuEvpBrgTE_sentence_484.wav,I have to leave now.
-xuEvpBrgTE_sentence_490.wav,Park.
-xuEvpBrgTE_sentence_491.wav,Would you like to go for a walk in the park?
-xuEvpBrgTE_sentence_493.wav,May I park my car here?
-xuEvpBrgTE_sentence_495.wav,The park is open to everybody.
-xuEvpBrgTE_sentence_497.wav,Midnight.
-xuEvpBrgTE_sentence_502.wav,Remind.
-xuEvpBrgTE_sentence_505.wav,This picture reminds me of my childhood.
-xuEvpBrgTE_sentence_509.wav,Paint.
-xuEvpBrgTE_sentence_512.wav,"If I were you, I would paint it blue."
-xuEvpBrgTE_sentence_514.wav,Don't touch the wet paint.
-xuEvpBrgTE_sentence_516.wav,Perfect.
-xuEvpBrgTE_sentence_520.wav,"Well I'm sorry, but nobody's perfect."
-xuEvpBrgTE_sentence_521.wav,Today is the perfect day for a picnic.
-xuEvpBrgTE_sentence_523.wav,Outside
-yljNBUV0cw_sentence_000.wav,Continuous.
-yljNBUV0cw_sentence_008.wav,I couldn't walk to school because of continuous rain.
-yljNBUV0cw_sentence_016.wav,He openly admitted his mistake.
-yljNBUV0cw_sentence_024.wav,I sincerely sympathize with these unfortunate people.
-yljNBUV0cw_sentence_027.wav,Joint.
-yljNBUV0cw_sentence_028.wav,They agreed on a joint statement.
-yljNBUV0cw_sentence_038.wav,Congress.
-yljNBUV0cw_sentence_049.wav,conference.
-yljNBUV0cw_sentence_068.wav,What's the difference between religion and philosophy?
-yljNBUV0cw_sentence_091.wav,How?
-yljNBUV0cw_sentence_105.wav,You have a great imagination.
-yljNBUV0cw_sentence_107.wav,Extreme.
-yljNBUV0cw_sentence_113.wav,They are living in extreme poverty.
-yljNBUV0cw_sentence_115.wav,damp.
-yljNBUV0cw_sentence_130.wav,Absorb.
-yljNBUV0cw_sentence_141.wav,The game is designed primarily for children.
-yljNBUV0cw_sentence_143.wav,I'm only the substitute teacher.
-yljNBUV0cw_sentence_146.wav,Substitute.
-yljNBUV0cw_sentence_161.wav,A point.
-yljNBUV0cw_sentence_163.wav,I've been appointed to help you.
-yljNBUV0cw_sentence_172.wav,complex.
-yljNBUV0cw_sentence_175.wav,Complex.
-yljNBUV0cw_sentence_204.wav,Facility
-yljNBUV0cw_sentence_205.wav,Our university has excellent sports facilities.
-yljNBUV0cw_sentence_208.wav,We can make use of these facilities.
-yljNBUV0cw_sentence_209.wav,February
-yljNBUV0cw_sentence_210.wav,February 14th is Valentine's Day.
-yljNBUV0cw_sentence_211.wav,We had a short vacation in February.
-yljNBUV0cw_sentence_212.wav,Bunch
-yljNBUV0cw_sentence_224.wav,Your friends are all just a bunch of nobodies.
-yljNBUV0cw_sentence_227.wav,Accidentally.
-yljNBUV0cw_sentence_230.wav,I accidentally stepped on her foot.
-yljNBUV0cw_sentence_242.wav,She first met him at a conference in Boston.
-yljNBUV0cw_sentence_254.wav,Mal
-yljNBUV0cw_sentence_262.wav,Let's go to the mall.
-yljNBUV0cw_sentence_281.wav,Printer.
-yljNBUV0cw_sentence_282.wav,I bought this printer yesterday.
-yljNBUV0cw_sentence_284.wav,Where is the printer?
-yljNBUV0cw_sentence_287.wav,Where is loyal?
-yljNBUV0cw_sentence_291.wav,Moyle
-yljNBUV0cw_sentence_292.wav,She's a loyal friend of mine.
-yljNBUV0cw_sentence_298.wav,Kindly.
-yljNBUV0cw_sentence_300.wav,Kindly leave me alone.
-yljNBUV0cw_sentence_304.wav,She kindly listened to my request.
-yljNBUV0cw_sentence_314.wav,Credit.
-yljNBUV0cw_sentence_323.wav,They appointed him manager.
-yljNBUV0cw_sentence_333.wav,Infection.
-yljNBUV0cw_sentence_335.wav,We're trying to prevent the infection from spreading.
-yljNBUV0cw_sentence_341.wav,Jewelry
-yljNBUV0cw_sentence_349.wav,Zone
-yljNBUV0cw_sentence_351.wav,Do not drive too fast in a school zone.
-yljNBUV0cw_sentence_357.wav,Lash.
-yljNBUV0cw_sentence_365.wav,crowded.
-yljNBUV0cw_sentence_370.wav,The shop was crowded with young people.
-yljNBUV0cw_sentence_372.wav,Tom was stuck in a crowded elevator.
-yljNBUV0cw_sentence_374.wav,The train was so crowded that I had to stand all the way.
-yljNBUV0cw_sentence_376.wav,Treatment.
-yljNBUV0cw_sentence_382.wav,She is responding well to treatment.
-yljNBUV0cw_sentence_406.wav,Conference.
-yljNBUV0cw_sentence_434.wav,Keen.
-yljNBUV0cw_sentence_445.wav,Philosophy
-yljNBUV0cw_sentence_459.wav,Is there a mall near here?
-yljNBUV0cw_sentence_464.wav,Certificate.
-yljNBUV0cw_sentence_474.wav,Wise.
-yljNBUV0cw_sentence_482.wav,He is a wise man.
-yljNBUV0cw_sentence_489.wav,Firm.
-yljNBUV0cw_sentence_532.wav,Don't fall into his trap.
-yljNBUV0cw_sentence_542.wav,Coach.
-yljNBUV0cw_sentence_551.wav,This team is trained by a good coach.
-yljNBUV0cw_sentence_564.wav,Prior.
-yljNBUV0cw_sentence_565.wav,The contract was cancelled without prior notice.
-yljNBUV0cw_sentence_583.wav,I saw her accidentally on the way here.
-yljNBUV0cw_sentence_608.wav,Cope with.
-yljNBUV0cw_sentence_613.wav,He didn't have enough experience to cope with the problem.
-yljNBUV0cw_sentence_621.wav,"If the printer has a paper jam, see page 15 for help."
-yljNBUV0cw_sentence_625.wav,Whipped desperately.
-yljNBUV0cw_sentence_649.wav,Cardboard.
-yljNBUV0cw_sentence_657.wav,Concentration.
-yljNBUV0cw_sentence_662.wav,Grandchild
-yljNBUV0cw_sentence_663.wav,He showed me the book he bought for his grandchild.
-yljNBUV0cw_sentence_666.wav,They have two grandchildren.
-yljNBUV0cw_sentence_667.wav,Dominate.
-yljNBUV0cw_sentence_681.wav,Most of the credit for our success goes to you.
-yljNBUV0cw_sentence_717.wav,Winning is secondary. We play just for fun.
-yljNBUV0cw_sentence_721.wav,Solid.
-yljNBUV0cw_sentence_726.wav,differently.
-yljNBUV0cw_sentence_727.wav,"The two words are spelled differently, but pronounced the same."
-yljNBUV0cw_sentence_728.wav,He sings the song differently each time.
-yljNBUV0cw_sentence_729.wav,I now view life differently than I used to.
-yljNBUV0cw_sentence_730.wav,The two work chain.
-yljNBUV0cw_sentence_733.wav,She chained her bicycle to the railings.
-yljNBUV0cw_sentence_734.wav,Chain.
-yljNBUV0cw_sentence_739.wav,Is the dog chained?
-yljNBUV0cw_sentence_742.wav,I've worked for this firm for years.
-yljNBUV0cw_sentence_744.wav,I have a firm belief in his innocence.
-yljNBUV0cw_sentence_752.wav,Imagination
-yljNBUV0cw_sentence_760.wav,Bush
-yljNBUV0cw_sentence_761.wav,The cat slowly approached the bush where the mouse was hiding. We have a beautiful rose bush growing just outside our front door.
-yljNBUV0cw_sentence_763.wav,The cat slowly approached the bush where the mouse was hiding.
-yljNBUV0cw_sentence_796.wav,Umbrella
-yljNBUV0cw_sentence_797.wav,You shouldn't go out in the rain without an umbrella.
-yljNBUV0cw_sentence_800.wav,Umbrella.
-yljNBUV0cw_sentence_803.wav,Can I borrow your umbrella?
-yljNBUV0cw_sentence_805.wav,I'm afraid I took your umbrella by mistake.
-yljNBUV0cw_sentence_815.wav,Leader.
-yljNBUV0cw_sentence_819.wav,The average person must drink at least a liter of water every day.
-yljNBUV0cw_sentence_831.wav,Preserve.
-yljNBUV0cw_sentence_833.wav,We will do everything to preserve our national heritage.
-yljNBUV0cw_sentence_849.wav,The coach accused us of not doing our best.
-yljNBUV0cw_sentence_850.wav,She liked tennis and became a tennis coach.
-yljNBUV0cw_sentence_861.wav,Illustrate.
-yljNBUV0cw_sentence_907.wav,"It is damp and cold today, isn't it?"
-yljNBUV0cw_sentence_917.wav,Cheerfully.
-yljNBUV0cw_sentence_921.wav,He was whistling cheerfully.
-yljNBUV0cw_sentence_923.wav,She told the story cheerfully.
08jDwfm9LcA_sentence_008.wav,Destruction.
08jDwfm9LcA_sentence_016.wav,Vision
08jDwfm9LcA_sentence_030.wav,It is impossible to resolve the conflict.
08jDwfm9LcA_sentence_031.wav,There is a great conflict between religion and science.
08jDwfm9LcA_sentence_049.wav,She is an efficient and reliable assistant.
08jDwfm9LcA_sentence_058.wav,Annually.
08jDwfm9LcA_sentence_060.wav,The conference will take place annually.
08jDwfm9LcA_sentence_063.wav,Thick.
08jDwfm9LcA_sentence_065.wav,His eyebrows were thick and bushy.
08jDwfm9LcA_sentence_068.wav,How thick are the walls?
08jDwfm9LcA_sentence_071.wav,Meat.
08jDwfm9LcA_sentence_073.wav,I expect a neat answer to this question.
08jDwfm9LcA_sentence_079.wav,Decline
08jDwfm9LcA_sentence_109.wav,Beard
08jDwfm9LcA_sentence_125.wav,Flame
08jDwfm9LcA_sentence_130.wav,Defeat.
08jDwfm9LcA_sentence_152.wav,Invention
08jDwfm9LcA_sentence_158.wav,Television is a great invention.
08jDwfm9LcA_sentence_177.wav,I couldn't resist the temptation to call her.
08jDwfm9LcA_sentence_187.wav,Exam
08jDwfm9LcA_sentence_194.wav,He is busy preparing for the examination.
08jDwfm9LcA_sentence_201.wav,Moral
08jDwfm9LcA_sentence_205.wav,He is a very moral person.
08jDwfm9LcA_sentence_217.wav,"In fact,"
08jDwfm9LcA_sentence_227.wav,He was infected with AIDS.
08jDwfm9LcA_sentence_230.wav,You'd better act upon his advice.
08jDwfm9LcA_sentence_232.wav,You can rely upon him.
08jDwfm9LcA_sentence_247.wav,Phase.
08jDwfm9LcA_sentence_252.wav,She's going through a difficult phase.
08jDwfm9LcA_sentence_266.wav,Agency.
08jDwfm9LcA_sentence_268.wav,He works for a big advertising agency.
08jDwfm9LcA_sentence_272.wav,Flow.
08jDwfm9LcA_sentence_277.wav,The river flows through the city.
08jDwfm9LcA_sentence_278.wav,We have a cash flow problem.
08jDwfm9LcA_sentence_282.wav,France is in Western Europe.
08jDwfm9LcA_sentence_285.wav,Bird
08jDwfm9LcA_sentence_286.wav,He shot at the bird but missed.
08jDwfm9LcA_sentence_287.wav,I see a bird on the roof. Tuesday.
08jDwfm9LcA_sentence_288.wav,Are you free on Tuesday?
08jDwfm9LcA_sentence_290.wav,Don't forget the meeting on Tuesday.
08jDwfm9LcA_sentence_291.wav,comfort.
08jDwfm9LcA_sentence_292.wav,"She tried to comfort him, but he kept crying."
08jDwfm9LcA_sentence_297.wav,My uncle now lives in comfort.
08jDwfm9LcA_sentence_302.wav,Violent.
08jDwfm9LcA_sentence_306.wav,I'm not a violent person.
08jDwfm9LcA_sentence_309.wav,Sheet.
08jDwfm9LcA_sentence_314.wav,Please give me a sheet of paper.
08jDwfm9LcA_sentence_320.wav,Thickness.
08jDwfm9LcA_sentence_328.wav,Physically
08jDwfm9LcA_sentence_329.wav,"Generally speaking, men are physically stronger than women."
08jDwfm9LcA_sentence_336.wav,Vote.
08jDwfm9LcA_sentence_340.wav,Do you really want to vote for him?
08jDwfm9LcA_sentence_341.wav,I didn't vote in the last election.
08jDwfm9LcA_sentence_344.wav,Counter.
08jDwfm9LcA_sentence_346.wav,Please pick up your ticket at the counter.
08jDwfm9LcA_sentence_347.wav,Please come to the counter at least an hour before your flight.
08jDwfm9LcA_sentence_356.wav,There was an unpleasant smell in the room.
08jDwfm9LcA_sentence_362.wav,The weather is so unpleasant.
08jDwfm9LcA_sentence_363.wav,Insert.
08jDwfm9LcA_sentence_365.wav,Please insert your card.
08jDwfm9LcA_sentence_371.wav,Advance.
08jDwfm9LcA_sentence_382.wav,Pride
08jDwfm9LcA_sentence_393.wav,Version
08jDwfm9LcA_sentence_401.wav,Loose.
08jDwfm9LcA_sentence_409.wav,Throughout
08jDwfm9LcA_sentence_410.wav,The museum is open daily throughout the year.
08jDwfm9LcA_sentence_412.wav,Have you looked throughout the house?
08jDwfm9LcA_sentence_420.wav,Do.
08jDwfm9LcA_sentence_428.wav,My rent is due today.
08jDwfm9LcA_sentence_429.wav,He failed due to lack of money.
08jDwfm9LcA_sentence_431.wav,Underneath
08jDwfm9LcA_sentence_437.wav,I found the key underneath the mat.
08jDwfm9LcA_sentence_449.wav,I'm only trying to comfort you.
08jDwfm9LcA_sentence_450.wav,Threat.
08jDwfm9LcA_sentence_458.wav,Seed.
08jDwfm9LcA_sentence_459.wav,It takes about three days for the seeds to sprout.
08jDwfm9LcA_sentence_461.wav,Seed
08jDwfm9LcA_sentence_465.wav,How many seeds are there in a packet?
08jDwfm9LcA_sentence_475.wav,It was obvious that they acted wrongly.
08jDwfm9LcA_sentence_477.wav,Wrongly.
08jDwfm9LcA_sentence_488.wav,Are you threatening me?
08jDwfm9LcA_sentence_493.wav,Spite.
08jDwfm9LcA_sentence_507.wav,Superior.
08jDwfm9LcA_sentence_514.wav,There is no evidence to support such a theory.
08jDwfm9LcA_sentence_515.wav,Theory
08jDwfm9LcA_sentence_532.wav,Silver
08jDwfm9LcA_sentence_536.wav,He won a silver medal.
08jDwfm9LcA_sentence_537.wav,My mother gave me a silver chain.
08jDwfm9LcA_sentence_538.wav,It was made of silver.
08jDwfm9LcA_sentence_539.wav,Upside down.
08jDwfm9LcA_sentence_543.wav,"Look, that picture is upside down. You hung it the wrong way."
08jDwfm9LcA_sentence_544.wav,SAC
08jDwfm9LcA_sentence_548.wav,What's in the sack?
08jDwfm9LcA_sentence_552.wav,Symbol
08jDwfm9LcA_sentence_556.wav,I don't know what this symbol stands for. It stands for strength and integrity.
08jDwfm9LcA_sentence_563.wav,Do I need to pay in advance?
08jDwfm9LcA_sentence_570.wav,Do I twist?
08jDwfm9LcA_sentence_571.wav,You're twisting the truth.
08jDwfm9LcA_sentence_578.wav,Scent.
08jDwfm9LcA_sentence_579.wav,He was paid 40 cents an hour.
08jDwfm9LcA_sentence_585.wav,She saved every cent possible.
08jDwfm9LcA_sentence_586.wav,Peaceful.
08jDwfm9LcA_sentence_587.wav,The park is so peaceful and quiet.
08jDwfm9LcA_sentence_590.wav,He had a peaceful life.
08jDwfm9LcA_sentence_591.wav,Deny
08jDwfm9LcA_sentence_602.wav,Tunnel.
08jDwfm9LcA_sentence_605.wav,The train passed through the tunnel.
08jDwfm9LcA_sentence_607.wav,Cookie
08jDwfm9LcA_sentence_608.wav,Could you save me a couple of cookies?
08jDwfm9LcA_sentence_609.wav,"Even though there were many cookies on the dish, I only ate three."
08jDwfm9LcA_sentence_614.wav,How many cookies did you eat?
08jDwfm9LcA_sentence_615.wav,Swallow.
08jDwfm9LcA_sentence_621.wav,"Swallow it, don't chew it."
08jDwfm9LcA_sentence_623.wav,My throat hurts when I swallow.
08jDwfm9LcA_sentence_632.wav,Awkward.
08jDwfm9LcA_sentence_659.wav,Impose
08jDwfm9LcA_sentence_698.wav,I don't find him physically attractive.
08jDwfm9LcA_sentence_704.wav,He is jealous and full of spite.
08jDwfm9LcA_sentence_708.wav,"In spite of the rain, I went out."
08jDwfm9LcA_sentence_711.wav,Mm.
08jDwfm9LcA_sentence_715.wav,Bargain.
08jDwfm9LcA_sentence_717.wav,Yeah.
08jDwfm9LcA_sentence_728.wav,Please change the sheets on the bed.
08jDwfm9LcA_sentence_745.wav,Amusing.
08jDwfm9LcA_sentence_750.wav,What an amusing situation.
08jDwfm9LcA_sentence_761.wav,Where's the checkout counter?
08jDwfm9LcA_sentence_772.wav,This tooth is loose.
08jDwfm9LcA_sentence_773.wav,Please be careful not to let the dog loose.
08jDwfm9LcA_sentence_792.wav,Euro
08jDwfm9LcA_sentence_793.wav,These shoes cost three hundred Euros.
08jDwfm9LcA_sentence_794.wav,How much is he asking for? A thousand Euros.
08jDwfm9LcA_sentence_795.wav,Can you give me a Euro?
08jDwfm9LcA_sentence_796.wav,Severely.
08jDwfm9LcA_sentence_813.wav,I take pride in my work.
08jDwfm9LcA_sentence_814.wav,You are my pride.
08jDwfm9LcA_sentence_815.wav,She took too much pride in her appearance.
08jDwfm9LcA_sentence_823.wav,Post.
08jDwfm9LcA_sentence_835.wav,Decline.
08jDwfm9LcA_sentence_856.wav,He lived a moral life.
08jDwfm9LcA_sentence_862.wav,Your threats don't frighten me.
08jDwfm9LcA_sentence_876.wav,Our trip was cancelled due to the heavy snow.
08jDwfm9LcA_sentence_890.wav,The house was in flames.
08jDwfm9LcA_sentence_891.wav,Flame.
08jDwfm9LcA_sentence_904.wav,He threatened to make it public.
08jDwfm9LcA_sentence_906.wav,The attackers threatened him with a gun.
08jDwfm9LcA_sentence_907.wav,Impose.
08jDwfm9LcA_sentence_917.wav,"I can't imagine you with a beard, she finally said."
08jDwfm9LcA_sentence_926.wav,There are a number of different theories about the cause of the disease.
08jDwfm9LcA_sentence_936.wav,You can't defeat him without my help.
08jDwfm9LcA_sentence_939.wav,Resist.
08jDwfm9LcA_sentence_950.wav,Bargain Have you forgotten our bargain?
08jDwfm9LcA_sentence_960.wav,Have you forgotten our bargain?
08jDwfm9LcA_sentence_971.wav,I bought a large sack of potatoes.
08jDwfm9LcA_sentence_972.wav,Physics.
08jDwfm9LcA_sentence_984.wav,We face the prospect of having to start all over again.
0ZSnWMoz0pY_sentence_017.wav,Opposite.
0ZSnWMoz0pY_sentence_034.wav,Sharp.
0ZSnWMoz0pY_sentence_060.wav,Do you have an appointment with him?
0ZSnWMoz0pY_sentence_063.wav,I'll call the restaurant and make a reservation.
0ZSnWMoz0pY_sentence_086.wav,TORDS
0ZSnWMoz0pY_sentence_090.wav,My attitude towards him has changed.
0ZSnWMoz0pY_sentence_100.wav,Habit.
0ZSnWMoz0pY_sentence_119.wav,You owe me one hundred dollars.
0ZSnWMoz0pY_sentence_121.wav,How much do I owe you?
0ZSnWMoz0pY_sentence_132.wav,Are you available at 9 p.m.?
0ZSnWMoz0pY_sentence_133.wav,What payment options are available?
0ZSnWMoz0pY_sentence_134.wav,This is the only room available.
0ZSnWMoz0pY_sentence_144.wav,I was greatly influenced by my parents.
0ZSnWMoz0pY_sentence_149.wav,I'm out of shape.
0ZSnWMoz0pY_sentence_152.wav,Negative.
0ZSnWMoz0pY_sentence_160.wav,Don't add too much salt.
0ZSnWMoz0pY_sentence_166.wav,Polite.
0ZSnWMoz0pY_sentence_181.wav,Did you double check these figures?
0ZSnWMoz0pY_sentence_198.wav,At Adventure.
0ZSnWMoz0pY_sentence_217.wav,I set a goal to lose 3kg by the end of the year.
0ZSnWMoz0pY_sentence_229.wav,Discount.
0ZSnWMoz0pY_sentence_236.wav,Property.
0ZSnWMoz0pY_sentence_293.wav,You can't prevent him from drinking.
0ZSnWMoz0pY_sentence_300.wav,REATS
0ZSnWMoz0pY_sentence_306.wav,I hope this letter reaches you.
0ZSnWMoz0pY_sentence_325.wav,How fast can you type?
0ZSnWMoz0pY_sentence_334.wav,My boss rejected the budget for this project.
0ZSnWMoz0pY_sentence_336.wav,Lot.
0ZSnWMoz0pY_sentence_337.wav,She has a lot of money.
0ZSnWMoz0pY_sentence_338.wav,Get some more cake. There's lots left.
0ZSnWMoz0pY_sentence_339.wav,We use a lot of water.
0ZSnWMoz0pY_sentence_343.wav,Reduce.
0ZSnWMoz0pY_sentence_345.wav,I think karaoke is good for reducing stress.
0ZSnWMoz0pY_sentence_346.wav,We are trying to reduce our debt.
0ZSnWMoz0pY_sentence_350.wav,Busy. I'll be very busy next month.
0ZSnWMoz0pY_sentence_357.wav,Replace.
0ZSnWMoz0pY_sentence_358.wav,He was hired to replace the previous manager.
0ZSnWMoz0pY_sentence_364.wav,Remarkable.
0ZSnWMoz0pY_sentence_371.wav,Rain.
0ZSnWMoz0pY_sentence_372.wav,Is it raining?
0ZSnWMoz0pY_sentence_378.wav,Stressed.
0ZSnWMoz0pY_sentence_379.wav,I feel very stressed and tired.
0ZSnWMoz0pY_sentence_383.wav,Sky
0ZSnWMoz0pY_sentence_386.wav,Do you know why the sky is blue?
0ZSnWMoz0pY_sentence_387.wav,The sky is full of stars.
0ZSnWMoz0pY_sentence_390.wav,I
0ZSnWMoz0pY_sentence_395.wav,She looked me right in the eye.
0ZSnWMoz0pY_sentence_397.wav,Show
0ZSnWMoz0pY_sentence_398.wav,Show me an example.
0ZSnWMoz0pY_sentence_407.wav,What's the problem here?
0ZSnWMoz0pY_sentence_408.wav,I can't solve this problem.
0ZSnWMoz0pY_sentence_409.wav,Let me know if you have any problems.
0ZSnWMoz0pY_sentence_411.wav,Solve.
0ZSnWMoz0pY_sentence_412.wav,I can't figure out how to solve this problem.
0ZSnWMoz0pY_sentence_418.wav,Another
0ZSnWMoz0pY_sentence_423.wav,I have another question for you.
0ZSnWMoz0pY_sentence_432.wav,People
0ZSnWMoz0pY_sentence_433.wav,Thousands of people were there.
0ZSnWMoz0pY_sentence_439.wav,Performance.
0ZSnWMoz0pY_sentence_446.wav,design.
0ZSnWMoz0pY_sentence_449.wav,The hotel was designed by a Japanese architect.
0ZSnWMoz0pY_sentence_451.wav,This desk is designed for children.
0ZSnWMoz0pY_sentence_460.wav,Simple.
0ZSnWMoz0pY_sentence_461.wav,It's a very simple idea.
0ZSnWMoz0pY_sentence_467.wav,Produce.
0ZSnWMoz0pY_sentence_472.wav,Ever.
0ZSnWMoz0pY_sentence_484.wav,Body.
0ZSnWMoz0pY_sentence_486.wav,My whole body is sore.
0ZSnWMoz0pY_sentence_491.wav,Sun
0ZSnWMoz0pY_sentence_496.wav,I'm proud of my son.
0ZSnWMoz0pY_sentence_498.wav,Fridge
0ZSnWMoz0pY_sentence_499.wav,Do we have milk in the fridge?
0ZSnWMoz0pY_sentence_506.wav,I have an emergency situation.
0ZSnWMoz0pY_sentence_512.wav,Prepare.
0ZSnWMoz0pY_sentence_513.wav,A hotel room is being prepared for them.
0ZSnWMoz0pY_sentence_517.wav,Is everything prepared?
0ZSnWMoz0pY_sentence_518.wav,She is busy preparing for the trip.
0ZSnWMoz0pY_sentence_519.wav,School.
0ZSnWMoz0pY_sentence_526.wav,thing.
0ZSnWMoz0pY_sentence_528.wav,I have a lot of things to do.
0ZSnWMoz0pY_sentence_529.wav,Let's do one thing at a time.
0ZSnWMoz0pY_sentence_538.wav,I think I deserve a raise.
0ZSnWMoz0pY_sentence_540.wav,Worker.
0ZSnWMoz0pY_sentence_541.wav,He is a very hard worker.
0ZSnWMoz0pY_sentence_542.wav,The company is planning to hire fifty workers.
0sq7LD45Kmg_sentence_010.wav,"Although he's young, he's an outstanding doctor."
0sq7LD45Kmg_sentence_012.wav,Tune.
0sq7LD45Kmg_sentence_015.wav,She sings out of tune.
0sq7LD45Kmg_sentence_025.wav,We must respect individual liberty.
0sq7LD45Kmg_sentence_026.wav,Individual.
0sq7LD45Kmg_sentence_031.wav,Suffer.
0sq7LD45Kmg_sentence_050.wav,Thoroughly.
0sq7LD45Kmg_sentence_061.wav,Discovery.
0sq7LD45Kmg_sentence_065.wav,Discover it.
0sq7LD45Kmg_sentence_066.wav,It was the greatest discovery in human history.
0sq7LD45Kmg_sentence_084.wav,camp.
0sq7LD45Kmg_sentence_094.wav,"He walked into the camp, unarmed."
0sq7LD45Kmg_sentence_098.wav,Bound
0sq7LD45Kmg_sentence_114.wav,Acknowledge.
0sq7LD45Kmg_sentence_119.wav,She acknowledged that she couldn't speak English.
0sq7LD45Kmg_sentence_121.wav,Convince.
0sq7LD45Kmg_sentence_132.wav,Distinguish.
0sq7LD45Kmg_sentence_146.wav,Identify
0sq7LD45Kmg_sentence_175.wav,Basis
0sq7LD45Kmg_sentence_194.wav,Comment.
0sq7LD45Kmg_sentence_220.wav,Series
0sq7LD45Kmg_sentence_231.wav,Painting
0sq7LD45Kmg_sentence_238.wav,Figure
0sq7LD45Kmg_sentence_279.wav,Sensible.
0sq7LD45Kmg_sentence_327.wav,We got thoroughly wet in the rain.
0sq7LD45Kmg_sentence_342.wav,He is bound to fail.
0sq7LD45Kmg_sentence_348.wav,Crown.
0sq7LD45Kmg_sentence_369.wav,Crime.
0sq7LD45Kmg_sentence_384.wav,You need to tune your guitar to make it sound better.
0sq7LD45Kmg_sentence_390.wav,Identify.
0sq7LD45Kmg_sentence_398.wav,Untidy.
0sq7LD45Kmg_sentence_408.wav,He is an untidy person and cannot keep his room clean.
0sq7LD45Kmg_sentence_409.wav,Unexpected.
0sq7LD45Kmg_sentence_418.wav,I encountered some unexpected problems.
0sq7LD45Kmg_sentence_420.wav,Shallow
0sq7LD45Kmg_sentence_424.wav,The water here is very shallow.
0sq7LD45Kmg_sentence_425.wav,I don't like his shallow personality.
0sq7LD45Kmg_sentence_428.wav,Climb.
0sq7LD45Kmg_sentence_429.wav,The air became colder as they climbed higher.
0sq7LD45Kmg_sentence_435.wav,The boy climbed over the wall.
0sq7LD45Kmg_sentence_439.wav,Visible.
0sq7LD45Kmg_sentence_441.wav,There is no visible danger.
0sq7LD45Kmg_sentence_445.wav,It's completely visible.
0sq7LD45Kmg_sentence_451.wav,Drag.
0sq7LD45Kmg_sentence_461.wav,Celebrate.
0sq7LD45Kmg_sentence_468.wav,Closet.
0sq7LD45Kmg_sentence_477.wav,There's someone hiding in the closet.
0sq7LD45Kmg_sentence_507.wav,You should never go out with untidy hair.
0sq7LD45Kmg_sentence_513.wav,Bound.
0sq7LD45Kmg_sentence_520.wav,Tiring.
0sq7LD45Kmg_sentence_526.wav,It's a very tiring job.
0sq7LD45Kmg_sentence_528.wav,Inevitably.
0sq7LD45Kmg_sentence_539.wav,Consequence
0sq7LD45Kmg_sentence_544.wav,It's the consequence of your laziness.
0sq7LD45Kmg_sentence_550.wav,Visible
0sq7LD45Kmg_sentence_559.wav,That was a confusing question.
0sq7LD45Kmg_sentence_594.wav,Perform.
0sq7LD45Kmg_sentence_597.wav,Camp.
0sq7LD45Kmg_sentence_598.wav,Let's go back to camp. It's getting dark.
1CxAyEHcKHE_sentence_026.wav,community.
1CxAyEHcKHE_sentence_028.wav,The students volunteered for community service.
1CxAyEHcKHE_sentence_033.wav,Screw.
1CxAyEHcKHE_sentence_036.wav,You just screwed up everything.
1CxAyEHcKHE_sentence_039.wav,The bookcase is screwed to the wall.
1CxAyEHcKHE_sentence_045.wav,I had a relaxing evening with my friends.
1CxAyEHcKHE_sentence_055.wav,constantly.
1CxAyEHcKHE_sentence_066.wav,Standard
1CxAyEHcKHE_sentence_067.wav,You need to lower your standards.
1CxAyEHcKHE_sentence_073.wav,His work is not up to our standards.
1CxAyEHcKHE_sentence_088.wav,Crack.
1CxAyEHcKHE_sentence_095.wav,That board has cracked in the sun.
1CxAyEHcKHE_sentence_096.wav,Don't put boiling water in the glass or it will crack.
1CxAyEHcKHE_sentence_097.wav,There is a crack in the glass.
1CxAyEHcKHE_sentence_106.wav,This dish has an unusual flavor.
1CxAyEHcKHE_sentence_113.wav,My grandmother left us a great fortune.
1CxAyEHcKHE_sentence_122.wav,Regular.
1CxAyEHcKHE_sentence_123.wav,Is there a regular bus service to the town?
1CxAyEHcKHE_sentence_144.wav,Rhythm
1CxAyEHcKHE_sentence_147.wav,Crucial.
1CxAyEHcKHE_sentence_155.wav,Gap.
1CxAyEHcKHE_sentence_163.wav,Character.
1CxAyEHcKHE_sentence_185.wav,Command.
1CxAyEHcKHE_sentence_196.wav,Curve
1CxAyEHcKHE_sentence_205.wav,That's a dangerous curve.
1CxAyEHcKHE_sentence_206.wav,There have been many accidents there.
1CxAyEHcKHE_sentence_209.wav,The first day at school depressed me.
1CxAyEHcKHE_sentence_221.wav,The word is constantly changing.
1CxAyEHcKHE_sentence_226.wav,He is constantly provoking me.
1CxAyEHcKHE_sentence_229.wav,Relaxing.
1CxAyEHcKHE_sentence_240.wav,Biology
1CxAyEHcKHE_sentence_245.wav,Biology is one of his favorite subjects.
1CxAyEHcKHE_sentence_249.wav,I never liked biology.
1CxAyEHcKHE_sentence_250.wav,I asked him to give my biology book back to me because he had borrowed it for a week.
1CxAyEHcKHE_sentence_252.wav,The proposals are still under consideration.
1CxAyEHcKHE_sentence_253.wav,We'll take that into consideration.
1CxAyEHcKHE_sentence_262.wav,Roof.
1CxAyEHcKHE_sentence_270.wav,I see a bird on the roof.
1CxAyEHcKHE_sentence_273.wav,Dancer.
1CxAyEHcKHE_sentence_275.wav,He wants to be the best dancer in his class.
1CxAyEHcKHE_sentence_276.wav,Glove.
1CxAyEHcKHE_sentence_277.wav,My father bought a new pair of gloves yesterday.
1CxAyEHcKHE_sentence_278.wav,These gloves are too small for me.
1CxAyEHcKHE_sentence_279.wav,I put my gloves on inside out by mistake.
1CxAyEHcKHE_sentence_280.wav,Cure.
1CxAyEHcKHE_sentence_291.wav,Regulation
1CxAyEHcKHE_sentence_302.wav,You're embarrassing them.
1CxAyEHcKHE_sentence_307.wav,Confront.
1CxAyEHcKHE_sentence_310.wav,Confront
1CxAyEHcKHE_sentence_324.wav,Nuclear weapons are the most dangerous weapons on Earth.
1CxAyEHcKHE_sentence_341.wav,Your analysis of the situation is accurate.
1CxAyEHcKHE_sentence_347.wav,False.
1CxAyEHcKHE_sentence_355.wav,Cousin
1CxAyEHcKHE_sentence_361.wav,He went to stay with his cousin.
1CxAyEHcKHE_sentence_362.wav,I have a cousin who is a lawyer.
1CxAyEHcKHE_sentence_368.wav,Bar.
1CxAyEHcKHE_sentence_369.wav,He bought an orange and a bar of chocolate. The bar is closed until further notice.
1CxAyEHcKHE_sentence_371.wav,Formula.
1CxAyEHcKHE_sentence_377.wav,This has proven to be a winning formula.
1CxAyEHcKHE_sentence_379.wav,Commit.
1CxAyEHcKHE_sentence_395.wav,Awkwardly.
1CxAyEHcKHE_sentence_402.wav,The advertisement will appear in five magazines.
1CxAyEHcKHE_sentence_409.wav,Crush.
1CxAyEHcKHE_sentence_416.wav,Formal.
1CxAyEHcKHE_sentence_435.wav,Cough.
1CxAyEHcKHE_sentence_436.wav,Do you have any cough medicine?
1CxAyEHcKHE_sentence_437.wav,The baby has been coughing all night.
1CxAyEHcKHE_sentence_440.wav,Teaching.
1CxAyEHcKHE_sentence_441.wav,He has a lot of teaching experience.
1CxAyEHcKHE_sentence_442.wav,He's always wanted to go into teaching.
1CxAyEHcKHE_sentence_443.wav,He destroy.
1CxAyEHcKHE_sentence_446.wav,An earthquake destroyed the building.
1CxAyEHcKHE_sentence_447.wav,Destroy.
1CxAyEHcKHE_sentence_454.wav,Worn.
1CxAyEHcKHE_sentence_455.wav,Why didn't you warn me?
1CxAyEHcKHE_sentence_456.wav,Don't say I didn't warn you.
1CxAyEHcKHE_sentence_464.wav,He warned us not to enter the room.
1CxAyEHcKHE_sentence_469.wav,Frightened.
1CxAyEHcKHE_sentence_476.wav,Elderly
1CxAyEHcKHE_sentence_480.wav,Elderly.
1CxAyEHcKHE_sentence_482.wav,She takes care of many elderly people.
1CxAyEHcKHE_sentence_483.wav,He gave his seat to an elderly lady.
1CxAyEHcKHE_sentence_484.wav,These seats are reserved for elderly guests.
1CxAyEHcKHE_sentence_493.wav,I'm glad we're all in agreement about that.
1CxAyEHcKHE_sentence_494.wav,We have already reached an agreement.
1CxAyEHcKHE_sentence_496.wav,The airport can handle large numbers of travelers.
1CxAyEHcKHE_sentence_502.wav,He is busy chatting with fellow travelers.
1CxAyEHcKHE_sentence_503.wav,"Better, best."
1CxAyEHcKHE_sentence_504.wav,I'm better at drawing than Alice.
1CxAyEHcKHE_sentence_505.wav,"His leg was getting better. She always wants to be the best at everything,"
1CxAyEHcKHE_sentence_512.wav,She listed her favorite restaurants in order of preference.
1CxAyEHcKHE_sentence_517.wav,Clap.
1CxAyEHcKHE_sentence_519.wav,The crowd was clapping and cheering.
1CxAyEHcKHE_sentence_528.wav,Issue.
1CxAyEHcKHE_sentence_546.wav,Emphasis
1CxAyEHcKHE_sentence_573.wav,breast. She crossed her arms over her breasts.
1CxAyEHcKHE_sentence_575.wav,Breast
1CxAyEHcKHE_sentence_591.wav,Diagram.
1CxAyEHcKHE_sentence_597.wav,Would you like me to draw you a diagram of the system?
1CxAyEHcKHE_sentence_599.wav,Origin
1CxAyEHcKHE_sentence_600.wav,Do you know the origin of this tradition?
1CxAyEHcKHE_sentence_604.wav,I don't know the origin of the rumour.
1CxAyEHcKHE_sentence_607.wav,Device.
1CxAyEHcKHE_sentence_608.wav,The device will be in production by the end of the year.
1CxAyEHcKHE_sentence_614.wav,All these devices are unreliable.
1CxAyEHcKHE_sentence_618.wav,Extensive.
1CxAyEHcKHE_sentence_630.wav,Capacity.
1CxAyEHcKHE_sentence_636.wav,This work deserted.
1CxAyEHcKHE_sentence_644.wav,Agreement.
1Hk4z0OkyyM_sentence_020.wav,Don't move.
1Hk4z0OkyyM_sentence_024.wav,She went to the market to buy fresh vegetables.
1Hk4z0OkyyM_sentence_035.wav,How are you?
1Hk4z0OkyyM_sentence_038.wav,Child.
1Hk4z0OkyyM_sentence_049.wav,Event
1Hk4z0OkyyM_sentence_054.wav,dollar.
1Hk4z0OkyyM_sentence_061.wav,Can I borrow$300?
1Hk4z0OkyyM_sentence_063.wav,I bag.
1Hk4z0OkyyM_sentence_066.wav,Bag.
1Hk4z0OkyyM_sentence_072.wav,Sleep.
1Hk4z0OkyyM_sentence_074.wav,"I was tired, but I couldn't sleep."
1Hk4z0OkyyM_sentence_091.wav,I smell something awful in this room.
1Hk4z0OkyyM_sentence_098.wav,Morning.
1Hk4z0OkyyM_sentence_1006.wav,Quick.
1Hk4z0OkyyM_sentence_1017.wav,Seem
1Hk4z0OkyyM_sentence_1028.wav,company.
1Hk4z0OkyyM_sentence_1035.wav,The company is managed by my older brother.
1Hk4z0OkyyM_sentence_1058.wav,Pain.
1Hk4z0OkyyM_sentence_1075.wav,Are you sure it's safe here?
1Hk4z0OkyyM_sentence_1078.wav,Safe.
1Hk4z0OkyyM_sentence_116.wav,Somewhere.
1Hk4z0OkyyM_sentence_131.wav,There is a spoon missing.
1Hk4z0OkyyM_sentence_141.wav,I shouldn't have done that. I'm sorry.
1Hk4z0OkyyM_sentence_146.wav,Coat.
1Hk4z0OkyyM_sentence_148.wav,May I try it on?
1Hk4z0OkyyM_sentence_156.wav,May I try.
1Hk4z0OkyyM_sentence_160.wav,Results
1Hk4z0OkyyM_sentence_165.wav,Are you satisfied with the result?
1Hk4z0OkyyM_sentence_168.wav,Minimum.
1Hk4z0OkyyM_sentence_169.wav,What are your minimum requirements for the job?
1Hk4z0OkyyM_sentence_176.wav,Food.
1Hk4z0OkyyM_sentence_188.wav,I can't eat this food. It tastes awful.
1Hk4z0OkyyM_sentence_192.wav,Have you?
1Hk4z0OkyyM_sentence_196.wav,Explanation
1Hk4z0OkyyM_sentence_215.wav,Drunk.
1Hk4z0OkyyM_sentence_216.wav,I don't like being around drunk people.
1Hk4z0OkyyM_sentence_217.wav,She was so drunk that she could barely walk.
1Hk4z0OkyyM_sentence_223.wav,Fun.
1Hk4z0OkyyM_sentence_253.wav,Lose.
1Hk4z0OkyyM_sentence_258.wav,She really wants to lose weight.
1Hk4z0OkyyM_sentence_270.wav,"Clearly, you're not interested."
1Hk4z0OkyyM_sentence_281.wav,I didn't know he was a drug addict.
1Hk4z0OkyyM_sentence_286.wav,Out.
1Hk4z0OkyyM_sentence_288.wav,May I go out for a walk?
1Hk4z0OkyyM_sentence_297.wav,Useful.
1Hk4z0OkyyM_sentence_302.wav,Swimming is a very useful skill.
1Hk4z0OkyyM_sentence_307.wav,She gave me approve.
1Hk4z0OkyyM_sentence_311.wav,Approve.
1Hk4z0OkyyM_sentence_320.wav,You may spend a maximum of$100 per day.
1Hk4z0OkyyM_sentence_344.wav,How long did you stay there?
1Hk4z0OkyyM_sentence_352.wav,How far is it to the airport?
1Hk4z0OkyyM_sentence_361.wav,Fresh.
1Hk4z0OkyyM_sentence_386.wav,Where is your bag?
1Hk4z0OkyyM_sentence_406.wav,Come and see me once in a while.
1Hk4z0OkyyM_sentence_437.wav,Awful.
1Hk4z0OkyyM_sentence_451.wav,Minimum
1Hk4z0OkyyM_sentence_459.wav,Missing.
1Hk4z0OkyyM_sentence_467.wav,Please wake me up at six tomorrow morning.
1Hk4z0OkyyM_sentence_488.wav,I've seen him somewhere before.
1Hk4z0OkyyM_sentence_492.wav,Let's go somewhere quiet.
1Hk4z0OkyyM_sentence_494.wav,Especially
1Hk4z0OkyyM_sentence_499.wav,I feel especially good today.
1Hk4z0OkyyM_sentence_506.wav,He chooses a seat facing the door.
1Hk4z0OkyyM_sentence_509.wav,Choose.
1Hk4z0OkyyM_sentence_516.wav,True.
1Hk4z0OkyyM_sentence_531.wav,Extra.
1Hk4z0OkyyM_sentence_538.wav,Equal.
1Hk4z0OkyyM_sentence_541.wav,She divided the pie into three equal parts.
1Hk4z0OkyyM_sentence_547.wav,One plus two equals three.
1Hk4z0OkyyM_sentence_582.wav,I want to sleep a little more.
1Hk4z0OkyyM_sentence_595.wav,This problem seems difficult.
1Hk4z0OkyyM_sentence_600.wav,It seems very interesting.
1Hk4z0OkyyM_sentence_620.wav,It's obvious that she lied.
1Hk4z0OkyyM_sentence_644.wav,Fruit.
1Hk4z0OkyyM_sentence_651.wav,Do you want some fruit juice?
1Hk4z0OkyyM_sentence_652.wav,What's the name of this fruit?
1Hk4z0OkyyM_sentence_658.wav,Clearly things have changed in the last six weeks.
1Hk4z0OkyyM_sentence_666.wav,Stay.
1Hk4z0OkyyM_sentence_677.wav,Daughter.
1Hk4z0OkyyM_sentence_683.wav,"He married his boss's daughter, didn't he?"
1Hk4z0OkyyM_sentence_708.wav,Drug
1Hk4z0OkyyM_sentence_715.wav,Clock.
1Hk4z0OkyyM_sentence_735.wav,We will do our best.
1Hk4z0OkyyM_sentence_737.wav,Our teacher looks very young.
1Hk4z0OkyyM_sentence_738.wav,Hour.
1Hk4z0OkyyM_sentence_752.wav,"People have short memories, they soon forget."
1Hk4z0OkyyM_sentence_753.wav,Bridge
1Hk4z0OkyyM_sentence_764.wav,Sorry.
1Hk4z0OkyyM_sentence_791.wav,Aspect
1Hk4z0OkyyM_sentence_807.wav,Once.
1Hk4z0OkyyM_sentence_813.wav,He cleans his car once a week.
1Hk4z0OkyyM_sentence_822.wav,Dollar.
1Hk4z0OkyyM_sentence_829.wav,Attend
1Hk4z0OkyyM_sentence_838.wav,I just want to let you know that I can't attend your party.
1Hk4z0OkyyM_sentence_846.wav,"Finally, they approved the proposal."
1Hk4z0OkyyM_sentence_852.wav,Approved.
1Hk4z0OkyyM_sentence_898.wav,This book is especially difficult to read.
1Hk4z0OkyyM_sentence_905.wav,He's scared of heights.
1Hk4z0OkyyM_sentence_907.wav,She is scared of going out alone.
1Hk4z0OkyyM_sentence_918.wav,I don't think that rumor is true.
1Hk4z0OkyyM_sentence_920.wav,It is too good to be true.
1Hk4z0OkyyM_sentence_929.wav,We are all equal here.
1Hk4z0OkyyM_sentence_932.wav,Move.
1Hk4z0OkyyM_sentence_945.wav,There are so many versions to choose from.
1Hk4z0OkyyM_sentence_954.wav,Maximum.
1Hk4z0OkyyM_sentence_961.wav,There's something wrong here. It's not my bag.
1Hk4z0OkyyM_sentence_979.wav,Opportunity.
1Hk4z0OkyyM_sentence_989.wav,Do you know the missing words?
1RIdJ5ZspdU_sentence_026.wav,closely.
1RIdJ5ZspdU_sentence_035.wav,This point deserves special emphasis.
1RIdJ5ZspdU_sentence_049.wav,Traveler
1RIdJ5ZspdU_sentence_103.wav,Explore.
1RIdJ5ZspdU_sentence_108.wav,He enjoys exploring remote areas.
1RIdJ5ZspdU_sentence_115.wav,It's worth exploring.
1RIdJ5ZspdU_sentence_135.wav,You can't teach an old dog new tricks.
1RIdJ5ZspdU_sentence_138.wav,Naturally.
1RIdJ5ZspdU_sentence_157.wav,Cash.
1RIdJ5ZspdU_sentence_158.wav,She was always short of cash.
1RIdJ5ZspdU_sentence_159.wav,Don't let your business run out of cash.
1RIdJ5ZspdU_sentence_170.wav,Border
1RIdJ5ZspdU_sentence_171.wav,The train crosses the border between France and Spain.
1RIdJ5ZspdU_sentence_173.wav,Vietnam and Cambodia share a long border.
1RIdJ5ZspdU_sentence_179.wav,"Russia is the biggest country in the world, but China actually has longer land borders."
1RIdJ5ZspdU_sentence_209.wav,He placed emphasis on the importance of education.
1RIdJ5ZspdU_sentence_221.wav,You owe me$99 altogether.
1RIdJ5ZspdU_sentence_230.wav,Living.
1RIdJ5ZspdU_sentence_233.wav,I can't imagine living like that.
1RIdJ5ZspdU_sentence_234.wav,I don't know what he does for a living.
1RIdJ5ZspdU_sentence_235.wav,Formal education will make you a living. Self education will make you a fortune.
1RIdJ5ZspdU_sentence_239.wav,Next week is going to be a relaxing week.
1RIdJ5ZspdU_sentence_292.wav,Communication
1RIdJ5ZspdU_sentence_300.wav,Gesture is another way of communication.
1RIdJ5ZspdU_sentence_330.wav,Please tighten all the screws.
1RIdJ5ZspdU_sentence_344.wav,"Naturally, I get upset when things go wrong."
1RIdJ5ZspdU_sentence_347.wav,Her hair is naturally curly.
1RIdJ5ZspdU_sentence_362.wav,Dramatic.
1RIdJ5ZspdU_sentence_367.wav,Sore
1RIdJ5ZspdU_sentence_391.wav,Unconscious.
1RIdJ5ZspdU_sentence_399.wav,Advertise.
1RIdJ5ZspdU_sentence_403.wav,"If you want to attract more customers, try advertising in the local paper."
1RIdJ5ZspdU_sentence_406.wav,Ban
1RIdJ5ZspdU_sentence_417.wav,guard.
1RIdJ5ZspdU_sentence_418.wav,He is a prison guard.
1RIdJ5ZspdU_sentence_419.wav,How many guards are there?
1RIdJ5ZspdU_sentence_425.wav,Steam.
1RIdJ5ZspdU_sentence_426.wav,The hotel has a steam room and a massage room.
1RIdJ5ZspdU_sentence_427.wav,"Be careful, the steam from the pot is hot."
1RIdJ5ZspdU_sentence_433.wav,Attract.
1RIdJ5ZspdU_sentence_435.wav,What first attracted me to him was his sense of humour.
1RIdJ5ZspdU_sentence_440.wav,The museum attracts visitors from all over the world.
1RIdJ5ZspdU_sentence_441.wav,Her dress attracted everyone's attention at the party.
1RIdJ5ZspdU_sentence_452.wav,Leading.
1RIdJ5ZspdU_sentence_454.wav,He is the leading candidate for the job.
1RIdJ5ZspdU_sentence_456.wav,She is the leading expert in her field.
1RIdJ5ZspdU_sentence_468.wav,Achievement
1RIdJ5ZspdU_sentence_471.wav,What do you consider your greatest achievement?
1RIdJ5ZspdU_sentence_494.wav,Adopt.
1RIdJ5ZspdU_sentence_519.wav,I have a sore throat.
1RIdJ5ZspdU_sentence_570.wav,She seemed unconscious of my presence.
1RIdJ5ZspdU_sentence_596.wav,Technique.
1RIdJ5ZspdU_sentence_602.wav,Techniques.
1RIdJ5ZspdU_sentence_619.wav,"The path to success is to take massive, determined action."
1RIdJ5ZspdU_sentence_649.wav,There is an urgent need for better communication.
1RIdJ5ZspdU_sentence_665.wav,Do you feel secure in your job?
1RIdJ5ZspdU_sentence_678.wav,Extensive
1RIdJ5ZspdU_sentence_682.wav,Her knowledge of world history is extensive.
1cHYKOqk6_I_sentence_001.wav,Everyone has a birth certificate.
1cHYKOqk6_I_sentence_010.wav,The room filled with cardboard boxes.
1cHYKOqk6_I_sentence_050.wav,Secondary
1cHYKOqk6_I_sentence_083.wav,I need three liters of water.
1cHYKOqk6_I_sentence_087.wav,Openly.
1cHYKOqk6_I_sentence_102.wav,How long does it take to walk from here to the city hall?
1cHYKOqk6_I_sentence_133.wav,I accidentally deleted the file.
1cHYKOqk6_I_sentence_148.wav,desperately.
1cHYKOqk6_I_sentence_164.wav,Clean the window with a damp cloth.
1cHYKOqk6_I_sentence_166.wav,The damp weather affects his health.
1cHYKOqk6_I_sentence_212.wav,How did she cope with the problem?
1cHYKOqk6_I_sentence_227.wav,He has an important position in the firm.
1cHYKOqk6_I_sentence_241.wav,It's morning here in my time zone.
1cHYKOqk6_I_sentence_299.wav,Penny
1cHYKOqk6_I_sentence_303.wav,"The hotel was expensive, but it was worth every penny."
1cHYKOqk6_I_sentence_306.wav,"When you're trying to save money, every penny counts."
1cHYKOqk6_I_sentence_324.wav,We desperately need more money to help fund our project.
1cHYKOqk6_I_sentence_334.wav,Stream.
1cHYKOqk6_I_sentence_347.wav,Mr.
1cHYKOqk6_I_sentence_350.wav,"Thank you, Mr. Chairman."
1cHYKOqk6_I_sentence_351.wav,"It's an honor to meet you here, Mr. President."
1cHYKOqk6_I_sentence_354.wav,Absolute.
1cHYKOqk6_I_sentence_365.wav,Pure.
1cHYKOqk6_I_sentence_366.wav,Is this pure gold?
1cHYKOqk6_I_sentence_373.wav,Carpet.
1cHYKOqk6_I_sentence_376.wav,How do you remove red wine stains from your carpet?
1cHYKOqk6_I_sentence_378.wav,The floor was covered with carpet.
1cHYKOqk6_I_sentence_379.wav,I have to buy a new carpet for this room.
1cHYKOqk6_I_sentence_381.wav,Nature
1cHYKOqk6_I_sentence_384.wav,He is lazy by nature.
1cHYKOqk6_I_sentence_386.wav,coin.
1cHYKOqk6_I_sentence_396.wav,The boy threw the coin through the window.
1cHYKOqk6_I_sentence_419.wav,"She doesn't earn much, but she loves her job nevertheless."
1cHYKOqk6_I_sentence_427.wav,He usually uses credit cards instead of cash.
1cHYKOqk6_I_sentence_428.wav,Suited.
1cHYKOqk6_I_sentence_429.wav,I don't think she is suited for the job.
1cHYKOqk6_I_sentence_436.wav,Prime Minister.
1cHYKOqk6_I_sentence_438.wav,He is the Prime Minister of our country.
1cHYKOqk6_I_sentence_442.wav,I had an interview with the Prime Minister this morning.
1cHYKOqk6_I_sentence_445.wav,Good tradition should be preserved.
1cHYKOqk6_I_sentence_456.wav,His ambition is to become a great scientist.
1cHYKOqk6_I_sentence_459.wav,She finally achieved her ambition of becoming a famous writer.
1cHYKOqk6_I_sentence_460.wav,Royal
1cHYKOqk6_I_sentence_461.wav,The royal palace was built in the 17th century.
1cHYKOqk6_I_sentence_470.wav,Where can we cross the stream?
1cHYKOqk6_I_sentence_486.wav,I have absolute trust in her.
1cHYKOqk6_I_sentence_490.wav,What you said is absolute nonsense.
1cHYKOqk6_I_sentence_492.wav,Style
1cHYKOqk6_I_sentence_497.wav,I like your style.
1cHYKOqk6_I_sentence_499.wav,What style of furniture do you like?
1cHYKOqk6_I_sentence_501.wav,She shook her head sadly.
1cHYKOqk6_I_sentence_511.wav,Soldier
1cHYKOqk6_I_sentence_517.wav,This song has a slow rhythm.
1cHYKOqk6_I_sentence_540.wav,Poor.
1cHYKOqk6_I_sentence_542.wav,He carefully poured the water into her glass.
1cHYKOqk6_I_sentence_548.wav,Pour water into the bucket.
1cHYKOqk6_I_sentence_550.wav,Could you please pour me some tea?
1cHYKOqk6_I_sentence_567.wav,Chemist.
1cHYKOqk6_I_sentence_572.wav,Chemist
1cHYKOqk6_I_sentence_612.wav,I can resist everything but temptation.
1cHYKOqk6_I_sentence_618.wav,This box is made of cardboard.
1cHYKOqk6_I_sentence_625.wav,Irritating.
1cHYKOqk6_I_sentence_629.wav,He's an irritating child.
1cHYKOqk6_I_sentence_637.wav,Dogs have a keen sense of smell.
1cHYKOqk6_I_sentence_641.wav,Lamp.
1cHYKOqk6_I_sentence_644.wav,I need a new table lamp.
1cHYKOqk6_I_sentence_645.wav,Please turn off the lamp.
1cHYKOqk6_I_sentence_646.wav,Radio
1cHYKOqk6_I_sentence_649.wav,Do you mind if I turn on the radio?
1cHYKOqk6_I_sentence_660.wav,She's growing carrots and potatoes in her garden.
1cHYKOqk6_I_sentence_661.wav,I like fried potatoes.
1cHYKOqk6_I_sentence_662.wav,Potato
1cHYKOqk6_I_sentence_666.wav,I need to buy some potatoes.
1cHYKOqk6_I_sentence_681.wav,Make as many photocopies as you need.
1cHYKOqk6_I_sentence_683.wav,Make as many photo cop rely.
1cHYKOqk6_I_sentence_687.wav,Rely.
1cHYKOqk6_I_sentence_694.wav,September
1cHYKOqk6_I_sentence_696.wav,We will go abroad in September.
1cHYKOqk6_I_sentence_697.wav,Today is September 1st.
1cHYKOqk6_I_sentence_701.wav,concentration.
1cHYKOqk6_I_sentence_702.wav,I really appreciate his concentration.
1cHYKOqk6_I_sentence_714.wav,She opened her purse and took out a coin.
1cHYKOqk6_I_sentence_717.wav,Envelope.
1cHYKOqk6_I_sentence_718.wav,What's in the envelope?
1cHYKOqk6_I_sentence_719.wav,Who gave you this envelope?
1cHYKOqk6_I_sentence_720.wav,Did you put a stamp on the envelope?
1cHYKOqk6_I_sentence_721.wav,Envelope
1cHYKOqk6_I_sentence_728.wav,Ruler.
1cHYKOqk6_I_sentence_732.wav,He shaves with an electric razor every morning.
1cHYKOqk6_I_sentence_734.wav,Electric.
1cHYKOqk6_I_sentence_738.wav,My brother bought an electric guitar yesterday.
1cHYKOqk6_I_sentence_777.wav,Shower
1cHYKOqk6_I_sentence_778.wav,I need to take a shower.
1cHYKOqk6_I_sentence_783.wav,I haven't taken a shower in three days.
1cHYKOqk6_I_sentence_800.wav,Damp.
1cHYKOqk6_I_sentence_817.wav,Who could resist an offer like that?
1cHYKOqk6_I_sentence_843.wav,Mental
1cHYKOqk6_I_sentence_847.wav,I am suffering from physical and mental exhaustion.
1cHYKOqk6_I_sentence_859.wav,Sadly.
1cHYKOqk6_I_sentence_900.wav,He wants to become a chemist.
1cHYKOqk6_I_sentence_911.wav,You can rely on me to keep your secret.
1cHYKOqk6_I_sentence_934.wav,"At our company, the retirement age is sixty."
2-_pGODolUY_sentence_000.wav,Drop.
2-_pGODolUY_sentence_007.wav,Condition
2-_pGODolUY_sentence_020.wav,Old habits are hard to break.
2-_pGODolUY_sentence_021.wav,direct.
2-_pGODolUY_sentence_046.wav,The population is increasing rapidly.
2-_pGODolUY_sentence_052.wav,Attach.
2-_pGODolUY_sentence_059.wav,Opinion
2-_pGODolUY_sentence_060.wav,I agree with your opinion.
2-_pGODolUY_sentence_068.wav,It seems that all my efforts are useless.
2-_pGODolUY_sentence_069.wav,It's useless to argue with an idiot.
2-_pGODolUY_sentence_073.wav,Prefer.
2-_pGODolUY_sentence_075.wav,"Which do you prefer, apples or bananas?"
2-_pGODolUY_sentence_080.wav,themselves.
2-_pGODolUY_sentence_084.wav,They don't want to do it themselves.
2-_pGODolUY_sentence_087.wav,Forward.
28wOHb8a6F4_sentence_003.wav,Don't ever do that.
28wOHb8a6F4_sentence_008.wav,Have you ever donated blood?
28wOHb8a6F4_sentence_009.wav,Have you ever given money to a beggar?
28wOHb8a6F4_sentence_011.wav,Least.
28wOHb8a6F4_sentence_012.wav,"He's the best teacher, even though he has the least experience."
28wOHb8a6F4_sentence_014.wav,I read at least one book every month.
28wOHb8a6F4_sentence_022.wav,Girl.
28wOHb8a6F4_sentence_023.wav,She used to be a very shy girl.
28wOHb8a6F4_sentence_026.wav,Burn.
28wOHb8a6F4_sentence_031.wav,Funny.
28wOHb8a6F4_sentence_044.wav,Bring I'll bring it to you to morrow.
28wOHb8a6F4_sentence_056.wav,Ending.
28wOHb8a6F4_sentence_059.wav,Sad.
28wOHb8a6F4_sentence_069.wav,G early.
28wOHb8a6F4_sentence_073.wav,Act.
28wOHb8a6F4_sentence_077.wav,Evening.
28wOHb8a6F4_sentence_081.wav,Ideal.
28wOHb8a6F4_sentence_084.wav,This island has an ideal climate.
28wOHb8a6F4_sentence_089.wav,Describe your ideal breakfast.
28wOHb8a6F4_sentence_095.wav,She still loves him even though he doesn't love her anymore.
28wOHb8a6F4_sentence_1002.wav,Tired.
28wOHb8a6F4_sentence_1009.wav,Finger.
28wOHb8a6F4_sentence_1012.wav,She pointed her finger at the fridge.
28wOHb8a6F4_sentence_1016.wav,Ability
28wOHb8a6F4_sentence_1039.wav,I went to the drugstore to buy some cough medicine.
28wOHb8a6F4_sentence_1045.wav,Option
28wOHb8a6F4_sentence_1052.wav,Relationship.
28wOHb8a6F4_sentence_1058.wav,Are you in a relationship?
28wOHb8a6F4_sentence_1059.wav,Fly.
28wOHb8a6F4_sentence_1064.wav,How long does it take to fly from Hanoi to Bangkok?
28wOHb8a6F4_sentence_1068.wav,Who broke the window?
28wOHb8a6F4_sentence_1073.wav,Sign.
28wOHb8a6F4_sentence_1084.wav,Worth.
28wOHb8a6F4_sentence_127.wav,"Excuse me, I dropped my chopsticks."
28wOHb8a6F4_sentence_137.wav,Himself.
28wOHb8a6F4_sentence_138.wav,He can't take care of himself.
28wOHb8a6F4_sentence_140.wav,She advised him not to go there by himself.
28wOHb8a6F4_sentence_141.wav,Egg.
28wOHb8a6F4_sentence_142.wav,Eggs go bad quickly in the summer.
28wOHb8a6F4_sentence_148.wav,"How do you like your eggs done, boiled or fried?"
28wOHb8a6F4_sentence_149.wav,Who?
28wOHb8a6F4_sentence_150.wav,Do you know who he is?
28wOHb8a6F4_sentence_152.wav,Who else came to the party?
28wOHb8a6F4_sentence_154.wav,Who less?
28wOHb8a6F4_sentence_157.wav,My mother is less patient than my father.
28wOHb8a6F4_sentence_162.wav,Would you like meeting?
28wOHb8a6F4_sentence_169.wav,Control.
28wOHb8a6F4_sentence_174.wav,Nobody can control us.
28wOHb8a6F4_sentence_175.wav,He couldn't control his anger.
28wOHb8a6F4_sentence_182.wav,She considered his offer carefully.
28wOHb8a6F4_sentence_184.wav,She urged him to drive carefully.
28wOHb8a6F4_sentence_185.wav,Complaint
28wOHb8a6F4_sentence_186.wav,I'm sick of listening to your complaints.
28wOHb8a6F4_sentence_189.wav,Complaint.
28wOHb8a6F4_sentence_208.wav,Money
28wOHb8a6F4_sentence_212.wav,Ah.
28wOHb8a6F4_sentence_216.wav,Connect.
28wOHb8a6F4_sentence_218.wav,The village is connected with our town by a bridge.
28wOHb8a6F4_sentence_227.wav,Enough.
28wOHb8a6F4_sentence_231.wav,Bedroom.
28wOHb8a6F4_sentence_232.wav,My bedroom is just above.
28wOHb8a6F4_sentence_250.wav,That restaurant serves excellent food.
28wOHb8a6F4_sentence_262.wav,Anywhere.
28wOHb8a6F4_sentence_266.wav,Understand.
28wOHb8a6F4_sentence_270.wav,Try
28wOHb8a6F4_sentence_273.wav,"I don't know whether I can do it, but I'm going to try."
28wOHb8a6F4_sentence_274.wav,I create.
28wOHb8a6F4_sentence_278.wav,Create.
28wOHb8a6F4_sentence_283.wav,What kind of games do you create?
28wOHb8a6F4_sentence_285.wav,Improvement.
28wOHb8a6F4_sentence_297.wav,We run out of water.
28wOHb8a6F4_sentence_298.wav,I go for a run every morning.
28wOHb8a6F4_sentence_299.wav,Mix.
28wOHb8a6F4_sentence_303.wav,You can't mix oil with water.
28wOHb8a6F4_sentence_318.wav,Regularly.
28wOHb8a6F4_sentence_330.wav,I'm looking for a house with a large kitchen.
28wOHb8a6F4_sentence_333.wav,Get forward.
28wOHb8a6F4_sentence_338.wav,Do you know what to do if there's a fire in the building?
28wOHb8a6F4_sentence_340.wav,"In case of fire, push this button."
28wOHb8a6F4_sentence_348.wav,He will quickly
28wOHb8a6F4_sentence_355.wav,Airport.
28wOHb8a6F4_sentence_366.wav,Sexual.
28wOHb8a6F4_sentence_370.wav,She is a victim of sexual abuse.
28wOHb8a6F4_sentence_378.wav,Animal
28wOHb8a6F4_sentence_379.wav,"I love animals, especially dogs."
28wOHb8a6F4_sentence_381.wav,I somewhere.
28wOHb8a6F4_sentence_384.wav,Do you want to go somewhere?
28wOHb8a6F4_sentence_385.wav,I've seen him s pleased.
28wOHb8a6F4_sentence_391.wav,She was very pleased with her exam results.
28wOHb8a6F4_sentence_398.wav,Mood.
28wOHb8a6F4_sentence_403.wav,I'm in a bad mood.
28wOHb8a6F4_sentence_405.wav,Quiet.
28wOHb8a6F4_sentence_420.wav,Engage.
28wOHb8a6F4_sentence_422.wav,He is engaged to my younger sister.
28wOHb8a6F4_sentence_428.wav,End.
28wOHb8a6F4_sentence_433.wav,I never imagined we'd end up like this.
28wOHb8a6F4_sentence_453.wav,He gets mad very easily.
28wOHb8a6F4_sentence_463.wav,Late.
28wOHb8a6F4_sentence_464.wav,Better late than never.
28wOHb8a6F4_sentence_471.wav,Just
28wOHb8a6F4_sentence_473.wav,I'm just looking around.
28wOHb8a6F4_sentence_474.wav,My house is just across the street.
28wOHb8a6F4_sentence_475.wav,He's good.
28wOHb8a6F4_sentence_478.wav,Are you good at cooking?
28wOHb8a6F4_sentence_493.wav,Driver
28wOHb8a6F4_sentence_495.wav,My father is a bus driver.
28wOHb8a6F4_sentence_496.wav,I used to dream about becoming a race car driver.
28wOHb8a6F4_sentence_497.wav,Part.
28wOHb8a6F4_sentence_502.wav,Powerful.
28wOHb8a6F4_sentence_509.wav,Doctor
28wOHb8a6F4_sentence_513.wav,Right.
28wOHb8a6F4_sentence_514.wav,I think you're right.
28wOHb8a6F4_sentence_515.wav,"I'm sorry, I'm busy right now."
28wOHb8a6F4_sentence_517.wav,Conversation
28wOHb8a6F4_sentence_518.wav,I'm having a conversation with a friend.
28wOHb8a6F4_sentence_529.wav,Is he married?
28wOHb8a6F4_sentence_532.wav,Absolutely.
28wOHb8a6F4_sentence_542.wav,Are you absolutely certain about this?
28wOHb8a6F4_sentence_544.wav,Give me another example.
28wOHb8a6F4_sentence_549.wav,We will discuss this again on another occasion.
28wOHb8a6F4_sentence_550.wav,Art.
28wOHb8a6F4_sentence_552.wav,What's your favorite kind of art?
28wOHb8a6F4_sentence_557.wav,Personal.
28wOHb8a6F4_sentence_558.wav,May I ask you a personal question?
28wOHb8a6F4_sentence_567.wav,"From personal experience, I know it's true."
28wOHb8a6F4_sentence_568.wav,Forget.
28wOHb8a6F4_sentence_572.wav,Note
28wOHb8a6F4_sentence_573.wav,She wrote a note to remind herself about the appointment.
28wOHb8a6F4_sentence_574.wav,You must take notes carefully.
28wOHb8a6F4_sentence_578.wav,Let's meet for a drink after work.
28wOHb8a6F4_sentence_579.wav,Nice laugh.
28wOHb8a6F4_sentence_584.wav,Equipment.
28wOHb8a6F4_sentence_604.wav,Thank you very much for your hospitality.
28wOHb8a6F4_sentence_611.wav,Thoreau.
28wOHb8a6F4_sentence_614.wav,Don't throw away this magazine. I haven't read it yet.
28wOHb8a6F4_sentence_615.wav,Who nowhere?
28wOHb8a6F4_sentence_632.wav,Thanks.
28wOHb8a6F4_sentence_633.wav,I don't know how to express my thanks.
28wOHb8a6F4_sentence_638.wav,Thanks for your cooperation.
28wOHb8a6F4_sentence_639.wav,Clearly.
28wOHb8a6F4_sentence_643.wav,Depressed.
28wOHb8a6F4_sentence_644.wav,She was so depressed that she
28wOHb8a6F4_sentence_651.wav,Dog.
28wOHb8a6F4_sentence_660.wav,The dog kept barking all night.
28wOHb8a6F4_sentence_666.wav,She is a very sensitive person.
28wOHb8a6F4_sentence_672.wav,I'm very sensitive to cold.
28wOHb8a6F4_sentence_682.wav,Do you like black cats? The sky was moonless and black.
28wOHb8a6F4_sentence_683.wav,The walls were black with age and dirt.
28wOHb8a6F4_sentence_684.wav,Do you like black cats? Black.
28wOHb8a6F4_sentence_685.wav,the sky was moonless and black.
28wOHb8a6F4_sentence_686.wav,Kiss.
28wOHb8a6F4_sentence_690.wav,Sh technology.
28wOHb8a6F4_sentence_694.wav,Technology.
28wOHb8a6F4_sentence_696.wav,I am a technology addict.
28wOHb8a6F4_sentence_702.wav,Free.
28wOHb8a6F4_sentence_703.wav,What do you do in your free time?
28wOHb8a6F4_sentence_704.wav,Are you free tonight?
28wOHb8a6F4_sentence_709.wav,Your
28wOHb8a6F4_sentence_710.wav,I admire your courage.
28wOHb8a6F4_sentence_714.wav,I want to borrow your book.
28wOHb8a6F4_sentence_717.wav,May
28wOHb8a6F4_sentence_721.wav,that may or may not be true.
28wOHb8a6F4_sentence_724.wav,Flower.
28wOHb8a6F4_sentence_735.wav,I have a pain in my foot.
28wOHb8a6F4_sentence_736.wav,Kill.
28wOHb8a6F4_sentence_738.wav,"At the moment, I am trying to kill time."
28wOHb8a6F4_sentence_743.wav,Extent
28wOHb8a6F4_sentence_744.wav,I agree with you to a certain extent.
28wOHb8a6F4_sentence_748.wav,Together.
28wOHb8a6F4_sentence_752.wav,They don't get a lot normally.
28wOHb8a6F4_sentence_756.wav,Because
28wOHb8a6F4_sentence_761.wav,Save.
28wOHb8a6F4_sentence_762.wav,Save me some food.
28wOHb8a6F4_sentence_764.wav,I'm trying to save money.
28wOHb8a6F4_sentence_765.wav,Drive.
28wOHb8a6F4_sentence_776.wav,Rays
28wOHb8a6F4_sentence_777.wav,Please raise your hand if you know the answer.
28wOHb8a6F4_sentence_787.wav,Him.
28wOHb8a6F4_sentence_792.wav,Towards
28wOHb8a6F4_sentence_803.wav,Slightly.
28wOHb8a6F4_sentence_809.wav,I'm slightly worried about her.
28wOHb8a6F4_sentence_819.wav,We will deal with this in chapter 11.
28wOHb8a6F4_sentence_821.wav,Born.
28wOHb8a6F4_sentence_825.wav,Learn.
28wOHb8a6F4_sentence_843.wav,Lesson
28wOHb8a6F4_sentence_851.wav,Both his parents indulged him. Both his parents indulged him.
28wOHb8a6F4_sentence_852.wav,University
28wOHb8a6F4_sentence_854.wav,She graduated from Harvard University.
28wOHb8a6F4_sentence_855.wav,He's a university student.
28wOHb8a6F4_sentence_860.wav,"Whenever I see it, I think of you."
28wOHb8a6F4_sentence_865.wav,Quantity
28wOHb8a6F4_sentence_866.wav,We import a large quantity of food.
28wOHb8a6F4_sentence_868.wav,It's cheaper to buy goods in quantity.
28wOHb8a6F4_sentence_869.wav,We correct.
28wOHb8a6F4_sentence_883.wav,You should eat a variety of fresh fruits and vegetables.
28wOHb8a6F4_sentence_884.wav,Point.
28wOHb8a6F4_sentence_889.wav,I agree with you on this point.
28wOHb8a6F4_sentence_890.wav,I'll get to the point.
28wOHb8a6F4_sentence_894.wav,What's the point of doing that?
28wOHb8a6F4_sentence_895.wav,Nah.
28wOHb8a6F4_sentence_896.wav,He is studying law at Harvard.
28wOHb8a6F4_sentence_903.wav,Weekend
28wOHb8a6F4_sentence_904.wav,Have a nice weekend.
28wOHb8a6F4_sentence_907.wav,Have a neighbor.
28wOHb8a6F4_sentence_910.wav,Who are your neighbors?
28wOHb8a6F4_sentence_918.wav,Luggage
28wOHb8a6F4_sentence_919.wav,Where's your luggage?
28wOHb8a6F4_sentence_929.wav,Greatly.
28wOHb8a6F4_sentence_971.wav,I mail.
28wOHb8a6F4_sentence_975.wav,Is that bird male or female?
28wOHb8a6F4_sentence_976.wav,Statement
28wOHb8a6F4_sentence_978.wav,Is that a statement or a question?
28wOHb8a6F4_sentence_979.wav,Statement.
28wOHb8a6F4_sentence_995.wav,Derrick.
2F4_bmQcL4Y_sentence_008.wav,Faith.
2F4_bmQcL4Y_sentence_036.wav,This company was established in 1930.
2F4_bmQcL4Y_sentence_041.wav,How long have you been playing the drums?
2F4_bmQcL4Y_sentence_044.wav,Dram
2F4_bmQcL4Y_sentence_052.wav,Signal.
2F4_bmQcL4Y_sentence_056.wav,Signal
2F4_bmQcL4Y_sentence_057.wav,Stand by for my signal.
2F4_bmQcL4Y_sentence_071.wav,Harm.
2F4_bmQcL4Y_sentence_076.wav,She'll do anything to protect her children from harm.
2F4_bmQcL4Y_sentence_090.wav,Charity
2F4_bmQcL4Y_sentence_095.wav,Discipline.
2F4_bmQcL4Y_sentence_096.wav,Discipline is the bridge between goals and accomplishments.
2F4_bmQcL4Y_sentence_103.wav,Bandage
2F4_bmQcL4Y_sentence_104.wav,He had a bandage on his arm.
2F4_bmQcL4Y_sentence_145.wav,Dissolve the tablet in a glass of water.
2F4_bmQcL4Y_sentence_152.wav,Crash.
2F4_bmQcL4Y_sentence_158.wav,His wife is in the hospital because she was injured in a car crash.
2F4_bmQcL4Y_sentence_162.wav,They crashed the party.
2F4_bmQcL4Y_sentence_163.wav,commonly.
2F4_bmQcL4Y_sentence_168.wav,Shift workers commonly complain of not getting enough sleep.
2F4_bmQcL4Y_sentence_177.wav,The Statue of Liberty is located in New York.
2F4_bmQcL4Y_sentence_183.wav,This statue is made of wood.
2F4_bmQcL4Y_sentence_188.wav,Crisis
2cy7Bzp7F9U_sentence_003.wav,you'd better consult the doctor.
2cy7Bzp7F9U_sentence_014.wav,Regardless of
2cy7Bzp7F9U_sentence_032.wav,But I'm tied up with extra work these days.
2cy7Bzp7F9U_sentence_034.wav,It's not that I am unwilling to help you.
2cy7Bzp7F9U_sentence_047.wav,In terms of
2cy7Bzp7F9U_sentence_058.wav,I can't help suspecting that he is lying.
2cy7Bzp7F9U_sentence_074.wav,It doesn't matter.
2cy7Bzp7F9U_sentence_075.wav,
2cy7Bzp7F9U_sentence_076.wav,as.
2cy7Bzp7F9U_sentence_077.wav,He is as poor as a church mouse.
2cy7Bzp7F9U_sentence_078.wav,"He is fit as a fiddle, though he is already seventy."
2cy7Bzp7F9U_sentence_079.wav,Shelley's father's always as busy as a bee.
2cy7Bzp7F9U_sentence_080.wav,He in other words
2cy7Bzp7F9U_sentence_081.wav,They are not telling the truth either.
2cy7Bzp7F9U_sentence_082.wav,or
2cy7Bzp7F9U_sentence_083.wav,He is either drunk or mad.
2cy7Bzp7F9U_sentence_084.wav,is either your fault or her fault.
2cy7Bzp7F9U_sentence_085.wav,Either you are wrong or I am.
2cy7Bzp7F9U_sentence_089.wav,You're supposed to.
2cy7Bzp7F9U_sentence_091.wav,We are supposed to obey the law.
2cy7Bzp7F9U_sentence_095.wav,You're supposed to keep that secret.
2cy7Bzp7F9U_sentence_096.wav,Keep in mind.
2cy7Bzp7F9U_sentence_100.wav,Keep by far.
2cy7Bzp7F9U_sentence_1001.wav,Don't tell him the bad news until he finishes his exam.
2cy7Bzp7F9U_sentence_1006.wav,I won't stop shouting until you let me go.
2cy7Bzp7F9U_sentence_103.wav,By far.
2cy7Bzp7F9U_sentence_108.wav,I'm dying to.
2cy7Bzp7F9U_sentence_119.wav,He is not only
2cy7Bzp7F9U_sentence_120.wav,But also
2cy7Bzp7F9U_sentence_121.wav,"He is not only humorous, but also patient."
2cy7Bzp7F9U_sentence_122.wav,"He's not only a good leader, but also an eloquent speaker."
2cy7Bzp7F9U_sentence_123.wav,"I'm not only going to the party, I'm also going to sing at it."
2cy7Bzp7F9U_sentence_124.wav,He is not only humorous. In spite of.
2cy7Bzp7F9U_sentence_135.wav,There is something wrong with
2cy7Bzp7F9U_sentence_136.wav,There is something wrong with my it's no use.
2cy7Bzp7F9U_sentence_137.wav,It's no use asking him I'm not used to.
2cy7Bzp7F9U_sentence_140.wav,I'm not used to staying up late at night.
2cy7Bzp7F9U_sentence_145.wav,I'm not used to drinking coffee without sugar.
2cy7Bzp7F9U_sentence_150.wav,"By the way, he is a difficult person."
2cy7Bzp7F9U_sentence_151.wav,By the way.
2cy7Bzp7F9U_sentence_154.wav,Do you have any change on you?
2cy7Bzp7F9U_sentence_156.wav,"By the way, is there a bathroom in the apartment?"
2cy7Bzp7F9U_sentence_160.wav,In addition to
2cy7Bzp7F9U_sentence_168.wav,Do you agree?
2cy7Bzp7F9U_sentence_169.wav,Do you agree that we should start early?
2cy7Bzp7F9U_sentence_172.wav,"In general, we are happy with the new apartment."
2cy7Bzp7F9U_sentence_176.wav,"In general, men are taller than women."
2cy7Bzp7F9U_sentence_178.wav,Don't ever.
2cy7Bzp7F9U_sentence_179.wav,Don't ever lose these papers.
2cy7Bzp7F9U_sentence_180.wav,They are of great importance to our company.
2cy7Bzp7F9U_sentence_181.wav,Don't ever miss a good opportunity.
2cy7Bzp7F9U_sentence_182.wav,Don't ever arrive late for an interview.
2cy7Bzp7F9U_sentence_183.wav,Don't e take advantage of.
2cy7Bzp7F9U_sentence_185.wav,I don't want to take advantage of anyone.
2cy7Bzp7F9U_sentence_191.wav,He is so.
2cy7Bzp7F9U_sentence_192.wav,Mm-hmm.
2cy7Bzp7F9U_sentence_193.wav,I was so interested in the film that I went to see it several times.
2cy7Bzp7F9U_sentence_194.wav,It's so hot that none of us want to go out.
2cy7Bzp7F9U_sentence_195.wav,He speaks French so well that we think he is a Frenchman.
2cy7Bzp7F9U_sentence_196.wav,I was so interested in the film. I want you to.
2cy7Bzp7F9U_sentence_198.wav,I want you to tell me the truth.
2cy7Bzp7F9U_sentence_200.wav,I I don't have time to.
2cy7Bzp7F9U_sentence_201.wav,I don't have time to relax.
2cy7Bzp7F9U_sentence_202.wav,I don't have time to explain it in detail.
2cy7Bzp7F9U_sentence_203.wav,I don't have time to argue with you.
2cy7Bzp7F9U_sentence_204.wav,I don't have time to finish my homework.
2cy7Bzp7F9U_sentence_205.wav,I thanks to
2cy7Bzp7F9U_sentence_207.wav,"Thanks to computers, lots of tasks are now easier."
2cy7Bzp7F9U_sentence_214.wav,Pay attention to
2cy7Bzp7F9U_sentence_218.wav,He whether or not.
2cy7Bzp7F9U_sentence_229.wav,Be careful with.
2cy7Bzp7F9U_sentence_231.wav,Be careful that you don't catch a cold.
2cy7Bzp7F9U_sentence_234.wav,Be careful with the wet paint.
2cy7Bzp7F9U_sentence_245.wav,I'm not sure if that's a good idea.
2cy7Bzp7F9U_sentence_250.wav,I've heard that.
2cy7Bzp7F9U_sentence_252.wav,I've heard that you got a new job.
2cy7Bzp7F9U_sentence_254.wav,I've heard that Japanese is a difficult language.
2cy7Bzp7F9U_sentence_256.wav,I've heard that they're getting married.
2cy7Bzp7F9U_sentence_257.wav,Prevent
2cy7Bzp7F9U_sentence_258.wav,from
2cy7Bzp7F9U_sentence_276.wav,Keep me informed of.
2cy7Bzp7F9U_sentence_281.wav,I would like to.
2cy7Bzp7F9U_sentence_282.wav,I would like to borrow fifty dollars from you.
2cy7Bzp7F9U_sentence_285.wav,I would like why don't we?
2cy7Bzp7F9U_sentence_286.wav,Why don't we go dancing?
2cy7Bzp7F9U_sentence_288.wav,It's nearly lunchtime. Why don't we stop to have a bite to eat?
2cy7Bzp7F9U_sentence_289.wav,It's my fault w it's my fault we missed the bus.
2cy7Bzp7F9U_sentence_290.wav,It's my fault you didn't get paid on time.
2cy7Bzp7F9U_sentence_291.wav,It's my fault we lost the game.
2cy7Bzp7F9U_sentence_292.wav,It's my fault. Give up.
2cy7Bzp7F9U_sentence_299.wav,As far as I remember.
2cy7Bzp7F9U_sentence_300.wav,"As far as I can remember, he didn't come home until midnight."
2cy7Bzp7F9U_sentence_301.wav,"As far as I recollect,"
2cy7Bzp7F9U_sentence_303.wav,"As far as I recall, they quarreled very often at that time."
2cy7Bzp7F9U_sentence_306.wav,There were few people in the village then.
2cy7Bzp7F9U_sentence_321.wav,He is by far the best student.
2cy7Bzp7F9U_sentence_327.wav,In common.
2cy7Bzp7F9U_sentence_332.wav,I have nothing in common with her.
2cy7Bzp7F9U_sentence_339.wav,What do you mean by saying that?
2cy7Bzp7F9U_sentence_340.wav,What do you mean by cancelling your performance?
2cy7Bzp7F9U_sentence_343.wav,It's not necessary for you to
2cy7Bzp7F9U_sentence_344.wav,It's not necessary for you to do that.
2cy7Bzp7F9U_sentence_345.wav,It's not necessary for you to answer right away.
2cy7Bzp7F9U_sentence_346.wav,It's not necessary for you to attend the meeting.
2cy7Bzp7F9U_sentence_347.wav,It's do you mind if?
2cy7Bzp7F9U_sentence_351.wav,Are you used to?
2cy7Bzp7F9U_sentence_354.wav,Are you used to staying up late?
2cy7Bzp7F9U_sentence_355.wav,Are you used to using chopsticks?
2cy7Bzp7F9U_sentence_356.wav,Are you used to life here?
2cy7Bzp7F9U_sentence_358.wav,I'm trying to.
2cy7Bzp7F9U_sentence_360.wav,I'm trying to learn English.
2cy7Bzp7F9U_sentence_361.wav,I'm trying to get a job.
2cy7Bzp7F9U_sentence_362.wav,I'm trying to solve the problem.
2cy7Bzp7F9U_sentence_363.wav,I I decided to.
2cy7Bzp7F9U_sentence_364.wav,I've decided to quit my job.
2cy7Bzp7F9U_sentence_367.wav,They decide how far is it?
2cy7Bzp7F9U_sentence_368.wav,How far is it from here to the airport?
2cy7Bzp7F9U_sentence_369.wav,How far is it from here to the next village?
2cy7Bzp7F9U_sentence_372.wav,Hold on.
2cy7Bzp7F9U_sentence_374.wav,Hold on tightly to the railing.
2cy7Bzp7F9U_sentence_377.wav,In detail.
2cy7Bzp7F9U_sentence_378.wav,We haven't discussed the matter in detail yet.
2cy7Bzp7F9U_sentence_379.wav,Please explain your plan in detail.
2cy7Bzp7F9U_sentence_380.wav,Please describe in detail what you have seen.
2cy7Bzp7F9U_sentence_384.wav,Put on.
2cy7Bzp7F9U_sentence_387.wav,"Put your hat on, it's sunny outside."
2cy7Bzp7F9U_sentence_388.wav,She regardless of
2cy7Bzp7F9U_sentence_399.wav,Wake up.
2cy7Bzp7F9U_sentence_401.wav,What time do you wake up?
2cy7Bzp7F9U_sentence_403.wav,He often wakes up early.
2cy7Bzp7F9U_sentence_409.wav,I'm amazed at
2cy7Bzp7F9U_sentence_424.wav,Makes sense.
2cy7Bzp7F9U_sentence_428.wav,This message doesn't make sense to me.
2cy7Bzp7F9U_sentence_432.wav,"In terms of salary, that job is fantastic."
2cy7Bzp7F9U_sentence_459.wav,It's not that.
2cy7Bzp7F9U_sentence_480.wav,I can't help thinking about it.
2cy7Bzp7F9U_sentence_485.wav,How dare you speak to me like that?
2cy7Bzp7F9U_sentence_486.wav,How dare he do that to me?
2cy7Bzp7F9U_sentence_502.wav,Little by little she came to understand the importance of health.
2cy7Bzp7F9U_sentence_506.wav,In case
2cy7Bzp7F9U_sentence_508.wav,"In case of an emergency, push this button."
2cy7Bzp7F9U_sentence_510.wav,I'm looking for.
2cy7Bzp7F9U_sentence_511.wav,they are looking for an apartment to rent.
2cy7Bzp7F9U_sentence_514.wav,I can hardly believe that.
2cy7Bzp7F9U_sentence_517.wav,I can hardly believe that Paul was put in prison for bribery.
2cy7Bzp7F9U_sentence_518.wav,I can hardly believe what I have seen.
2cy7Bzp7F9U_sentence_536.wav,I'm not used to.
2cy7Bzp7F9U_sentence_538.wav,I'm not used to spicy food.
2cy7Bzp7F9U_sentence_541.wav,Thanks to
2cy7Bzp7F9U_sentence_569.wav,Put on more clothes before you go out.
2cy7Bzp7F9U_sentence_571.wav,Take advantage of
2cy7Bzp7F9U_sentence_589.wav,But
2cy7Bzp7F9U_sentence_605.wav,I can't help.
2cy7Bzp7F9U_sentence_624.wav,I can hardly believe that he is dead.
2cy7Bzp7F9U_sentence_625.wav,He can understand us so well.
2cy7Bzp7F9U_sentence_633.wav,You'd better get someone to fix it.
2cy7Bzp7F9U_sentence_644.wav,I'm not sure if.
2cy7Bzp7F9U_sentence_654.wav,In spite of
2cy7Bzp7F9U_sentence_656.wav,He went to work in spite of his illness.
2cy7Bzp7F9U_sentence_664.wav,He never succeeded in spite of repeated attempts.
2cy7Bzp7F9U_sentence_665.wav,It takes.
2cy7Bzp7F9U_sentence_666.wav,Two
2cy7Bzp7F9U_sentence_667.wav,It took me an entire afternoon to get there.
2cy7Bzp7F9U_sentence_670.wav,It I can't stand.
2cy7Bzp7F9U_sentence_674.wav,I count on.
2cy7Bzp7F9U_sentence_686.wav,How dare you?
2cy7Bzp7F9U_sentence_687.wav,How dare you call me fat?
2cy7Bzp7F9U_sentence_697.wav,I'm tired of
2cy7Bzp7F9U_sentence_698.wav,I'm tired of fighting with you.
2cy7Bzp7F9U_sentence_703.wav,I'm sick and tired of his lecture.
2cy7Bzp7F9U_sentence_704.wav,It's very kind of you to.
2cy7Bzp7F9U_sentence_706.wav,It's very kind of you to invite me to the party.
2cy7Bzp7F9U_sentence_707.wav,It's very kind of you to inform us what happened.
2cy7Bzp7F9U_sentence_708.wav,It's very kind of you to help me.
2cy7Bzp7F9U_sentence_710.wav,It's very kind of you to inform us what little by little
2cy7Bzp7F9U_sentence_714.wav,Little by little.
2cy7Bzp7F9U_sentence_752.wav,What's the matter with him?
2cy7Bzp7F9U_sentence_753.wav,What's the matter with your finger? It's bleeding.
2cy7Bzp7F9U_sentence_756.wav,I'm working on a big project.
2cy7Bzp7F9U_sentence_757.wav,We're currently working on that problem.
2cy7Bzp7F9U_sentence_759.wav,I how come?
2cy7Bzp7F9U_sentence_762.wav,How come you got invited and I didn't?
2cy7Bzp7F9U_sentence_763.wav,How come you know so much about me?
2cy7Bzp7F9U_sentence_764.wav,How come you are here?
2cy7Bzp7F9U_sentence_780.wav,For me.
2cy7Bzp7F9U_sentence_784.wav,for me.
2cy7Bzp7F9U_sentence_785.wav,There is nothing as enjoyable as reading a novel on the grass.
2cy7Bzp7F9U_sentence_799.wav,You can't count on him for financial help.
2cy7Bzp7F9U_sentence_811.wav,We will go there regardless of the weather.
2cy7Bzp7F9U_sentence_814.wav,I'll do that regardless of the consequences.
2cy7Bzp7F9U_sentence_820.wav,What's the best way to
2cy7Bzp7F9U_sentence_821.wav,What's the best way to lose weight?
2cy7Bzp7F9U_sentence_823.wav,What in terms of
2cy7Bzp7F9U_sentence_825.wav,He tends to think of everything in terms of money.
2cy7Bzp7F9U_sentence_834.wav,It's too bad that you lost your job.
2cy7Bzp7F9U_sentence_835.wav,It's too bad that we can't get there on time.
2cy7Bzp7F9U_sentence_839.wav,I'm sorry to.
2cy7Bzp7F9U_sentence_842.wav,I'm sorry to hear that you got a divorce.
2cy7Bzp7F9U_sentence_876.wav,Check in.
2cy7Bzp7F9U_sentence_880.wav,Please give us prior notice if you need to check in early.
2cy7Bzp7F9U_sentence_884.wav,I used to.
2cy7Bzp7F9U_sentence_911.wav,I'm dying to buy a new car.
2cy7Bzp7F9U_sentence_912.wav,I'm dying to see you tonight.
2cy7Bzp7F9U_sentence_915.wav,Let me.
2cy7Bzp7F9U_sentence_919.wav,Let me buy how long does it take?
2cy7Bzp7F9U_sentence_921.wav,How long will it take to build the stadium?
2cy7Bzp7F9U_sentence_929.wav,The point is that we don't know what's happening here.
2cy7Bzp7F9U_sentence_931.wav,The point is that we need a lot of money.
2cy7Bzp7F9U_sentence_939.wav,I didn't mean to.
2cy7Bzp7F9U_sentence_943.wav,I enough to
2cy7Bzp7F9U_sentence_945.wav,He isn't strong enough to lift that box.
2cy7Bzp7F9U_sentence_950.wav,I have difficulty.
2cy7Bzp7F9U_sentence_951.wav,doing something.
2cy7Bzp7F9U_sentence_960.wav,He would rather work all day long than do nothing.
2cy7Bzp7F9U_sentence_962.wav,I would rather than
2cy7Bzp7F9U_sentence_974.wav,We can deal with it.
2cy7Bzp7F9U_sentence_980.wav,"The more, the more."
2cy7Bzp7F9U_sentence_981.wav,"The more you put your heart into English, the more you'll be interested in it."
2cy7Bzp7F9U_sentence_984.wav,The sooner the better.
2cy7Bzp7F9U_sentence_986.wav,The more you pay?
2cy7Bzp7F9U_sentence_987.wav,The more you will gain.
2cy7Bzp7F9U_sentence_989.wav,Hang out.
2cy7Bzp7F9U_sentence_990.wav,Would you like to hang out with us?
3LHgzqb9HRM_sentence_003.wav,This work is above my capacity.
3LHgzqb9HRM_sentence_005.wav,He always feels confident about his capacity of drawing.
3LHgzqb9HRM_sentence_024.wav,Typical.
3LHgzqb9HRM_sentence_035.wav,Pension
3LHgzqb9HRM_sentence_057.wav,Apparently he doesn't like me.
3LHgzqb9HRM_sentence_067.wav,Please open the package.
3LHgzqb9HRM_sentence_069.wav,Publicly.
3LHgzqb9HRM_sentence_074.wav,He publicly insulted me.
3LHgzqb9HRM_sentence_077.wav,Remark.
3LHgzqb9HRM_sentence_081.wav,He made some rude remarks about the food.
3LHgzqb9HRM_sentence_091.wav,Railway
3LHgzqb9HRM_sentence_130.wav,The population gradually increased.
3LHgzqb9HRM_sentence_133.wav,Purchase.
3LHgzqb9HRM_sentence_148.wav,He gave the police a false name and address.
3LHgzqb9HRM_sentence_152.wav,Thief.
3LHgzqb9HRM_sentence_177.wav,Jr.
3LHgzqb9HRM_sentence_178.wav,He is a junior colleague.
3LHgzqb9HRM_sentence_182.wav,Mineral
3LHgzqb9HRM_sentence_186.wav,"I always carry a bottle of mineral water with me, and"
3LHgzqb9HRM_sentence_189.wav,"A glass of mineral water, please."
3LHgzqb9HRM_sentence_190.wav,Visitor.
3LHgzqb9HRM_sentence_191.wav,There's a visitor waiting for you in the lobby.
3LHgzqb9HRM_sentence_195.wav,We had some visitors yesterday.
3LHgzqb9HRM_sentence_200.wav,The sun is sinking in the west.
3LHgzqb9HRM_sentence_206.wav,Opponent
3LHgzqb9HRM_sentence_226.wav,"She crossed her arms over her breasts,"
3LHgzqb9HRM_sentence_227.wav,Breast cancer is the most common type of cancer in the UK.
3LHgzqb9HRM_sentence_231.wav,Automatically.
3LHgzqb9HRM_sentence_233.wav,Wisdom does not automatically come with age.
3LHgzqb9HRM_sentence_234.wav,The door will lock automatically when you go out.
3LHgzqb9HRM_sentence_236.wav,Alternative
3LHgzqb9HRM_sentence_242.wav,There are two alternatives for you to choose from.
3LHgzqb9HRM_sentence_245.wav,I truly believe you can do it.
3LHgzqb9HRM_sentence_264.wav,Disturb.
3LHgzqb9HRM_sentence_277.wav,He disappeared without a trace.
3LHgzqb9HRM_sentence_279.wav,Trace.
3LHgzqb9HRM_sentence_286.wav,Wing.
3LHgzqb9HRM_sentence_289.wav,I wish I had wings to fly.
3LHgzqb9HRM_sentence_290.wav,The bird flapped its wings and flew off.
3LHgzqb9HRM_sentence_309.wav,Let me explain it with a diagram.
3LHgzqb9HRM_sentence_311.wav,Don't underestimate your opponent.
3LHgzqb9HRM_sentence_326.wav,Poison.
3LHgzqb9HRM_sentence_327.wav,Some mushrooms contain deadly poisons.
3LHgzqb9HRM_sentence_334.wav,Regard
3LHgzqb9HRM_sentence_344.wav,Can you sew a button on for me?
3LHgzqb9HRM_sentence_345.wav,So
3LHgzqb9HRM_sentence_346.wav,I can sew very well.
3LHgzqb9HRM_sentence_358.wav,Sol
3LHgzqb9HRM_sentence_362.wav,We're soulmates.
3LHgzqb9HRM_sentence_366.wav,Illegal.
3LHgzqb9HRM_sentence_374.wav,I want to become a ballet dancer.
3LHgzqb9HRM_sentence_377.wav,I will take the wheel.
3LHgzqb9HRM_sentence_379.wav,Wheel
3LHgzqb9HRM_sentence_383.wav,You don't need to reinvent the wheel.
3LHgzqb9HRM_sentence_384.wav,Odd.
3LHgzqb9HRM_sentence_392.wav,They're very odd people.
3LHgzqb9HRM_sentence_395.wav,Cultural.
3LHgzqb9HRM_sentence_399.wav,I think that cultural exchanges are important.
3LHgzqb9HRM_sentence_400.wav,Spicy
3LHgzqb9HRM_sentence_405.wav,This soup is too spicy for me.
3LHgzqb9HRM_sentence_407.wav,Moyle.
3LHgzqb9HRM_sentence_414.wav,He is a loyal customer.
3LHgzqb9HRM_sentence_418.wav,Possess.
3LHgzqb9HRM_sentence_419.wav,How many cars do you possess?
3LHgzqb9HRM_sentence_425.wav,He possesses a strong voice.
3LHgzqb9HRM_sentence_426.wav,Phrase
3LHgzqb9HRM_sentence_430.wav,What is the meaning of this phrase?
3LHgzqb9HRM_sentence_435.wav,I really appreciate your willingness to help.
3LHgzqb9HRM_sentence_436.wav,Willingness.
3LHgzqb9HRM_sentence_461.wav,Calculate.
3LHgzqb9HRM_sentence_486.wav,cure.
3LHgzqb9HRM_sentence_490.wav,Doctors did everything they could to cure him.
3LHgzqb9HRM_sentence_491.wav,Leather.
3LHgzqb9HRM_sentence_496.wav,It's made of leather.
3LHgzqb9HRM_sentence_497.wav,He's looking for a leather belt.
3LHgzqb9HRM_sentence_498.wav,Advertisement.
3LHgzqb9HRM_sentence_501.wav,He cut the advertisement out of the newspaper.
3LHgzqb9HRM_sentence_511.wav,Apparently.
3LHgzqb9HRM_sentence_518.wav,Apparently that's not correct.
3LHgzqb9HRM_sentence_539.wav,The car was destroyed in the accident.
3LHgzqb9HRM_sentence_556.wav,The following is a summary of our conclusions.
3LHgzqb9HRM_sentence_558.wav,Actual.
3LHgzqb9HRM_sentence_561.wav,How much actual experience do you have?
3LHgzqb9HRM_sentence_562.wav,The actual cost was higher than expected.
3LHgzqb9HRM_sentence_564.wav,How much a understanding?
3LHgzqb9HRM_sentence_567.wav,toy.
3LHgzqb9HRM_sentence_569.wav,That factory manufactures toys.
3LHgzqb9HRM_sentence_571.wav,She bought a toy for her child.
3LHgzqb9HRM_sentence_585.wav,Secretly
3LHgzqb9HRM_sentence_586.wav,He secretly showed me her picture.
3LHgzqb9HRM_sentence_587.wav,They got married secretly.
3LHgzqb9HRM_sentence_588.wav,He's victim.
3LHgzqb9HRM_sentence_592.wav,Victim
3LHgzqb9HRM_sentence_597.wav,How many victims are there?
3LHgzqb9HRM_sentence_625.wav,He expressed his opposition to the new law.
5QFYjqDs43g_sentence_010.wav,We changed our plans because of her late arrival.
5QFYjqDs43g_sentence_011.wav,Interested.
5QFYjqDs43g_sentence_018.wav,What are you interested in?
5QFYjqDs43g_sentence_026.wav,Strong economy.
5QFYjqDs43g_sentence_033.wav,We have a strong economy.
5QFYjqDs43g_sentence_035.wav,Plan
5QFYjqDs43g_sentence_036.wav,Do you have any plans for the summer?
5QFYjqDs43g_sentence_045.wav,Everything went exactly as planned.
5QFYjqDs43g_sentence_046.wav,Country
5QFYjqDs43g_sentence_048.wav,Vietnam is my country.
5QFYjqDs43g_sentence_051.wav,"Nowadays, more and more people prefer country life to city life."
5QFYjqDs43g_sentence_062.wav,Is your father a teacher?
5QFYjqDs43g_sentence_063.wav,He is an experienced teacher.
5QFYjqDs43g_sentence_065.wav,Is speech
5QFYjqDs43g_sentence_069.wav,Speech is
5QFYjqDs43g_sentence_072.wav,Have you ever given a speech in English?
5QFYjqDs43g_sentence_076.wav,Should.
5QFYjqDs43g_sentence_077.wav,You should give up smoking.
5QFYjqDs43g_sentence_078.wav,He should have been more careful.
5QFYjqDs43g_sentence_086.wav,You should tell him the truth.
5QFYjqDs43g_sentence_087.wav,Peace.
5QFYjqDs43g_sentence_090.wav,I'll save you a piece of cake.
5QFYjqDs43g_sentence_098.wav,Public.
5QFYjqDs43g_sentence_1006.wav,Industry
5QFYjqDs43g_sentence_1011.wav,cry.
5QFYjqDs43g_sentence_1013.wav,"As soon as she saw me, she started to cry."
5QFYjqDs43g_sentence_1017.wav,I really feel like crying right now.
5QFYjqDs43g_sentence_1019.wav,I saw many tourists on the beach.
5QFYjqDs43g_sentence_1033.wav,Grateful.
5QFYjqDs43g_sentence_113.wav,Straight.
5QFYjqDs43g_sentence_126.wav,Really?
5QFYjqDs43g_sentence_129.wav,That's a really great idea.
5QFYjqDs43g_sentence_137.wav,Land.
5QFYjqDs43g_sentence_138.wav,Who owns this land?
5QFYjqDs43g_sentence_143.wav,The plane landed safely.
5QFYjqDs43g_sentence_144.wav,Limit.
5QFYjqDs43g_sentence_149.wav,What's the speed limit on this road?
5QFYjqDs43g_sentence_151.wav,Don't let your past limit your future.
5QFYjqDs43g_sentence_155.wav,Bit.
5QFYjqDs43g_sentence_161.wav,He is getting better bit by bit.
5QFYjqDs43g_sentence_169.wav,I think it's time for me to get a bit of exercise.
5QFYjqDs43g_sentence_171.wav,Past.
5QFYjqDs43g_sentence_172.wav,I don't care about your past.
5QFYjqDs43g_sentence_173.wav,Don't judge me by my past. I don't live there anymore.
5QFYjqDs43g_sentence_178.wav,Describe.
5QFYjqDs43g_sentence_179.wav,Can you describe it?
5QFYjqDs43g_sentence_189.wav,Economy
5QFYjqDs43g_sentence_192.wav,Our economy depends on agriculture.
5QFYjqDs43g_sentence_195.wav,I joined a speech contest.
5QFYjqDs43g_sentence_197.wav,Speech is the
5QFYjqDs43g_sentence_220.wav,W Mary.
5QFYjqDs43g_sentence_224.wav,Space
5QFYjqDs43g_sentence_228.wav,I need a little more space.
5QFYjqDs43g_sentence_230.wav,Is there enough space for my luggage?
5QFYjqDs43g_sentence_231.wav,Knows.
5QFYjqDs43g_sentence_232.wav,Your nose is bleeding.
5QFYjqDs43g_sentence_233.wav,I can't breathe through my nose.
5QFYjqDs43g_sentence_234.wav,You broke my nose.
5QFYjqDs43g_sentence_243.wav,"If you don't leave right now, I will call security."
5QFYjqDs43g_sentence_249.wav,Dry.
5QFYjqDs43g_sentence_268.wav,Mostly
5QFYjqDs43g_sentence_270.wav,They are mostly women.
5QFYjqDs43g_sentence_273.wav,Further.
5QFYjqDs43g_sentence_274.wav,"For further information, see page 10."
5QFYjqDs43g_sentence_288.wav,"beside He sat beside me in the front seat,"
5QFYjqDs43g_sentence_291.wav,Beside.
5QFYjqDs43g_sentence_302.wav,When?
5QFYjqDs43g_sentence_304.wav,When did you buy it?
5QFYjqDs43g_sentence_305.wav,When will we arrive?
5QFYjqDs43g_sentence_309.wav,Smart.
5QFYjqDs43g_sentence_312.wav,I think it's the smart thing to do.
5QFYjqDs43g_sentence_318.wav,You're the smartest person I know.
5QFYjqDs43g_sentence_320.wav,Market.
5QFYjqDs43g_sentence_321.wav,We buy our fruit and vegetables at the market.
5QFYjqDs43g_sentence_344.wav,"Ignore it, it's only a rumor."
5QFYjqDs43g_sentence_345.wav,Age
5QFYjqDs43g_sentence_346.wav,She got married at the age of 29.
5QFYjqDs43g_sentence_347.wav,She is about my age.
5QFYjqDs43g_sentence_352.wav,degree.
5QFYjqDs43g_sentence_354.wav,She graduated from Cambridge with a degree in law.
5QFYjqDs43g_sentence_363.wav,Speak.
5QFYjqDs43g_sentence_364.wav,I can speak English fluently.
5QFYjqDs43g_sentence_365.wav,Please speak more slowly.
5QFYjqDs43g_sentence_367.wav,I metal.
5QFYjqDs43g_sentence_368.wav,Is it made of wood or metal?
5QFYjqDs43g_sentence_369.wav,I need a piece of metal.
5QFYjqDs43g_sentence_370.wav,It's a metal pipe.
5QFYjqDs43g_sentence_371.wav,Not.
5QFYjqDs43g_sentence_375.wav,Matter
5QFYjqDs43g_sentence_382.wav,Familiar.
5QFYjqDs43g_sentence_388.wav,Are you familiar with this area?
5QFYjqDs43g_sentence_389.wav,Beauty.
5QFYjqDs43g_sentence_394.wav,Length.
5QFYjqDs43g_sentence_396.wav,What is its length?
5QFYjqDs43g_sentence_405.wav,"Anyone, anybody."
5QFYjqDs43g_sentence_406.wav,Don't share this with anyone.
5QFYjqDs43g_sentence_411.wav,I don't know anyone at the party.
5QFYjqDs43g_sentence_412.wav,Merely.
5QFYjqDs43g_sentence_417.wav,It's nearly impossible.
5QFYjqDs43g_sentence_418.wav,The parking lot is nearly empty.
5QFYjqDs43g_sentence_431.wav,That was one of the worst days I've ever experienced.
5QFYjqDs43g_sentence_439.wav,He's the best teacher even though he has the least experience.
5QFYjqDs43g_sentence_445.wav,Security
5QFYjqDs43g_sentence_447.wav,He is a security guard at the airport.
5QFYjqDs43g_sentence_448.wav,She is concerned about job security.
5QFYjqDs43g_sentence_452.wav,Pocket.
5QFYjqDs43g_sentence_455.wav,Take your hands out of your pockets.
5QFYjqDs43g_sentence_456.wav,Borrow.
5QFYjqDs43g_sentence_457.wav,She advised him not to borrow money from his friends.
5QFYjqDs43g_sentence_459.wav,Could I borrow your pen?
5QFYjqDs43g_sentence_463.wav,down.
5QFYjqDs43g_sentence_466.wav,Do you mind if I turn down the TV?
5QFYjqDs43g_sentence_468.wav,I sat down next to him.
5QFYjqDs43g_sentence_470.wav,Until
5QFYjqDs43g_sentence_476.wav,I will wait until you come back.
5QFYjqDs43g_sentence_482.wav,He crawled on to the bed and lay down beside his mom.
5QFYjqDs43g_sentence_487.wav,Rumor.
5QFYjqDs43g_sentence_496.wav,The rumor turned out to be true.
5QFYjqDs43g_sentence_509.wav,Usual.
5QFYjqDs43g_sentence_513.wav,"As usual, he was late."
5QFYjqDs43g_sentence_516.wav,Action.
5QFYjqDs43g_sentence_518.wav,He is a man of action.
5QFYjqDs43g_sentence_521.wav,She begins to explain her plan of action to the group.
5QFYjqDs43g_sentence_526.wav,I take full responsibility for my actions.
5QFYjqDs43g_sentence_531.wav,"In real conversation, there is no time to think about grammar rules."
5QFYjqDs43g_sentence_550.wav,History
5QFYjqDs43g_sentence_553.wav,She knows a lot about American history.
5QFYjqDs43g_sentence_559.wav,He has a lot of books on history.
5QFYjqDs43g_sentence_562.wav,Society
5QFYjqDs43g_sentence_579.wav,Give me a piece of paper.
5QFYjqDs43g_sentence_584.wav,I need a pair of scissors to cut this paper.
5QFYjqDs43g_sentence_585.wav,Lack.
5QFYjqDs43g_sentence_596.wav,My.
5QFYjqDs43g_sentence_597.wav,Where's my passport?
5QFYjqDs43g_sentence_598.wav,Here's my email address.
5QFYjqDs43g_sentence_603.wav,Interview.
5QFYjqDs43g_sentence_606.wav,I'd like to interview your CEO.
5QFYjqDs43g_sentence_610.wav,Argue.
5QFYjqDs43g_sentence_632.wav,Saturday
5QFYjqDs43g_sentence_634.wav,I've been here since Saturday.
5QFYjqDs43g_sentence_635.wav,Do you have any plans for Saturday?
5QFYjqDs43g_sentence_636.wav,Request.
5QFYjqDs43g_sentence_642.wav,Do you think my request is reasonable?
5QFYjqDs43g_sentence_643.wav,Failure.
5QFYjqDs43g_sentence_650.wav,Share.
5QFYjqDs43g_sentence_651.wav,I share a house with four other people.
5QFYjqDs43g_sentence_661.wav,Total.
5QFYjqDs43g_sentence_664.wav,What is the total number of students?
5QFYjqDs43g_sentence_665.wav,The club has a total membership of 300.
5QFYjqDs43g_sentence_666.wav,The room was in total darkness.
5QFYjqDs43g_sentence_668.wav,Cell
5QFYjqDs43g_sentence_669.wav,"I sold my car to James for$90,000."
5QFYjqDs43g_sentence_670.wav,Do you really want to sell your house?
5QFYjqDs43g_sentence_678.wav,Blow.
5QFYjqDs43g_sentence_686.wav,Current.
5QFYjqDs43g_sentence_688.wav,The boat is going against the current.
5QFYjqDs43g_sentence_694.wav,Current
5QFYjqDs43g_sentence_701.wav,Task.
5QFYjqDs43g_sentence_723.wav,"When I was a child, I used to swim in that pond."
5QFYjqDs43g_sentence_726.wav,There were a lot of people at the party.
5QFYjqDs43g_sentence_727.wav,I can see some people walking across the street.
5QFYjqDs43g_sentence_731.wav,Listen.
5QFYjqDs43g_sentence_735.wav,Listen carefully to what I say.
5QFYjqDs43g_sentence_737.wav,Do you often listen to audiobooks?
5QFYjqDs43g_sentence_744.wav,You'll feel better after a bath.
5QFYjqDs43g_sentence_745.wav,Thought.
5QFYjqDs43g_sentence_748.wav,She was lost in thought.
5QFYjqDs43g_sentence_762.wav,Lonely.
5QFYjqDs43g_sentence_775.wav,You won't be able to handle this job.
5QFYjqDs43g_sentence_776.wav,How did you handle the situation?
5QFYjqDs43g_sentence_790.wav,I'm very grateful for your help.
5QFYjqDs43g_sentence_795.wav,Much.
5QFYjqDs43g_sentence_796.wav,Don't eat too much.
5QFYjqDs43g_sentence_797.wav,Thank you so much for inviting me.
5QFYjqDs43g_sentence_798.wav,How much water do you need?
5QFYjqDs43g_sentence_799.wav,Police.
5QFYjqDs43g_sentence_801.wav,Get out of the house or I'll call the police.
5QFYjqDs43g_sentence_808.wav,She achieved remarkable results.
5QFYjqDs43g_sentence_826.wav,"He is intelligent, but he lacks experience."
5QFYjqDs43g_sentence_831.wav,Lack of sleep is bad for your health.
5QFYjqDs43g_sentence_843.wav,Aye.
5QFYjqDs43g_sentence_846.wav,I want you to keep an eye on him.
5QFYjqDs43g_sentence_847.wav,You've got beautiful eyes.
5QFYjqDs43g_sentence_850.wav,Nurse.
5QFYjqDs43g_sentence_852.wav,Her dream is to become a nurse.
5QFYjqDs43g_sentence_854.wav,Why do you want to be a nurse?
5QFYjqDs43g_sentence_862.wav,Knife.
5QFYjqDs43g_sentence_863.wav,May I borrow your knife?
5QFYjqDs43g_sentence_871.wav,Which?
5QFYjqDs43g_sentence_875.wav,Which way should I go?
5QFYjqDs43g_sentence_876.wav,Can you tell me which tooth hurts?
5QFYjqDs43g_sentence_891.wav,The plane is about to take off.
5QFYjqDs43g_sentence_892.wav,Star
5QFYjqDs43g_sentence_893.wav,Sirius is the brightest star in the sky.
5QFYjqDs43g_sentence_899.wav,Who is your favorite movie star?
5QFYjqDs43g_sentence_903.wav,Door
5QFYjqDs43g_sentence_904.wav,The door is over there.
5QFYjqDs43g_sentence_905.wav,I'd lock the door if I were you.
5QFYjqDs43g_sentence_909.wav,Dinner will be served shortly.
5QFYjqDs43g_sentence_912.wav,She arrived shortly after us.
5QFYjqDs43g_sentence_922.wav,Busy.
5QFYjqDs43g_sentence_929.wav,I'm now very busy writing a book.
5QFYjqDs43g_sentence_930.wav,Why are you busy today?
5QFYjqDs43g_sentence_934.wav,I want to quit my current job.
5QFYjqDs43g_sentence_943.wav,Suddenly.
5QFYjqDs43g_sentence_948.wav,Suddenly it began to rain.
5QFYjqDs43g_sentence_960.wav,He doesn't have the necessary skills for that task.
5QFYjqDs43g_sentence_975.wav,"She has nobody to talk with, but she doesn't feel lonely."
5QFYjqDs43g_sentence_995.wav,Compare.
5sDjW_dZj08_sentence_000.wav,Either.
5sDjW_dZj08_sentence_008.wav,Last.
5sDjW_dZj08_sentence_019.wav,Basic.
5sDjW_dZj08_sentence_032.wav,This textbook is very basic.
5sDjW_dZj08_sentence_033.wav,My knowledge of physics is pretty basic.
5sDjW_dZj08_sentence_034.wav,Mine.
5sDjW_dZj08_sentence_035.wav,I changed my mind.
5sDjW_dZj08_sentence_044.wav,I've never been so embarrassed in my life.
5sDjW_dZj08_sentence_053.wav,Goal.
5sDjW_dZj08_sentence_054.wav,That's cool.
5sDjW_dZj08_sentence_056.wav,It's getting cool outside.
5sDjW_dZj08_sentence_061.wav,Anxious.
5sDjW_dZj08_sentence_066.wav,He seems anxious about the meeting.
5sDjW_dZj08_sentence_067.wav,My mother is anxious about my future.
5sDjW_dZj08_sentence_071.wav,We are anxious about your health.
5sDjW_dZj08_sentence_072.wav,Report.
5sDjW_dZj08_sentence_073.wav,We live in a beautiful port city.
5sDjW_dZj08_sentence_082.wav,I have a surprise for you.
5sDjW_dZj08_sentence_086.wav,We have a test tomorrow.
5sDjW_dZj08_sentence_087.wav,Amount.
5sDjW_dZj08_sentence_099.wav,No amount of money can make up for their loss.
5sDjW_dZj08_sentence_1000.wav,Despite
5sDjW_dZj08_sentence_1010.wav,He refused to quit despite many obstacles.
5sDjW_dZj08_sentence_1011.wav,View.
5sDjW_dZj08_sentence_1019.wav,World.
5sDjW_dZj08_sentence_102.wav,Which direction is south?
5sDjW_dZj08_sentence_1024.wav,World
5sDjW_dZj08_sentence_104.wav,South
5sDjW_dZj08_sentence_106.wav,The birds fly south in the winter.
5sDjW_dZj08_sentence_110.wav,Can you print it out for me?
5sDjW_dZj08_sentence_113.wav,Print.
5sDjW_dZj08_sentence_115.wav,This book was printed in 2014.
5sDjW_dZj08_sentence_120.wav,Each card is printed with a different message.
5sDjW_dZj08_sentence_122.wav,What are you doing here? she said with a tone of surprise.
5sDjW_dZj08_sentence_133.wav,Level
5sDjW_dZj08_sentence_138.wav,Soil
5sDjW_dZj08_sentence_152.wav,Practice.
5sDjW_dZj08_sentence_155.wav,He practices yoga daily.
5sDjW_dZj08_sentence_161.wav,You need to put your ideas into practice.
5sDjW_dZj08_sentence_167.wav,Schedule
5sDjW_dZj08_sentence_169.wav,I have a flexible schedule so I can meet you at any time.
5sDjW_dZj08_sentence_185.wav,Do you prefer pork or beef? I don't like either.
5sDjW_dZj08_sentence_190.wav,Impressive.
5sDjW_dZj08_sentence_195.wav,I think it's very impressive.
5sDjW_dZj08_sentence_198.wav,Running.
5sDjW_dZj08_sentence_215.wav,He is embarrassed by his son's behavior.
5sDjW_dZj08_sentence_224.wav,The service was excellent in every aspect.
5sDjW_dZj08_sentence_255.wav,It seems that I could never catch up with you.
5sDjW_dZj08_sentence_256.wav,Quickly.
5sDjW_dZj08_sentence_274.wav,Speed.
5sDjW_dZj08_sentence_275.wav,Don't go over the speed limit.
5sDjW_dZj08_sentence_279.wav,Grass.
5sDjW_dZj08_sentence_287.wav,My dog often lies on the grass.
5sDjW_dZj08_sentence_296.wav,I advise her to catch a morning train.
5sDjW_dZj08_sentence_312.wav,Picture.
5sDjW_dZj08_sentence_317.wav,Could you please take a picture of us?
5sDjW_dZj08_sentence_319.wav,Secret.
5sDjW_dZj08_sentence_334.wav,He is a lawyer.
5sDjW_dZj08_sentence_346.wav,"Our focus is on quality, not quantity."
5sDjW_dZj08_sentence_364.wav,Overcome.
5sDjW_dZj08_sentence_376.wav,I'd like to make a statement.
5sDjW_dZj08_sentence_383.wav,Full.
5sDjW_dZj08_sentence_403.wav,He gave an impressive presentation.
5sDjW_dZj08_sentence_405.wav,Live.
5sDjW_dZj08_sentence_406.wav,I can't live without you.
5sDjW_dZj08_sentence_412.wav,Run.
5sDjW_dZj08_sentence_413.wav,Run as fast as you can.
5sDjW_dZj08_sentence_417.wav,We've run out of water.
5sDjW_dZj08_sentence_426.wav,Sensitive.
5sDjW_dZj08_sentence_437.wav,"But he was sick, but still walked to school. I liked that movie, but he didn't. Original."
5sDjW_dZj08_sentence_438.wav,This is an exact copy of the original.
5sDjW_dZj08_sentence_446.wav,Artist
5sDjW_dZj08_sentence_449.wav,Whoever made this cake is a real artist.
5sDjW_dZj08_sentence_450.wav,He is a talented artist.
5sDjW_dZj08_sentence_454.wav,Where do you have pain?
5sDjW_dZj08_sentence_487.wav,Please keep off the grass.
5sDjW_dZj08_sentence_495.wav,Provide.
5sDjW_dZj08_sentence_498.wav,We are here to provide a service for the public.
5sDjW_dZj08_sentence_504.wav,He has a large family to provide for.
5sDjW_dZj08_sentence_522.wav,We have to overcome many difficulties.
5sDjW_dZj08_sentence_529.wav,Full
5sDjW_dZj08_sentence_538.wav,That book is full of mistakes.
5sDjW_dZj08_sentence_546.wav,She is a well-known tattoo artist.
5sDjW_dZj08_sentence_551.wav,herself.
5sDjW_dZj08_sentence_555.wav,She is proud of herself for finishing college.
5sDjW_dZj08_sentence_556.wav,She tried it herself.
5sDjW_dZj08_sentence_558.wav,Page
5sDjW_dZj08_sentence_559.wav,Please refer to page twelve.
5sDjW_dZj08_sentence_563.wav,They're flat.
5sDjW_dZj08_sentence_566.wav,Flat.
5sDjW_dZj08_sentence_587.wav,Stare.
5sDjW_dZj08_sentence_593.wav,It's rude to stare at others.
5sDjW_dZj08_sentence_598.wav,Tell
5sDjW_dZj08_sentence_603.wav,Tell me what happened.
5sDjW_dZj08_sentence_609.wav,Ship.
5sDjW_dZj08_sentence_613.wav,Who owns this ship?
5sDjW_dZj08_sentence_621.wav,We need accommodation for seven adults and two children.
5sDjW_dZj08_sentence_622.wav,Accommodation.
5sDjW_dZj08_sentence_629.wav,Could you drive more slowly?
5sDjW_dZj08_sentence_631.wav,Courage.
5sDjW_dZj08_sentence_634.wav,courage.
5sDjW_dZj08_sentence_636.wav,What you need the most now is courage.
5sDjW_dZj08_sentence_644.wav,I have some powerful friends who can help you.
5sDjW_dZj08_sentence_659.wav,Where's the entrance?
5sDjW_dZj08_sentence_661.wav,We are supposed to take off our shoes at the entrance.
5sDjW_dZj08_sentence_667.wav,How much is the entrance fee?
5sDjW_dZj08_sentence_669.wav,Pass.
5sDjW_dZj08_sentence_673.wav,I finally passed that test.
5sDjW_dZj08_sentence_679.wav,Requirement
5sDjW_dZj08_sentence_680.wav,"We're sorry, we cannot meet your requirements."
5sDjW_dZj08_sentence_684.wav,What are your specific requirements?
5sDjW_dZj08_sentence_687.wav,Adults
5sDjW_dZj08_sentence_696.wav,That child talks as if he were an adult.
5sDjW_dZj08_sentence_698.wav,Effectively.
5sDjW_dZj08_sentence_706.wav,It's important to communicate effectively with others.
5sDjW_dZj08_sentence_707.wav,Many.
5sDjW_dZj08_sentence_708.wav,Do you have many friends?
5sDjW_dZj08_sentence_709.wav,How many kids do you have?
5sDjW_dZj08_sentence_710.wav,There are many problems to solve.
5sDjW_dZj08_sentence_714.wav,Two.
5sDjW_dZj08_sentence_718.wav,What do you plan report?
5sDjW_dZj08_sentence_721.wav,I will send you a progress report next week.
5sDjW_dZj08_sentence_730.wav,The rear tire of my bicycle is flat.
5sDjW_dZj08_sentence_737.wav,How much do you charge to fix a flat tire?
5sDjW_dZj08_sentence_738.wav,Although
5sDjW_dZj08_sentence_742.wav,the entrance fee.
5sDjW_dZj08_sentence_748.wav,Entrance
5sDjW_dZj08_sentence_755.wav,BREAKFAST What time do you usually have breakfast?
5sDjW_dZj08_sentence_757.wav,She never eats much breakfast.
5sDjW_dZj08_sentence_759.wav,What time do you usually have breakfast?
5sDjW_dZj08_sentence_760.wav,Have you finished breakfast yet?
5sDjW_dZj08_sentence_763.wav,Tax
5sDjW_dZj08_sentence_764.wav,How much is it including insurance and tax?
5sDjW_dZj08_sentence_774.wav,Shirt.
5sDjW_dZj08_sentence_776.wav,I like that short-sleeved shirt.
5sDjW_dZj08_sentence_777.wav,I told you I hated that shirt.
5sDjW_dZj08_sentence_779.wav,Do you understand what I'm saying?
5sDjW_dZj08_sentence_782.wav,career.
5sDjW_dZj08_sentence_785.wav,Korea
5sDjW_dZj08_sentence_797.wav,I despise.
5sDjW_dZj08_sentence_812.wav,Usually
5sDjW_dZj08_sentence_816.wav,She usually gets up early.
5sDjW_dZj08_sentence_817.wav,He usually goes to school on foot.
5sDjW_dZj08_sentence_819.wav,Owner
5sDjW_dZj08_sentence_823.wav,owner
5sDjW_dZj08_sentence_830.wav,Ugly.
5sDjW_dZj08_sentence_855.wav,They have been living together for eight years.
5sDjW_dZj08_sentence_859.wav,Forgive.
5sDjW_dZj08_sentence_870.wav,Voice
5sDjW_dZj08_sentence_874.wav,I am happy to hear your voice.
5sDjW_dZj08_sentence_889.wav,Beyond
5sDjW_dZj08_sentence_890.wav,The sea is beyond the hill.
5sDjW_dZj08_sentence_897.wav,Science
5sDjW_dZj08_sentence_902.wav,Successful.
5sDjW_dZj08_sentence_908.wav,The experiment was successful.
5sDjW_dZj08_sentence_909.wav,Sincerely
5sDjW_dZj08_sentence_928.wav,Suitable.
5sDjW_dZj08_sentence_929.wav,Please note that this program is not suitable for children.
5sDjW_dZj08_sentence_933.wav,I'm looking for a suitable job.
5sDjW_dZj08_sentence_935.wav,Apply.
5sDjW_dZj08_sentence_948.wav,This rule applies to all cases.
5sDjW_dZj08_sentence_952.wav,Winter
5sDjW_dZj08_sentence_956.wav,Her favourite season is the winter.
5sDjW_dZj08_sentence_961.wav,Expert.
5sDjW_dZj08_sentence_969.wav,You need to show the interviewers your career objectives.
5sDjW_dZj08_sentence_973.wav,He realized that his acting career was over.
5sDjW_dZj08_sentence_981.wav,As f absolutely.
5sDjW_dZj08_sentence_993.wav,Year.
5sDjW_dZj08_sentence_999.wav,She visits him twice a year.
6rHcPgYkDpE_sentence_001.wav,"The program is designed to reform prisoners. She thought she could reform him, but she was wrong."
6rHcPgYkDpE_sentence_024.wav,She stared at him with hatred in her eyes.
6rHcPgYkDpE_sentence_035.wav,It is bad manners to talk with your mouth full.
6rHcPgYkDpE_sentence_037.wav,Convert.
6rHcPgYkDpE_sentence_043.wav,We just finished converting one of our bedrooms in our house into a playroom for the children.
6rHcPgYkDpE_sentence_056.wav,Confusion.
6rHcPgYkDpE_sentence_071.wav,Definite.
6rHcPgYkDpE_sentence_072.wav,Give me a definite answer.
6rHcPgYkDpE_sentence_078.wav,Mild.
6rHcPgYkDpE_sentence_108.wav,Accuse
6rHcPgYkDpE_sentence_116.wav,Accuse.
6rHcPgYkDpE_sentence_123.wav,Briefly.
6rHcPgYkDpE_sentence_144.wav,Horn
6rHcPgYkDpE_sentence_153.wav,capable.
6rHcPgYkDpE_sentence_171.wav,Rapid.
6rHcPgYkDpE_sentence_190.wav,State.
6rHcPgYkDpE_sentence_194.wav,She was in a state of shock.
6rHcPgYkDpE_sentence_203.wav,Don't expose it to the rain.
6rHcPgYkDpE_sentence_207.wav,Please pardon the interruption.
6rHcPgYkDpE_sentence_215.wav,I was annoyed at the interruption.
6rHcPgYkDpE_sentence_239.wav,She follows all the latest trends in fashion.
6rHcPgYkDpE_sentence_241.wav,Rival
6rHcPgYkDpE_sentence_254.wav,Swear.
6rHcPgYkDpE_sentence_255.wav,I swear I don't know anything.
6rHcPgYkDpE_sentence_263.wav,I swear I'm telling the truth.
6rHcPgYkDpE_sentence_265.wav,Previously.
6rHcPgYkDpE_sentence_267.wav,"Previously, I worked at a bank."
6rHcPgYkDpE_sentence_268.wav,"Previously, people believed the Earth was flat."
6rHcPgYkDpE_sentence_270.wav,Outdoors.
6rHcPgYkDpE_sentence_273.wav,Concentrate.
6rHcPgYkDpE_sentence_274.wav,Please concentrate on your work.
6rHcPgYkDpE_sentence_276.wav,Turn off the television.
6rHcPgYkDpE_sentence_277.wav,I can't concentrate.
6rHcPgYkDpE_sentence_280.wav,You should concentrate on one thing and learn to do it well.
6rHcPgYkDpE_sentence_290.wav,Steadily
6rHcPgYkDpE_sentence_297.wav,"Roughly translated, it means hurry up."
6rHcPgYkDpE_sentence_314.wav,We got stuck in traffic.
6rHcPgYkDpE_sentence_316.wav,Stick.
6rHcPgYkDpE_sentence_321.wav,Tomato.
6rHcPgYkDpE_sentence_322.wav,Tomato is good for your skin.
6rHcPgYkDpE_sentence_326.wav,What's the best fertilizer for tomatoes?
6rHcPgYkDpE_sentence_336.wav,Rap.
6rHcPgYkDpE_sentence_355.wav,Expose.
6rHcPgYkDpE_sentence_374.wav,Trend
6rHcPgYkDpE_sentence_391.wav,That noise is very annoying.
6rHcPgYkDpE_sentence_394.wav,Annoying.
6rHcPgYkDpE_sentence_439.wav,Contrast.
6rHcPgYkDpE_sentence_443.wav,There was a contrast between light and dark.
6rHcPgYkDpE_sentence_444.wav,His actions contrast with his words.
6rHcPgYkDpE_sentence_455.wav,Generate.
6rHcPgYkDpE_sentence_459.wav,We hope to generate some new ideas at the meeting.
6rHcPgYkDpE_sentence_460.wav,Stock.
6rHcPgYkDpE_sentence_462.wav,"Unfortunately, this book is currently out of stock."
6rHcPgYkDpE_sentence_465.wav,Jam.
6rHcPgYkDpE_sentence_484.wav,Abuse.
6rHcPgYkDpE_sentence_492.wav,Many children have been sexually abused.
6rHcPgYkDpE_sentence_495.wav,Seek.
6rHcPgYkDpE_sentence_496.wav,I am seeking a job.
6rHcPgYkDpE_sentence_503.wav,Menu
6rHcPgYkDpE_sentence_504.wav,"May I have the menu, please?"
6rHcPgYkDpE_sentence_505.wav,What's on the menu tonight?
6rHcPgYkDpE_sentence_506.wav,Is there anything new on the menu?
6rHcPgYkDpE_sentence_523.wav,Till
6rHcPgYkDpE_sentence_541.wav,I forgot to stick a stamp on the envelope.
6rHcPgYkDpE_sentence_549.wav,He glanced up briefly as Connie walked in. She told them briefly what happened.
6rHcPgYkDpE_sentence_557.wav,Roughly
6rHcPgYkDpE_sentence_565.wav,Onion
6rHcPgYkDpE_sentence_566.wav,I cannot eat onions.
6rHcPgYkDpE_sentence_567.wav,I can't stand the smell of onions.
6rHcPgYkDpE_sentence_573.wav,Viruses are much smaller than bacteria.
6rHcPgYkDpE_sentence_574.wav,It seems that the computer was infected by a virus.
6rHcPgYkDpE_sentence_581.wav,The rumor has no foundation.
6rHcPgYkDpE_sentence_586.wav,Twin
6rHcPgYkDpE_sentence_588.wav,Do you have a twin sister?
6rHcPgYkDpE_sentence_590.wav,Should I have a fancy fish?
6rHcPgYkDpE_sentence_591.wav,What I want you to do now is to paint the fence.
6rHcPgYkDpE_sentence_593.wav,He threw a ball over the fence.
6rHcPgYkDpE_sentence_595.wav,Two children are sitting on the fence.
6rHcPgYkDpE_sentence_597.wav,Slope.
6rHcPgYkDpE_sentence_602.wav,It's a slippery slope.
6rHcPgYkDpE_sentence_609.wav,This machine generates electricity.
6rHcPgYkDpE_sentence_624.wav,The two teams have been longtime rivals.
6rHcPgYkDpE_sentence_639.wav,Unemployment.
6rHcPgYkDpE_sentence_642.wav,Unemployment
6rHcPgYkDpE_sentence_678.wav,Everything was in confusion.
6rHcPgYkDpE_sentence_680.wav,I can understand your confusion.
6rHcPgYkDpE_sentence_683.wav,"To avoid confusion, the teams wore different colors."
6rHcPgYkDpE_sentence_736.wav,I quickly adapted myself to my new school.
6rHcPgYkDpE_sentence_738.wav,Adapt.
6rHcPgYkDpE_sentence_793.wav,She abused her friend's trust.
6rHcPgYkDpE_sentence_802.wav,Publishing.
6rHcPgYkDpE_sentence_804.wav,Her sister works for a well-known publishing company.
6rHcPgYkDpE_sentence_810.wav,Acquire.
6rHcPgYkDpE_sentence_812.wav,How long will it take to acquire the necessary skills?
6rHcPgYkDpE_sentence_817.wav,They acquired a large fortune.
6rHcPgYkDpE_sentence_821.wav,Spirit
6rHcPgYkDpE_sentence_832.wav,According to
6rHcPgYkDpE_sentence_840.wav,"According to the weather forecast, it will rain tomorrow."
6rHcPgYkDpE_sentence_856.wav,Seal
6rHcPgYkDpE_sentence_878.wav,Ambulance.
6rHcPgYkDpE_sentence_879.wav,Do you want me to call an ambulance?
6rHcPgYkDpE_sentence_882.wav,She died before the ambulance arrived.
6rHcPgYkDpE_sentence_945.wav,Urban
6rHcPgYkDpE_sentence_955.wav,We were caught in a traffic jam on the way home.
6rHcPgYkDpE_sentence_956.wav,Do you know how to make strawberry jam?
6rHcPgYkDpE_sentence_957.wav,Jam
73xazK1Llhw_sentence_003.wav,Broadly.
73xazK1Llhw_sentence_031.wav,Health is our most precious possession.
73xazK1Llhw_sentence_035.wav,The two towns are separated by a river.
73xazK1Llhw_sentence_079.wav,She scrubbed the kitchen floor with a brush.
73xazK1Llhw_sentence_108.wav,Steady.
73xazK1Llhw_sentence_110.wav,He finally has a steady job.
73xazK1Llhw_sentence_114.wav,We are making slow but steady progress.
73xazK1Llhw_sentence_132.wav,Earthquakes and floods are natural disasters.
73xazK1Llhw_sentence_148.wav,Annoyed.
73xazK1Llhw_sentence_169.wav,Interpret.
73xazK1Llhw_sentence_201.wav,Apart.
73xazK1Llhw_sentence_214.wav,Possession
73xazK1Llhw_sentence_233.wav,A fair
73xazK1Llhw_sentence_255.wav,Yan
73xazK1Llhw_sentence_258.wav,"It's very late, unimportant."
73xazK1Llhw_sentence_259.wav,"Relatively speaking, this matter is unimportant."
73xazK1Llhw_sentence_261.wav,Unimportant.
73xazK1Llhw_sentence_265.wav,Don't worry too much about unimportant things.
73xazK1Llhw_sentence_266.wav,Understanding.
73xazK1Llhw_sentence_269.wav,She has a full understanding of the subject.
73xazK1Llhw_sentence_352.wav,Brush your teeth after each meal.
73xazK1Llhw_sentence_366.wav,Maintain.
73xazK1Llhw_sentence_371.wav,Chemistry.
73xazK1Llhw_sentence_373.wav,Are you studying chemistry?
73xazK1Llhw_sentence_375.wav,"When I was at high school, one of my favorite subjects is chemistry."
73xazK1Llhw_sentence_385.wav,He was permanently banned from the store.
73xazK1Llhw_sentence_409.wav,How is the climate in your country?
73xazK1Llhw_sentence_428.wav,Cream.
73xazK1Llhw_sentence_448.wav,This is an unusual situation.
73xazK1Llhw_sentence_450.wav,Delicate.
73xazK1Llhw_sentence_455.wav,That's a delicate problem.
73xazK1Llhw_sentence_461.wav,Surprising.
73xazK1Llhw_sentence_472.wav,Computer
73xazK1Llhw_sentence_473.wav,He likes playing computer games.
73xazK1Llhw_sentence_474.wav,My father rewarded sewing.
73xazK1Llhw_sentence_475.wav,She enjoys knitting and sewing.
73xazK1Llhw_sentence_476.wav,I am very good at sewing.
73xazK1Llhw_sentence_477.wav,I bought a new sewing machine.
73xazK1Llhw_sentence_478.wav,Shelf.
73xazK1Llhw_sentence_504.wav,Expectation.
73xazK1Llhw_sentence_510.wav,The results were contrary to our expectation.
73xazK1Llhw_sentence_511.wav,Devote it.
73xazK1Llhw_sentence_516.wav,He is a devoted husband.
73xazK1Llhw_sentence_560.wav,She decided to settle permanently in France.
73xazK1Llhw_sentence_573.wav,I don't want to be involved in this affair.
73xazK1Llhw_sentence_597.wav,Put this book back on the shelf.
73xazK1Llhw_sentence_598.wav,Can you reach the top shelf?
73xazK1Llhw_sentence_599.wav,There's a dictionary on that shelf.
73xazK1Llhw_sentence_609.wav,It's not surprising that he doesn't want to go.
73xazK1Llhw_sentence_620.wav,I will try to live up to your expectations.
73xazK1Llhw_sentence_625.wav,Disaster
73xazK1Llhw_sentence_640.wav,There is only one interpretation for this sentence.
73xazK1Llhw_sentence_695.wav,She's devoted to her family.
73xazK1Llhw_sentence_716.wav,Representative.
73xazK1Llhw_sentence_804.wav,Qualified.
73xazK1Llhw_sentence_828.wav,He's been separated from his wife for a year.
73xazK1Llhw_sentence_845.wav,Brush your teeth after each meal. She scrubbed the kitchen floor with a brush.
73xazK1Llhw_sentence_883.wav,Chase.
73xazK1Llhw_sentence_885.wav,He is chasing his puppy.
73xazK1Llhw_sentence_891.wav,Don't chase after fame.
7CmrrThEX3E_sentence_009.wav,Please keep in touch.
7CmrrThEX3E_sentence_020.wav,Assume.
7CmrrThEX3E_sentence_023.wav,Assume
7CmrrThEX3E_sentence_054.wav,Knowledge
7CmrrThEX3E_sentence_060.wav,He has both knowledge and experience.
7CmrrThEX3E_sentence_063.wav,The five of us stood in a circle holding hands.
7CmrrThEX3E_sentence_069.wav,The students are sitting in a circle.
7CmrrThEX3E_sentence_076.wav,Cloud.
7CmrrThEX3E_sentence_081.wav,The plane flew above the clouds.
7CmrrThEX3E_sentence_092.wav,How much time and energy do you spend on this project?
7CmrrThEX3E_sentence_093.wav,Does she have enough energy to take a long trip?
7CmrrThEX3E_sentence_094.wav,Several.
7CmrrThEX3E_sentence_095.wav,I've read this book several times.
7CmrrThEX3E_sentence_125.wav,Seriously.
7CmrrThEX3E_sentence_135.wav,Retire.
7CmrrThEX3E_sentence_140.wav,Make.
7CmrrThEX3E_sentence_145.wav,Did you make it by yourself?
7CmrrThEX3E_sentence_159.wav,They are our potential customers.
7CmrrThEX3E_sentence_164.wav,"Needless to say, health is more important than wealth."
7CmrrThEX3E_sentence_166.wav,Health
7CmrrThEX3E_sentence_184.wav,Inevitable.
7CmrrThEX3E_sentence_190.wav,Death is inevitable.
7CmrrThEX3E_sentence_192.wav,While
7CmrrThEX3E_sentence_215.wav,This bread is as hard as a rock.
7CmrrThEX3E_sentence_222.wav,Quit.
7CmrrThEX3E_sentence_224.wav,Do you really want to quit your job?
7CmrrThEX3E_sentence_225.wav,"Winners never quit, and quitters never win."
7CmrrThEX3E_sentence_244.wav,Expense
7CmrrThEX3E_sentence_259.wav,Interrupt.
7CmrrThEX3E_sentence_278.wav,"Sorry, I didn't realize."
7CmrrThEX3E_sentence_279.wav,Pretty struggle.
7CmrrThEX3E_sentence_283.wav,Struggle.
7CmrrThEX3E_sentence_287.wav,The company is struggling for survival.
7CmrrThEX3E_sentence_292.wav,Are you afraid of spiders?
7CmrrThEX3E_sentence_293.wav,I'm afraid I have to go now.
7CmrrThEX3E_sentence_301.wav,Acceptable.
7CmrrThEX3E_sentence_305.wav,We want a solution that is acceptable to all parties.
7CmrrThEX3E_sentence_309.wav,Healthy.
7CmrrThEX3E_sentence_317.wav,City.
7CmrrThEX3E_sentence_319.wav,I will show you around the city.
7CmrrThEX3E_sentence_320.wav,The bus will take you to the center of the city.
7CmrrThEX3E_sentence_324.wav,Cut.
7CmrrThEX3E_sentence_342.wav,Play
7CmrrThEX3E_sentence_344.wav,I haven't got anybody to play with.
7CmrrThEX3E_sentence_347.wav,Do you want to play cards with us?
7CmrrThEX3E_sentence_354.wav,Clean.
7CmrrThEX3E_sentence_356.wav,Did you clean your room today?
7CmrrThEX3E_sentence_361.wav,His clothes were old but clean.
7CmrrThEX3E_sentence_365.wav,Mouth.
7CmrrThEX3E_sentence_367.wav,Cover your mouth when you cough or sneeze.
7CmrrThEX3E_sentence_368.wav,What's that in your mouth?
7CmrrThEX3E_sentence_378.wav,I took my temperature every six hours.
7CmrrThEX3E_sentence_395.wav,I visited several foreign countries.
7CmrrThEX3E_sentence_397.wav,Fear.
7CmrrThEX3E_sentence_399.wav,What's your biggest fear?
7CmrrThEX3E_sentence_407.wav,My work recently.
7CmrrThEX3E_sentence_410.wav,Recently.
7CmrrThEX3E_sentence_412.wav,I haven't seen them recently.
7CmrrThEX3E_sentence_415.wav,Cost.
7CmrrThEX3E_sentence_426.wav,Work.
7CmrrThEX3E_sentence_429.wav,We appreciate your hard work.
7CmrrThEX3E_sentence_441.wav,Decide.
7CmrrThEX3E_sentence_445.wav,She decided to go on vacation.
7CmrrThEX3E_sentence_450.wav,Could I have a word with you?
7CmrrThEX3E_sentence_452.wav,Word.
7CmrrThEX3E_sentence_455.wav,You'd better keep your word.
7CmrrThEX3E_sentence_474.wav,Form.
7CmrrThEX3E_sentence_483.wav,What's your intention?
7CmrrThEX3E_sentence_492.wav,Friendly.
7CmrrThEX3E_sentence_495.wav,She gave me a friendly smile.
7CmrrThEX3E_sentence_499.wav,Kind.
7CmrrThEX3E_sentence_507.wav,He is very kind.
7CmrrThEX3E_sentence_510.wav,Shoulder.
7CmrrThEX3E_sentence_511.wav,My right shoulder hurts.
7CmrrThEX3E_sentence_515.wav,She touched him on the shoulder.
7CmrrThEX3E_sentence_525.wav,Continue.
7CmrrThEX3E_sentence_534.wav,Difficulty.
7CmrrThEX3E_sentence_544.wav,She is studying international relations.
7CmrrThEX3E_sentence_567.wav,Expense.
7CmrrThEX3E_sentence_577.wav,We're trying to struggle.
7CmrrThEX3E_sentence_596.wav,You should quit smoking.
7CmrrThEX3E_sentence_601.wav,Knowledge is power.
7CmrrThEX3E_sentence_621.wav,form.
7CmrrThEX3E_sentence_634.wav,"Even though he's very old, he's healthy."
7CmrrThEX3E_sentence_636.wav,I'm not as healthy as I used to be.
7CmrrThEX3E_sentence_664.wav,Play.
7CmrrThEX3E_sentence_676.wav,"Thinking will not overcome fear, but action will."
7CmrrThEX3E_sentence_681.wav,My worst fears came true.
7CmrrThEX3E_sentence_716.wav,What's the average temperature here?
7CmrrThEX3E_sentence_720.wav,Energy
7CmrrThEX3E_sentence_750.wav,in.
7CmrrThEX3E_sentence_759.wav,Come in. The door is open.
7CmrrThEX3E_sentence_772.wav,Price.
7CmrrThEX3E_sentence_778.wav,What's the price of this watch?
7CmrrThEX3E_sentence_780.wav,Does that price include tax?
7CmrrThEX3E_sentence_787.wav,Bed.
7CmrrThEX3E_sentence_790.wav,Which bed do you want to use?
7CmrrThEX3E_sentence_799.wav,Become.
7CmrrThEX3E_sentence_800.wav,A dream doesn't become reality through magic.
7CmrrThEX3E_sentence_801.wav,She's becoming a nuisance.
7CmrrThEX3E_sentence_802.wav,She wants to become a teacher.
7CmrrThEX3E_sentence_830.wav,Nothing.
7CmrrThEX3E_sentence_841.wav,She has been working here since 2012.
7CmrrThEX3E_sentence_843.wav,Since
7CmrrThEX3E_sentence_850.wav,Building
7CmrrThEX3E_sentence_851.wav,This building is architecturally impressive.
7CmrrThEX3E_sentence_859.wav,Traffic.
7CmrrThEX3E_sentence_867.wav,Let me say it in plain English. You're fired.
7CmrrThEX3E_sentence_896.wav,Terrible.
7CmrrThEX3E_sentence_902.wav,He's got terrible handwriting.
7CmrrThEX3E_sentence_915.wav,Skin
7CmrrThEX3E_sentence_920.wav,I have a serious skin problem.
7CmrrThEX3E_sentence_921.wav,It's important to take care of your skin.
7CmrrThEX3E_sentence_922.wav,Plenty.
7CmrrThEX3E_sentence_928.wav,There's no need to hurry. We have plenty of time.
7CmrrThEX3E_sentence_929.wav,She has plenty of money in the bank.
7CmrrThEX3E_sentence_940.wav,Professional.
7CmrrThEX3E_sentence_950.wav,He emphasized the importance of peace.
7CmrrThEX3E_sentence_952.wav,One day you will realize the importance of saving.
7CmrrThEX3E_sentence_977.wav,He has developed a new system for learning English.
7kahh2YZLLY_sentence_000.wav,Ply.
7kahh2YZLLY_sentence_003.wav,Thanks for your reply.
7kahh2YZLLY_sentence_004.wav,Attractive.
7kahh2YZLLY_sentence_008.wav,"I like John, but I don't find him physically attractive."
7kahh2YZLLY_sentence_037.wav,Valid.
7kahh2YZLLY_sentence_051.wav,Teacher.
7kahh2YZLLY_sentence_057.wav,I have been an English teacher for over five years.
7kahh2YZLLY_sentence_058.wav,Alive.
7kahh2YZLLY_sentence_061.wav,We don't know whether he's alive or dead.
7kahh2YZLLY_sentence_063.wav,Slowly.
7kahh2YZLLY_sentence_064.wav,Please speak slowly and clearly.
7kahh2YZLLY_sentence_069.wav,He is walking very slowly.
7kahh2YZLLY_sentence_070.wav,Express.
7kahh2YZLLY_sentence_086.wav,Why won't you talk to me?
7kahh2YZLLY_sentence_088.wav,What do you plan to do?
7kahh2YZLLY_sentence_090.wav,We hope to see you soon.
7kahh2YZLLY_sentence_091.wav,Student.
7kahh2YZLLY_sentence_095.wav,She's a student at Harvard University.
7kahh2YZLLY_sentence_1000.wav,I'm satisfied with everything here.
7kahh2YZLLY_sentence_1004.wav,She went to the hospital by taxi.
7kahh2YZLLY_sentence_1006.wav,I advised him to go to the hospital.
7kahh2YZLLY_sentence_1014.wav,Ready.
7kahh2YZLLY_sentence_1016.wav,Are you ready for the trip?
7kahh2YZLLY_sentence_1021.wav,Machine
7kahh2YZLLY_sentence_1027.wav,I like to buy a washing machine.
7kahh2YZLLY_sentence_1028.wav,Like.
7kahh2YZLLY_sentence_1032.wav,Would you like a cup of tea?
7kahh2YZLLY_sentence_1047.wav,Avoid
7kahh2YZLLY_sentence_105.wav,Hi.
7kahh2YZLLY_sentence_1055.wav,I saw them walking across the street.
7kahh2YZLLY_sentence_1079.wav,First.
7kahh2YZLLY_sentence_1085.wav,Who do you think will come first?
7kahh2YZLLY_sentence_1088.wav,"Hurry up, or you'll miss the train."
7kahh2YZLLY_sentence_109.wav,I have high blood pressure.
7kahh2YZLLY_sentence_1100.wav,Essential.
7kahh2YZLLY_sentence_1107.wav,District.
7kahh2YZLLY_sentence_134.wav,We have two sons and a daughter.
7kahh2YZLLY_sentence_136.wav,Your sons are quite handsome.
7kahh2YZLLY_sentence_140.wav,BORD
7kahh2YZLLY_sentence_143.wav,I'm bored to death.
7kahh2YZLLY_sentence_147.wav,Expensive.
7kahh2YZLLY_sentence_152.wav,This book is too expensive.
7kahh2YZLLY_sentence_160.wav,Can I stay up late tonight?
7kahh2YZLLY_sentence_161.wav,Within
7kahh2YZLLY_sentence_168.wav,Message
7kahh2YZLLY_sentence_173.wav,Can I leave a message?
7kahh2YZLLY_sentence_175.wav,It's
7kahh2YZLLY_sentence_176.wav,Each region has its own customs.
7kahh2YZLLY_sentence_186.wav,I'm not smarter than you.
7kahh2YZLLY_sentence_192.wav,Salary
7kahh2YZLLY_sentence_193.wav,You deserve a higher salary.
7kahh2YZLLY_sentence_199.wav,Suit.
7kahh2YZLLY_sentence_235.wav,Uh
7kahh2YZLLY_sentence_240.wav,Nice to meet you.
7kahh2YZLLY_sentence_243.wav,Culture.
7kahh2YZLLY_sentence_244.wav,"In our culture, it is rude to ask someone how much they earn."
7kahh2YZLLY_sentence_245.wav,He is familiar with Japanese culture.
7kahh2YZLLY_sentence_257.wav,In form.
7kahh2YZLLY_sentence_266.wav,Do you actually believe that?
7kahh2YZLLY_sentence_275.wav,What a lovely girl.
7kahh2YZLLY_sentence_278.wav,about.
7kahh2YZLLY_sentence_281.wav,We will arrive at the airport in about ten minutes.
7kahh2YZLLY_sentence_285.wav,Both. He can speak both Vietnamese and English very well. Both his parents indulged him. Are both films good? He can speak both Vietnamese and English very well. Both his parents indulged him. Are both films good?
7kahh2YZLLY_sentence_286.wav,Sure.
7kahh2YZLLY_sentence_290.wav,Is that John over there? I'm not sure.
7kahh2YZLLY_sentence_291.wav,Are you sure we haven't met before?
7kahh2YZLLY_sentence_299.wav,Wait until further notice.
7kahh2YZLLY_sentence_318.wav,You have to eat regularly.
7kahh2YZLLY_sentence_319.wav,Change.
7kahh2YZLLY_sentence_322.wav,Regret.
7kahh2YZLLY_sentence_325.wav,You are not a tree.
7kahh2YZLLY_sentence_332.wav,Where?
7kahh2YZLLY_sentence_337.wav,I don't know where he is.
7kahh2YZLLY_sentence_348.wav,Hurt.
7kahh2YZLLY_sentence_372.wav,"Forgive me, but I don't think you can do it."
7kahh2YZLLY_sentence_373.wav,"Forgive your enemies, but never forget their names."
7kahh2YZLLY_sentence_374.wav,Definitely.
7kahh2YZLLY_sentence_381.wav,Nearby
7kahh2YZLLY_sentence_393.wav,Machine.
7kahh2YZLLY_sentence_394.wav,I can't remember how to use this machine.
7kahh2YZLLY_sentence_415.wav,Where's the nearest hospital?
7kahh2YZLLY_sentence_419.wav,Mess
7kahh2YZLLY_sentence_422.wav,I'm sorry that I missed your call this morning.
7kahh2YZLLY_sentence_423.wav,I miss you. I need to see you.
7kahh2YZLLY_sentence_433.wav,Water.
7kahh2YZLLY_sentence_434.wav,We can't live without water.
7kahh2YZLLY_sentence_439.wav,I like some more water.
7kahh2YZLLY_sentence_443.wav,There's no moon tonight.
7kahh2YZLLY_sentence_444.wav,The sun is much bigger than the moon.
7kahh2YZLLY_sentence_455.wav,The car has a flat tire.
7kahh2YZLLY_sentence_457.wav,He soon tired of doing the same work every day.
7kahh2YZLLY_sentence_465.wav,The vehicle did not belong to him.
7kahh2YZLLY_sentence_473.wav,Stop staring at me like that.
7kahh2YZLLY_sentence_476.wav,Class.
7kahh2YZLLY_sentence_479.wav,A new Spanish class will be starting next Monday.
7kahh2YZLLY_sentence_480.wav,He didn't come to English class today.
7kahh2YZLLY_sentence_483.wav,Boat.
7kahh2YZLLY_sentence_488.wav,The accident could have been avoided.
7kahh2YZLLY_sentence_494.wav,Shy.
7kahh2YZLLY_sentence_515.wav,Specific.
7kahh2YZLLY_sentence_536.wav,Weather
7kahh2YZLLY_sentence_545.wav,That's the main gate.
7kahh2YZLLY_sentence_555.wav,Ahead.
7kahh2YZLLY_sentence_562.wav,of
7kahh2YZLLY_sentence_563.wav,He's a friend of mine.
7kahh2YZLLY_sentence_571.wav,It's a piece of cake.
7kahh2YZLLY_sentence_573.wav,New.
7kahh2YZLLY_sentence_591.wav,We have enough time to get to the airport.
7kahh2YZLLY_sentence_618.wav,Expect.
7kahh2YZLLY_sentence_639.wav,What a beautiful ring.
7kahh2YZLLY_sentence_649.wav,Impossible.
7kahh2YZLLY_sentence_650.wav,It's impossible for me to be there before 8 p.m.
7kahh2YZLLY_sentence_672.wav,Please take off your shoes.
7kahh2YZLLY_sentence_675.wav,Off.
7kahh2YZLLY_sentence_678.wav,Let's get off the bus.
7kahh2YZLLY_sentence_683.wav,Are there any other questions?
7kahh2YZLLY_sentence_685.wav,My other sister is a doctor.
7kahh2YZLLY_sentence_695.wav,We can solve this problem easily.
7kahh2YZLLY_sentence_703.wav,Express
7kahh2YZLLY_sentence_713.wav,There is no hope of his recovery.
7kahh2YZLLY_sentence_721.wav,I'm satisfied with my current income.
7kahh2YZLLY_sentence_727.wav,She gave him an expensive watch.
7kahh2YZLLY_sentence_748.wav,"She gets an annual salary of$30,000."
7kahh2YZLLY_sentence_758.wav,We could hear sounds coming from within.
7kahh2YZLLY_sentence_767.wav,There's a message for you.
7kahh2YZLLY_sentence_776.wav,The school was built in the late 1970s.
7kahh2YZLLY_sentence_780.wav,He's often absent from school.
7kahh2YZLLY_sentence_784.wav,How long has she been absent from school?
7kahh2YZLLY_sentence_785.wav,Thin.
7kahh2YZLLY_sentence_787.wav,"Your uncle is thin, but my aunt is fat."
7kahh2YZLLY_sentence_791.wav,I used to be very thin when I was young.
7kahh2YZLLY_sentence_792.wav,Board
7kahh2YZLLY_sentence_793.wav,After a while I got bored and left.
7kahh2YZLLY_sentence_803.wav,There is some ice in the fridge.
7kahh2YZLLY_sentence_810.wav,It's absolutely impossible to do so.
7kahh2YZLLY_sentence_811.wav,Actually
7kahh2YZLLY_sentence_817.wav,They're not married actually.
7kahh2YZLLY_sentence_825.wav,Excellent.
7kahh2YZLLY_sentence_831.wav,He gave a good speech.
7kahh2YZLLY_sentence_847.wav,Chair.
7kahh2YZLLY_sentence_851.wav,This chair is too low for me.
7kahh2YZLLY_sentence_852.wav,There are four chairs in our kitchen.
7kahh2YZLLY_sentence_889.wav,Have you informed the police?
7kahh2YZLLY_sentence_894.wav,Cook.
7kahh2YZLLY_sentence_906.wav,Demand.
7kahh2YZLLY_sentence_917.wav,I don't expect you to forgive me.
7kahh2YZLLY_sentence_932.wav,I don't want to wait until tomorrow.
7kahh2YZLLY_sentence_949.wav,Why are you burning these pictures?
7kahh2YZLLY_sentence_955.wav,But do you know what's even scarier?
7kahh2YZLLY_sentence_964.wav,"If you don't like where you are, then change it."
7kahh2YZLLY_sentence_969.wav,The weather forecast says it's going to rain tomorrow.
7kahh2YZLLY_sentence_973.wav,Appreciate.
7kahh2YZLLY_sentence_976.wav,I'd appreciate it if you would turn off the lights.
7kahh2YZLLY_sentence_977.wav,I really appreciated your help.
7kahh2YZLLY_sentence_985.wav,Belt.
7kahh2YZLLY_sentence_995.wav,With
90DzeyiIBCw_sentence_082.wav,You will be severely punished if you break the law.
90DzeyiIBCw_sentence_090.wav,Our host offered us a drink.
90DzeyiIBCw_sentence_091.wav,Who will host the party?
90DzeyiIBCw_sentence_102.wav,"As I grew older, my health declined."
90DzeyiIBCw_sentence_112.wav,Physics
90DzeyiIBCw_sentence_116.wav,Physics is my favorite subject.
90DzeyiIBCw_sentence_120.wav,The sheets are very dirty.
90DzeyiIBCw_sentence_140.wav,Where's loose?
90DzeyiIBCw_sentence_193.wav,He was wrongly accused of theft.
90DzeyiIBCw_sentence_210.wav,He denied knowing anything about it.
90DzeyiIBCw_sentence_211.wav,We can't deny the fact that he's honest.
90DzeyiIBCw_sentence_212.wav,He neither confirmed nor denied the rumors.
90DzeyiIBCw_sentence_215.wav,H diary.
90DzeyiIBCw_sentence_218.wav,It was fun to read my old diary.
90DzeyiIBCw_sentence_219.wav,Diary
90DzeyiIBCw_sentence_231.wav,"Your grades are adequate, but I think you can do better."
90DzeyiIBCw_sentence_234.wav,Adequate.
90DzeyiIBCw_sentence_241.wav,Consult
90DzeyiIBCw_sentence_246.wav,You'd better consult the doctor.
90DzeyiIBCw_sentence_260.wav,Leaf.
90DzeyiIBCw_sentence_264.wav,The trees are coming into leaf.
90DzeyiIBCw_sentence_267.wav,He wants to turn over a new leaf.
90DzeyiIBCw_sentence_275.wav,He is a resident of the United States.
90DzeyiIBCw_sentence_283.wav,She has a good-looking appearance.
90DzeyiIBCw_sentence_290.wav,Addition
90DzeyiIBCw_sentence_311.wav,I didn't see anything suspicious.
90DzeyiIBCw_sentence_315.wav,I shave every morning.
90DzeyiIBCw_sentence_316.wav,He shaves four times a week.
90DzeyiIBCw_sentence_317.wav,Shave.
90DzeyiIBCw_sentence_322.wav,President
90DzeyiIBCw_sentence_323.wav,I like President Obama.
90DzeyiIBCw_sentence_324.wav,We elected him president.
90DzeyiIBCw_sentence_325.wav,"Do you have any comment, Mr. President?"
90DzeyiIBCw_sentence_330.wav,Spare
90DzeyiIBCw_sentence_337.wav,Permit.
90DzeyiIBCw_sentence_350.wav,We have to abandon the plan.
90DzeyiIBCw_sentence_355.wav,He abandoned his hope of becoming a doctor.
90DzeyiIBCw_sentence_362.wav,Regional.
90DzeyiIBCw_sentence_363.wav,It's a regional newspaper.
90DzeyiIBCw_sentence_380.wav,Deposit
90DzeyiIBCw_sentence_391.wav,Nicely.
90DzeyiIBCw_sentence_409.wav,"That was a bargain indeed, said"
90DzeyiIBCw_sentence_419.wav,Spider
90DzeyiIBCw_sentence_423.wav,I'm afraid of spiders.
90DzeyiIBCw_sentence_424.wav,There's a spider in the bathroom.
90DzeyiIBCw_sentence_446.wav,Resident
90DzeyiIBCw_sentence_450.wav,I am a resident of Paris.
90DzeyiIBCw_sentence_454.wav,Insist.
90DzeyiIBCw_sentence_455.wav,She insisted that it was my fault.
90DzeyiIBCw_sentence_456.wav,He insisted on paying the bill.
90DzeyiIBCw_sentence_476.wav,Hang.
90DzeyiIBCw_sentence_477.wav,I helped her hang the picture on the wall.
90DzeyiIBCw_sentence_478.wav,"Hang up your coat, please."
90DzeyiIBCw_sentence_490.wav,What do you do in your spare time?
90DzeyiIBCw_sentence_507.wav,Suspicious.
90DzeyiIBCw_sentence_514.wav,Don't be so suspicious.
90DzeyiIBCw_sentence_518.wav,Cottage.
90DzeyiIBCw_sentence_519.wav,There are many cottages in this village.
90DzeyiIBCw_sentence_521.wav,They lived in a cottage when they traveled to that town.
90DzeyiIBCw_sentence_534.wav,She has kept a diary for three years.
90DzeyiIBCw_sentence_538.wav,Keeping a diary is a good habit.
90DzeyiIBCw_sentence_548.wav,Peak.
90DzeyiIBCw_sentence_560.wav,Relative.
90DzeyiIBCw_sentence_565.wav,She is a distant relative of mine.
90DzeyiIBCw_sentence_567.wav,Deposit.
90DzeyiIBCw_sentence_568.wav,"She made a deposit of$1,000 last month."
90DzeyiIBCw_sentence_578.wav,Nervously.
90DzeyiIBCw_sentence_581.wav,He looks around nervously.
90DzeyiIBCw_sentence_583.wav,Resort.
90DzeyiIBCw_sentence_591.wav,Depth.
90DzeyiIBCw_sentence_592.wav,We are measuring the depth of the river.
90DzeyiIBCw_sentence_596.wav,Never test the depth of water with both feet.
90DzeyiIBCw_sentence_597.wav,He was surprised by the depth of the lake.
90DzeyiIBCw_sentence_611.wav,Why don't you consult a lawyer?
90DzeyiIBCw_sentence_634.wav,He's the Minister of Education.
90DzeyiIBCw_sentence_640.wav,Appearance
90DzeyiIBCw_sentence_642.wav,He was deceived by her innocent appearance.
90DzeyiIBCw_sentence_646.wav,She has a good spare.
90DzeyiIBCw_sentence_662.wav,The teacher didn't permit me to leave early.
90DzeyiIBCw_sentence_666.wav,Smoking is not permitted in this area.
90DzeyiIBCw_sentence_670.wav,I usually feel awkward around strangers.
90DzeyiIBCw_sentence_677.wav,The room was nicely furnished.
90DzeyiIBCw_sentence_679.wav,Declare.
90DzeyiIBCw_sentence_745.wav,Traffic reaches its peak between seven and eight in the morning.
90DzeyiIBCw_sentence_756.wav,I had to deposit 10% of the price of the house.
90DzeyiIBCw_sentence_759.wav,I had to resort.
90DzeyiIBCw_sentence_774.wav,I knocked lightly on the door.
90DzeyiIBCw_sentence_798.wav,Frighten.
90DzeyiIBCw_sentence_820.wav,She insists the money is hers.
90DzeyiIBCw_sentence_821.wav,Host.
90DzeyiIBCw_sentence_853.wav,You'll have to do that elsewhere.
90DzeyiIBCw_sentence_903.wav,There is a cottage beyond the bridge.
90DzeyiIBCw_sentence_928.wav,Flour is the main ingredient in these cakes.
90DzeyiIBCw_sentence_929.wav,Ingredient.
90DzeyiIBCw_sentence_934.wav,Target.
90DzeyiIBCw_sentence_938.wav,Target
90DzeyiIBCw_sentence_953.wav,Essentially
90DzeyiIBCw_sentence_962.wav,The two questions are essentially separate.
90DzeyiIBCw_sentence_975.wav,The food is adequate for the price.
90ycpyNEHgc_sentence_005.wav,The prisoners were set free.
90ycpyNEHgc_sentence_018.wav,Along.
90ycpyNEHgc_sentence_024.wav,We walked along the beach.
90ycpyNEHgc_sentence_026.wav,Begin.
90ycpyNEHgc_sentence_064.wav,Away.
90ycpyNEHgc_sentence_071.wav,Emergency.
90ycpyNEHgc_sentence_072.wav,You should only use this door in an emergency.
90ycpyNEHgc_sentence_082.wav,Language
90ycpyNEHgc_sentence_084.wav,He can speak ten languages.
90ycpyNEHgc_sentence_085.wav,What's your native language?
90ycpyNEHgc_sentence_089.wav,Couple.
90ycpyNEHgc_sentence_094.wav,They are a newly married couple.
90ycpyNEHgc_sentence_099.wav,Could you lend me your bicycle for a couple of days?
90ycpyNEHgc_sentence_102.wav,He is on the board of directors.
90ycpyNEHgc_sentence_104.wav,Director.
90ycpyNEHgc_sentence_109.wav,Who's your favorite movie director?
90ycpyNEHgc_sentence_111.wav,They appointed him as a director.
90ycpyNEHgc_sentence_118.wav,Have you ever driven a sports car?
90ycpyNEHgc_sentence_124.wav,You're making a huge mistake.
90ycpyNEHgc_sentence_127.wav,Detailed.
90ycpyNEHgc_sentence_136.wav,What are you doing here?
90ycpyNEHgc_sentence_140.wav,There's nothing to do in this place.
90ycpyNEHgc_sentence_141.wav,He does nothing but complain.
90ycpyNEHgc_sentence_142.wav,Center
90ycpyNEHgc_sentence_146.wav,Cross.
90ycpyNEHgc_sentence_156.wav,She helped an old man cross the road.
90ycpyNEHgc_sentence_164.wav,Buying new equipment isn't going to solve your problems.
90ycpyNEHgc_sentence_165.wav,Product.
90ycpyNEHgc_sentence_170.wav,It is a brand new product.
90ycpyNEHgc_sentence_171.wav,This product is made in Vietnam.
90ycpyNEHgc_sentence_172.wav,They love all Apple products.
90ycpyNEHgc_sentence_173.wav,East.
90ycpyNEHgc_sentence_186.wav,What is your final destination?
90ycpyNEHgc_sentence_202.wav,REATHER.
90ycpyNEHgc_sentence_204.wav,How can I reach you?
90ycpyNEHgc_sentence_219.wav,I owe you$5. Ignore.
90ycpyNEHgc_sentence_223.wav,Ignore.
90ycpyNEHgc_sentence_230.wav,Count.
90ycpyNEHgc_sentence_243.wav,Count the apples in the basket.
90ycpyNEHgc_sentence_245.wav,Mean.
90ycpyNEHgc_sentence_247.wav,What do you mean?
90ycpyNEHgc_sentence_251.wav,I know what you mean.
90ycpyNEHgc_sentence_260.wav,Can we go inside?
90ycpyNEHgc_sentence_267.wav,Diet.
90ycpyNEHgc_sentence_278.wav,Abroad.
90ycpyNEHgc_sentence_282.wav,Abroad
90ycpyNEHgc_sentence_289.wav,Certainly.
90ycpyNEHgc_sentence_303.wav,That's certainly one possibility.
90ycpyNEHgc_sentence_315.wav,My brother will cook dinner tomorrow.
90ycpyNEHgc_sentence_316.wav,My mom works as a cook at a famous restaurant.
90ycpyNEHgc_sentence_326.wav,I'm losing patience.
90ycpyNEHgc_sentence_330.wav,Effective.
90ycpyNEHgc_sentence_331.wav,It's a simple but effective technique.
90ycpyNEHgc_sentence_336.wav,The new law will be effective from today.
90ycpyNEHgc_sentence_345.wav,Determined.
90ycpyNEHgc_sentence_357.wav,I know where you were yesterday evening.
90ycpyNEHgc_sentence_363.wav,Open.
90ycpyNEHgc_sentence_365.wav,I'd like to open a savings account.
90ycpyNEHgc_sentence_366.wav,"Come in, the door is open."
90ycpyNEHgc_sentence_385.wav,Regarding
90ycpyNEHgc_sentence_396.wav,deserve.
90ycpyNEHgc_sentence_407.wav,Mother
90ycpyNEHgc_sentence_420.wav,Can you reach the ceiling?
90ycpyNEHgc_sentence_431.wav,Most car accidents happen because drivers don't pay attention.
90ycpyNEHgc_sentence_435.wav,Review
90ycpyNEHgc_sentence_449.wav,The terms of the contract are under review.
90ycpyNEHgc_sentence_450.wav,Sharing.
90ycpyNEHgc_sentence_469.wav,He will certainly die if you don't call a doctor.
90ycpyNEHgc_sentence_472.wav,Tonight.
90ycpyNEHgc_sentence_474.wav,"It's cold tonight, isn't it?"
90ycpyNEHgc_sentence_475.wav,Come and see me tonight.
90ycpyNEHgc_sentence_476.wav,Are you attend?
90ycpyNEHgc_sentence_481.wav,She tried to persuade him to attend the meeting.
90ycpyNEHgc_sentence_502.wav,Waste.
90ycpyNEHgc_sentence_505.wav,It's just a waste of time.
90ycpyNEHgc_sentence_511.wav,I don't want to waste your time.
90ycpyNEHgc_sentence_514.wav,You'll have to do it whether you like it or not.
90ycpyNEHgc_sentence_515.wav,"I don't know whether I can do it or not, but I'll try."
90ycpyNEHgc_sentence_535.wav,Pair.
90ycpyNEHgc_sentence_538.wav,I need a new pair of shoes.
90ycpyNEHgc_sentence_539.wav,I bought a new pair of glasses.
90ycpyNEHgc_sentence_540.wav,Unemployed.
90ycpyNEHgc_sentence_546.wav,He is currently unemployed.
90ycpyNEHgc_sentence_566.wav,I have some questions regarding this matter.
90ycpyNEHgc_sentence_574.wav,I apologize if I hurt your feelings.
90ycpyNEHgc_sentence_576.wav,My tooth hurts a lot.
90ycpyNEHgc_sentence_582.wav,You're hurting my arm.
90ycpyNEHgc_sentence_585.wav,Wild
90ycpyNEHgc_sentence_586.wav,I like wildflowers.
90ycpyNEHgc_sentence_593.wav,Explain.
90ycpyNEHgc_sentence_598.wav,Can you explain your answer?
90ycpyNEHgc_sentence_600.wav,Earn.
90ycpyNEHgc_sentence_607.wav,confident.
90ycpyNEHgc_sentence_609.wav,She gave me a confident smile.
90ycpyNEHgc_sentence_614.wav,"However,"
90ycpyNEHgc_sentence_617.wav,"She was tired, however, she tried to finish the work."
90ycpyNEHgc_sentence_629.wav,Staff performance is reviewed annually.
90ycpyNEHgc_sentence_638.wav,Introduce.
90ycpyNEHgc_sentence_640.wav,Allow me to introduce myself.
90ycpyNEHgc_sentence_641.wav,"Stand up and introduce yourself, please."
90ycpyNEHgc_sentence_648.wav,It was much better than I'd expected.
90ycpyNEHgc_sentence_649.wav,Information
90ycpyNEHgc_sentence_651.wav,"For further information, please contact us."
90ycpyNEHgc_sentence_657.wav,This information is strictly confidential.
90ycpyNEHgc_sentence_658.wav,Break.
90ycpyNEHgc_sentence_661.wav,Let's take a ten minute break.
90ycpyNEHgc_sentence_669.wav,Spend
90ycpyNEHgc_sentence_677.wav,We're spending too much money.
90ycpyNEHgc_sentence_678.wav,I spent a week in the hospital.
90ycpyNEHgc_sentence_679.wav,How do you spend your free time?
90ycpyNEHgc_sentence_680.wav,Complete.
90ycpyNEHgc_sentence_684.wav,Have you already completed this task?
90ycpyNEHgc_sentence_692.wav,Is anyone else excited about this?
90ycpyNEHgc_sentence_736.wav,Finally.
90ycpyNEHgc_sentence_739.wav,"Finally, I found a job."
90ycpyNEHgc_sentence_741.wav,dramatically.
90ycpyNEHgc_sentence_752.wav,The situation has changed dramatically.
90ycpyNEHgc_sentence_753.wav,the cost of living increased dramatically.
90ycpyNEHgc_sentence_754.wav,Keep.
90ycpyNEHgc_sentence_755.wav,Keep your room clean.
90ycpyNEHgc_sentence_756.wav,How long can I keep this book?
90ycpyNEHgc_sentence_768.wav,The building was heavily damaged by fire.
90ycpyNEHgc_sentence_771.wav,The children ran up the stairs.
90ycpyNEHgc_sentence_778.wav,There used to be a store right here.
90ycpyNEHgc_sentence_783.wav,Sound
90ycpyNEHgc_sentence_784.wav,She heard the sound of footsteps outside.
90ycpyNEHgc_sentence_798.wav,Above
90ycpyNEHgc_sentence_805.wav,Visit
90ycpyNEHgc_sentence_806.wav,My dream is to visit Paris.
90ycpyNEHgc_sentence_808.wav,May I visit your office tomorrow morning?
90ycpyNEHgc_sentence_810.wav,Is this your first visit to Vietnam?
90ycpyNEHgc_sentence_816.wav,Join.
90ycpyNEHgc_sentence_817.wav,I'd like to join your group.
90ycpyNEHgc_sentence_831.wav,He was injured in the accident.
90ycpyNEHgc_sentence_836.wav,I think it's time for me to take a break.
90ycpyNEHgc_sentence_839.wav,When did she break the window?
90ycpyNEHgc_sentence_853.wav,Shopping
90ycpyNEHgc_sentence_857.wav,Where's the shopping center?
90ycpyNEHgc_sentence_858.wav,Do audience.
90ycpyNEHgc_sentence_862.wav,Audience
90ycpyNEHgc_sentence_864.wav,The audience clapped loudly after his performance.
90ycpyNEHgc_sentence_871.wav,We're very excited about the trip.
90ycpyNEHgc_sentence_888.wav,Sleep is essential to health.
90ycpyNEHgc_sentence_896.wav,The show attracted a large audience.
90ycpyNEHgc_sentence_898.wav,There was only a small audience today.
90ycpyNEHgc_sentence_899.wav,Winning.
90ycpyNEHgc_sentence_918.wav,Go.
90ycpyNEHgc_sentence_920.wav,Do you go to school on foot?
90ycpyNEHgc_sentence_921.wav,"I'm tired, let's go home."
90ycpyNEHgc_sentence_922.wav,We're interested.
90ycpyNEHgc_sentence_946.wav,Wh probably.
90ycpyNEHgc_sentence_949.wav,Probable.
90ycpyNEHgc_sentence_950.wav,It is probable that she will come.
90ycpyNEHgc_sentence_951.wav,It is probable that he will be back tomorrow.
90ycpyNEHgc_sentence_952.wav,Oil.
90ycpyNEHgc_sentence_960.wav,Grocery
90ycpyNEHgc_sentence_964.wav,There's a grocery store on this street.
9MLV1X74KFM_sentence_026.wav,Can you be more specific?
9MLV1X74KFM_sentence_062.wav,Settle.
9MLV1X74KFM_sentence_073.wav,We've got a lot of trouble ahead.
9MLV1X74KFM_sentence_081.wav,Ring.
9MLV1X74KFM_sentence_1007.wav,Desperate.
9MLV1X74KFM_sentence_1026.wav,Driving.
9MLV1X74KFM_sentence_1030.wav,Please show me your driving license.
9MLV1X74KFM_sentence_1041.wav,This book is yours.
9MLV1X74KFM_sentence_1049.wav,"As far as I know, he isn't lazy."
9MLV1X74KFM_sentence_1051.wav,My house is not far from here.
9MLV1X74KFM_sentence_1055.wav,What are your hobbies?
9MLV1X74KFM_sentence_1061.wav,Glad.
9MLV1X74KFM_sentence_1069.wav,I have plenty of time to do this.
9MLV1X74KFM_sentence_1085.wav,We're so close to winning.
9MLV1X74KFM_sentence_1086.wav,Fish.
9MLV1X74KFM_sentence_1093.wav,Finance.
9MLV1X74KFM_sentence_1116.wav,It's impossible for me to explain it to you.
9MLV1X74KFM_sentence_1117.wav,Guide
9MLV1X74KFM_sentence_133.wav,Nowhere.
9MLV1X74KFM_sentence_134.wav,I have nowhere else to go.
9MLV1X74KFM_sentence_144.wav,The chair is broken.
9MLV1X74KFM_sentence_189.wav,Can I turn off the TV?
9MLV1X74KFM_sentence_194.wav,Absent.
9MLV1X74KFM_sentence_210.wav,She gets a high salary.
9MLV1X74KFM_sentence_231.wav,The ticket sold out within a week.
9MLV1X74KFM_sentence_233.wav,I will come back within a month.
9MLV1X74KFM_sentence_246.wav,We cannot exist without food or water.
9MLV1X74KFM_sentence_255.wav,Lovely.
9MLV1X74KFM_sentence_268.wav,Will it rain tomorrow? I hope not.
9MLV1X74KFM_sentence_277.wav,"Frankly speaking, it doesn't suit you."
9MLV1X74KFM_sentence_278.wav,"Cool suit, man."
9MLV1X74KFM_sentence_287.wav,This is definitely the best way.
9MLV1X74KFM_sentence_300.wav,I can't afford to buy an expensive car.
9MLV1X74KFM_sentence_304.wav,She has just bought a new belt from the department store.
9MLV1X74KFM_sentence_308.wav,I live with my parents.
9MLV1X74KFM_sentence_310.wav,Are you happy with your weight?
9MLV1X74KFM_sentence_327.wav,Attack is the best form of defense.
9MLV1X74KFM_sentence_337.wav,Ten houses were burned down last night.
9MLV1X74KFM_sentence_342.wav,We didn't have the right equipment to do the job.
9MLV1X74KFM_sentence_348.wav,Every new day is another chance to change your life.
9MLV1X74KFM_sentence_361.wav,I don't know what actually happened.
9MLV1X74KFM_sentence_372.wav,Is there a pharmacy nearby?
9MLV1X74KFM_sentence_373.wav,"Although she lives nearby, I rarely see her."
9MLV1X74KFM_sentence_381.wav,Belong. Where do these things belong? You belong to me.
9MLV1X74KFM_sentence_406.wav,Do you believe in love at first sight?
9MLV1X74KFM_sentence_417.wav,We can't offer you a higher salary.
9MLV1X74KFM_sentence_424.wav,There's a bank right across the street.
9MLV1X74KFM_sentence_427.wav,"Your offer is very attractive, but I will have to think about it a bit."
9MLV1X74KFM_sentence_431.wav,She is a very attractive woman.
9MLV1X74KFM_sentence_446.wav,I am the happiest man on earth.
9MLV1X74KFM_sentence_449.wav,Earth.
9MLV1X74KFM_sentence_451.wav,A clock.
9MLV1X74KFM_sentence_456.wav,I'll be back by 10 o'clock.
9MLV1X74KFM_sentence_457.wav,I'll see you at 8 o'clock at the meeting room.
9MLV1X74KFM_sentence_460.wav,There's enough food for everyone.
9MLV1X74KFM_sentence_461.wav,Do you have enough money?
9MLV1X74KFM_sentence_465.wav,Kid.
9MLV1X74KFM_sentence_467.wav,Are you kidding me?
9MLV1X74KFM_sentence_477.wav,"You are a good cook, aren't you?"
9MLV1X74KFM_sentence_494.wav,"He sat beside me in the front seat,"
9MLV1X74KFM_sentence_504.wav,Sale
9MLV1X74KFM_sentence_508.wav,This isn't for sale.
9MLV1X74KFM_sentence_510.wav,Our sales are decreasing.
9MLV1X74KFM_sentence_518.wav,Las
9MLV1X74KFM_sentence_536.wav,I'm glad to hear that.
9MLV1X74KFM_sentence_543.wav,I was deeply impressed with his courage.
9MLV1X74KFM_sentence_546.wav,Remain.
9MLV1X74KFM_sentence_551.wav,Anger
9MLV1X74KFM_sentence_559.wav,We have no chance of winning.
9MLV1X74KFM_sentence_563.wav,Then
9MLV1X74KFM_sentence_564.wav,She argued with him and then hit him.
9MLV1X74KFM_sentence_565.wav,He writes to his mother every now and then.
9MLV1X74KFM_sentence_566.wav,What did you do then?
9MLV1X74KFM_sentence_572.wav,I'm thirsty. Can you buy me a drink?
9MLV1X74KFM_sentence_577.wav,Surely.
9MLV1X74KFM_sentence_582.wav,House.
9MLV1X74KFM_sentence_587.wav,I invited him to my house.
9MLV1X74KFM_sentence_588.wav,Do you see that house? It's mine.
9MLV1X74KFM_sentence_593.wav,Can you explain why you dislike him?
9MLV1X74KFM_sentence_608.wav,Do you know where he lives?
9MLV1X74KFM_sentence_609.wav,We used to live in London.
9MLV1X74KFM_sentence_615.wav,Don't be so sensitive.
9MLV1X74KFM_sentence_624.wav,Highly.
9MLV1X74KFM_sentence_628.wav,Start close.
9MLV1X74KFM_sentence_629.wav,"Be careful, the floor is wet."
9MLV1X74KFM_sentence_631.wav,Take off your wet clothes.
9MLV1X74KFM_sentence_639.wav,Social.
9MLV1X74KFM_sentence_651.wav,Following
9MLV1X74KFM_sentence_652.wav,Answer the following questions.
9MLV1X74KFM_sentence_675.wav,I must help her at any cost.
9MLV1X74KFM_sentence_677.wav,We shared the cost of the meal.
9MLV1X74KFM_sentence_679.wav,Reading
9MLV1X74KFM_sentence_687.wav,What a mess.
9MLV1X74KFM_sentence_692.wav,I need to reduce my expenses.
9MLV1X74KFM_sentence_714.wav,You should go in the opposite direction.
9MLV1X74KFM_sentence_724.wav,Afford.
9MLV1X74KFM_sentence_731.wav,More.
9MLV1X74KFM_sentence_733.wav,Would you like some more cake?
9MLV1X74KFM_sentence_739.wav,The price of gold varies from day to day.
9MLV1X74KFM_sentence_743.wav,Favor.
9MLV1X74KFM_sentence_749.wav,How did you earn so much money?
9MLV1X74KFM_sentence_758.wav,I'll show you the car I've just bought.
9MLV1X74KFM_sentence_776.wav,Parent.
9MLV1X74KFM_sentence_777.wav,He's still living with his parents.
9MLV1X74KFM_sentence_781.wav,How are your parents?
9MLV1X74KFM_sentence_790.wav,Silly.
9MLV1X74KFM_sentence_800.wav,She gave me an angry look.
9MLV1X74KFM_sentence_810.wav,This door is locked from the inside.
9MLV1X74KFM_sentence_818.wav,Response.
9MLV1X74KFM_sentence_819.wav,I'm waiting for his response.
9MLV1X74KFM_sentence_825.wav,complicated.
9MLV1X74KFM_sentence_832.wav,Likely.
9MLV1X74KFM_sentence_833.wav,It's likely that she will succeed.
9MLV1X74KFM_sentence_840.wav,She is ready to get married and settle down.
9MLV1X74KFM_sentence_851.wav,Respect.
9MLV1X74KFM_sentence_858.wav,Strong.
9MLV1X74KFM_sentence_863.wav,Please choose a stronger password.
9MLV1X74KFM_sentence_865.wav,Vegetable
9MLV1X74KFM_sentence_872.wav,Additional
9MLV1X74KFM_sentence_883.wav,Get out of the kitchen.
9MLV1X74KFM_sentence_915.wav,Let's go straight to the airport.
9MLV1X74KFM_sentence_926.wav,Do you have any thoughts on the subject?
9MLV1X74KFM_sentence_932.wav,Honestly.
9MLV1X74KFM_sentence_935.wav,"Honestly, I can't remember."
9MLV1X74KFM_sentence_939.wav,Worse.
9MLV1X74KFM_sentence_940.wav,"Our house is worth about$150,000."
9MLV1X74KFM_sentence_941.wav,I think it's worth a try.
9MLV1X74KFM_sentence_946.wav,"Finally,"
9MLV1X74KFM_sentence_947.wav,I finally pass the test.
9MLV1X74KFM_sentence_948.wav,The train finally arrived.
9MLV1X74KFM_sentence_953.wav,Directly.
9MLV1X74KFM_sentence_957.wav,Why don't you ask him directly?
9MLV1X74KFM_sentence_965.wav,Sometimes
9MLV1X74KFM_sentence_969.wav,Sometimed.
9MLV1X74KFM_sentence_975.wav,Did you buy a round trip ticket?
9MLV1X74KFM_sentence_979.wav,I've got some free tickets to the show.
9MLV1X74KFM_sentence_981.wav,Medical
9MLV1X74KFM_sentence_985.wav,She's a medical student.
9MLV1X74KFM_sentence_987.wav,I need medical help.
9MLV1X74KFM_sentence_994.wav,I have no idea what to do next.
9MLV1X74KFM_sentence_997.wav,I sleep six hours a day on average.
A9E8K6ffHD8_sentence_000.wav,Remaining.
A9E8K6ffHD8_sentence_008.wav,The remaining money will be donated to charity.
A9E8K6ffHD8_sentence_013.wav,His large income enables him to travel abroad every year.
A9E8K6ffHD8_sentence_015.wav,Enable.
A9E8K6ffHD8_sentence_047.wav,Fair.
A9E8K6ffHD8_sentence_052.wav,Political.
A9E8K6ffHD8_sentence_068.wav,Anxiously.
A9E8K6ffHD8_sentence_072.wav,Her parents waited anxiously for her to come home that night.
A9E8K6ffHD8_sentence_080.wav,Restrict.
A9E8K6ffHD8_sentence_105.wav,Error.
A9E8K6ffHD8_sentence_112.wav,There is an error in this sentence.
A9E8K6ffHD8_sentence_135.wav,Youth.
A9E8K6ffHD8_sentence_166.wav,Does it?
A9E8K6ffHD8_sentence_169.wav,She went to the supermarket and bought a dozen of eggs.
A9E8K6ffHD8_sentence_172.wav,I have a dozen reports to read.
A9E8K6ffHD8_sentence_174.wav,Dozens of students gather there.
A9E8K6ffHD8_sentence_199.wav,Grade.
A9E8K6ffHD8_sentence_204.wav,Industrial.
A9E8K6ffHD8_sentence_205.wav,Japan is an industrial nation.
A9E8K6ffHD8_sentence_211.wav,This is the biggest industrial park in Vietnam.
A9E8K6ffHD8_sentence_215.wav,Context.
A9E8K6ffHD8_sentence_231.wav,Boil.
A9E8K6ffHD8_sentence_241.wav,Cruel.
A9E8K6ffHD8_sentence_245.wav,cruel.
A9E8K6ffHD8_sentence_256.wav,Cheerful.
A9E8K6ffHD8_sentence_263.wav,Poem
A9E8K6ffHD8_sentence_265.wav,Who wrote this poem?
A9E8K6ffHD8_sentence_266.wav,What's your favorite poem?
A9E8K6ffHD8_sentence_271.wav,His poems are difficult to understand.
A9E8K6ffHD8_sentence_274.wav,Timetable.
A9E8K6ffHD8_sentence_279.wav,We have a busy timetable this week.
A9E8K6ffHD8_sentence_284.wav,Universe
A9E8K6ffHD8_sentence_287.wav,Captain
A9E8K6ffHD8_sentence_291.wav,We elected Tom captain of the team.
A9E8K6ffHD8_sentence_300.wav,Angle
A9E8K6ffHD8_sentence_308.wav,Nonsense.
A9E8K6ffHD8_sentence_309.wav,I don't have time for this nonsense.
A9E8K6ffHD8_sentence_314.wav,You're talking nonsense.
A9E8K6ffHD8_sentence_315.wav,We aren't here to talk nonsense.
A9E8K6ffHD8_sentence_319.wav,Safely.
A9E8K6ffHD8_sentence_321.wav,We arrived home safely.
A9E8K6ffHD8_sentence_322.wav,Please drive safely.
A9E8K6ffHD8_sentence_326.wav,Item
A9E8K6ffHD8_sentence_330.wav,Please check all the items on this list.
A9E8K6ffHD8_sentence_331.wav,I need the following items.
A9E8K6ffHD8_sentence_337.wav,She committed her child to her aunt's care.
A9E8K6ffHD8_sentence_338.wav,Try it before you commit to a purchase.
A9E8K6ffHD8_sentence_345.wav,There's nothing remaining in the house.
A9E8K6ffHD8_sentence_346.wav,Only one minute remaining. Hurry up!
A9E8K6ffHD8_sentence_352.wav,The roof was damaged by the storm.
A9E8K6ffHD8_sentence_361.wav,Cupboard.
A9E8K6ffHD8_sentence_363.wav,My mom has just bought a new cupboard.
A9E8K6ffHD8_sentence_368.wav,All of the money in the cupboard was stolen.
A9E8K6ffHD8_sentence_369.wav,She put a box in that cupboard.
A9E8K6ffHD8_sentence_383.wav,Ceremony.
A9E8K6ffHD8_sentence_394.wav,Vehicle
A9E8K6ffHD8_sentence_399.wav,There are always a lot of vehicles on this road.
B98K7c1BJ2w_sentence_000.wav,Switch.
B98K7c1BJ2w_sentence_005.wav,Switch on the light. I can't see anything.
B98K7c1BJ2w_sentence_012.wav,It's a politically sensitive issue.
B98K7c1BJ2w_sentence_013.wav,This is politically correct.
B98K7c1BJ2w_sentence_015.wav,Politically
B98K7c1BJ2w_sentence_018.wav,It makes sense politically as well as economically.
B98K7c1BJ2w_sentence_033.wav,Fundamental.
B98K7c1BJ2w_sentence_046.wav,Steel
B98K7c1BJ2w_sentence_048.wav,Last night someone stole my bicycle.
B98K7c1BJ2w_sentence_049.wav,My passport has been stolen. What should I do?
B98K7c1BJ2w_sentence_063.wav,The climate here is mild.
B98K7c1BJ2w_sentence_068.wav,"He's screaming, not singing."
B98K7c1BJ2w_sentence_079.wav,Spice.
B98K7c1BJ2w_sentence_108.wav,The program is designed to reform prisoners.
B98K7c1BJ2w_sentence_134.wav,The trip will take approximately four hours.
B98K7c1BJ2w_sentence_174.wav,They have access to the library.
B98K7c1BJ2w_sentence_213.wav,Brave.
B98K7c1BJ2w_sentence_224.wav,Deaf.
B98K7c1BJ2w_sentence_228.wav,Staff.
B98K7c1BJ2w_sentence_239.wav,Scratch.
B98K7c1BJ2w_sentence_242.wav,"Don't worry, it's only a scratch."
B98K7c1BJ2w_sentence_244.wav,Can you scratch my back?
B98K7c1BJ2w_sentence_246.wav,Civil
B98K7c1BJ2w_sentence_254.wav,Marketing.
B98K7c1BJ2w_sentence_262.wav,Identity.
B98K7c1BJ2w_sentence_295.wav,We must keep up the family traditions.
B98K7c1BJ2w_sentence_361.wav,Miles
B98K7c1BJ2w_sentence_387.wav,I want you to have a definite plan before you leave.
B98K7c1BJ2w_sentence_397.wav,"Helen Keller was blind, deaf, and"
B98K7c1BJ2w_sentence_403.wav,He went deaf as a result of an accident.
B98K7c1BJ2w_sentence_418.wav,Palace
B98K7c1BJ2w_sentence_419.wav,The king and his family live in the royal palace.
B98K7c1BJ2w_sentence_423.wav,Hatred.
B98K7c1BJ2w_sentence_431.wav,Old-fashioned.
B98K7c1BJ2w_sentence_436.wav,Religion
B98K7c1BJ2w_sentence_438.wav,Don't talk to me about religion.
B98K7c1BJ2w_sentence_441.wav,Buddhism is one of the most popular religions in the world.
B98K7c1BJ2w_sentence_443.wav,Is there a conflict between science and religion?
B98K7c1BJ2w_sentence_453.wav,"The aircraft is capable of flying 5,000 miles non-stop."
B98K7c1BJ2w_sentence_523.wav,They failed to get any definite information.
B98K7c1BJ2w_sentence_529.wav,What a relief it was only a nightmare.
B98K7c1BJ2w_sentence_546.wav,It's bad manners to point at people.
B98K7c1BJ2w_sentence_562.wav,It's a fairly complicated problem.
B98K7c1BJ2w_sentence_567.wav,Some of my friends can speak English fairly well.
B98K7c1BJ2w_sentence_572.wav,I'm quite capable of taking care of myself.
B98K7c1BJ2w_sentence_575.wav,Capable.
B98K7c1BJ2w_sentence_582.wav,King
B98K7c1BJ2w_sentence_591.wav,Poisonous.
B98K7c1BJ2w_sentence_596.wav,The leaves of this tree are poisonous to most animals.
B98K7c1BJ2w_sentence_607.wav,Supply
B98K7c1BJ2w_sentence_620.wav,Relatively.
B98K7c1BJ2w_sentence_635.wav,Don't touch that switch.
B98K7c1BJ2w_sentence_658.wav,Vast.
B98K7c1BJ2w_sentence_666.wav,Reform.
B98K7c1BJ2w_sentence_677.wav,Interval
B98K7c1BJ2w_sentence_691.wav,She deliberately exposed him to danger.
CWdJd0sDlOw_sentence_001.wav,Who's going to look after the children while you're away?
CWdJd0sDlOw_sentence_003.wav,Look after.
CWdJd0sDlOw_sentence_030.wav,Hunting is prohibited in national parks.
CWdJd0sDlOw_sentence_042.wav,Delight.
CWdJd0sDlOw_sentence_050.wav,Debate.
CWdJd0sDlOw_sentence_074.wav,They upset my plan.
CWdJd0sDlOw_sentence_079.wav,Profits have increased significantly over the past few years.
CWdJd0sDlOw_sentence_088.wav,Urge.
CWdJd0sDlOw_sentence_099.wav,Ink.
CWdJd0sDlOw_sentence_104.wav,Don't write in red ink.
CWdJd0sDlOw_sentence_105.wav,My ballpoint pen just ran out of ink.
CWdJd0sDlOw_sentence_111.wav,Mixed.
CWdJd0sDlOw_sentence_133.wav,Surprise.
CWdJd0sDlOw_sentence_137.wav,Prize.
CWdJd0sDlOw_sentence_139.wav,He deserves the prize.
CWdJd0sDlOw_sentence_155.wav,Proceed.
CWdJd0sDlOw_sentence_216.wav,Theme.
CWdJd0sDlOw_sentence_253.wav,Conservative.
CWdJd0sDlOw_sentence_270.wav,The meeting dragged on.
CWdJd0sDlOw_sentence_280.wav,Promote.
CWdJd0sDlOw_sentence_283.wav,The company is promoting a new product.
CWdJd0sDlOw_sentence_286.wav,She deserves to be promoted.
CWdJd0sDlOw_sentence_291.wav,Promotion
CWdJd0sDlOw_sentence_301.wav,Let's celebrate your promotion.
CWdJd0sDlOw_sentence_307.wav,Her parents can't help worrying about her injuries.
CWdJd0sDlOw_sentence_321.wav,continent.
CWdJd0sDlOw_sentence_326.wav,Africa is the poorest continent.
CWdJd0sDlOw_sentence_327.wav,Australia is the smallest continent in the world.
CWdJd0sDlOw_sentence_335.wav,This book is about a king who loses his crown.
CWdJd0sDlOw_sentence_355.wav,Emerge.
CWdJd0sDlOw_sentence_358.wav,The robber emerged from the darkness.
CWdJd0sDlOw_sentence_430.wav,Everything proceeds according to plan.
CWdJd0sDlOw_sentence_436.wav,The measurements must be precise.
CWdJd0sDlOw_sentence_454.wav,The old factory has been transformed into an art gallery.
CWdJd0sDlOw_sentence_499.wav,content.
CWdJd0sDlOw_sentence_517.wav,She has a pleasant voice.
CWdJd0sDlOw_sentence_521.wav,Dismiss.
CWdJd0sDlOw_sentence_528.wav,The teacher dismissed his class when the bell rang.
CWdJd0sDlOw_sentence_532.wav,Behave.
CWdJd0sDlOw_sentence_561.wav,Don't try to be a hero.
CWdJd0sDlOw_sentence_563.wav,You g initial.
CWdJd0sDlOw_sentence_566.wav,Initial
CWdJd0sDlOw_sentence_568.wav,The initial symptoms of the disease are fever and sore throat.
CWdJd0sDlOw_sentence_571.wav,Commitment.
CWdJd0sDlOw_sentence_582.wav,Klein
CWdJd0sDlOw_sentence_587.wav,"We decided to climb to 6,000 meters."
CWdJd0sDlOw_sentence_590.wav,The police questioned him closely.
CWdJd0sDlOw_sentence_600.wav,Exhibit
CWdJd0sDlOw_sentence_602.wav,He hopes to exhibit his paintings in Japan.
CWdJd0sDlOw_sentence_610.wav,Do not touch the exhibits.
CWdJd0sDlOw_sentence_611.wav,Frame.
CWdJd0sDlOw_sentence_614.wav,Frame
CWdJd0sDlOw_sentence_615.wav,This new bike frame is made of steel.
CWdJd0sDlOw_sentence_618.wav,I need new frames for my glasses.
CWdJd0sDlOw_sentence_619.wav,Relaxed.
CWdJd0sDlOw_sentence_623.wav,I feel relaxed here.
CWdJd0sDlOw_sentence_626.wav,Nothing makes me feel more relaxed than a walk on the beach.
CWdJd0sDlOw_sentence_630.wav,Transform.
CWdJd0sDlOw_sentence_654.wav,Hunting
CWdJd0sDlOw_sentence_658.wav,We're going hunting.
CWdJd0sDlOw_sentence_663.wav,The dragon is an imaginary creature.
CWdJd0sDlOw_sentence_673.wav,Install.
CWdJd0sDlOw_sentence_682.wav,Enemy.
CWdJd0sDlOw_sentence_747.wav,Drugstore.
CWdJd0sDlOw_sentence_751.wav,The drugstore is opposite the hospital.
CWdJd0sDlOw_sentence_752.wav,Is there a drugstore nearby?
CWdJd0sDlOw_sentence_759.wav,Authority.
CWdJd0sDlOw_sentence_774.wav,Announce.
CWdJd0sDlOw_sentence_782.wav,Deer.
CWdJd0sDlOw_sentence_786.wav,Dear.
CWdJd0sDlOw_sentence_792.wav,"Thank you, my dear."
DOcJti0SfA0_sentence_020.wav,That building has no emergency exit.
DOcJti0SfA0_sentence_025.wav,He has a remarkable memory.
DOcJti0SfA0_sentence_035.wav,I have been on a diet for two weeks.
DOcJti0SfA0_sentence_051.wav,That guy has
DOcJti0SfA0_sentence_053.wav,Who designed that museum?
DOcJti0SfA0_sentence_101.wav,He property.
DOcJti0SfA0_sentence_170.wav,Boring.
DOcJti0SfA0_sentence_200.wav,Disease.
DOcJti0SfA0_sentence_212.wav,Cooking.
DOcJti0SfA0_sentence_214.wav,My mom takes pride in her cooking.
DOcJti0SfA0_sentence_216.wav,She bought two cooking books.
DOcJti0SfA0_sentence_229.wav,I've heard that sound before.
DOcJti0SfA0_sentence_236.wav,I am going to apply for a scholarship.
DOcJti0SfA0_sentence_242.wav,Do you like the book's ending?
DOcJti0SfA0_sentence_243.wav,Not all stories have a happy ending.
DOcJti0SfA0_sentence_258.wav,He passed away yesterday.
DOcJti0SfA0_sentence_260.wav,You're probably right.
DOcJti0SfA0_sentence_269.wav,Suck.
DOcJti0SfA0_sentence_293.wav,Necessary.
DOcJti0SfA0_sentence_294.wav,Is it really necessary?
DOcJti0SfA0_sentence_307.wav,Complain.
DOcJti0SfA0_sentence_309.wav,She complained about my low salary.
DOcJti0SfA0_sentence_311.wav,That customer came back to complain again.
DOcJti0SfA0_sentence_313.wav,We have nothing to complain about.
DOcJti0SfA0_sentence_314.wav,Case.
DOcJti0SfA0_sentence_315.wav,You're wrong in this case.
DOcJti0SfA0_sentence_319.wav,"In any case, I'll call you tomorrow."
DOcJti0SfA0_sentence_320.wav,Take an umbrella with you in case it begins to rain.
DOcJti0SfA0_sentence_328.wav,Extend.
DOcJti0SfA0_sentence_348.wav,"I want to ask her out, but I'm afraid of being rejected."
DOcJti0SfA0_sentence_358.wav,Next year's budget has been agreed.
DOcJti0SfA0_sentence_376.wav,I have an idea I'd like to share with you.
DOcJti0SfA0_sentence_390.wav,I think you should change your eating habits.
DOcJti0SfA0_sentence_401.wav,I did it simply for money.
DOcJti0SfA0_sentence_408.wav,I need a sharp knife to cut them out.
DOcJti0SfA0_sentence_430.wav,Television.
DOcJti0SfA0_sentence_431.wav,"Turn down the television, please."
DOcJti0SfA0_sentence_435.wav,Turn off the television. I can't concentrate.
DOcJti0SfA0_sentence_436.wav,Is there anything interesting on television tonight?
DOcJti0SfA0_sentence_442.wav,There is a direct flight from Tokyo to London.
DOcJti0SfA0_sentence_444.wav,Depend.
DOcJti0SfA0_sentence_445.wav,How long you stay?
DOcJti0SfA0_sentence_450.wav,I don't know. It depends.
DOcJti0SfA0_sentence_452.wav,Don't depend too much on others.
DOcJti0SfA0_sentence_465.wav,Allow.
DOcJti0SfA0_sentence_470.wav,His experience allows him to handle different situations easily.
DOcJti0SfA0_sentence_472.wav,Through
DOcJti0SfA0_sentence_474.wav,He just walked through the door.
DOcJti0SfA0_sentence_484.wav,Love.
DOcJti0SfA0_sentence_487.wav,Do what you love and love what you do.
DOcJti0SfA0_sentence_488.wav,I'm in love.
DOcJti0SfA0_sentence_489.wav,Do you love me?
DOcJti0SfA0_sentence_491.wav,Often.
DOcJti0SfA0_sentence_495.wav,We often have lunch together.
DOcJti0SfA0_sentence_497.wav,That doesn't happen often.
DOcJti0SfA0_sentence_505.wav,Talk.
DOcJti0SfA0_sentence_507.wav,The boss would like to have a talk with you.
DOcJti0SfA0_sentence_511.wav,You don't have to talk so loud.
DOcJti0SfA0_sentence_512.wav,Hill.
DOcJti0SfA0_sentence_513.wav,He lives at the top of the hill.
DOcJti0SfA0_sentence_519.wav,Accident.
DOcJti0SfA0_sentence_525.wav,We met by accident at the airport.
DOcJti0SfA0_sentence_530.wav,How long does it take to get to the port?
DRNH2LZ7HH0_sentence_004.wav,Monitor
DRNH2LZ7HH0_sentence_014.wav,He is very enthusiastic about his new job.
DRNH2LZ7HH0_sentence_023.wav,Principle.
DRNH2LZ7HH0_sentence_050.wav,Reverse.
DRNH2LZ7HH0_sentence_056.wav,Can you say the alphabet in reverse order?
DRNH2LZ7HH0_sentence_070.wav,Undo.
DRNH2LZ7HH0_sentence_073.wav,I can't undo this knot.
DRNH2LZ7HH0_sentence_081.wav,Transport.
DRNH2LZ7HH0_sentence_110.wav,"Not surprisingly, he didn't come."
DRNH2LZ7HH0_sentence_112.wav,Depress.
DRNH2LZ7HH0_sentence_142.wav,Oven
DRNH2LZ7HH0_sentence_144.wav,Please put this into the microwave oven.
DRNH2LZ7HH0_sentence_145.wav,Oven.
DRNH2LZ7HH0_sentence_148.wav,Take the cake out of the oven.
DRNH2LZ7HH0_sentence_150.wav,Shine.
DRNH2LZ7HH0_sentence_158.wav,Accurate.
DRNH2LZ7HH0_sentence_163.wav,He is very accurate in his work.
DRNH2LZ7HH0_sentence_179.wav,Please shake the bottle before use.
DRNH2LZ7HH0_sentence_188.wav,connection.
DRNH2LZ7HH0_sentence_192.wav,Connection
DRNH2LZ7HH0_sentence_193.wav,He can't do his job without an internet connection.
DRNH2LZ7HH0_sentence_206.wav,I miss him terribly.
DRNH2LZ7HH0_sentence_225.wav,I can't stretch my arms out.
DRNH2LZ7HH0_sentence_248.wav,Stone
DRNH2LZ7HH0_sentence_249.wav,Some children are throwing stones into the lake.
DRNH2LZ7HH0_sentence_250.wav,The boy picked up a stone and threw it at the dog.
DRNH2LZ7HH0_sentence_270.wav,Warmth.
DRNH2LZ7HH0_sentence_275.wav,The sun gives us warmth and light.
DRNH2LZ7HH0_sentence_278.wav,Sir.
DRNH2LZ7HH0_sentence_279.wav,"Good morning, sir. How can I help you?"
DRNH2LZ7HH0_sentence_280.wav,"Where do you want to go, sir?"
DRNH2LZ7HH0_sentence_281.wav,"Sir, please fill out this form."
DRNH2LZ7HH0_sentence_282.wav,Good morning tidy.
DRNH2LZ7HH0_sentence_297.wav,Proof.
DRNH2LZ7HH0_sentence_310.wav,The policemen arrested the thief.
DRNH2LZ7HH0_sentence_315.wav,Models.
DRNH2LZ7HH0_sentence_319.wav,Model.
DRNH2LZ7HH0_sentence_320.wav,Are you a model?
DRNH2LZ7HH0_sentence_334.wav,Mud.
DRNH2LZ7HH0_sentence_340.wav,My car got stuck in the mud.
DRNH2LZ7HH0_sentence_341.wav,Your boots are covered in mud.
DRNH2LZ7HH0_sentence_342.wav,Nuclear.
DRNH2LZ7HH0_sentence_348.wav,She works for a major Hollywood studio.
DRNH2LZ7HH0_sentence_352.wav,He has a recording studio.
DRNH2LZ7HH0_sentence_387.wav,I don't mind being criticized when I am wrong.
DRNH2LZ7HH0_sentence_427.wav,It's against my principles.
DRNH2LZ7HH0_sentence_439.wav,Competitive.
DRNH2LZ7HH0_sentence_443.wav,They sell high quality products at very competitive prices.
DRNH2LZ7HH0_sentence_444.wav,We offer loans at competitive rates.
DRNH2LZ7HH0_sentence_451.wav,This store has the best selection of jewelry in town.
DRNH2LZ7HH0_sentence_455.wav,Tidy.
DRNH2LZ7HH0_sentence_464.wav,I am tidying up my office.
DRNH2LZ7HH0_sentence_467.wav,You can't undo the past.
DRNH2LZ7HH0_sentence_480.wav,Merely
DRNH2LZ7HH0_sentence_481.wav,It's merely a joke.
DRNH2LZ7HH0_sentence_493.wav,Can you provide any proof of identity?
DRNH2LZ7HH0_sentence_508.wav,Models
DRNH2LZ7HH0_sentence_530.wav,Do you take regular exercise?
DRNH2LZ7HH0_sentence_566.wav,There is no way to reverse the aging process.
DRNH2LZ7HH0_sentence_577.wav,Keep your room neat and tidy.
DRNH2LZ7HH0_sentence_579.wav,His room is always tidy.
DRNH2LZ7HH0_sentence_583.wav,Selection
DRNH2LZ7HH0_sentence_597.wav,Parents should monitor their children's activities.
DRNH2LZ7HH0_sentence_656.wav,Continuously.
DRNH2LZ7HH0_sentence_658.wav,She continuously talked about her boyfriend.
DRNH2LZ7HH0_sentence_675.wav,Don't.
DRNH2LZ7HH0_sentence_681.wav,The knife is dull.
DRNH2LZ7HH0_sentence_683.wav,Vital
DRNH2LZ7HH0_sentence_693.wav,You should live up to your principles.
DRNH2LZ7HH0_sentence_699.wav,Sailor
DRNH2LZ7HH0_sentence_700.wav,He is a sailor.
DRNH2LZ7HH0_sentence_706.wav,I want to be a sailor.
DRNH2LZ7HH0_sentence_707.wav,Sweep.
DRNH2LZ7HH0_sentence_712.wav,I need to sweep the kitchen.
DRNH2LZ7HH0_sentence_715.wav,My father is sweeping the garage.
DRNH2LZ7HH0_sentence_716.wav,Alphabet.
DRNH2LZ7HH0_sentence_730.wav,Demonstrate.
DRNH2LZ7HH0_sentence_768.wav,Enormous.
DRNH2LZ7HH0_sentence_777.wav,Stress can have an enormous negative impact on your health.
DRNH2LZ7HH0_sentence_806.wav,Criticize.
DRNH2LZ7HH0_sentence_836.wav,She looked surprisingly well.
DRNH2LZ7HH0_sentence_839.wav,Doll.
DRNH2LZ7HH0_sentence_846.wav,There's never a dull moment when you're around.
DRNH2LZ7HH0_sentence_849.wav,He likes to make model cars.
DRNH2LZ7HH0_sentence_854.wav,That's an obsolete model.
DRNH2LZ7HH0_sentence_861.wav,Studio
DRNH2LZ7HH0_sentence_872.wav,Regular exercise is vital for your health.
DRNH2LZ7HH0_sentence_873.wav,It is vital that you follow all safety procedures.
DRNH2LZ7HH0_sentence_901.wav,Selection.
DRNH2LZ7HH0_sentence_908.wav,Who is your selection for the next president?
DRNH2LZ7HH0_sentence_913.wav,Terribly.
DRNH2LZ7HH0_sentence_914.wav,The movie made me feel terribly sad.
DRNH2LZ7HH0_sentence_930.wav,The English alphabet has twenty six letters.
DRNH2LZ7HH0_sentence_932.wav,A is the first letter of the alphabet.
DctCSmHYCWc_sentence_005.wav,Supermarket.
DctCSmHYCWc_sentence_012.wav,Herself.
DctCSmHYCWc_sentence_018.wav,She did it all by herself.
DctCSmHYCWc_sentence_019.wav,Challenge.
DctCSmHYCWc_sentence_023.wav,Are you challenging my authority?
DctCSmHYCWc_sentence_026.wav,Tomorrow.
DctCSmHYCWc_sentence_028.wav,Are you free tomorrow?
DctCSmHYCWc_sentence_030.wav,I'm going to see him tomorrow.
DctCSmHYCWc_sentence_032.wav,Tomorrow is my mother's birthday.
DctCSmHYCWc_sentence_033.wav,Married.
DctCSmHYCWc_sentence_039.wav,I want to get married and have children.
DctCSmHYCWc_sentence_064.wav,How are you related to him?
DctCSmHYCWc_sentence_072.wav,You're wearing my shoes.
DctCSmHYCWc_sentence_073.wav,Elevator.
DctCSmHYCWc_sentence_079.wav,Do you know that boy who's crying?
DctCSmHYCWc_sentence_085.wav,Remember.
DctCSmHYCWc_sentence_087.wav,"As far as I can remember, I've never been late to a meeting."
DctCSmHYCWc_sentence_088.wav,"I'm sorry, I can't remember your name."
DctCSmHYCWc_sentence_089.wav,Do you remember me? I used to work with you many years ago.
DctCSmHYCWc_sentence_092.wav,Win.
DctCSmHYCWc_sentence_094.wav,His dream was to win a Nobel Prize.
DctCSmHYCWc_sentence_095.wav,She won a gold medal.
DctCSmHYCWc_sentence_100.wav,He works in the automobile industry.
DctCSmHYCWc_sentence_103.wav,What is the main industry of the country?
DctCSmHYCWc_sentence_108.wav,I am now living in Ho Chi Minh City.
DctCSmHYCWc_sentence_111.wav,Taste.
DctCSmHYCWc_sentence_115.wav,This fruit doesn't taste good.
DctCSmHYCWc_sentence_116.wav,Why don't you try a taste of this?
DctCSmHYCWc_sentence_117.wav,This medicine tastes bitter.
DctCSmHYCWc_sentence_124.wav,Is this a duty-free shop?
DctCSmHYCWc_sentence_132.wav,Pencil
DctCSmHYCWc_sentence_137.wav,I think it's time for me to sharpen my pencil.
DctCSmHYCWc_sentence_141.wav,There is no bus service to the station.
DctCSmHYCWc_sentence_151.wav,We still have space for one more person.
DctCSmHYCWc_sentence_154.wav,"I have been living here for ten years, said"
DctCSmHYCWc_sentence_156.wav,Is there a post office around here?
DctCSmHYCWc_sentence_166.wav,They are about to begin a new chapter in their history.
DctCSmHYCWc_sentence_167.wav,Cool.
DctCSmHYCWc_sentence_169.wav,He tried to keep a cool head.
DctCSmHYCWc_sentence_181.wav,Yesterday.
DctCSmHYCWc_sentence_182.wav,Yesterday was my birthday.
DctCSmHYCWc_sentence_187.wav,It rained heavily yesterday afternoon.
DctCSmHYCWc_sentence_193.wav,I don't understand what he wants me to do.
DctCSmHYCWc_sentence_194.wav,I can't understand why he could do such a thing.
DctCSmHYCWc_sentence_195.wav,desk.
DctCSmHYCWc_sentence_200.wav,Hide.
DctCSmHYCWc_sentence_207.wav,Exchange.
DctCSmHYCWc_sentence_210.wav,May I exchange money here?
DctCSmHYCWc_sentence_219.wav,Blood.
DctCSmHYCWc_sentence_226.wav,Way.
DctCSmHYCWc_sentence_236.wav,Our standard charge for a letter is$25.
DctCSmHYCWc_sentence_238.wav,Who is the person in charge?
DctCSmHYCWc_sentence_245.wav,Please take me to this address.
DctCSmHYCWc_sentence_247.wav,Approval
DctCSmHYCWc_sentence_251.wav,You should not have done that without my approval.
DctCSmHYCWc_sentence_264.wav,convenient.
DctCSmHYCWc_sentence_265.wav,Is it convenient for you if I come at 5 p.m.?
DctCSmHYCWc_sentence_269.wav,"If it's convenient, please come here tonight."
DctCSmHYCWc_sentence_271.wav,Reveal.
DctCSmHYCWc_sentence_278.wav,Pet.
DctCSmHYCWc_sentence_279.wav,Do you have any pets?
DctCSmHYCWc_sentence_291.wav,What's their purpose?
DctCSmHYCWc_sentence_292.wav,What's the purpose of your trip?
DctCSmHYCWc_sentence_300.wav,National
DctCSmHYCWc_sentence_311.wav,He is a danger to society.
DctCSmHYCWc_sentence_320.wav,Grammar.
DctCSmHYCWc_sentence_321.wav,I'm not good at English grammar.
DctCSmHYCWc_sentence_330.wav,Feel.
DctCSmHYCWc_sentence_339.wav,Do you like black cats? This guy describe.
DctCSmHYCWc_sentence_344.wav,He described exactly what happened.
DctCSmHYCWc_sentence_346.wav,Wine.
DctCSmHYCWc_sentence_352.wav,What's your favorite wine?
DctCSmHYCWc_sentence_355.wav,We go abroad every summer.
DctCSmHYCWc_sentence_360.wav,Marriage
DctCSmHYCWc_sentence_362.wav,Don't ask him any questions about his marriage.
DctCSmHYCWc_sentence_366.wav,This is his second marriage.
DctCSmHYCWc_sentence_367.wav,Wide.
DctCSmHYCWc_sentence_369.wav,We discussed a wide range of topics.
DctCSmHYCWc_sentence_374.wav,Medicine
DctCSmHYCWc_sentence_381.wav,"Meanwhile,"
DctCSmHYCWc_sentence_384.wav,Accept.
DctCSmHYCWc_sentence_403.wav,Draw.
DctCSmHYCWc_sentence_404.wav,He drew a map.
DctCSmHYCWc_sentence_410.wav,Line.
DctCSmHYCWc_sentence_413.wav,Why don't you drop her a line?
DctCSmHYCWc_sentence_427.wav,Trouble.
DctCSmHYCWc_sentence_431.wav,I'm sorry I got you into trouble.
DctCSmHYCWc_sentence_434.wav,Here
DctCSmHYCWc_sentence_440.wav,Don't believe everything you hear.
DctCSmHYCWc_sentence_441.wav,Guarantee.
DctCSmHYCWc_sentence_445.wav,There is no guarantee that he'll be back next week.
DctCSmHYCWc_sentence_455.wav,Repeat.
DctCSmHYCWc_sentence_459.wav,He kept repeating the same thing over and over again.
DctCSmHYCWc_sentence_460.wav,Could you please repeat what you just said?
DctCSmHYCWc_sentence_461.wav,"Repeat after me, I promise to do my best."
DctCSmHYCWc_sentence_464.wav,It sounds crazy.
DctCSmHYCWc_sentence_469.wav,Extend
DctCSmHYCWc_sentence_476.wav,Benefit.
DctCSmHYCWc_sentence_477.wav,What are some of the health benefits of eating fish?
DctCSmHYCWc_sentence_492.wav,She's younger than him.
DctCSmHYCWc_sentence_496.wav,She bought him a camera.
DctCSmHYCWc_sentence_497.wav,Say
DctCSmHYCWc_sentence_498.wav,What did she say?
DctCSmHYCWc_sentence_503.wav,I wonder what he will say.
DctCSmHYCWc_sentence_504.wav,Test.
DctCSmHYCWc_sentence_518.wav,Calm.
DctCSmHYCWc_sentence_519.wav,She had to keep calm at all costs.
DctCSmHYCWc_sentence_522.wav,His voice was calm.
DctCSmHYCWc_sentence_523.wav,River.
E5MtNtVAgBE_sentence_027.wav,Alternative.
E5MtNtVAgBE_sentence_032.wav,Stove.
E5MtNtVAgBE_sentence_033.wav,Did you turn off the stove?
E5MtNtVAgBE_sentence_047.wav,Stable.
E5MtNtVAgBE_sentence_054.wav,Battle
E5MtNtVAgBE_sentence_082.wav,It is not merely a job. It's my passion.
E5MtNtVAgBE_sentence_090.wav,Brown.
E5MtNtVAgBE_sentence_091.wav,She had warm brown eyes.
E5MtNtVAgBE_sentence_092.wav,His face was brown from the sun.
E5MtNtVAgBE_sentence_093.wav,His shoes are brown.
E5MtNtVAgBE_sentence_097.wav,Represent
E5MtNtVAgBE_sentence_100.wav,The red lines on the map represent railways.
E5MtNtVAgBE_sentence_105.wav,Yesterday I represented my company at the meeting.
E5MtNtVAgBE_sentence_113.wav,He pretends to be enthusiastic when his boss is around.
E5MtNtVAgBE_sentence_158.wav,The hotel had a grand opening last month.
E5MtNtVAgBE_sentence_167.wav,critical.
E5MtNtVAgBE_sentence_194.wav,Attached.
E5MtNtVAgBE_sentence_198.wav,Please fill out the attached application.
E5MtNtVAgBE_sentence_199.wav,Please see the document attached.
E5MtNtVAgBE_sentence_212.wav,"He doesn't know how to behave himself,"
E5MtNtVAgBE_sentence_225.wav,That's half the battle.
E5MtNtVAgBE_sentence_230.wav,Sock.
E5MtNtVAgBE_sentence_231.wav,"Take off your socks, please."
E5MtNtVAgBE_sentence_232.wav,I've got a new pair of socks.
E5MtNtVAgBE_sentence_233.wav,You are wearing your socks inside out.
E5MtNtVAgBE_sentence_234.wav,Partner.
E5MtNtVAgBE_sentence_236.wav,Who is your dance partner?
E5MtNtVAgBE_sentence_240.wav,He is my business partner.
E5MtNtVAgBE_sentence_243.wav,My wrist hurts.
E5MtNtVAgBE_sentence_245.wav,Wrist.
E5MtNtVAgBE_sentence_247.wav,I took her by the wrist.
E5MtNtVAgBE_sentence_250.wav,Committee
E5MtNtVAgBE_sentence_253.wav,Are you on the committee?
E5MtNtVAgBE_sentence_258.wav,He's the chairman of the committee.
E5MtNtVAgBE_sentence_259.wav,The government appointed a committee to investigate the accident.
E5MtNtVAgBE_sentence_272.wav,Violently.
E5MtNtVAgBE_sentence_273.wav,He is violently opposed to the proposal.
E5MtNtVAgBE_sentence_274.wav,He violently kicked the garbage can.
E5MtNtVAgBE_sentence_277.wav,Investigate.
E5MtNtVAgBE_sentence_284.wav,They will investigate the cause of the accident.
E5MtNtVAgBE_sentence_285.wav,What are you investigating?
E5MtNtVAgBE_sentence_286.wav,The police are investigating a murder.
E5MtNtVAgBE_sentence_288.wav,Wage
E5MtNtVAgBE_sentence_292.wav,The company offers competitive wages and good benefits.
E5MtNtVAgBE_sentence_295.wav,I try to save 10% of my wages each month.
E5MtNtVAgBE_sentence_323.wav,Wonder
E5MtNtVAgBE_sentence_328.wav,Don't wander around the park at night.
E5MtNtVAgBE_sentence_329.wav,I wandered around for a while.
E5MtNtVAgBE_sentence_331.wav,Uncertain.
E5MtNtVAgBE_sentence_337.wav,We are still uncertain of the truth.
E5MtNtVAgBE_sentence_338.wav,The time of departure is still uncertain.
E5MtNtVAgBE_sentence_345.wav,"To our surprise, he won the grand prize."
E5MtNtVAgBE_sentence_347.wav,Bowl The bowl contains many kinds of candy. The bowl dropped and broke. Put a bowl underneath to catch the overflow.
E5MtNtVAgBE_sentence_351.wav,I need your objective opinion on this.
E5MtNtVAgBE_sentence_352.wav,Objective.
E5MtNtVAgBE_sentence_357.wav,Freeze.
E5MtNtVAgBE_sentence_362.wav,"When water freezes, it becomes ice."
E5MtNtVAgBE_sentence_366.wav,She was nearly frozen to death in the snow.
E5MtNtVAgBE_sentence_367.wav,Please freeze the fish as soon as possible.
E5MtNtVAgBE_sentence_368.wav,Uncomfortable.
E5MtNtVAgBE_sentence_369.wav,She looks slightly uncomfortable.
E5MtNtVAgBE_sentence_370.wav,The atmosphere was uncomfortable.
E5MtNtVAgBE_sentence_371.wav,This chair is uncomfortable.
E5MtNtVAgBE_sentence_372.wav,She l racing.
E5MtNtVAgBE_sentence_373.wav,He's a racing driver.
E5MtNtVAgBE_sentence_376.wav,I like watching motor racing on television.
E5MtNtVAgBE_sentence_377.wav,Outdoor.
E5MtNtVAgBE_sentence_378.wav,I enjoy outdoor activities.
E5MtNtVAgBE_sentence_379.wav,It's an outdoor swimming pool.
E5MtNtVAgBE_sentence_380.wav,Software.
E5MtNtVAgBE_sentence_381.wav,My father is a software engineer.
E5MtNtVAgBE_sentence_382.wav,I am installing new software.
E5MtNtVAgBE_sentence_394.wav,Launch.
E5MtNtVAgBE_sentence_400.wav,He is planning to launch his business.
E5MtNtVAgBE_sentence_406.wav,The forest are disappearing at an alarming rate.
E5MtNtVAgBE_sentence_409.wav,There is an alarming increase in crime these years.
E5MtNtVAgBE_sentence_410.wav,creature.
E5MtNtVAgBE_sentence_414.wav,Creature.
E5MtNtVAgBE_sentence_417.wav,Humans are the only living creatures that make use of fire.
E5MtNtVAgBE_sentence_419.wav,He observed many types of creatures there.
E5MtNtVAgBE_sentence_421.wav,Kilometer.
E5MtNtVAgBE_sentence_422.wav,It's two kilometers from my house to school.
E5MtNtVAgBE_sentence_423.wav,The beach is three kilometers away.
E5MtNtVAgBE_sentence_424.wav,It's one kilometer long.
E5MtNtVAgBE_sentence_425.wav,It's battle.
E5MtNtVAgBE_sentence_436.wav,Preparation.
E5MtNtVAgBE_sentence_439.wav,Have you finished your preparations for the trip?
E5MtNtVAgBE_sentence_440.wav,Careful preparations are extremely important for success.
E5MtNtVAgBE_sentence_444.wav,Swollen.
E5MtNtVAgBE_sentence_449.wav,Pity.
E5MtNtVAgBE_sentence_471.wav,Cheat.
E5MtNtVAgBE_sentence_472.wav,Have you ever cheated on an exam?
E5MtNtVAgBE_sentence_482.wav,Restriction.
E5MtNtVAgBE_sentence_485.wav,There are no restrictions on the amount of money you can withdraw.
EFN11jAjXEM_sentence_006.wav,I value our friendship more than anything.
EFN11jAjXEM_sentence_040.wav,contain.
EFN11jAjXEM_sentence_048.wav,Is there a student discount?
EFN11jAjXEM_sentence_054.wav,We got along well during the trip.
EFN11jAjXEM_sentence_073.wav,I did it pupil.
EFN11jAjXEM_sentence_078.wav,Tiny.
EFN11jAjXEM_sentence_084.wav,This insect desire.
EFN11jAjXEM_sentence_087.wav,Everybody desires happiness.
EFN11jAjXEM_sentence_102.wav,It's not my fault.
EFN11jAjXEM_sentence_103.wav,"She hit me, not him."
EFN11jAjXEM_sentence_105.wav,Emotion.
EFN11jAjXEM_sentence_117.wav,There's nothing funny about it.
EFN11jAjXEM_sentence_150.wav,He is walking toward the station.
EFN11jAjXEM_sentence_160.wav,Amaze.
EFN11jAjXEM_sentence_172.wav,Observe.
EFN11jAjXEM_sentence_173.wav,I'm just here to observe.
EFN11jAjXEM_sentence_177.wav,Abel.
EFN11jAjXEM_sentence_181.wav,I'm sorry that I wasn't able to call you yesterday.
EFN11jAjXEM_sentence_202.wav,Please limit your presentation to a maximum of 15 minutes.
EFN11jAjXEM_sentence_215.wav,Here are some practical ways to save money.
EFN11jAjXEM_sentence_243.wav,Imagine
EFN11jAjXEM_sentence_255.wav,How many guests did you invite?
EFN11jAjXEM_sentence_257.wav,Collect.
EFN11jAjXEM_sentence_260.wav,I love collecting stones at the beach.
EFN11jAjXEM_sentence_277.wav,I haven't eaten since breakfast.
EFN11jAjXEM_sentence_294.wav,His story had a profound effect on me.
EFN11jAjXEM_sentence_299.wav,Team
EFN11jAjXEM_sentence_305.wav,He is the captain of the team.
EFN11jAjXEM_sentence_306.wav,Carrie.
EFN11jAjXEM_sentence_312.wav,"This bottle is very heavy, so I can't carry it."
EFN11jAjXEM_sentence_341.wav,Can you guess my weight?
EFN11jAjXEM_sentence_353.wav,Wonderful.
EFN11jAjXEM_sentence_361.wav,He introduced me to a pretty girl.
EFN11jAjXEM_sentence_365.wav,I'm pretty sure I can find a good job.
EFN11jAjXEM_sentence_391.wav,News
EFN11jAjXEM_sentence_396.wav,Gentle
EFN11jAjXEM_sentence_399.wav,He is a very gentle person.
EFN11jAjXEM_sentence_408.wav,Member.
EFN11jAjXEM_sentence_409.wav,How much does it cost to become a member?
EFN11jAjXEM_sentence_415.wav,Cake.
EFN11jAjXEM_sentence_416.wav,Do you want some birthday cake?
EFN11jAjXEM_sentence_420.wav,Children love eating cakes.
EFN11jAjXEM_sentence_431.wav,Don't speak to me in that tone of voice.
EFN11jAjXEM_sentence_434.wav,October
EFN11jAjXEM_sentence_435.wav,She was born in October.
EFN11jAjXEM_sentence_436.wav,We'll get married in October.
EFN11jAjXEM_sentence_443.wav,What's behind the door?
EFN11jAjXEM_sentence_445.wav,Tool
EFN11jAjXEM_sentence_446.wav,I don't have the right tools to do the job.
EFN11jAjXEM_sentence_457.wav,Always.
EFN11jAjXEM_sentence_459.wav,I always drink a cup of coffee in the morning.
EFN11jAjXEM_sentence_461.wav,She's always at home on Sundays.
EFN11jAjXEM_sentence_463.wav,She always arrives at seven thirty.
EFN11jAjXEM_sentence_469.wav,Humor.
EFN11jAjXEM_sentence_471.wav,Don't lose your sense of humor.
EFN11jAjXEM_sentence_474.wav,Cheap.
EFN11jAjXEM_sentence_481.wav,Time.
EFN11jAjXEM_sentence_483.wav,Have a good time.
EFN11jAjXEM_sentence_484.wav,What time do you go to bed?
EFN11jAjXEM_sentence_491.wav,"Which do you prefer, tea or coffee?"
EFN11jAjXEM_sentence_502.wav,could.
EFN11jAjXEM_sentence_504.wav,She could swim.
EFN11jAjXEM_sentence_510.wav,That's an example of what I'm talking about.
EFN11jAjXEM_sentence_512.wav,Warm.
EFN11jAjXEM_sentence_518.wav,I do not expect a warm welcome.
EFN11jAjXEM_sentence_527.wav,I have a dentist appointment at 3 p.m.
EFN11jAjXEM_sentence_533.wav,Soon.
EFN11jAjXEM_sentence_537.wav,I am looking forward to seeing you soon.
EFN11jAjXEM_sentence_540.wav,Height.
EFN11jAjXEM_sentence_547.wav,Spring
EFN11jAjXEM_sentence_548.wav,I was born in the spring of 1986.
EFN11jAjXEM_sentence_549.wav,Spring is around the corner.
EpbcSXHX_Mo_sentence_016.wav,Considerable.
EpbcSXHX_Mo_sentence_020.wav,We have saved a considerable amount of money.
EpbcSXHX_Mo_sentence_026.wav,Defat.
EpbcSXHX_Mo_sentence_041.wav,Conclude.
EpbcSXHX_Mo_sentence_044.wav,The judge concluded that the prisoner was innocent.
EpbcSXHX_Mo_sentence_048.wav,Indicate.
EpbcSXHX_Mo_sentence_059.wav,Unpleasant.
EpbcSXHX_Mo_sentence_065.wav,His joke eased the tension in the room.
EpbcSXHX_Mo_sentence_066.wav,There are growing tensions between the US and China.
EpbcSXHX_Mo_sentence_080.wav,Rail
EpbcSXHX_Mo_sentence_082.wav,He is as thin as a rail.
EpbcSXHX_Mo_sentence_091.wav,Unsteady.
EpbcSXHX_Mo_sentence_100.wav,His heartbeat was unsteady.
EpbcSXHX_Mo_sentence_102.wav,Freedom
EpbcSXHX_Mo_sentence_121.wav,Do you understand?
EpbcSXHX_Mo_sentence_127.wav,Somewhat.
EpbcSXHX_Mo_sentence_128.wav,It's somewhat difficult.
EpbcSXHX_Mo_sentence_149.wav,Core.
EpbcSXHX_Mo_sentence_159.wav,This is the core of the problem.
EpbcSXHX_Mo_sentence_160.wav,Arise.
EpbcSXHX_Mo_sentence_168.wav,Dig.
EpbcSXHX_Mo_sentence_169.wav,Dig the deep hole.
EpbcSXHX_Mo_sentence_172.wav,dig.
EpbcSXHX_Mo_sentence_173.wav,Dig a deep hole.
EpbcSXHX_Mo_sentence_182.wav,We need spiritual support.
EpbcSXHX_Mo_sentence_183.wav,Spiritual
EpbcSXHX_Mo_sentence_195.wav,The children behaved beautifully.
EpbcSXHX_Mo_sentence_198.wav,She was beautifully dressed.
EpbcSXHX_Mo_sentence_205.wav,I heard a knock at the door.
EpbcSXHX_Mo_sentence_206.wav,Knock.
EpbcSXHX_Mo_sentence_210.wav,Someone is knocking on the door.
EpbcSXHX_Mo_sentence_298.wav,He is a great spiritual leader.
EpbcSXHX_Mo_sentence_317.wav,Nothing is more precious than independence and liberty.
EpbcSXHX_Mo_sentence_319.wav,She repeatedly said that she was innocent.
EpbcSXHX_Mo_sentence_321.wav,The man repeatedly knocked the door.
EpbcSXHX_Mo_sentence_329.wav,Southern
EpbcSXHX_Mo_sentence_335.wav,She speaks with a southern accent.
EpbcSXHX_Mo_sentence_338.wav,Water is in short supply in many countries.
EpbcSXHX_Mo_sentence_346.wav,She gave birth to twins a week ago.
EpbcSXHX_Mo_sentence_351.wav,The twins look exactly alike.
EpbcSXHX_Mo_sentence_353.wav,Disappointment.
EpbcSXHX_Mo_sentence_369.wav,Attorney
EpbcSXHX_Mo_sentence_385.wav,Growth.
EpbcSXHX_Mo_sentence_388.wav,Gross.
EpbcSXHX_Mo_sentence_391.wav,The rapid growth of the city surprised us.
EpbcSXHX_Mo_sentence_396.wav,Underneath.
EpbcSXHX_Mo_sentence_400.wav,He hid the envelope underneath his coat.
EpbcSXHX_Mo_sentence_401.wav,Tower
EpbcSXHX_Mo_sentence_406.wav,How high is the Eiffel Tower?
EpbcSXHX_Mo_sentence_407.wav,You can see the tower in the distance.
EpbcSXHX_Mo_sentence_411.wav,Have you ever been to the Eiffel Tower?
EpbcSXHX_Mo_sentence_412.wav,brightly.
EpbcSXHX_Mo_sentence_413.wav,she placed a bouquet of brightly coloured flowers on the table.
EpbcSXHX_Mo_sentence_420.wav,Gasoline.
EpbcSXHX_Mo_sentence_423.wav,We almost ran out of gasoline.
EpbcSXHX_Mo_sentence_424.wav,Gasoline is expensive in Vietnam.
EpbcSXHX_Mo_sentence_429.wav,Entertaining.
EpbcSXHX_Mo_sentence_435.wav,This is a very entertaining story.
EpbcSXHX_Mo_sentence_442.wav,He has been out of employment for a month.
EpbcSXHX_Mo_sentence_471.wav,Tunnel
EpbcSXHX_Mo_sentence_475.wav,They disappeared into the tunnel.
EpbcSXHX_Mo_sentence_481.wav,This is the most embarrassing moment of my life.
EpbcSXHX_Mo_sentence_486.wav,There's no excuse for such behavior.
EpbcSXHX_Mo_sentence_488.wav,Behavior
EpbcSXHX_Mo_sentence_496.wav,Tone of voice can indicate feelings.
EpbcSXHX_Mo_sentence_507.wav,Excitement.
EpbcSXHX_Mo_sentence_510.wav,He was unable to hide his excitement.
EpbcSXHX_Mo_sentence_526.wav,Tough.
EpbcSXHX_Mo_sentence_527.wav,That's a tough question.
EpbcSXHX_Mo_sentence_534.wav,This gas is highly poisonous.
EpbcSXHX_Mo_sentence_547.wav,My husband is an attorney.
EpbcSXHX_Mo_sentence_553.wav,Her disappointment was apparent to everyone.
EpbcSXHX_Mo_sentence_554.wav,She couldn't hide her disappointment.
EpbcSXHX_Mo_sentence_557.wav,Judgment.
EpbcSXHX_Mo_sentence_565.wav,Sufficient.
EpbcSXHX_Mo_sentence_586.wav,All personal information is kept strictly confidential.
EpbcSXHX_Mo_sentence_593.wav,Title
EpbcSXHX_Mo_sentence_595.wav,I don't remember the title of that movie.
EpbcSXHX_Mo_sentence_597.wav,What's the title of that book?
EpbcSXHX_Mo_sentence_605.wav,This T V program seems to be very entertaining.
EpbcSXHX_Mo_sentence_615.wav,We're out of stock now and no longer taking orders.
EpbcSXHX_Mo_sentence_640.wav,He was very unsteady on his feet.
EpbcSXHX_Mo_sentence_654.wav,Embarrassing.
EpbcSXHX_Mo_sentence_655.wav,What an embarrassing situation.
EpbcSXHX_Mo_sentence_690.wav,Shut.
EpbcSXHX_Mo_sentence_697.wav,Shut up and listen.
EpbcSXHX_Mo_sentence_699.wav,"I can't shut my suitcase, it's too full."
EpbcSXHX_Mo_sentence_716.wav,I've been invited to give a talk at the conference.
EpbcSXHX_Mo_sentence_717.wav,Curl.
EpbcSXHX_Mo_sentence_719.wav,She keeps her hair in curls.
EpbcSXHX_Mo_sentence_726.wav,"Turn off the radio, please."
EpbcSXHX_Mo_sentence_727.wav,I often listen to the radio on the way to work.
EpbcSXHX_Mo_sentence_729.wav,Competition.
EpbcSXHX_Mo_sentence_730.wav,He dropped out of the competition.
EpbcSXHX_Mo_sentence_752.wav,The house only needs minor repairs.
EpbcSXHX_Mo_sentence_766.wav,He has a sufficient income to support his family.
EpbcSXHX_Mo_sentence_792.wav,Festival
EpbcSXHX_Mo_sentence_793.wav,Our school festival was held last month.
EpbcSXHX_Mo_sentence_800.wav,Chin.
EpbcSXHX_Mo_sentence_801.wav,I tried to keep my chin up.
EpbcSXHX_Mo_sentence_806.wav,She has a beautiful chin.
EpbcSXHX_Mo_sentence_811.wav,Tuesday.
EpbcSXHX_Mo_sentence_813.wav,It has been raining since Tuesday.
EpbcSXHX_Mo_sentence_814.wav,Badly.
EpbcSXHX_Mo_sentence_852.wav,My immediate boss is tough to please.
EpbcSXHX_Mo_sentence_892.wav,Competition
EpbcSXHX_Mo_sentence_899.wav,Are you worried about the competition?
EpbcSXHX_Mo_sentence_903.wav,Furlough.
EpbcSXHX_Mo_sentence_906.wav,I curl the paper.
EpbcSXHX_Mo_sentence_914.wav,We can rely on his judgment.
FBB4oj5xIIQ_sentence_019.wav,Cigarette.
FBB4oj5xIIQ_sentence_026.wav,Everyone.
FBB4oj5xIIQ_sentence_031.wav,Almost everyone here can speak English.
FBB4oj5xIIQ_sentence_038.wav,The story gets more and more exciting.
FBB4oj5xIIQ_sentence_053.wav,The football match went into extra time.
FBB4oj5xIIQ_sentence_062.wav,She ignores him completely.
FBB4oj5xIIQ_sentence_063.wav,I trust him completely.
FBB4oj5xIIQ_sentence_070.wav,He failed to finish the race.
FBB4oj5xIIQ_sentence_073.wav,Fine.
FBB4oj5xIIQ_sentence_079.wav,Please continue with your story. It's really interesting.
FBB4oj5xIIQ_sentence_084.wav,She is watering the flowers.
FBB4oj5xIIQ_sentence_086.wav,What's your favorite flower?
FBB4oj5xIIQ_sentence_097.wav,date.
FBB4oj5xIIQ_sentence_1003.wav,Rarely
FBB4oj5xIIQ_sentence_1008.wav,I rarely listen to the radio.
FBB4oj5xIIQ_sentence_1017.wav,Anxiety.
FBB4oj5xIIQ_sentence_1022.wav,Novel
FBB4oj5xIIQ_sentence_1023.wav,This novel is boring.
FBB4oj5xIIQ_sentence_1029.wav,Blow The wind is blowing from the west.
FBB4oj5xIIQ_sentence_103.wav,I'm D Fresh.
FBB4oj5xIIQ_sentence_1031.wav,I want people to be blown away when I do what they don't expect.
FBB4oj5xIIQ_sentence_1032.wav,"The wind is blowing from the west,"
FBB4oj5xIIQ_sentence_1044.wav,Check your inbox frequently.
FBB4oj5xIIQ_sentence_1055.wav,Place.
FBB4oj5xIIQ_sentence_1062.wav,Sport.
FBB4oj5xIIQ_sentence_1063.wav,What's your favorite sport?
FBB4oj5xIIQ_sentence_1068.wav,Soccer is the most popular sport in Brazil.
FBB4oj5xIIQ_sentence_107.wav,The fish is very fresh.
FBB4oj5xIIQ_sentence_1071.wav,Her talents are not fully appreciated in that company.
FBB4oj5xIIQ_sentence_1080.wav,How can you be so confident?
FBB4oj5xIIQ_sentence_1091.wav,Do you know her?
FBB4oj5xIIQ_sentence_1096.wav,What do you like about her?
FBB4oj5xIIQ_sentence_110.wav,He is a fun guy.
FBB4oj5xIIQ_sentence_1100.wav,You can't expect to learn a foreign language in a week.
FBB4oj5xIIQ_sentence_1109.wav,The article covered a wide range of topics.
FBB4oj5xIIQ_sentence_1111.wav,Situation
FBB4oj5xIIQ_sentence_1118.wav,Cinema
FBB4oj5xIIQ_sentence_1121.wav,We decided to go to the cinema.
FBB4oj5xIIQ_sentence_113.wav,Dead.
FBB4oj5xIIQ_sentence_1130.wav,Go ahead with your story.
FBB4oj5xIIQ_sentence_1134.wav,Are you free this weekend?
FBB4oj5xIIQ_sentence_1139.wav,Come.
FBB4oj5xIIQ_sentence_1144.wav,They came here as immigrants.
FBB4oj5xIIQ_sentence_1150.wav,What makes you so sad?
FBB4oj5xIIQ_sentence_1158.wav,Reply
FBB4oj5xIIQ_sentence_125.wav,Gold.
FBB4oj5xIIQ_sentence_129.wav,"Which is heavier, lead or gold?"
FBB4oj5xIIQ_sentence_130.wav,Decision.
FBB4oj5xIIQ_sentence_144.wav,Hotel.
FBB4oj5xIIQ_sentence_146.wav,Do you know that hotel?
FBB4oj5xIIQ_sentence_157.wav,We need a detailed description of what happened.
FBB4oj5xIIQ_sentence_160.wav,Water is important for human life.
FBB4oj5xIIQ_sentence_176.wav,Education is the key to success.
FBB4oj5xIIQ_sentence_189.wav,Effort.
FBB4oj5xIIQ_sentence_195.wav,Effort. Joke.
FBB4oj5xIIQ_sentence_205.wav,How long does the movie last?
FBB4oj5xIIQ_sentence_225.wav,"Sorry, I can't lend you this book. It's a library book."
FBB4oj5xIIQ_sentence_230.wav,Holiday
FBB4oj5xIIQ_sentence_232.wav,She advised him to take a long holiday.
FBB4oj5xIIQ_sentence_233.wav,Do you have any special plans for the holidays?
FBB4oj5xIIQ_sentence_258.wav,Mary
FBB4oj5xIIQ_sentence_259.wav,She decided to marry him.
FBB4oj5xIIQ_sentence_261.wav,I've been married for five years.
FBB4oj5xIIQ_sentence_270.wav,Leave.
FBB4oj5xIIQ_sentence_292.wav,Is this the last lesson?
FBB4oj5xIIQ_sentence_300.wav,What did you do this morning?
FBB4oj5xIIQ_sentence_304.wav,See you tomorrow morning.
FBB4oj5xIIQ_sentence_315.wav,Please move the chair. It's in the way.
FBB4oj5xIIQ_sentence_320.wav,Night.
FBB4oj5xIIQ_sentence_321.wav,Good night.
FBB4oj5xIIQ_sentence_323.wav,What happened last night?
FBB4oj5xIIQ_sentence_342.wav,Try it once more.
FBB4oj5xIIQ_sentence_348.wav,Manage
FBB4oj5xIIQ_sentence_367.wav,She left home ten minutes ago.
FBB4oj5xIIQ_sentence_372.wav,Page.
FBB4oj5xIIQ_sentence_375.wav,"For further information, see page sixteen."
FBB4oj5xIIQ_sentence_379.wav,Path.
FBB4oj5xIIQ_sentence_383.wav,We walked along a narrow path.
FBB4oj5xIIQ_sentence_384.wav,Everyone needs to find their own path.
FBB4oj5xIIQ_sentence_385.wav,Three men blocked her path.
FBB4oj5xIIQ_sentence_386.wav,Mother.
FBB4oj5xIIQ_sentence_391.wav,I want to see your mother.
FBB4oj5xIIQ_sentence_392.wav,She's a mother of three.
FBB4oj5xIIQ_sentence_393.wav,Pen.
FBB4oj5xIIQ_sentence_400.wav,Pick.
FBB4oj5xIIQ_sentence_403.wav,I'll pick you up in 10 minutes.
FBB4oj5xIIQ_sentence_407.wav,Myself.
FBB4oj5xIIQ_sentence_411.wav,May I introduce myself?
FBB4oj5xIIQ_sentence_412.wav,Possible.
FBB4oj5xIIQ_sentence_425.wav,"We made a quick decision, but it turned out to be a good one."
FBB4oj5xIIQ_sentence_426.wav,Near.
FBB4oj5xIIQ_sentence_443.wav,Do you have any experience that is relevant to this job?
FBB4oj5xIIQ_sentence_465.wav,His success is the result of hard work.
FBB4oj5xIIQ_sentence_483.wav,Patient.
FBB4oj5xIIQ_sentence_490.wav,Select.
FBB4oj5xIIQ_sentence_500.wav,You should go home and get some sleep.
FBB4oj5xIIQ_sentence_514.wav,Do you hear something?
FBB4oj5xIIQ_sentence_536.wav,I'm sorry for being late.
FBB4oj5xIIQ_sentence_542.wav,"Everyone, please stand up."
FBB4oj5xIIQ_sentence_543.wav,"Don't just stand there, do something."
FBB4oj5xIIQ_sentence_550.wav,Where is your school?
FBB4oj5xIIQ_sentence_551.wav,I met her on my way to school.
FBB4oj5xIIQ_sentence_552.wav,I go to school by bus.
FBB4oj5xIIQ_sentence_559.wav,She stared at me for a while.
FBB4oj5xIIQ_sentence_562.wav,How long are you going to stay here?
FBB4oj5xIIQ_sentence_574.wav,Stuff.
FBB4oj5xIIQ_sentence_577.wav,I can't believe you eat that stuff.
FBB4oj5xIIQ_sentence_581.wav,Table
FBB4oj5xIIQ_sentence_602.wav,Top.
FBB4oj5xIIQ_sentence_615.wav,Something similar happened to me a few years ago.
FBB4oj5xIIQ_sentence_616.wav,Translate.
FBB4oj5xIIQ_sentence_630.wav,Sit.
FBB4oj5xIIQ_sentence_631.wav,"Excuse me, can I sit here?"
FBB4oj5xIIQ_sentence_648.wav,How is the weather today?
FBB4oj5xIIQ_sentence_668.wav,It is not appropriate for you to do this.
FBB4oj5xIIQ_sentence_683.wav,The manager approved our plan.
FBB4oj5xIIQ_sentence_686.wav,Assistant
FBB4oj5xIIQ_sentence_693.wav,Wait.
FBB4oj5xIIQ_sentence_695.wav,How long do I have to wait?
FBB4oj5xIIQ_sentence_699.wav,Please sit here and wait.
FBB4oj5xIIQ_sentence_710.wav,He packed his bags and left. Where is your bag?
FBB4oj5xIIQ_sentence_712.wav,Weak.
FBB4oj5xIIQ_sentence_729.wav,yourself.
FBB4oj5xIIQ_sentence_731.wav,Believe in yourself.
FBB4oj5xIIQ_sentence_749.wav,She has the ability to manage a business.
FBB4oj5xIIQ_sentence_765.wav,He glanced at the clock.
FBB4oj5xIIQ_sentence_771.wav,She lives in an apartment above us.
FBB4oj5xIIQ_sentence_777.wav,She put on her coat and went out.
FBB4oj5xIIQ_sentence_781.wav,Sheep concerned.
FBB4oj5xIIQ_sentence_789.wav,Against
FBB4oj5xIIQ_sentence_793.wav,Everyone was against them.
FBB4oj5xIIQ_sentence_794.wav,Don't lean against this wall.
FBB4oj5xIIQ_sentence_795.wav,That's against the law. Customer.
FBB4oj5xIIQ_sentence_802.wav,Dangerous.
FBB4oj5xIIQ_sentence_803.wav,It is dangerous to swim here.
FBB4oj5xIIQ_sentence_818.wav,Beyond The sea is beyond the hill.
FBB4oj5xIIQ_sentence_819.wav,He pointed to a spot beyond the trees. The sea is beyond the hill.
FBB4oj5xIIQ_sentence_828.wav,Common.
FBB4oj5xIIQ_sentence_833.wav,Ear.
FBB4oj5xIIQ_sentence_842.wav,Dao.
FBB4oj5xIIQ_sentence_848.wav,Why do you doubt me?
FBB4oj5xIIQ_sentence_856.wav,Annoy
FBB4oj5xIIQ_sentence_863.wav,Are you going to sell your house?
FBB4oj5xIIQ_sentence_869.wav,Maybe they're busy.
FBB4oj5xIIQ_sentence_878.wav,Concern.
FBB4oj5xIIQ_sentence_881.wav,I appreciate your concern.
FBB4oj5xIIQ_sentence_915.wav,"Come on you guys, let's get going."
FBB4oj5xIIQ_sentence_918.wav,Thinking
FBB4oj5xIIQ_sentence_932.wav,"He is neither young nor old, neither fat nor thin, neither handsome nor ugly."
FBB4oj5xIIQ_sentence_944.wav,Rise.
FBB4oj5xIIQ_sentence_951.wav,Wrong.
FBB4oj5xIIQ_sentence_955.wav,There is something wrong with him.
FBB4oj5xIIQ_sentence_965.wav,Enter.
FBB4oj5xIIQ_sentence_979.wav,Gas.
FBB4oj5xIIQ_sentence_984.wav,Light.
FBB4oj5xIIQ_sentence_991.wav,Particular.
FBB4oj5xIIQ_sentence_996.wav,Difference.
FGBLtAJdMqE_sentence_011.wav,I can understand your anger in this situation.
FGBLtAJdMqE_sentence_015.wav,He ran out of the room in anger.
FGBLtAJdMqE_sentence_020.wav,I'm sorry for your loss.
FGBLtAJdMqE_sentence_023.wav,deeply.
FGBLtAJdMqE_sentence_049.wav,Divorce.
FGBLtAJdMqE_sentence_056.wav,Furniture.
FGBLtAJdMqE_sentence_060.wav,There is no furniture left in the room.
FGBLtAJdMqE_sentence_070.wav,Thirsty.
FGBLtAJdMqE_sentence_081.wav,How do you want your hair cut?
FGBLtAJdMqE_sentence_096.wav,They both love reading.
FGBLtAJdMqE_sentence_1003.wav,I iron my clothes every morning.
FGBLtAJdMqE_sentence_1017.wav,Reward
FGBLtAJdMqE_sentence_1019.wav,He promised to reward me for my work.
FGBLtAJdMqE_sentence_1029.wav,He is obviously drunk.
FGBLtAJdMqE_sentence_1031.wav,They
FGBLtAJdMqE_sentence_1033.wav,They agreed to work together.
FGBLtAJdMqE_sentence_1038.wav,Multiply.
FGBLtAJdMqE_sentence_104.wav,Start.
FGBLtAJdMqE_sentence_1048.wav,We had a secret meeting.
FGBLtAJdMqE_sentence_1057.wav,Plan.
FGBLtAJdMqE_sentence_1062.wav,I'm busy planning the party.
FGBLtAJdMqE_sentence_1064.wav,Call.
FGBLtAJdMqE_sentence_109.wav,He just started a new job.
FGBLtAJdMqE_sentence_1099.wav,She didn't show up.
FGBLtAJdMqE_sentence_123.wav,Is there a bank around here?
FGBLtAJdMqE_sentence_126.wav,We have to review the situation carefully.
FGBLtAJdMqE_sentence_132.wav,Wet.
FGBLtAJdMqE_sentence_164.wav,I demand an explanation.
FGBLtAJdMqE_sentence_172.wav,Discussion.
FGBLtAJdMqE_sentence_186.wav,Hoo.
FGBLtAJdMqE_sentence_191.wav,I will support you wholeheartedly.
FGBLtAJdMqE_sentence_192.wav,I read the whole book in one day.
FGBLtAJdMqE_sentence_197.wav,"I know it sounds silly, but it's true."
FGBLtAJdMqE_sentence_204.wav,He is always generous to poor people.
FGBLtAJdMqE_sentence_210.wav,My husband earns one hundred thousand dollars a year.
FGBLtAJdMqE_sentence_224.wav,The sun is about to rise.
FGBLtAJdMqE_sentence_258.wav,"Despite our differences, I have enormous respect for him."
FGBLtAJdMqE_sentence_262.wav,He deserves to be treated with respect.
FGBLtAJdMqE_sentence_267.wav,Can you give me some additional information about your situation?
FGBLtAJdMqE_sentence_268.wav,How much is the additional charge?
FGBLtAJdMqE_sentence_271.wav,Specifically
FGBLtAJdMqE_sentence_283.wav,Angry.
FGBLtAJdMqE_sentence_288.wav,What made you so angry?
FGBLtAJdMqE_sentence_311.wav,There's something inside this box.
FGBLtAJdMqE_sentence_330.wav,Complicated.
FGBLtAJdMqE_sentence_343.wav,"If I pay all debts, I'll have no money left."
FGBLtAJdMqE_sentence_365.wav,Thank you. You're welcome.
FGBLtAJdMqE_sentence_373.wav,Career
FGBLtAJdMqE_sentence_380.wav,I tried to read her thought.
FGBLtAJdMqE_sentence_392.wav,Alcohol.
FGBLtAJdMqE_sentence_396.wav,Do you have alcohol-free drinks?
FGBLtAJdMqE_sentence_397.wav,Pleased.
FGBLtAJdMqE_sentence_407.wav,This is a highly recommended restaurant.
FGBLtAJdMqE_sentence_409.wav,Average.
FGBLtAJdMqE_sentence_426.wav,Drive it.
FGBLtAJdMqE_sentence_429.wav,Can you take over the driving for a while?
FGBLtAJdMqE_sentence_438.wav,Fire.
FGBLtAJdMqE_sentence_446.wav,That old man caught a large fish.
FGBLtAJdMqE_sentence_447.wav,I bought a new fishing rod.
FGBLtAJdMqE_sentence_451.wav,Fishing is not allowed here.
FGBLtAJdMqE_sentence_452.wav,Frequent.
FGBLtAJdMqE_sentence_461.wav,They asked me several questions.
FGBLtAJdMqE_sentence_473.wav,The environment here is polluted.
FGBLtAJdMqE_sentence_506.wav,Why didn't you call me last night?
FGBLtAJdMqE_sentence_515.wav,deal.
FGBLtAJdMqE_sentence_516.wav,I made a deal with him.
FGBLtAJdMqE_sentence_517.wav,What's the deal?
FGBLtAJdMqE_sentence_529.wav,Exception.
FGBLtAJdMqE_sentence_555.wav,Sine.
FGBLtAJdMqE_sentence_562.wav,Song
FGBLtAJdMqE_sentence_569.wav,Face.
FGBLtAJdMqE_sentence_583.wav,Dentist.
FGBLtAJdMqE_sentence_590.wav,Hold.
FGBLtAJdMqE_sentence_600.wav,He married again six months after the divorce.
FGBLtAJdMqE_sentence_609.wav,A go.
FGBLtAJdMqE_sentence_616.wav,Some
FGBLtAJdMqE_sentence_636.wav,I couldn't see any stars in the sky.
FGBLtAJdMqE_sentence_638.wav,Dictionary
FGBLtAJdMqE_sentence_647.wav,Traveling by boat has a lot of fun. The boy rowing the boat is a friend of mine.
FGBLtAJdMqE_sentence_663.wav,This winter is very cold.
FGBLtAJdMqE_sentence_667.wav,Ocean
FGBLtAJdMqE_sentence_669.wav,"She lives near the ocean, but she can't swim."
FGBLtAJdMqE_sentence_670.wav,The Pacific Ocean is the largest ocean in the world.
FGBLtAJdMqE_sentence_675.wav,"Wherever you go, I will follow you."
FGBLtAJdMqE_sentence_679.wav,Already.
FGBLtAJdMqE_sentence_681.wav,"We got there early, but he had already left."
FGBLtAJdMqE_sentence_683.wav,Volume
FGBLtAJdMqE_sentence_685.wav,The radio is too loud. Turn the volume down.
FGBLtAJdMqE_sentence_686.wav,Can you turn the volume down?
FGBLtAJdMqE_sentence_688.wav,Correct.
FGBLtAJdMqE_sentence_692.wav,These answers are correct.
FGBLtAJdMqE_sentence_707.wav,Feed.
FGBLtAJdMqE_sentence_712.wav,Rare.
FGBLtAJdMqE_sentence_717.wav,Apple.
FGBLtAJdMqE_sentence_720.wav,An apple a day keeps the doctor away.
FGBLtAJdMqE_sentence_722.wav,Would you like a glass of apple juice?
FGBLtAJdMqE_sentence_727.wav,I bought a very beautiful and cheap dress yesterday.
FGBLtAJdMqE_sentence_734.wav,I hear that his father is in another country.
FGBLtAJdMqE_sentence_746.wav,What style of further
FGBLtAJdMqE_sentence_747.wav,Furniture
FGBLtAJdMqE_sentence_749.wav,Write your name in capital letters.
FGBLtAJdMqE_sentence_763.wav,Ton
FGBLtAJdMqE_sentence_775.wav,Head.
FGBLtAJdMqE_sentence_781.wav,Please be polite to our guests.
FGBLtAJdMqE_sentence_782.wav,She's very kind and polite.
FGBLtAJdMqE_sentence_810.wav,Does this price include tax?
FGBLtAJdMqE_sentence_827.wav,Client
FGBLtAJdMqE_sentence_832.wav,The lawyer has a lot of wealthy clients.
FGBLtAJdMqE_sentence_838.wav,Please accept my congratulations.
FGBLtAJdMqE_sentence_839.wav,You've passed your driving test. Congratulations.
FGBLtAJdMqE_sentence_855.wav,Tie.
FGBLtAJdMqE_sentence_857.wav,I think this tie will go great with that shirt.
FGBLtAJdMqE_sentence_862.wav,Helpful.
FGBLtAJdMqE_sentence_871.wav,You'd better go home.
FGBLtAJdMqE_sentence_873.wav,Why don't we go home?
FGBLtAJdMqE_sentence_877.wav,This coat cost$120.
FGBLtAJdMqE_sentence_889.wav,What a mess!
FGBLtAJdMqE_sentence_925.wav,Every
FGBLtAJdMqE_sentence_927.wav,She wakes him up every day at 6.30.
FGBLtAJdMqE_sentence_931.wav,Every day I start my work at 8 a.m.
FGBLtAJdMqE_sentence_935.wav,Your problem is similar to mine.
FGBLtAJdMqE_sentence_939.wav,Rather
FGBLtAJdMqE_sentence_946.wav,Material
FGBLtAJdMqE_sentence_954.wav,What did you tell the police?
FGBLtAJdMqE_sentence_955.wav,The police arrested the suspect yesterday.
FGBLtAJdMqE_sentence_958.wav,Anyway.
FGBLtAJdMqE_sentence_959.wav,"It's too expensive, and anyway, the color doesn't suit you."
FGBLtAJdMqE_sentence_960.wav,It's too late now anyway.
FGBLtAJdMqE_sentence_961.wav,Don't worry about being late. It doesn't matter anyway.
FGBLtAJdMqE_sentence_972.wav,Magazine
FGBLtAJdMqE_sentence_998.wav,Clothes.
FMZvsN1t13I_sentence_007.wav,Shame.
FMZvsN1t13I_sentence_018.wav,I am determined to give up smoking.
FMZvsN1t13I_sentence_020.wav,She's a determined woman.
FMZvsN1t13I_sentence_027.wav,The play is based on a real-life event.
FMZvsN1t13I_sentence_035.wav,Town
FMZvsN1t13I_sentence_042.wav,Higher.
FMZvsN1t13I_sentence_070.wav,Aware.
FMZvsN1t13I_sentence_087.wav,What's your favorite kind of book?
FMZvsN1t13I_sentence_089.wav,Beat.
FMZvsN1t13I_sentence_098.wav,He could not walk any further.
FMZvsN1t13I_sentence_099.wav,We need to look further into this matter.
FMZvsN1t13I_sentence_110.wav,Heat.
FMZvsN1t13I_sentence_130.wav,Please fasten your seatbelts and prepare for departure.
FMZvsN1t13I_sentence_139.wav,Fever.
FMZvsN1t13I_sentence_141.wav,Do you have a fever?
FMZvsN1t13I_sentence_153.wav,Outline.
FMZvsN1t13I_sentence_158.wav,Block.
FMZvsN1t13I_sentence_171.wav,You should take the doctor's advice.
FMZvsN1t13I_sentence_207.wav,Yet.
FMZvsN1t13I_sentence_212.wav,I'm not ready yet.
FMZvsN1t13I_sentence_217.wav,The complicated problem has been solved.
FMZvsN1t13I_sentence_218.wav,She was a complicated woman.
FMZvsN1t13I_sentence_221.wav,Person
FMZvsN1t13I_sentence_223.wav,Who is the person in charge here?
FMZvsN1t13I_sentence_227.wav,He seems like a good person.
FMZvsN1t13I_sentence_228.wav,Client.
FMZvsN1t13I_sentence_229.wav,How many clients do you have?
FMZvsN1t13I_sentence_235.wav,Approach
FMZvsN1t13I_sentence_248.wav,I am deeply in debt now.
FMZvsN1t13I_sentence_249.wav,Good.
FMZvsN1t13I_sentence_256.wav,Close.
FMZvsN1t13I_sentence_263.wav,Wallet
FMZvsN1t13I_sentence_268.wav,Where's your wallet?
FMZvsN1t13I_sentence_271.wav,I went to the cinema with my family last Sunday.
FMZvsN1t13I_sentence_275.wav,She never goes to the cinema.
FMZvsN1t13I_sentence_277.wav,Manager.
FMZvsN1t13I_sentence_279.wav,I'm the new manager here.
FMZvsN1t13I_sentence_281.wav,He's a hotel manager.
FMZvsN1t13I_sentence_284.wav,Company.
FMZvsN1t13I_sentence_288.wav,Which company do you work for?
FMZvsN1t13I_sentence_295.wav,There are only three candidates for the job.
FMZvsN1t13I_sentence_298.wav,Delivery.
FMZvsN1t13I_sentence_303.wav,Station
FMZvsN1t13I_sentence_308.wav,"Excuse me, where is the nearest bus station?"
FMZvsN1t13I_sentence_309.wav,She picked me up at the station.
FMZvsN1t13I_sentence_313.wav,Congratulations on your graduation.
FMZvsN1t13I_sentence_317.wav,Shop
FMZvsN1t13I_sentence_319.wav,Where is the coffee shop?
FMZvsN1t13I_sentence_331.wav,Nurse
FMZvsN1t13I_sentence_334.wav,Their daughter is a nurse.
FMZvsN1t13I_sentence_338.wav,Claim.
FMZvsN1t13I_sentence_349.wav,I am responsible for this failure.
FMZvsN1t13I_sentence_350.wav,Don't blame others for your failure.
FMZvsN1t13I_sentence_351.wav,His project ended in failure.
FMZvsN1t13I_sentence_352.wav,Decrease.
FMZvsN1t13I_sentence_359.wav,Discuss.
FMZvsN1t13I_sentence_360.wav,Let's discuss the plan.
FMZvsN1t13I_sentence_364.wav,We discuss where we should go.
FMZvsN1t13I_sentence_365.wav,I see no reason to discuss it further.
FMZvsN1t13I_sentence_378.wav,He was jealous of their happiness.
FMZvsN1t13I_sentence_379.wav,"Happiness is a journey, not a destination."
FMZvsN1t13I_sentence_380.wav,Complicate.
FMZvsN1t13I_sentence_383.wav,She often complicates everything.
FMZvsN1t13I_sentence_385.wav,Suppose
FMZvsN1t13I_sentence_396.wav,The bowl contains many kinds of candy.
FMZvsN1t13I_sentence_397.wav,Put
FMZvsN1t13I_sentence_400.wav,Can I put it here?
FMZvsN1t13I_sentence_401.wav,Don't put it on my desk.
FMZvsN1t13I_sentence_404.wav,Cold.
FMZvsN1t13I_sentence_409.wav,It's getting colder and colder.
FMZvsN1t13I_sentence_411.wav,Push.
FMZvsN1t13I_sentence_416.wav,She pushed him out the door.
FMZvsN1t13I_sentence_418.wav,Daily.
FMZvsN1t13I_sentence_423.wav,Leg.
FMZvsN1t13I_sentence_429.wav,I think my leg is broken.
FMZvsN1t13I_sentence_439.wav,How long have you been living on this island?
FMZvsN1t13I_sentence_465.wav,Deep.
FMZvsN1t13I_sentence_470.wav,Do you know how deep the water is?
FMZvsN1t13I_sentence_479.wav,Research
FMZvsN1t13I_sentence_484.wav,Deal.
FMZvsN1t13I_sentence_494.wav,She works at a post office.
FMZvsN1t13I_sentence_503.wav,White.
FMZvsN1t13I_sentence_505.wav,I bought a white shirt yesterday.
FMZvsN1t13I_sentence_507.wav,My favorite colour is white.
FMZvsN1t13I_sentence_509.wav,Is there any taste in the white of an egg?
FMZvsN1t13I_sentence_516.wav,He is definitely not a gentleman.
FMZvsN1t13I_sentence_517.wav,Dream.
FMZvsN1t13I_sentence_518.wav,My dream is to travel around the world.
FMZvsN1t13I_sentence_519.wav,I'll tell you about a dream I had a few weeks ago.
FiivHZZEXCU_sentence_001.wav,There are so many rules and regulations in this company.
FiivHZZEXCU_sentence_043.wav,Opposition
FiivHZZEXCU_sentence_052.wav,He is a mysterious person.
FiivHZZEXCU_sentence_067.wav,I'll monitor your progress.
FiivHZZEXCU_sentence_088.wav,Tube.
FiivHZZEXCU_sentence_096.wav,Slight.
FiivHZZEXCU_sentence_126.wav,Analysis
FiivHZZEXCU_sentence_143.wav,Please choose a more secure password.
FiivHZZEXCU_sentence_146.wav,Secure.
FiivHZZEXCU_sentence_165.wav,Operate.
FiivHZZEXCU_sentence_168.wav,Heal.
FiivHZZEXCU_sentence_192.wav,You should follow these regulations.
FiivHZZEXCU_sentence_195.wav,Backwards.
FiivHZZEXCU_sentence_201.wav,"I am a slow walker, but I never walk backwards."
FiivHZZEXCU_sentence_202.wav,Surprisingly.
FiivHZZEXCU_sentence_209.wav,"Surprisingly enough, he turned out to be a thief."
FiivHZZEXCU_sentence_213.wav,Quietly.
FiivHZZEXCU_sentence_214.wav,She quietly entered the room.
FiivHZZEXCU_sentence_215.wav,"It's time, he said quietly."
FiivHZZEXCU_sentence_216.wav,Please close the door quietly.
FiivHZZEXCU_sentence_217.wav,Singing
FiivHZZEXCU_sentence_221.wav,I'm not very good at singing.
FiivHZZEXCU_sentence_265.wav,Unwilling.
FiivHZZEXCU_sentence_274.wav,Shake.
FiivHZZEXCU_sentence_277.wav,Don't shake the table.
FiivHZZEXCU_sentence_293.wav,Partnership.
FiivHZZEXCU_sentence_298.wav,Stretch.
FiivHZZEXCU_sentence_312.wav,This data isn't accurate at all.
FiivHZZEXCU_sentence_361.wav,Stiff.
FiivHZZEXCU_sentence_386.wav,We should act morally.
FiivHZZEXCU_sentence_387.wav,His behavior is morally unacceptable.
FiivHZZEXCU_sentence_388.wav,Morally
FiivHZZEXCU_sentence_464.wav,I wonder what the advantage of this technique is.
FiivHZZEXCU_sentence_496.wav,I started stepping backwards in the direction of the doors.
FiivHZZEXCU_sentence_497.wav,"Look forward with hope, not backwards with regret."
FiivHZZEXCU_sentence_509.wav,Mysterious
FiivHZZEXCU_sentence_516.wav,There is a connection between smoking and lung cancer.
FiivHZZEXCU_sentence_524.wav,I have connections in the government.
FiivHZZEXCU_sentence_541.wav,"It doesn't matter whether it rains or shines, we'll be here."
FiivHZZEXCU_sentence_542.wav,The sun is shining brightly.
FiivHZZEXCU_sentence_638.wav,You need to stretch before exercising.
FiivHZZEXCU_sentence_647.wav,Skirt.
FiivHZZEXCU_sentence_650.wav,Where did you buy that skirt?
FiivHZZEXCU_sentence_651.wav,Dislike.
FiivHZZEXCU_sentence_656.wav,We dislike violence.
FiivHZZEXCU_sentence_659.wav,Tropical.
FiivHZZEXCU_sentence_662.wav,Tropical
FiivHZZEXCU_sentence_671.wav,It rains continuously.
FiivHZZEXCU_sentence_675.wav,Tank.
FiivHZZEXCU_sentence_676.wav,This tank has a capacity of thirty liters.
FiivHZZEXCU_sentence_680.wav,Grandmother
FiivHZZEXCU_sentence_681.wav,My grandmother is still very active at 85.
FiivHZZEXCU_sentence_684.wav,His grandmother looks healthy.
FiivHZZEXCU_sentence_689.wav,Undo
FiivHZZEXCU_sentence_707.wav,Toy.
FiivHZZEXCU_sentence_710.wav,I live next door to the toy shop.
FiivHZZEXCU_sentence_711.wav,She staff.
FiivHZZEXCU_sentence_713.wav,I will discuss it with my staff.
FiivHZZEXCU_sentence_714.wav,All of our staff is eager to help you in any way we can.
FiivHZZEXCU_sentence_715.wav,The company employs 20 full-time staff.
FiivHZZEXCU_sentence_718.wav,Summary
FiivHZZEXCU_sentence_725.wav,"In summary, this was a disappointing performance."
FiivHZZEXCU_sentence_728.wav,It is harmless for the environment.
FiivHZZEXCU_sentence_729.wav,Harmless.
FiivHZZEXCU_sentence_732.wav,He is completely harmless.
FiivHZZEXCU_sentence_734.wav,Shocked.
FiivHZZEXCU_sentence_738.wav,I was shocked to see this.
FiivHZZEXCU_sentence_749.wav,Surround.
FiivHZZEXCU_sentence_750.wav,The lake is surrounded by mountains.
FiivHZZEXCU_sentence_766.wav,I don't like spicy food.
FiivHZZEXCU_sentence_768.wav,Korean food is very spicy.
FiivHZZEXCU_sentence_769.wav,I engineering.
FiivHZZEXCU_sentence_773.wav,Engineering.
FiivHZZEXCU_sentence_803.wav,I went into partnership with him.
FiivHZZEXCU_sentence_831.wav,I want to shake your hand.
FiivHZZEXCU_sentence_835.wav,I'm starting to dislike her.
FiivHZZEXCU_sentence_852.wav,My watch is not very accurate.
FiivHZZEXCU_sentence_888.wav,He glanced at her with no sign of recognition.
FiivHZZEXCU_sentence_889.wav,Recognition
FiivHZZEXCU_sentence_896.wav,He drew s monitor.
GUMaa1S8TAw_sentence_046.wav,Soap.
GUMaa1S8TAw_sentence_047.wav,Wash your hands with soap and water.
GUMaa1S8TAw_sentence_048.wav,Give me a bar of soap.
GUMaa1S8TAw_sentence_056.wav,Soap bubbles are beautiful but very fragile.
GUMaa1S8TAw_sentence_059.wav,It's no use trying to convince him.
GUMaa1S8TAw_sentence_060.wav,I was convinced by his explanation.
GUMaa1S8TAw_sentence_079.wav,Term
GUMaa1S8TAw_sentence_094.wav,We meet on a monthly basis.
GUMaa1S8TAw_sentence_096.wav,My clients are treated on an equal basis.
GUMaa1S8TAw_sentence_117.wav,"It was a long, tiring day."
GUMaa1S8TAw_sentence_136.wav,Your room is very untidy.
GUMaa1S8TAw_sentence_150.wav,Distance.
GUMaa1S8TAw_sentence_158.wav,Recover.
GUMaa1S8TAw_sentence_161.wav,Will he recover soon?
GUMaa1S8TAw_sentence_212.wav,The police investigated the accident thoroughly.
GUMaa1S8TAw_sentence_282.wav,President Obama won a second term.
GUMaa1S8TAw_sentence_302.wav,Wooden
GUMaa1S8TAw_sentence_303.wav,How much is that wooden chair?
GUMaa1S8TAw_sentence_309.wav,She has a wooden comb.
GUMaa1S8TAw_sentence_310.wav,Fault.
GUMaa1S8TAw_sentence_316.wav,I like him despite all his faults.
GUMaa1S8TAw_sentence_317.wav,Do you think it's my fault?
GUMaa1S8TAw_sentence_318.wav,Enjoyable.
GUMaa1S8TAw_sentence_323.wav,Learning a foreign language is truly enjoyable.
GUMaa1S8TAw_sentence_330.wav,She has a small waist.
GUMaa1S8TAw_sentence_335.wav,What is your waist size?
GUMaa1S8TAw_sentence_336.wav,He put his arm around her waist.
GUMaa1S8TAw_sentence_342.wav,What's all the excitement about?
GUMaa1S8TAw_sentence_348.wav,This game lacks excitement.
GUMaa1S8TAw_sentence_365.wav,She is now working at a drugstore.
GUMaa1S8TAw_sentence_372.wav,Charity.
GUMaa1S8TAw_sentence_410.wav,Toilet.
GUMaa1S8TAw_sentence_412.wav,"Excuse me, where's the toilet?"
GUMaa1S8TAw_sentence_430.wav,Ally.
GUMaa1S8TAw_sentence_432.wav,He is a close ally of the Prime Minister.
GUMaa1S8TAw_sentence_433.wav,Ally
GUMaa1S8TAw_sentence_449.wav,Sting.
GUMaa1S8TAw_sentence_453.wav,I got stung by a bee.
GUMaa1S8TAw_sentence_468.wav,dissolve.
GUMaa1S8TAw_sentence_503.wav,Nephew
GUMaa1S8TAw_sentence_507.wav,I have two nephews.
GUMaa1S8TAw_sentence_508.wav,He is my nephew.
GUMaa1S8TAw_sentence_511.wav,Discussed.
GUMaa1S8TAw_sentence_513.wav,The dirty plates in the restaurant disgusted us.
GUMaa1S8TAw_sentence_524.wav,Why do you give everything to charity?
GUMaa1S8TAw_sentence_529.wav,Do you have any questions or comments?
GUMaa1S8TAw_sentence_534.wav,I look forward to your comments on the report.
GUMaa1S8TAw_sentence_549.wav,Engine
GUMaa1S8TAw_sentence_557.wav,There's a problem with the engine.
GUMaa1S8TAw_sentence_559.wav,The engine is running smoothly now.
GUMaa1S8TAw_sentence_560.wav,Cable.
GUMaa1S8TAw_sentence_587.wav,What's your favorite TV series?
GUMaa1S8TAw_sentence_593.wav,Educate.
GUMaa1S8TAw_sentence_594.wav,She was educated by her grandfather.
GUMaa1S8TAw_sentence_596.wav,He was born in England but was educated in America.
GUMaa1S8TAw_sentence_622.wav,Fund.
GUMaa1S8TAw_sentence_632.wav,It's unreasonable to expect him to work every weekend.
GUMaa1S8TAw_sentence_636.wav,You a dish.
GUMaa1S8TAw_sentence_638.wav,He broke the dish.
GUMaa1S8TAw_sentence_639.wav,Can you help me wash these dishes?
GUMaa1S8TAw_sentence_640.wav,Don't touch that dish. It's very hot.
GUMaa1S8TAw_sentence_651.wav,Establish
GUMaa1S8TAw_sentence_676.wav,We can see the island in the distance.
GUMaa1S8TAw_sentence_677.wav,Have you ever been in a long-distance relationship?
GUMaa1S8TAw_sentence_706.wav,May I use your toilet?
GUMaa1S8TAw_sentence_710.wav,Don't forget to flush the toilet.
GUMaa1S8TAw_sentence_711.wav,Unlucky.
GUMaa1S8TAw_sentence_712.wav,Do you believe thirteen is an unlucky number?
GUMaa1S8TAw_sentence_715.wav,He's been unlucky in love.
GUMaa1S8TAw_sentence_724.wav,Classroom.
GUMaa1S8TAw_sentence_729.wav,When did she leave the classroom?
GUMaa1S8TAw_sentence_730.wav,The classroom was crash.
GUMaa1S8TAw_sentence_738.wav,My computer crashed and I lost everything.
GUMaa1S8TAw_sentence_778.wav,Do these insects sting?
GUMaa1S8TAw_sentence_780.wav,We must defend our freedom at all cost.
GUMaa1S8TAw_sentence_797.wav,I have completely recovered.
GUMaa1S8TAw_sentence_799.wav,I hope so.
GUMaa1S8TAw_sentence_800.wav,He's still recovering from his operation.
GUMaa1S8TAw_sentence_838.wav,I don't think you fully understand the consequences.
GUMaa1S8TAw_sentence_839.wav,He takes the consequence of not studying hard.
GUMaa1S8TAw_sentence_847.wav,Roll
GUMaa1S8TAw_sentence_849.wav,Roll the ball to me.
GUMaa1S8TAw_sentence_850.wav,The ball rolled down the hill.
GUMaa1S8TAw_sentence_851.wav,Roll.
GUMaa1S8TAw_sentence_854.wav,Let's get the ball rolling.
GUMaa1S8TAw_sentence_865.wav,Outstanding.
GUMaa1S8TAw_sentence_874.wav,Who gave you this document?
GUMaa1S8TAw_sentence_892.wav,They treated her unfairly.
GUMaa1S8TAw_sentence_897.wav,Tackle
GUMaa1S8TAw_sentence_910.wav,He was dismissed without notice.
GUMaa1S8TAw_sentence_923.wav,Drum.
GUMaa1S8TAw_sentence_933.wav,There is a big drum in my school.
GUMaa1S8TAw_sentence_943.wav,She commonly arrives home late after work.
GUksrGBeln0_sentence_021.wav,He drives a hard bargain.
GUksrGBeln0_sentence_053.wav,A new tax was imposed on cigarettes.
GUksrGBeln0_sentence_057.wav,All of my relatives are living in this city.
GUksrGBeln0_sentence_125.wav,The shop promised to keep the goods for me if I paid a deposit.
GUksrGBeln0_sentence_148.wav,We failed to reach this month's sales targets.
GUksrGBeln0_sentence_149.wav,Their target market is teenagers.
GUksrGBeln0_sentence_151.wav,This is our primary target.
GUksrGBeln0_sentence_157.wav,Minister.
GUksrGBeln0_sentence_162.wav,He had an interview with the Prime Minister.
GUksrGBeln0_sentence_186.wav,He permitted them to walk in the garden.
GUksrGBeln0_sentence_203.wav,Trading
GUksrGBeln0_sentence_206.wav,I work for a trading company in Ho Chi Minh City.
GUksrGBeln0_sentence_210.wav,He spoke with a regional accent.
GUksrGBeln0_sentence_218.wav,"In addition to English, I can speak basic Japanese."
GUksrGBeln0_sentence_222.wav,"In addition to being a doctor, he is a writer."
GUksrGBeln0_sentence_224.wav,Elsewhere.
GUksrGBeln0_sentence_228.wav,"Our favorite restaurant was full, so we had to go elsewhere."
GUksrGBeln0_sentence_254.wav,Abandon.
GUksrGBeln0_sentence_275.wav,There's nothing suspicious about that.
GUksrGBeln0_sentence_304.wav,I didn't mean to frighten you.
GUksrGBeln0_sentence_322.wav,The house was strangely quiet.
GUksrGBeln0_sentence_325.wav,She's been behaving very strangely lately.
GUksrGBeln0_sentence_334.wav,They say love is blind.
GUksrGBeln0_sentence_338.wav,What is the punishment for murder?
GUksrGBeln0_sentence_339.wav,He deserves the punishment.
GUksrGBeln0_sentence_340.wav,Punishment.
GUksrGBeln0_sentence_347.wav,You could get arrested for doing that.
GUksrGBeln0_sentence_349.wav,Arrest.
GUksrGBeln0_sentence_352.wav,The thief was arrested and put in jail.
GUksrGBeln0_sentence_367.wav,She declined to say more about it.
GUksrGBeln0_sentence_396.wav,Someone robbed the bank last night.
GUksrGBeln0_sentence_397.wav,Rob.
GUksrGBeln0_sentence_423.wav,Is your salary adequate to support your family?
GUksrGBeln0_sentence_440.wav,What's the secret ingredient?
GUksrGBeln0_sentence_452.wav,Curtain
GUksrGBeln0_sentence_454.wav,She pulled the curtain aside.
GUksrGBeln0_sentence_456.wav,Let's shoot.
GUksrGBeln0_sentence_457.wav,"Don't shoot, I surrender."
GUksrGBeln0_sentence_458.wav,"Don't move, or I'll shoot."
GUksrGBeln0_sentence_459.wav,I'm not going to shoot you.
GUksrGBeln0_sentence_463.wav,I love his chin. It looks attractive.
GUksrGBeln0_sentence_464.wav,Draft.
GUksrGBeln0_sentence_465.wav,He is busy with the final draft.
GUksrGBeln0_sentence_466.wav,I am writing a draft of the speech.
GUksrGBeln0_sentence_475.wav,Curly
GUksrGBeln0_sentence_476.wav,She's got curly hair.
GUksrGBeln0_sentence_480.wav,My hair is just naturally thick and curly.
GUksrGBeln0_sentence_483.wav,Murder.
GUksrGBeln0_sentence_488.wav,I'm investigating a murder.
GUksrGBeln0_sentence_490.wav,Who was murdered?
GUksrGBeln0_sentence_494.wav,Butter.
GUksrGBeln0_sentence_498.wav,He likes bread and butter. Is there any butter in the refrigerator?
GUksrGBeln0_sentence_499.wav,Sweater.
GUksrGBeln0_sentence_500.wav,She bought me a new sweater today.
GUksrGBeln0_sentence_501.wav,This sweater is mine.
GUksrGBeln0_sentence_502.wav,I'm looking for a sweater.
GUksrGBeln0_sentence_503.wav,Sh attorney.
GUksrGBeln0_sentence_505.wav,He trusted his defense attorney.
GUksrGBeln0_sentence_511.wav,Evil
GUksrGBeln0_sentence_514.wav,Evil.
GUksrGBeln0_sentence_517.wav,He is an evil man.
GUksrGBeln0_sentence_521.wav,He was badly injured in a traffic accident.
GUksrGBeln0_sentence_530.wav,Apparent
GUksrGBeln0_sentence_538.wav,Chemical
GUksrGBeln0_sentence_539.wav,This is the chemical composition of the atmosphere.
GUksrGBeln0_sentence_541.wav,It contained harmful chemicals.
GUksrGBeln0_sentence_542.wav,Threatening.
GUksrGBeln0_sentence_543.wav,He sent me a threatening letter.
GUksrGBeln0_sentence_556.wav,I think I need to dig into the problem a bit more.
GUksrGBeln0_sentence_557.wav,The dog is digging a hole.
GUksrGBeln0_sentence_573.wav,"You paid$2,000 to fix that old car? You got robbed."
GUksrGBeln0_sentence_577.wav,Plastic.
GUksrGBeln0_sentence_578.wav,This toy is made of plastic.
GUksrGBeln0_sentence_580.wav,College.
GUksrGBeln0_sentence_591.wav,Purple.
GUksrGBeln0_sentence_592.wav,I like that purple shirt.
GUksrGBeln0_sentence_593.wav,His socks are purple.
GUksrGBeln0_sentence_594.wav,Criticism.
GUksrGBeln0_sentence_606.wav,He is in good physical condition.
GUksrGBeln0_sentence_608.wav,Physical
GUksrGBeln0_sentence_612.wav,Mental health is as important as physical health.
GUksrGBeln0_sentence_613.wav,Publication
GUksrGBeln0_sentence_617.wav,The book is now ready for publication.
GUksrGBeln0_sentence_621.wav,Rudely.
GUksrGBeln0_sentence_624.wav,Rudely
GUksrGBeln0_sentence_625.wav,What do you want? she asked rudely.
GUksrGBeln0_sentence_629.wav,Dance.
GUksrGBeln0_sentence_631.wav,Would you like to dance with me?
GUksrGBeln0_sentence_632.wav,Who taught you how to dance?
GUksrGBeln0_sentence_633.wav,Sheep.
GUksrGBeln0_sentence_645.wav,The glasses are small in comparison with the old ones.
GUksrGBeln0_sentence_649.wav,Generation
GUksrGBeln0_sentence_662.wav,"Essentially, they are amateurs."
GUksrGBeln0_sentence_670.wav,"Strangely,"
GUksrGBeln0_sentence_673.wav,"Strangely enough, I don't feel nervous at all."
GUksrGBeln0_sentence_674.wav,Strangely.
GUksrGBeln0_sentence_686.wav,Science can be used for good or evil purposes.
GUksrGBeln0_sentence_708.wav,I have relatives in Japan.
GUksrGBeln0_sentence_711.wav,Investigation
GUksrGBeln0_sentence_729.wav,She's at the peak of her career.
GUksrGBeln0_sentence_745.wav,What was your major in college?
GUksrGBeln0_sentence_760.wav,You should consult a doctor if the symptoms get worse.
GUksrGBeln0_sentence_805.wav,I drafted a letter of resignation.
GUksrGBeln0_sentence_816.wav,How many sheep are there in the field altogether?
GUksrGBeln0_sentence_831.wav,Neighborhood.
GUksrGBeln0_sentence_838.wav,"You shouldn't have done that, he said in a threatening tone."
GUksrGBeln0_sentence_854.wav,This plastic chair is very cheap.
GUksrGBeln0_sentence_856.wav,Your screams frightened me.
GUksrGBeln0_sentence_868.wav,He rudely interrupted me.
GUksrGBeln0_sentence_885.wav,You shouldn't impose your opinion on others.
GUksrGBeln0_sentence_920.wav,He asked me an awkward question.
GUksrGBeln0_sentence_922.wav,Lightly.
GUksrGBeln0_sentence_923.wav,He kissed her lightly on the cheek.
GUksrGBeln0_sentence_940.wav,I will punish him severely.
GUksrGBeln0_sentence_950.wav,She is essentially generous.
GUksrGBeln0_sentence_969.wav,His disappointment was apparent to everyone.
GUksrGBeln0_sentence_976.wav,It's quite apparent that you don't want to do it.
H8V-qX2PKdA_sentence_010.wav,He is deeply in debt now.
H8V-qX2PKdA_sentence_012.wav,Beach
H8V-qX2PKdA_sentence_037.wav,I'm sorry for shouting at you.
H8V-qX2PKdA_sentence_042.wav,Practical.
H8V-qX2PKdA_sentence_052.wav,She gave me some practical advice.
H8V-qX2PKdA_sentence_087.wav,Appreciate
H8V-qX2PKdA_sentence_1012.wav,It's 10 o'clock sharp.
H8V-qX2PKdA_sentence_1021.wav,Official
H8V-qX2PKdA_sentence_1026.wav,This news is official.
H8V-qX2PKdA_sentence_107.wav,Can you guarantee that?
H8V-qX2PKdA_sentence_115.wav,I guarantee that he will come back safe and sound.
H8V-qX2PKdA_sentence_150.wav,capital.
H8V-qX2PKdA_sentence_157.wav,Blue.
H8V-qX2PKdA_sentence_168.wav,Modern
H8V-qX2PKdA_sentence_180.wav,Step
H8V-qX2PKdA_sentence_185.wav,We heard steps outside.
H8V-qX2PKdA_sentence_195.wav,Why were you absent yesterday?
H8V-qX2PKdA_sentence_225.wav,Here.
H8V-qX2PKdA_sentence_236.wav,Subject.
H8V-qX2PKdA_sentence_251.wav,Milk.
H8V-qX2PKdA_sentence_260.wav,Wages are paid weekly.
H8V-qX2PKdA_sentence_266.wav,Generally
H8V-qX2PKdA_sentence_270.wav,"Generally speaking, women live longer than men."
H8V-qX2PKdA_sentence_272.wav,Korean food is generally very spicy.
H8V-qX2PKdA_sentence_273.wav,Worried.
H8V-qX2PKdA_sentence_274.wav,She is worried about her weight.
H8V-qX2PKdA_sentence_275.wav,We're all very worried about you.
H8V-qX2PKdA_sentence_276.wav,I'm very worried about your health.
H8V-qX2PKdA_sentence_280.wav,Hungry.
H8V-qX2PKdA_sentence_283.wav,They are hungry to learn more.
H8V-qX2PKdA_sentence_284.wav,Charge.
H8V-qX2PKdA_sentence_285.wav,It's free of charge.
H8V-qX2PKdA_sentence_298.wav,I need to improve my English vocabulary.
H8V-qX2PKdA_sentence_299.wav,Your vocabulary is very good.
H8V-qX2PKdA_sentence_337.wav,Intend
H8V-qX2PKdA_sentence_352.wav,Lay.
H8V-qX2PKdA_sentence_359.wav,Film
H8V-qX2PKdA_sentence_360.wav,This film is based on a novel.
H8V-qX2PKdA_sentence_361.wav,Have you ever watched this film?
H8V-qX2PKdA_sentence_365.wav,Would you like to have dinner with us?
H8V-qX2PKdA_sentence_367.wav,"Unfortunately, the store was closed."
H8V-qX2PKdA_sentence_371.wav,Annual
H8V-qX2PKdA_sentence_376.wav,What's your annual income?
H8V-qX2PKdA_sentence_378.wav,Beautiful.
H8V-qX2PKdA_sentence_382.wav,"It's going to be a beautiful day, Sarah said. Object, object."
H8V-qX2PKdA_sentence_390.wav,Blame.
H8V-qX2PKdA_sentence_391.wav,I don't blame you.
H8V-qX2PKdA_sentence_393.wav,She blamed all the mistakes on me.
H8V-qX2PKdA_sentence_397.wav,Willing.
H8V-qX2PKdA_sentence_398.wav,I'm willing to help you.
H8V-qX2PKdA_sentence_401.wav,I extent.
H8V-qX2PKdA_sentence_433.wav,His weekly wages are$50.
H8V-qX2PKdA_sentence_434.wav,candidate.
H8V-qX2PKdA_sentence_445.wav,Girlfriend
H8V-qX2PKdA_sentence_447.wav,I'm waiting for my girlfriend.
H8V-qX2PKdA_sentence_448.wav,What's your girlfriend's name?
H8V-qX2PKdA_sentence_449.wav,Support.
H8V-qX2PKdA_sentence_467.wav,I wonder who started that rumor.
H8V-qX2PKdA_sentence_472.wav,It's up to you.
H8V-qX2PKdA_sentence_484.wav,"Instead,"
H8V-qX2PKdA_sentence_485.wav,"Since we had no sugar, we used honey instead."
H8V-qX2PKdA_sentence_490.wav,"Instead of buying a new car, I bought a used one."
H8V-qX2PKdA_sentence_502.wav,Downstairs.
H8V-qX2PKdA_sentence_504.wav,They're downstairs.
H8V-qX2PKdA_sentence_508.wav,She is going downstairs to take a cup of coffee.
H8V-qX2PKdA_sentence_509.wav,colleague.
H8V-qX2PKdA_sentence_511.wav,His colleagues gave him a present when he retired.
H8V-qX2PKdA_sentence_512.wav,My colleagues welcomed me warmly.
H8V-qX2PKdA_sentence_515.wav,He invited me to the party.
H8V-qX2PKdA_sentence_520.wav,I didn't know I was invited.
H8V-qX2PKdA_sentence_521.wav,Quite.
H8V-qX2PKdA_sentence_527.wav,I don't quite understand what you are saying.
H8V-qX2PKdA_sentence_550.wav,Almost.
H8V-qX2PKdA_sentence_551.wav,I like almost all of them.
H8V-qX2PKdA_sentence_557.wav,Currently.
H8V-qX2PKdA_sentence_560.wav,currently.
H8V-qX2PKdA_sentence_561.wav,How many people are currently working for you?
H8V-qX2PKdA_sentence_565.wav,Four.
H8V-qX2PKdA_sentence_568.wav,She cooks for him every day.
H8V-qX2PKdA_sentence_571.wav,The weather on this island is warm all the year round.
H8V-qX2PKdA_sentence_575.wav,This sweater is so warm.
H8V-qX2PKdA_sentence_577.wav,Mark.
H8V-qX2PKdA_sentence_607.wav,Find
H8V-qX2PKdA_sentence_612.wav,I have to find a part-time job.
H8V-qX2PKdA_sentence_618.wav,Way
H8V-qX2PKdA_sentence_622.wav,I weigh fifty-eight kilograms.
H8V-qX2PKdA_sentence_623.wav,Lady
H8V-qX2PKdA_sentence_624.wav,Who is that lady?
H8V-qX2PKdA_sentence_650.wav,His ideas are always practical.
H8V-qX2PKdA_sentence_664.wav,Object. Object.
H8V-qX2PKdA_sentence_716.wav,He laid a hand on my shoulder.
H8V-qX2PKdA_sentence_718.wav,Wash.
H8V-qX2PKdA_sentence_737.wav,I can do it by myself.
H8V-qX2PKdA_sentence_749.wav,Turn.
H8V-qX2PKdA_sentence_761.wav,Anything.
H8V-qX2PKdA_sentence_762.wav,Would you like anything else?
H8V-qX2PKdA_sentence_772.wav,Influence
H8V-qX2PKdA_sentence_799.wav,Weekly.
H8V-qX2PKdA_sentence_815.wav,I'm here to support you.
H8V-qX2PKdA_sentence_839.wav,The examiners failed half the candidates.
H8V-qX2PKdA_sentence_863.wav,Up.
H8V-qX2PKdA_sentence_866.wav,Please stand up for the national anthem.
H8V-qX2PKdA_sentence_901.wav,I enjoy being with you.
H8V-qX2PKdA_sentence_909.wav,Do you enjoy walking on the beach?
H8V-qX2PKdA_sentence_910.wav,Did you enjoy the movie?
H8V-qX2PKdA_sentence_914.wav,How will you pay your debts?
H8V-qX2PKdA_sentence_930.wav,Find.
H8V-qX2PKdA_sentence_932.wav,I'm sure I'll be able to find it.
H8V-qX2PKdA_sentence_950.wav,He is deaf in one ear.
H8V-qX2PKdA_sentence_974.wav,Cause
H8V-qX2PKdA_sentence_987.wav,Don't forget to wear a tie.
H8V-qX2PKdA_sentence_989.wav,He's wearing sunglasses.
H8V-qX2PKdA_sentence_992.wav,Theirs.
H8V-qX2PKdA_sentence_995.wav,That book is theirs.
H94_jEKPmt4_sentence_008.wav,Life is just a blank slate. What matters most is what you write on it.
H94_jEKPmt4_sentence_009.wav,Chief.
H94_jEKPmt4_sentence_067.wav,Convention
H94_jEKPmt4_sentence_071.wav,There will be a convention next Thursday.
H94_jEKPmt4_sentence_091.wav,Estate.
H94_jEKPmt4_sentence_094.wav,How much is his estate worth?
H94_jEKPmt4_sentence_106.wav,This is an ordinary task.
H94_jEKPmt4_sentence_142.wav,Deliberate.
H94_jEKPmt4_sentence_150.wav,BREATHING His breathing was shallow.
H94_jEKPmt4_sentence_151.wav,Breathing.
H94_jEKPmt4_sentence_154.wav,Restore
H94_jEKPmt4_sentence_165.wav,Pale.
H94_jEKPmt4_sentence_166.wav,You look pale. Are you okay?
H94_jEKPmt4_sentence_176.wav,He is waiting impatiently.
H94_jEKPmt4_sentence_178.wav,Pile.
H94_jEKPmt4_sentence_209.wav,She could see herself reflected in his eyes.
H94_jEKPmt4_sentence_232.wav,Horror.
H94_jEKPmt4_sentence_237.wav,What's your favorite horror movie?
H94_jEKPmt4_sentence_251.wav,He tried to gain her affection.
H94_jEKPmt4_sentence_270.wav,Construct.
H94_jEKPmt4_sentence_283.wav,Her health has improved sufficiently to allow her to return to work.
H94_jEKPmt4_sentence_328.wav,What have you discovered?
H94_jEKPmt4_sentence_330.wav,Discover.
H94_jEKPmt4_sentence_346.wav,It doesn't bother me to walk in the rain.
H94_jEKPmt4_sentence_355.wav,Don't bother waking me up at 4 a.m. I don't plan to go fishing to morrow.
H94_jEKPmt4_sentence_359.wav,"It's quite simple, Chief."
H94_jEKPmt4_sentence_384.wav,Blank
H94_jEKPmt4_sentence_385.wav,Sign your name in the blank space at the bottom of the form. Her mind went blank.
H94_jEKPmt4_sentence_393.wav,Disgusted.
H94_jEKPmt4_sentence_401.wav,Determination.
H94_jEKPmt4_sentence_407.wav,I have a tight schedule.
H94_jEKPmt4_sentence_410.wav,Tight.
Ha9kWCZd408_sentence_033.wav,"He looks bad tempered, but he is kind at heart."
Ha9kWCZd408_sentence_070.wav,and title.
Ha9kWCZd408_sentence_085.wav,The graduation ceremony will take place on March 20.
Ha9kWCZd408_sentence_107.wav,The remaining money will be donated to charity. There's nothing remaining in the house.
Ha9kWCZd408_sentence_109.wav,Concrete.
Ha9kWCZd408_sentence_126.wav,Bear.
Ha9kWCZd408_sentence_140.wav,The bathroom is occupied now. The soldiers occupied the building.
Ha9kWCZd408_sentence_141.wav,"Sorry, this seat is occupied."
Ha9kWCZd408_sentence_159.wav,Melts.
Ha9kWCZd408_sentence_163.wav,Melt.
Ha9kWCZd408_sentence_236.wav,Barrier
Ha9kWCZd408_sentence_259.wav,Nest.
Ha9kWCZd408_sentence_263.wav,"If you look closely, you can see a nest in that tree."
Ha9kWCZd408_sentence_264.wav,Washing.
Ha9kWCZd408_sentence_266.wav,I'm repairing the washing machine.
Ha9kWCZd408_sentence_267.wav,I'd like to buy a washing machine.
Ha9kWCZd408_sentence_269.wav,Nail
Ha9kWCZd408_sentence_277.wav,Edition
Ha9kWCZd408_sentence_279.wav,The first edition was published ten years ago.
Ha9kWCZd408_sentence_288.wav,Outer.
Ha9kWCZd408_sentence_303.wav,Hunt.
Ha9kWCZd408_sentence_310.wav,He is being hunted by the police.
Ha9kWCZd408_sentence_311.wav,Industrial
Ha9kWCZd408_sentence_325.wav,Can you guess the meaning of this phrase from the context?
Ha9kWCZd408_sentence_327.wav,Friendship
Ha9kWCZd408_sentence_328.wav,A true friendship will last forever.
Ha9kWCZd408_sentence_331.wav,Friendship.
Ha9kWCZd408_sentence_336.wav,Your friendship means a lot to me.
Ha9kWCZd408_sentence_337.wav,I hope this problem won't affect our friendship.
Ha9kWCZd408_sentence_338.wav,Glue.
Ha9kWCZd408_sentence_342.wav,I glued the pieces of the broken cup back together.
Ha9kWCZd408_sentence_346.wav,Grade
Ha9kWCZd408_sentence_354.wav,Our son is in fourth grade.
Ha9kWCZd408_sentence_382.wav,His extensive knowledge surprises me.
Ha9kWCZd408_sentence_400.wav,"I was feeling particularly bad tempered,"
Ha9kWCZd408_sentence_425.wav,Only members of the club are entitled to use this room.
Ha9kWCZd408_sentence_459.wav,Approximate.
Ha9kWCZd408_sentence_472.wav,"Without inner peace, outer peace is impossible."
Ha9kWCZd408_sentence_473.wav,I want to go to outer space.
Ha9kWCZd408_sentence_509.wav,The new equipment enabled us to finish the work in an hour.
Ha9kWCZd408_sentence_516.wav,Severe
Ha9kWCZd408_sentence_576.wav,There.
Ha9kWCZd408_sentence_586.wav,He didn't understand the context of this paragraph.
Ha9kWCZd408_sentence_594.wav,I have no political ambition.
Ha9kWCZd408_sentence_595.wav,We have different political views.
Ha9kWCZd408_sentence_619.wav,The police captured the thief.
Ha9kWCZd408_sentence_626.wav,I got a good grade on my math test.
Ha9kWCZd408_sentence_630.wav,He anxiously looked around for her.
Ha9kWCZd408_sentence_631.wav,anxiously
Ha9kWCZd408_sentence_641.wav,We restrict the number of students per class to twelve.
Ha9kWCZd408_sentence_667.wav,Noticeable.
Ha9kWCZd408_sentence_675.wav,Substantial.
Ha9kWCZd408_sentence_689.wav,I haven't got any concrete proof.
Ha9kWCZd408_sentence_713.wav,Candy.
Ha9kWCZd408_sentence_714.wav,Making candy at home is not difficult.
Ha9kWCZd408_sentence_715.wav,Our children always want to buy candies when they go to the supermarket.
Ha9kWCZd408_sentence_780.wav,Pin
Ha9kWCZd408_sentence_782.wav,She pinned a rose to her dress.
Ha9kWCZd408_sentence_796.wav,Error
Ha9kWCZd408_sentence_810.wav,Speed is restricted to 40 kilometers per hour in towns.
Ha9kWCZd408_sentence_822.wav,Capture.
Ha9kWCZd408_sentence_836.wav,"As far as I know, this is the latest addition."
Ha9kWCZd408_sentence_838.wav,Is there a paperback edition of this book?
Ha9kWCZd408_sentence_848.wav,Don't waste your youth.
Ha9kWCZd408_sentence_860.wav,This will save us a substantial amount of time.
IQMT42t0by0_sentence_065.wav,Chat.
IQMT42t0by0_sentence_073.wav,He and I often chat on the bus.
IQMT42t0by0_sentence_140.wav,Range
IQMT42t0by0_sentence_147.wav,Definition
IQMT42t0by0_sentence_152.wav,What is your definition of happiness?
IQMT42t0by0_sentence_153.wav,The definition doesn't cover all the meanings of the word.
IQMT42t0by0_sentence_156.wav,"It's not blood, it's tomato sauce."
IQMT42t0by0_sentence_158.wav,Sauce
IQMT42t0by0_sentence_168.wav,Time is our most valuable resource.
IQMT42t0by0_sentence_175.wav,Hell.
IQMT42t0by0_sentence_179.wav,What the hell is going on?
IQMT42t0by0_sentence_180.wav,Get the hell out of here.
IQMT42t0by0_sentence_181.wav,Let him burn in hell.
IQMT42t0by0_sentence_182.wav,Ceiling
IQMT42t0by0_sentence_192.wav,The ceiling from the house is going bad.
IQMT42t0by0_sentence_193.wav,Muscle
IQMT42t0by0_sentence_195.wav,Do you know how to build muscle fast?
IQMT42t0by0_sentence_196.wav,He has very strong muscles.
IQMT42t0by0_sentence_206.wav,Arrangement.
IQMT42t0by0_sentence_214.wav,Have you made all the arrangements for your trip?
IQMT42t0by0_sentence_215.wav,I like the arrangement of the furniture in this room.
IQMT42t0by0_sentence_222.wav,Am I disturbing you?
IQMT42t0by0_sentence_230.wav,His artistic talent is admirable.
IQMT42t0by0_sentence_236.wav,Careless.
IQMT42t0by0_sentence_243.wav,She is careless about the way she dresses.
IQMT42t0by0_sentence_244.wav,Luck.
IQMT42t0by0_sentence_245.wav,Good luck to you.
IQMT42t0by0_sentence_246.wav,You're in luck. There's one ticket left.
IQMT42t0by0_sentence_247.wav,You're out of luck. She's not here.
IQMT42t0by0_sentence_252.wav,Is the exhibit open to the public?
IQMT42t0by0_sentence_262.wav,Electrical.
IQMT42t0by0_sentence_264.wav,Keep away from the electrical equipment.
IQMT42t0by0_sentence_268.wav,He is an electrical engineer.
IQMT42t0by0_sentence_276.wav,You have the freedom to go wherever you like.
IQMT42t0by0_sentence_278.wav,Scientific.
IQMT42t0by0_sentence_284.wav,It's a scientific discovery.
IQMT42t0by0_sentence_286.wav,Devotee.
IQMT42t0by0_sentence_294.wav,Noisy.
IQMT42t0by0_sentence_295.wav,The children are sleeping. Please don't be so noisy.
IQMT42t0by0_sentence_296.wav,He is a noisy boy.
IQMT42t0by0_sentence_297.wav,Cheek.
IQMT42t0by0_sentence_298.wav,Tears rolled down her cheek.
IQMT42t0by0_sentence_299.wav,She kissed him on the cheek.
IQMT42t0by0_sentence_304.wav,Harmful.
IQMT42t0by0_sentence_309.wav,Smoking is harmful to your health.
IQMT42t0by0_sentence_310.wav,This medicine has no harmful side effects.
IQMT42t0by0_sentence_311.wav,It contains harmful chemicals.
IQMT42t0by0_sentence_327.wav,Imply
IQMT42t0by0_sentence_334.wav,Duty.
IQMT42t0by0_sentence_335.wav,It's my duty to help you.
IQMT42t0by0_sentence_345.wav,Dirty.
IQMT42t0by0_sentence_346.wav,His body is dirty.
IQMT42t0by0_sentence_350.wav,The suitcase contained nothing but dirty clothes.
IQMT42t0by0_sentence_351.wav,The kitchen sink was full of dirty dishes.
IQMT42t0by0_sentence_352.wav,Commitment
IQMT42t0by0_sentence_363.wav,Confined.
IQMT42t0by0_sentence_368.wav,You don't need to confine yourself to the subject.
IQMT42t0by0_sentence_385.wav,Instance
IQMT42t0by0_sentence_388.wav,"In most instances, the pain goes away soon."
IQMT42t0by0_sentence_391.wav,The sun disappeared behind a cloud.
IQMT42t0by0_sentence_395.wav,He disappeared in the crowd.
IQMT42t0by0_sentence_396.wav,She disappeared in the dark.
IQMT42t0by0_sentence_397.wav,Elegant.
IQMT42t0by0_sentence_414.wav,Classic.
IQMT42t0by0_sentence_425.wav,Economic
IQMT42t0by0_sentence_430.wav,She majored in economics.
IQMT42t0by0_sentence_448.wav,This method has no scientific basis.
IQMT42t0by0_sentence_459.wav,Indirectly.
IQMT42t0by0_sentence_463.wav,Politicians often answer questions indirectly.
IQMT42t0by0_sentence_464.wav,He was indirectly involved in the robbery.
IQMT42t0by0_sentence_465.wav,Groceries
IQMT42t0by0_sentence_466.wav,Where can I buy some groceries?
IQMT42t0by0_sentence_467.wav,"On the way home, I decided to stop at the store to get some groceries."
IQMT42t0by0_sentence_473.wav,Clerk.
IQMT42t0by0_sentence_484.wav,Electronic.
IQMT42t0by0_sentence_500.wav,Reader
IQMT42t0by0_sentence_519.wav,Strike.
IQMT42t0by0_sentence_531.wav,"After the speech, there will be a question and answer session."
IQMT42t0by0_sentence_536.wav,He was confined to his room.
IQMT42t0by0_sentence_543.wav,Pursue.
IQMT42t0by0_sentence_567.wav,Her dresses are very elegant.
IQMT42t0by0_sentence_568.wav,She looks elegant in black.
IQMT42t0by0_sentence_589.wav,Artistic.
IQMT42t0by0_sentence_595.wav,She comes from an artistic family.
IQMT42t0by0_sentence_616.wav,Retain.
IQMT42t0by0_sentence_639.wav,"I know what you're implying, and I don't like it."
IQMT42t0by0_sentence_650.wav,I need some sauce.
IQMT42t0by0_sentence_665.wav,Brilliant.
IQMT42t0by0_sentence_687.wav,Expand.
IQMT42t0by0_sentence_692.wav,The workers are expanding the road.
IQMT42t0by0_sentence_697.wav,We are trying to expand our markets.
IQMT42t0by0_sentence_725.wav,Definition.
IQMT42t0by0_sentence_770.wav,Examine.
IQMT42t0by0_sentence_793.wav,Are you implying something?
IQMT42t0by0_sentence_802.wav,She is a fast reader.
IQMT42t0by0_sentence_803.wav,She is an avid reader of romantic novels.
IldNF_yojCw_sentence_007.wav,I am not satisfied with my performance today.
IldNF_yojCw_sentence_015.wav,Amazed.
IldNF_yojCw_sentence_041.wav,I've got a boring job in an office.
IldNF_yojCw_sentence_042.wav,Are all your meetings so boring?
IldNF_yojCw_sentence_044.wav,Concern
IldNF_yojCw_sentence_050.wav,It's no concern of mine.
IldNF_yojCw_sentence_074.wav,"Initially, I found it difficult to deal with my new environment."
IldNF_yojCw_sentence_077.wav,Die.
IldNF_yojCw_sentence_078.wav,I will certainly die if you don't call a doctor.
IldNF_yojCw_sentence_079.wav,Are they going to die?
IldNF_yojCw_sentence_080.wav,He died of AIDS.
IldNF_yojCw_sentence_090.wav,Do you understand the situation you're in?
IldNF_yojCw_sentence_099.wav,Fit.
IldNF_yojCw_sentence_1003.wav,How wide is this river?
IldNF_yojCw_sentence_1006.wav,Position
IldNF_yojCw_sentence_1008.wav,Is everybody in position?
IldNF_yojCw_sentence_1009.wav,What would you do in my position?
IldNF_yojCw_sentence_1010.wav,From this position you can see the whole city.
IldNF_yojCw_sentence_1016.wav,"Among, amongst."
IldNF_yojCw_sentence_1024.wav,I wish you a Merry Christmas.
IldNF_yojCw_sentence_1026.wav,I wish I were in Paris now.
IldNF_yojCw_sentence_106.wav,This table doesn't fit well here.
IldNF_yojCw_sentence_112.wav,We should set the alarm clock for seven thirty.
IldNF_yojCw_sentence_129.wav,He told us a very exciting adventure story.
IldNF_yojCw_sentence_130.wav,Life is either a daring adventure or nothing. Helen Keller.
IldNF_yojCw_sentence_136.wav,Soft.
IldNF_yojCw_sentence_139.wav,This pillow is too soft for me.
IldNF_yojCw_sentence_145.wav,Her hobbies are reading and gardening.
IldNF_yojCw_sentence_159.wav,He looked sad and tired.
IldNF_yojCw_sentence_161.wav,Agree.
IldNF_yojCw_sentence_164.wav,I couldn't agree more about it.
IldNF_yojCw_sentence_165.wav,Keep separate. Separate.
IldNF_yojCw_sentence_173.wav,I don't know either of them.
IldNF_yojCw_sentence_179.wav,Please send me all the relevant information.
IldNF_yojCw_sentence_189.wav,Proud.
IldNF_yojCw_sentence_196.wav,Appointment.
IldNF_yojCw_sentence_207.wav,Rich.
IldNF_yojCw_sentence_211.wav,Here yes.
IldNF_yojCw_sentence_213.wav,I asked her out and she said yes.
IldNF_yojCw_sentence_214.wav,Yeah so.
IldNF_yojCw_sentence_217.wav,Is he coming? I hope so.
IldNF_yojCw_sentence_220.wav,It's my favorite song.
IldNF_yojCw_sentence_224.wav,When I hear that s small.
IldNF_yojCw_sentence_225.wav,Can you see that small house?
IldNF_yojCw_sentence_228.wav,Can you single?
IldNF_yojCw_sentence_231.wav,We eat rice every single day.
IldNF_yojCw_sentence_243.wav,Key.
IldNF_yojCw_sentence_244.wav,The key to success is determination.
IldNF_yojCw_sentence_248.wav,Proposal
IldNF_yojCw_sentence_255.wav,Yesterday
IldNF_yojCw_sentence_257.wav,She went to the hospital yesterday.
IldNF_yojCw_sentence_259.wav,Ye report.
IldNF_yojCw_sentence_266.wav,Ours.
IldNF_yojCw_sentence_282.wav,Can I borrow it for about two weeks?
IldNF_yojCw_sentence_290.wav,Touch.
IldNF_yojCw_sentence_292.wav,Keep in touch with me.
IldNF_yojCw_sentence_297.wav,She
IldNF_yojCw_sentence_301.wav,What is hot?
IldNF_yojCw_sentence_302.wav,Your forehead is very hot. I think you might have a fever.
IldNF_yojCw_sentence_308.wav,Thai.
IldNF_yojCw_sentence_314.wav,The boy doesn't know how to tie his shoes.
IldNF_yojCw_sentence_320.wav,Present.
IldNF_yojCw_sentence_328.wav,I am looking for a present for my mother.
IldNF_yojCw_sentence_332.wav,Main
IldNF_yojCw_sentence_334.wav,Our main office is in Ho Chi Minh City.
IldNF_yojCw_sentence_335.wav,This is our main product.
IldNF_yojCw_sentence_336.wav,That's the m shame.
IldNF_yojCw_sentence_337.wav,Shame on you.
IldNF_yojCw_sentence_349.wav,"As far as I know, they always keep their word."
IldNF_yojCw_sentence_351.wav,They're private.
IldNF_yojCw_sentence_355.wav,Private.
IldNF_yojCw_sentence_362.wav,Congratulations.
IldNF_yojCw_sentence_377.wav,His son is a construction worker.
IldNF_yojCw_sentence_378.wav,River
IldNF_yojCw_sentence_379.wav,What is the name of this river?
IldNF_yojCw_sentence_380.wav,I often walk along the river with my dog.
IldNF_yojCw_sentence_384.wav,We cross the river by boat.
IldNF_yojCw_sentence_385.wav,Cup.
IldNF_yojCw_sentence_386.wav,He ordered a cup of coffee.
IldNF_yojCw_sentence_390.wav,Minute
IldNF_yojCw_sentence_393.wav,I'll pick you up in ten minutes.
IldNF_yojCw_sentence_394.wav,I'll be back in thirty minutes.
IldNF_yojCw_sentence_404.wav,None of them could afford fifty dollars for a ticket.
IldNF_yojCw_sentence_406.wav,Who's?
IldNF_yojCw_sentence_408.wav,Whose is this book?
IldNF_yojCw_sentence_411.wav,Mount.
IldNF_yojCw_sentence_413.wav,We need to mount the TV on the wall.
IldNF_yojCw_sentence_416.wav,Sample
IldNF_yojCw_sentence_421.wav,Afterwards
IldNF_yojCw_sentence_435.wav,"No, I'm not."
IldNF_yojCw_sentence_437.wav,Just taste.
IldNF_yojCw_sentence_452.wav,Why?
IldNF_yojCw_sentence_453.wav,Why didn't you call me?
IldNF_yojCw_sentence_455.wav,I wonder why she didn't tell me about it.
IldNF_yojCw_sentence_456.wav,What effort?
IldNF_yojCw_sentence_463.wav,Admire.
IldNF_yojCw_sentence_479.wav,Restaurant
IldNF_yojCw_sentence_481.wav,Do you know a good restaurant near the hotel?
IldNF_yojCw_sentence_490.wav,What's the best way to approach a girl?
IldNF_yojCw_sentence_502.wav,Please set the table for dinner.
IldNF_yojCw_sentence_517.wav,Wind
IldNF_yojCw_sentence_532.wav,This look.
IldNF_yojCw_sentence_534.wav,Don't judge people by their looks.
IldNF_yojCw_sentence_536.wav,She looked at me and smiled.
IldNF_yojCw_sentence_539.wav,Before. They arrived before us.
IldNF_yojCw_sentence_542.wav,They arrived before us.
IldNF_yojCw_sentence_543.wav,All things are difficult before they are easy.
IldNF_yojCw_sentence_544.wav,"With confidence, you have won before you have started."
IldNF_yojCw_sentence_553.wav,Require
IldNF_yojCw_sentence_555.wav,Success usually requires hard work.
IldNF_yojCw_sentence_559.wav,All students are required to be on time for class.
IldNF_yojCw_sentence_561.wav,I will get off at the next station.
IldNF_yojCw_sentence_567.wav,Take.
IldNF_yojCw_sentence_568.wav,Take it easy.
IldNF_yojCw_sentence_569.wav,Take a sweater with you so you don't catch a cold.
IldNF_yojCw_sentence_570.wav,I can't tell you exactly how long it will take to finish it.
IldNF_yojCw_sentence_571.wav,Tick pause.
IldNF_yojCw_sentence_572.wav,"After a pause, the teacher continued the lesson."
IldNF_yojCw_sentence_583.wav,claim.
IldNF_yojCw_sentence_586.wav,He claimed to be the owner of the land.
IldNF_yojCw_sentence_588.wav,He claimed to be the best football player in the school.
IldNF_yojCw_sentence_590.wav,Smoking.
IldNF_yojCw_sentence_591.wav,No smoking.
IldNF_yojCw_sentence_594.wav,No valid.
IldNF_yojCw_sentence_595.wav,How long is this visa valid?
IldNF_yojCw_sentence_597.wav,This ticket is valid for three days.
IldNF_yojCw_sentence_601.wav,course.
IldNF_yojCw_sentence_602.wav,She's thinking of taking a couple of courses at a cooking school.
IldNF_yojCw_sentence_605.wav,Of course she can speak English.
IldNF_yojCw_sentence_616.wav,Even
IldNF_yojCw_sentence_622.wav,I will go there even if it rains.
IldNF_yojCw_sentence_646.wav,Empty.
IldNF_yojCw_sentence_650.wav,"There are three empty rooms. However, we can't use any of them."
IldNF_yojCw_sentence_652.wav,There are some empty bottles in the box.
IldNF_yojCw_sentence_653.wav,Finance
IldNF_yojCw_sentence_658.wav,Skill
IldNF_yojCw_sentence_660.wav,I like to improve my English skills.
IldNF_yojCw_sentence_663.wav,Field
IldNF_yojCw_sentence_666.wav,I'm not an expert in this field.
IldNF_yojCw_sentence_669.wav,She is a leader in her field.
IldNF_yojCw_sentence_676.wav,There's nothing in the fridge.
IldNF_yojCw_sentence_680.wav,My mother bought a new fridge last week.
IldNF_yojCw_sentence_684.wav,He quit his job for no particular reason.
IldNF_yojCw_sentence_692.wav,I need to start exercising and get back in shape.
IldNF_yojCw_sentence_695.wav,What do you do to stay in shape?
IldNF_yojCw_sentence_700.wav,Now
IldNF_yojCw_sentence_701.wav,Where are you living now?
IldNF_yojCw_sentence_702.wav,What should I do now?
IldNF_yojCw_sentence_704.wav,Department.
IldNF_yojCw_sentence_708.wav,Who manages this department?
IldNF_yojCw_sentence_711.wav,Apologize.
IldNF_yojCw_sentence_720.wav,I'm going to register for a cooking class.
IldNF_yojCw_sentence_722.wav,He didn't cut hole.
IldNF_yojCw_sentence_736.wav,Advice.
IldNF_yojCw_sentence_745.wav,His performance was amazing.
IldNF_yojCw_sentence_754.wav,Responsible.
IldNF_yojCw_sentence_758.wav,Who's responsible for this mess?
IldNF_yojCw_sentence_760.wav,She is responsible for designing the entire project.
IldNF_yojCw_sentence_761.wav,Instrument
IldNF_yojCw_sentence_763.wav,What's your favorite musical instrument?
IldNF_yojCw_sentence_764.wav,Can you play any musical instruments?
IldNF_yojCw_sentence_769.wav,I would like to learn to play an instrument.
IldNF_yojCw_sentence_780.wav,I'm pretty sure that he'll agree.
IldNF_yojCw_sentence_781.wav,It's party.
IldNF_yojCw_sentence_785.wav,Who trip?
IldNF_yojCw_sentence_786.wav,Did you have a good trip?
IldNF_yojCw_sentence_788.wav,Do I have to buy a round trip ticket?
IldNF_yojCw_sentence_789.wav,Trip.
IldNF_yojCw_sentence_793.wav,Did you have a good trip? A Ford.
IldNF_yojCw_sentence_796.wav,I can't afford to buy another computer.
IldNF_yojCw_sentence_800.wav,Impress.
IldNF_yojCw_sentence_802.wav,I'm not trying to impress anyone.
IldNF_yojCw_sentence_805.wav,Are you trying to impress me?
IldNF_yojCw_sentence_810.wav,I'm really impressed with your English.
IldNF_yojCw_sentence_822.wav,Worry
IldNF_yojCw_sentence_823.wav,Don't worry about it.
IldNF_yojCw_sentence_824.wav,I think you're worrying too much about the little things.
IldNF_yojCw_sentence_840.wav,Green.
IldNF_yojCw_sentence_844.wav,You need to wait until the light turns green to cross the street.
IldNF_yojCw_sentence_845.wav,Whatever.
IldNF_yojCw_sentence_850.wav,What pet?
IldNF_yojCw_sentence_854.wav,They are both working at the pet store.
IldNF_yojCw_sentence_855.wav,Succeed.
IldNF_yojCw_sentence_858.wav,It seems that you don't want me to succeed.
IldNF_yojCw_sentence_861.wav,I like this coat.
IldNF_yojCw_sentence_865.wav,I like admire.
IldNF_yojCw_sentence_867.wav,I've always admired your determination.
IldNF_yojCw_sentence_873.wav,Adjust.
IldNF_yojCw_sentence_882.wav,She has a very strong personality.
IldNF_yojCw_sentence_884.wav,What doesn't kill us only makes us stronger.
IldNF_yojCw_sentence_885.wav,She has a v other.
IldNF_yojCw_sentence_887.wav,"Some people believe it, while other people don't."
IldNF_yojCw_sentence_902.wav,They kept their plans to themselves.
IldNF_yojCw_sentence_905.wav,Gone with the Wind is a famous novel.
IldNF_yojCw_sentence_910.wav,There's no wind today.
IldNF_yojCw_sentence_911.wav,Positive.
IldNF_yojCw_sentence_930.wav,Else.
IldNF_yojCw_sentence_939.wav,Watch.
IldNF_yojCw_sentence_940.wav,He doesn't watch T V at all.
IldNF_yojCw_sentence_947.wav,I'll send you the schedule.
IldNF_yojCw_sentence_963.wav,He is an unknown artist.
IldNF_yojCw_sentence_967.wav,It's dark outside.
IldNF_yojCw_sentence_970.wav,It's dark young.
IldNF_yojCw_sentence_972.wav,I wish I were young.
IldNF_yojCw_sentence_973.wav,She looks very truck.
IldNF_yojCw_sentence_974.wav,He is a truck driver.
IldNF_yojCw_sentence_975.wav,She nearly got hit by a truck today.
IldNF_yojCw_sentence_976.wav,I drive a delivery truck.
IldNF_yojCw_sentence_977.wav,He towards
IldNF_yojCw_sentence_995.wav,Dish coffee.
IldNF_yojCw_sentence_996.wav,He took me to a coffee shop yesterday.
J1HnyIREUuk_sentence_000.wav,Estimate.
J1HnyIREUuk_sentence_018.wav,I'm satisfied with her progress. I feel like I'm making progress.
J1HnyIREUuk_sentence_067.wav,What an intelligent question.
J1HnyIREUuk_sentence_085.wav,I want you to do some research.
J1HnyIREUuk_sentence_098.wav,Fully
J1HnyIREUuk_sentence_119.wav,His belief in God gave him hope during difficult times. It's the repetition of affirmations that leads to belief.
J1HnyIREUuk_sentence_146.wav,It's a private matter.
J1HnyIREUuk_sentence_213.wav,There is a bookstore in front of the department store.
J1HnyIREUuk_sentence_225.wav,I've never seen such a thing.
J1HnyIREUuk_sentence_233.wav,You can't live a positive life with a negative mind.
J1HnyIREUuk_sentence_252.wav,Experiment
J1HnyIREUuk_sentence_288.wav,The cause of the accident is unknown.
J1HnyIREUuk_sentence_292.wav,The man's identity remains unknown.
J1HnyIREUuk_sentence_325.wav,Help.
J1HnyIREUuk_sentence_334.wav,Let's take a ten minute break. When did she break the window?
J1HnyIREUuk_sentence_336.wav,Let's take a 10-minute break.
J1HnyIREUuk_sentence_344.wav,Will
J1HnyIREUuk_sentence_372.wav,Departure
J1HnyIREUuk_sentence_391.wav,Though
J1HnyIREUuk_sentence_405.wav,Uncle.
J1HnyIREUuk_sentence_409.wav,My uncle bought me this book.
J1HnyIREUuk_sentence_411.wav,Is your uncle still abroad?
J1HnyIREUuk_sentence_412.wav,Especially.
J1HnyIREUuk_sentence_414.wav,"I like walking, especially in the morning."
J1HnyIREUuk_sentence_425.wav,My only worry right now is getting to the airport on time.
J1HnyIREUuk_sentence_433.wav,"Personally,"
J1HnyIREUuk_sentence_445.wav,The old lady climbed the stairs with difficulty.
J1HnyIREUuk_sentence_446.wav,Did you have any difficulty finding the house?
J1HnyIREUuk_sentence_461.wav,Adults.
J1HnyIREUuk_sentence_464.wav,I've lived here all of my adult life.
J1HnyIREUuk_sentence_465.wav,"This movie is for adults, not for children."
J1HnyIREUuk_sentence_473.wav,Journey
J1HnyIREUuk_sentence_477.wav,A journey of a thousand miles begins with a single step.
J1HnyIREUuk_sentence_479.wav,Are you ready to
L8MZhCnzX9M_sentence_017.wav,She was adopted by a rich family when she was a child.
L8MZhCnzX9M_sentence_071.wav,She fell awkwardly and broke her ankle.
L8MZhCnzX9M_sentence_098.wav,We learned some techniques for relieving stress.
L8MZhCnzX9M_sentence_111.wav,Please tell me your exact location.
L8MZhCnzX9M_sentence_165.wav,We advertise the concert quite widely.
L8MZhCnzX9M_sentence_169.wav,I advertised my car for sale.
L8MZhCnzX9M_sentence_185.wav,I think it's time for me to confront that problem.
L8MZhCnzX9M_sentence_186.wav,She confronted him and demanded an apology.
L8MZhCnzX9M_sentence_207.wav,The roof is made of thatch.
L8MZhCnzX9M_sentence_248.wav,His parents noticed a dramatic change in his behavior.
L8MZhCnzX9M_sentence_266.wav,What do you think about that issue?
L8MZhCnzX9M_sentence_272.wav,The magazine is issued twice a month.
L8MZhCnzX9M_sentence_304.wav,Location
L8MZhCnzX9M_sentence_306.wav,The meeting is taking place at a secret location.
L8MZhCnzX9M_sentence_326.wav,Everybody can see that he has a crush on her.
L8MZhCnzX9M_sentence_382.wav,Princess
L8MZhCnzX9M_sentence_383.wav,You look like a princess in that dress.
L8MZhCnzX9M_sentence_384.wav,She is the Princess of Japan.
L8MZhCnzX9M_sentence_392.wav,Package
L8MZhCnzX9M_sentence_398.wav,Who gave you that package?
L8MZhCnzX9M_sentence_399.wav,Bake.
L8MZhCnzX9M_sentence_403.wav,She bakes her own bread.
L8MZhCnzX9M_sentence_404.wav,Did you fry it or bake it?
L8MZhCnzX9M_sentence_506.wav,The committee adopted the proposal.
L8MZhCnzX9M_sentence_527.wav,Don't be so dramatic.
L8MZhCnzX9M_sentence_572.wav,Do you have a crush on Mary?
L8MZhCnzX9M_sentence_574.wav,The king crushed his enemies.
L8MZhCnzX9M_sentence_588.wav,Some people like small cars and some people like big cars. It's a matter of personal preference.
L8MZhCnzX9M_sentence_625.wav,They are proud of their children's achievements.
L8MZhCnzX9M_sentence_637.wav,He is lying unconscious on the floor.
L8MZhCnzX9M_sentence_646.wav,Deserted.
L8MZhCnzX9M_sentence_654.wav,Suffering.
L8MZhCnzX9M_sentence_659.wav,Grab.
L8MZhCnzX9M_sentence_672.wav,Photograph
L8MZhCnzX9M_sentence_676.wav,Here is a photograph of my family.
L8MZhCnzX9M_sentence_677.wav,You are not allowed to take photographs here.
L8MZhCnzX9M_sentence_680.wav,Accent
L8MZhCnzX9M_sentence_691.wav,Junior
L8MZhCnzX9M_sentence_693.wav,My sister is five years junior to me.
L8MZhCnzX9M_sentence_706.wav,You can't put toothpaste back in the tube.
L8MZhCnzX9M_sentence_709.wav,Mixture
L8MZhCnzX9M_sentence_710.wav,The city is a mixture of old and new buildings.
L8MZhCnzX9M_sentence_712.wav,Entertainment
L8MZhCnzX9M_sentence_718.wav,Music is a form of entertainment.
L8MZhCnzX9M_sentence_719.wav,They played games in the evening for entertainment.
L8MZhCnzX9M_sentence_720.wav,Install
L8MZhCnzX9M_sentence_728.wav,Remote.
L8MZhCnzX9M_sentence_729.wav,I live in a remote area.
L8MZhCnzX9M_sentence_736.wav,Hit.
L8MZhCnzX9M_sentence_744.wav,Court.
L8MZhCnzX9M_sentence_746.wav,Tom has to go to court tomorrow.
L8MZhCnzX9M_sentence_761.wav,"I'm sorry, he said awkwardly."
L8MZhCnzX9M_sentence_766.wav,Frightening.
L8MZhCnzX9M_sentence_771.wav,Offense.
L8MZhCnzX9M_sentence_775.wav,"Sorry, I didn't mean to give offence."
L8MZhCnzX9M_sentence_779.wav,Shocking.
L8MZhCnzX9M_sentence_782.wav,I got shocking news today.
L8MZhCnzX9M_sentence_792.wav,Gamble.
L8MZhCnzX9M_sentence_797.wav,"I like to gamble for fun, and I know when to quit."
L8MZhCnzX9M_sentence_805.wav,He spent all his time gambling in the casino.
MYQ5iy3aRSo_sentence_004.wav,Anticipate.
MYQ5iy3aRSo_sentence_017.wav,Employment
MYQ5iy3aRSo_sentence_034.wav,The nurse wrapped the baby in a blanket.
MYQ5iy3aRSo_sentence_072.wav,I observed that his hands were unsteady.
MYQ5iy3aRSo_sentence_092.wav,Media
MYQ5iy3aRSo_sentence_122.wav,She accepts criticism from anyone but her parents.
MYQ5iy3aRSo_sentence_136.wav,Lip.
MYQ5iy3aRSo_sentence_141.wav,He licked his lips.
MYQ5iy3aRSo_sentence_142.wav,She had a smile on her lips.
MYQ5iy3aRSo_sentence_147.wav,Exhibition
MYQ5iy3aRSo_sentence_151.wav,Have you ever seen the Picasso exhibition?
MYQ5iy3aRSo_sentence_154.wav,And sure.
MYQ5iy3aRSo_sentence_164.wav,This medicine will ensure you a good night's sleep.
MYQ5iy3aRSo_sentence_181.wav,Net.
MYQ5iy3aRSo_sentence_192.wav,We have a good crop of tomatoes this year.
MYQ5iy3aRSo_sentence_193.wav,Innocent.
MYQ5iy3aRSo_sentence_195.wav,He is an innocent child.
MYQ5iy3aRSo_sentence_201.wav,"Businessman, businesswoman."
MYQ5iy3aRSo_sentence_203.wav,She's a successful businesswoman.
MYQ5iy3aRSo_sentence_206.wav,Newly
MYQ5iy3aRSo_sentence_225.wav,Observation
MYQ5iy3aRSo_sentence_229.wav,Children learn by observation.
MYQ5iy3aRSo_sentence_246.wav,He is a dangerous opponent.
MYQ5iy3aRSo_sentence_254.wav,This shirt is relatively expensive.
MYQ5iy3aRSo_sentence_257.wav,Occasion
MYQ5iy3aRSo_sentence_259.wav,This is a special occasion.
MYQ5iy3aRSo_sentence_264.wav,He never drinks except on special occasions.
MYQ5iy3aRSo_sentence_294.wav,He impressed me with his magic tricks.
MYQ5iy3aRSo_sentence_301.wav,Farming
MYQ5iy3aRSo_sentence_303.wav,They have years of experience in farming.
MYQ5iy3aRSo_sentence_309.wav,Is there a supermarket in this mall?
MYQ5iy3aRSo_sentence_317.wav,Emotional.
MYQ5iy3aRSo_sentence_321.wav,He's a very emotional person.
MYQ5iy3aRSo_sentence_324.wav,He gave an emotional speech.
MYQ5iy3aRSo_sentence_329.wav,Confuse.
MYQ5iy3aRSo_sentence_339.wav,Realistic.
MYQ5iy3aRSo_sentence_346.wav,Their financial problems are a threat to their marriage.
MYQ5iy3aRSo_sentence_353.wav,"You can't do that, it's illegal."
MYQ5iy3aRSo_sentence_355.wav,What he's doing is illegal.
MYQ5iy3aRSo_sentence_361.wav,Gambling is illegal.
MYQ5iy3aRSo_sentence_363.wav,Threaten.
MYQ5iy3aRSo_sentence_376.wav,Things gradually improved.
MYQ5iy3aRSo_sentence_378.wav,Gradually
MYQ5iy3aRSo_sentence_385.wav,Base.
MYQ5iy3aRSo_sentence_391.wav,She sat down at the base of a tree.
MYQ5iy3aRSo_sentence_392.wav,It's a story based on a real event.
MYQ5iy3aRSo_sentence_405.wav,Justify.
MYQ5iy3aRSo_sentence_421.wav,Constant.
MYQ5iy3aRSo_sentence_426.wav,He is my constant supporter.
MYQ5iy3aRSo_sentence_428.wav,This entrance is in constant use.
MYQ5iy3aRSo_sentence_441.wav,I've heard the French version of this song.
MYQ5iy3aRSo_sentence_445.wav,Your software is not the latest version.
MYQ5iy3aRSo_sentence_450.wav,The internal road is being repaired.
MYQ5iy3aRSo_sentence_451.wav,Internal.
MYQ5iy3aRSo_sentence_452.wav,This is for internal use.
MYQ5iy3aRSo_sentence_460.wav,Prompt.
MYQ5iy3aRSo_sentence_461.wav,Prompt action is necessary.
MYQ5iy3aRSo_sentence_465.wav,Thank you for your prompt reply.
MYQ5iy3aRSo_sentence_471.wav,This land is ideal for farming.
MYQ5iy3aRSo_sentence_476.wav,This tea is too bitter.
MYQ5iy3aRSo_sentence_478.wav,Bitter.
MYQ5iy3aRSo_sentence_483.wav,Fashion
MYQ5iy3aRSo_sentence_484.wav,Who's your favorite fashion designer?
MYQ5iy3aRSo_sentence_485.wav,His clothes are out of fashion.
MYQ5iy3aRSo_sentence_486.wav,This is the latest fashion.
MYQ5iy3aRSo_sentence_487.wav,Description.
MYQ5iy3aRSo_sentence_489.wav,We recognized it from your description.
MYQ5iy3aRSo_sentence_495.wav,His description was too general.
MYQ5iy3aRSo_sentence_497.wav,Can you give me a brief description of the thief?
MYQ5iy3aRSo_sentence_509.wav,Nice.
MYQ5iy3aRSo_sentence_517.wav,I have two nieces.
MYQ5iy3aRSo_sentence_520.wav,Leader
MYQ5iy3aRSo_sentence_547.wav,The police arrested the suspect.
MYQ5iy3aRSo_sentence_560.wav,I made my decision based on what you said.
MYQ5iy3aRSo_sentence_569.wav,Pub.
MYQ5iy3aRSo_sentence_570.wav,Where is the nearest pub?
MYQ5iy3aRSo_sentence_615.wav,This smell disgusts me.
MYQ5iy3aRSo_sentence_620.wav,She screamed as loudly as she could.
MYQ5iy3aRSo_sentence_621.wav,The audience clapped loudly after his speech.
MYQ5iy3aRSo_sentence_627.wav,Publish.
MYQ5iy3aRSo_sentence_633.wav,We finally published the book.
MYQ5iy3aRSo_sentence_637.wav,When will your book be published?
MYQ5iy3aRSo_sentence_638.wav,Virus.
MYQ5iy3aRSo_sentence_643.wav,Disappoint.
MYQ5iy3aRSo_sentence_645.wav,I didn't mean to disappoint her.
MYQ5iy3aRSo_sentence_646.wav,Don't disappoint me again.
MYQ5iy3aRSo_sentence_647.wav,I know you won't disappoint me.
MYQ5iy3aRSo_sentence_650.wav,Motorcycle.
MYQ5iy3aRSo_sentence_654.wav,Stay away from my motorcycle.
MYQ5iy3aRSo_sentence_658.wav,Her mother is very old-fashioned about marriage.
MYQ5iy3aRSo_sentence_682.wav,contact.
MYQ5iy3aRSo_sentence_685.wav,I found it impossible to get in contact with him.
MYQ5iy3aRSo_sentence_687.wav,Please contact my secretary for more information.
MYQ5iy3aRSo_sentence_689.wav,Bunch.
MYQ5iy3aRSo_sentence_692.wav,A bunch of people were standing outside waiting.
MYQ5iy3aRSo_sentence_698.wav,A bunch of us are going to the pub tonight. Do you want to join us?
MYQ5iy3aRSo_sentence_700.wav,Med.
MYQ5iy3aRSo_sentence_708.wav,Ancient.
MYQ5iy3aRSo_sentence_710.wav,Rome is famous for its ancient architecture.
MYQ5iy3aRSo_sentence_711.wav,My father is interested in ancient history.
MYQ5iy3aRSo_sentence_716.wav,Hoi An is an ancient town in Vietnam.
MYQ5iy3aRSo_sentence_727.wav,Politely.
MYQ5iy3aRSo_sentence_736.wav,What's your favorite hairstyle?
MYQ5iy3aRSo_sentence_738.wav,I like ruler.
MYQ5iy3aRSo_sentence_740.wav,Is this ruler yours?
MYQ5iy3aRSo_sentence_741.wav,I have a pink ruler.
MYQ5iy3aRSo_sentence_742.wav,is crime.
MYQ5iy3aRSo_sentence_748.wav,She is skilled at cooking.
MYQ5iy3aRSo_sentence_751.wav,Skilled.
MYQ5iy3aRSo_sentence_758.wav,Photocopy.
MYQ5iy3aRSo_sentence_760.wav,His job includes answering the phones and photocopying.
MYQ5iy3aRSo_sentence_761.wav,Mentally
MYQ5iy3aRSo_sentence_762.wav,"I am now very healthy, both physically and mentally."
MYQ5iy3aRSo_sentence_768.wav,Lang.
MYQ5iy3aRSo_sentence_769.wav,He has lung cancer.
MYQ5iy3aRSo_sentence_773.wav,Smoking is the main cause of lung cancer.
MYQ5iy3aRSo_sentence_779.wav,Indoors
MYQ5iy3aRSo_sentence_782.wav,He sometimes wears sunglasses indoors.
MYQ5iy3aRSo_sentence_818.wav,Could you recommend a good travel agency?
MYQ5iy3aRSo_sentence_819.wav,Lover.
MYQ5iy3aRSo_sentence_837.wav,This diet is suited to anyone who wants to lose weight fast.
MYQ5iy3aRSo_sentence_845.wav,The chemical formula for water is H2O.
MYQ5iy3aRSo_sentence_847.wav,Ruin
MYQ5iy3aRSo_sentence_860.wav,I will wait here till he comes.
MYQ5iy3aRSo_sentence_861.wav,You never know what you can do till you try.
MYQ5iy3aRSo_sentence_863.wav,We're open till 9pm today.
MYQ5iy3aRSo_sentence_869.wav,Doc.
MYQ5iy3aRSo_sentence_873.wav,The island is a small green dot on the map.
MYQ5iy3aRSo_sentence_876.wav,What do these dots represent on the map?
MYQ5iy3aRSo_sentence_915.wav,React.
MYQ5iy3aRSo_sentence_916.wav,How did everyone react?
MYQ5iy3aRSo_sentence_920.wav,Obtain
MYQ5iy3aRSo_sentence_922.wav,You must obtain approval before you can go.
MYQ5iy3aRSo_sentence_926.wav,These items are hard to obtain.
OtMigTGv7io_sentence_001.wav,These genes are designed specifically for women. She mentioned you specifically.
OtMigTGv7io_sentence_019.wav,Related.
OtMigTGv7io_sentence_027.wav,This question is closely related to the previous one.
OtMigTGv7io_sentence_066.wav,She is under the influence of drugs.
OtMigTGv7io_sentence_095.wav,Interest.
OtMigTGv7io_sentence_103.wav,"That's your signature, isn't it?"
OtMigTGv7io_sentence_107.wav,That's not my signature.
OtMigTGv7io_sentence_108.wav,I need your signature here.
OtMigTGv7io_sentence_109.wav,License
OtMigTGv7io_sentence_110.wav,May I see your driver's license?
OtMigTGv7io_sentence_140.wav,I feel like I'm making progress.
OtMigTGv7io_sentence_157.wav,Whiskey contains a large percentage of alcohol.
OtMigTGv7io_sentence_160.wav,Project
OtMigTGv7io_sentence_169.wav,What will happen if I press this button?
OtMigTGv7io_sentence_181.wav,Challenge
OtMigTGv7io_sentence_199.wav,Cover.
OtMigTGv7io_sentence_202.wav,He was covered with mud from head to foot.
OtMigTGv7io_sentence_207.wav,I read the book from cover to cover.
OtMigTGv7io_sentence_218.wav,I'll come to your place.
OtMigTGv7io_sentence_255.wav,quite.
OtMigTGv7io_sentence_267.wav,You lost your job? That sucks!
OtMigTGv7io_sentence_288.wav,Advantage.
OtMigTGv7io_sentence_295.wav,Construction.
OtMigTGv7io_sentence_339.wav,Mine
OtMigTGv7io_sentence_343.wav,This book is mine.
OtMigTGv7io_sentence_349.wav,Eat your soup before it gets cold.
OtMigTGv7io_sentence_350.wav,Never.
OtMigTGv7io_sentence_354.wav,Financial.
OtMigTGv7io_sentence_357.wav,There was a financial crisis in 2009.
OtMigTGv7io_sentence_362.wav,Don't be so negative.
OtMigTGv7io_sentence_370.wav,The results of both tests were negative.
OtMigTGv7io_sentence_371.wav,A negative mind will never give you a positive life.
OtMigTGv7io_sentence_372.wav,"Brother, this bicycle belongs to my brother. I had a fight with my older brother yesterday."
OtMigTGv7io_sentence_374.wav,D overcome.
OtMigTGv7io_sentence_393.wav,Her older sister got married last month.
OtMigTGv7io_sentence_413.wav,There's no obvious solution to the problem.
OtMigTGv7io_sentence_428.wav,Nervous
OtMigTGv7io_sentence_432.wav,Nervous.
OtMigTGv7io_sentence_439.wav,Tall.
OtMigTGv7io_sentence_445.wav,She is a member of this organization.
OtMigTGv7io_sentence_464.wav,What time is the meeting?
OtMigTGv7io_sentence_472.wav,I don't eat meat.
OtMigTGv7io_sentence_485.wav,Normally
OtMigTGv7io_sentence_486.wav,Her heart is beating normally.
OtMigTGv7io_sentence_495.wav,I don't think he is fit for the job.
OtMigTGv7io_sentence_503.wav,Mix
OtMigTGv7io_sentence_508.wav,Training
OtMigTGv7io_sentence_509.wav,I am busy attending the staff training now.
OtMigTGv7io_sentence_518.wav,This is the best part of the movie.
OtMigTGv7io_sentence_524.wav,Curious.
OtMigTGv7io_sentence_526.wav,So we took a small bite.
OtMigTGv7io_sentence_534.wav,He was curious how it would taste.
OtMigTGv7io_sentence_536.wav,I'm curious to know what he said.
OtMigTGv7io_sentence_538.wav,Plant.
OtMigTGv7io_sentence_545.wav,Population
OtMigTGv7io_sentence_564.wav,Happiness.
OtMigTGv7io_sentence_565.wav,Money doesn't always bring happiness.
OtMigTGv7io_sentence_580.wav,Alarm
OtMigTGv7io_sentence_590.wav,Natural
OtMigTGv7io_sentence_597.wav,I was late as a result of the traffic jam.
OtMigTGv7io_sentence_602.wav,Newspaper.
OtMigTGv7io_sentence_606.wav,Where is the newspaper?
OtMigTGv7io_sentence_607.wav,What newspaper do you read?
OtMigTGv7io_sentence_608.wav,What's your favorite newspaper?
OtMigTGv7io_sentence_616.wav,We'll make an exception this time.
OtMigTGv7io_sentence_617.wav,There are no exceptions to this rule.
OtMigTGv7io_sentence_628.wav,That's not my concern.
OtMigTGv7io_sentence_647.wav,She was too shy to ask anyone for help.
OtMigTGv7io_sentence_674.wav,When did you plant this tree?
OtMigTGv7io_sentence_680.wav,Have you ever planted a tree?
OtMigTGv7io_sentence_683.wav,Your advice is always helpful to me.
OtMigTGv7io_sentence_748.wav,He has no interest in politics.
OtMigTGv7io_sentence_763.wav,Die
OtMigTGv7io_sentence_783.wav,Is your car licensed?
OtMigTGv7io_sentence_789.wav,I have a very important meeting this morning.
OtMigTGv7io_sentence_790.wav,"What's important is not the destination, but the journey."
OtMigTGv7io_sentence_801.wav,I've been in a similar situation before.
OtMigTGv7io_sentence_818.wav,This coat doesn't fit me.
OtMigTGv7io_sentence_830.wav,Don't challenge someone who has nothing to lose.
OtMigTGv7io_sentence_836.wav,What is the population of France?
OtMigTGv7io_sentence_864.wav,He's a curious boy who always questions.
OtMigTGv7io_sentence_877.wav,Do you have any tickets for today's performance?
OtMigTGv7io_sentence_903.wav,The fire alarm went off in the middle of the night.
OtMigTGv7io_sentence_927.wav,Post Office
OtMigTGv7io_sentence_928.wav,Where is the post office?
PdQfA-Fhcmk_sentence_000.wav,Lowly.
PdQfA-Fhcmk_sentence_024.wav,Tomorrow is my birthday.
PdQfA-Fhcmk_sentence_025.wav,Ring
PdQfA-Fhcmk_sentence_040.wav,My hobbies include reading and painting.
PdQfA-Fhcmk_sentence_041.wav,Okay.
PdQfA-Fhcmk_sentence_044.wav,Uh-huh.
PdQfA-Fhcmk_sentence_055.wav,"I like red, green, and pink."
PdQfA-Fhcmk_sentence_059.wav,Map.
PdQfA-Fhcmk_sentence_062.wav,"Excuse me, where am I on this map?"
PdQfA-Fhcmk_sentence_063.wav,I'd like a map of the city.
PdQfA-Fhcmk_sentence_073.wav,Feeling
PdQfA-Fhcmk_sentence_075.wav,I have a feeling that he is right.
PdQfA-Fhcmk_sentence_087.wav,He did everything by himself.
PdQfA-Fhcmk_sentence_095.wav,Drunken driving is a serious problem.
PdQfA-Fhcmk_sentence_099.wav,Between That is the border between Mexico and the United States.
PdQfA-Fhcmk_sentence_108.wav,Exit.
PdQfA-Fhcmk_sentence_112.wav,There is an emergency exit in the rear.
PdQfA-Fhcmk_sentence_120.wav,Job.
PdQfA-Fhcmk_sentence_121.wav,Good job.
PdQfA-Fhcmk_sentence_125.wav,He's trying to get a job.
PdQfA-Fhcmk_sentence_126.wav,I think it's time for me to get a new job.
PdQfA-Fhcmk_sentence_134.wav,Sister
PdQfA-Fhcmk_sentence_135.wav,She's my sister.
PdQfA-Fhcmk_sentence_139.wav,We're sisters.
PdQfA-Fhcmk_sentence_140.wav,Do you have any brothers or sisters?
PdQfA-Fhcmk_sentence_146.wav,We walked more quickly than usual.
PdQfA-Fhcmk_sentence_148.wav,Dark.
PdQfA-Fhcmk_sentence_149.wav,Dark clouds gathered in the sky.
PdQfA-Fhcmk_sentence_172.wav,Protect.
PdQfA-Fhcmk_sentence_175.wav,You are the only one who can protect them.
PdQfA-Fhcmk_sentence_186.wav,Read.
PdQfA-Fhcmk_sentence_188.wav,I've read this book before.
PdQfA-Fhcmk_sentence_196.wav,That can happen sometimes.
PdQfA-Fhcmk_sentence_197.wav,I hate this job sometimes.
PdQfA-Fhcmk_sentence_202.wav,What brings you here? You aren't permitted to bring dogs into this building. Song.
PdQfA-Fhcmk_sentence_204.wav,"When I hear that song, I remember my younger days."
PdQfA-Fhcmk_sentence_205.wav,Can you sing this song?
PdQfA-Fhcmk_sentence_228.wav,Can we talk in private?
PdQfA-Fhcmk_sentence_231.wav,She wrote something on a small piece of paper.
PdQfA-Fhcmk_sentence_238.wav,Milk is my favorite drink.
PdQfA-Fhcmk_sentence_240.wav,Can I have some more milk?
PdQfA-Fhcmk_sentence_242.wav,Would you like a cup of milk?
PdQfA-Fhcmk_sentence_292.wav,I have to iron my shirt.
PdQfA-Fhcmk_sentence_304.wav,I retired last year.
PdQfA-Fhcmk_sentence_305.wav,Where did you live last year?
PdQfA-Fhcmk_sentence_346.wav,Sleep is necessary for good health.
PdQfA-Fhcmk_sentence_350.wav,Smell.
PdQfA-Fhcmk_sentence_352.wav,What's that smell?
PdQfA-Fhcmk_sentence_353.wav,Do you smell anything?
PdQfA-Fhcmk_sentence_357.wav,Signature
PdQfA-Fhcmk_sentence_372.wav,Where did you go last Sunday?
PdQfA-Fhcmk_sentence_378.wav,Exactly.
PdQfA-Fhcmk_sentence_379.wav,I don't know the exact price of that air conditioner.
PdQfA-Fhcmk_sentence_380.wav,I don't know the exact place I was born.
PdQfA-Fhcmk_sentence_381.wav,"Can you tell me the exact time, please?"
PdQfA-Fhcmk_sentence_390.wav,Apartment.
PdQfA-Fhcmk_sentence_393.wav,We lived in an apartment for several years before buying a house.
PdQfA-Fhcmk_sentence_395.wav,They are looking for an apartment to rent.
PdQfA-Fhcmk_sentence_399.wav,Our problems are nothing compared to theirs.
PdQfA-Fhcmk_sentence_400.wav,Don't compare your children with others.
PdQfA-Fhcmk_sentence_412.wav,Do you mind if I smoke?
PdQfA-Fhcmk_sentence_414.wav,Are you losing your mind?
PdQfA-Fhcmk_sentence_417.wav,Somebody help me.
PdQfA-Fhcmk_sentence_418.wav,Someone's knocking at the door.
PdQfA-Fhcmk_sentence_419.wav,I want somebody to talk to.
PdQfA-Fhcmk_sentence_423.wav,Danger.
PdQfA-Fhcmk_sentence_425.wav,What dangers do we face?
PdQfA-Fhcmk_sentence_427.wav,I'm afraid that you're in danger.
PdQfA-Fhcmk_sentence_429.wav,Do you realize the danger you're in?
PdQfA-Fhcmk_sentence_434.wav,He's probably sleeping.
PdQfA-Fhcmk_sentence_439.wav,She is a quiet woman.
PdQfA-Fhcmk_sentence_440.wav,Please be quiet for a moment.
PdQfA-Fhcmk_sentence_442.wav,Global.
PdQfA-Fhcmk_sentence_443.wav,English is a global language.
PdQfA-Fhcmk_sentence_456.wav,I have reserved a room in the name of Jones.
PdQfA-Fhcmk_sentence_461.wav,Active.
PdQfA-Fhcmk_sentence_474.wav,"Turn off the alarm clock, please."
PdQfA-Fhcmk_sentence_475.wav,Budget. We can't buy any more equipment or we'll go over budget. They have a limited budget.
PdQfA-Fhcmk_sentence_485.wav,Profit.
PdQfA-Fhcmk_sentence_494.wav,May I ask you a few questions?
PdQfA-Fhcmk_sentence_495.wav,May I come in?
PdQfA-Fhcmk_sentence_500.wav,He will be here in half an hour.
PdQfA-Fhcmk_sentence_501.wav,She calls me every night and talks for at least an hour.
PdQfA-Fhcmk_sentence_514.wav,Can I extend my stay one more night?
PdQfA-Fhcmk_sentence_520.wav,Pause.
PdQfA-Fhcmk_sentence_546.wav,Cog.
PdQfA-Fhcmk_sentence_548.wav,She always goes to work by car.
PdQfA-Fhcmk_sentence_549.wav,That's my dream car.
PdQfA-Fhcmk_sentence_550.wav,He has just bought a new car.
RMVcmyfKg44_sentence_010.wav,You can't count on his help.
RMVcmyfKg44_sentence_011.wav,What's the matter with?
RMVcmyfKg44_sentence_017.wav,What's wrong with this machine?
RMVcmyfKg44_sentence_027.wav,Be careful not to spill the milk.
RMVcmyfKg44_sentence_040.wav,How long does it take?
RMVcmyfKg44_sentence_051.wav,There is nothing as
RMVcmyfKg44_sentence_066.wav,There's nothing as pleasant as spending a weekend in the countryside.
RMVcmyfKg44_sentence_081.wav,His intelligence and experience enabled him to deal with the trouble.
RMVcmyfKg44_sentence_089.wav,"Thanks to their help, we accomplished the task on time."
RMVcmyfKg44_sentence_091.wav,"Thanks to your timely warning, I didn't make a mistake."
RMVcmyfKg44_sentence_092.wav,In general.
RMVcmyfKg44_sentence_109.wav,It's too bad that.
RMVcmyfKg44_sentence_110.wav,It's too bad that you couldn't come.
RMVcmyfKg44_sentence_116.wav,What do you mean by?
RMVcmyfKg44_sentence_123.wav,Please check in at reception when you arrive.
RMVcmyfKg44_sentence_136.wav,I'm literally dying to talk with you about it.
RMVcmyfKg44_sentence_145.wav,The point is that
RMVcmyfKg44_sentence_153.wav,I'm not rich enough to buy that car.
RMVcmyfKg44_sentence_165.wav,I have difficulty concentrating.
RMVcmyfKg44_sentence_166.wav,I have difficulty in reading your handwriting.
RMVcmyfKg44_sentence_170.wav,I had difficulty in persuading her to stay.
RMVcmyfKg44_sentence_173.wav,I would like to hang out with you this weekend.
RMVcmyfKg44_sentence_181.wav,We spent the whole day hanging out by the pool.
RMVcmyfKg44_sentence_186.wav,I would rather stay than leave.
RMVcmyfKg44_sentence_188.wav,The mother would rather die than lose her child.
RMVcmyfKg44_sentence_218.wav,I can't help but feel partly responsible.
RMVcmyfKg44_sentence_224.wav,"It's not that I don't like the car, but I think it's too expensive."
RMVcmyfKg44_sentence_244.wav,Whether or not
RMVcmyfKg44_sentence_254.wav,I will come whether it snows or not.
RMVcmyfKg44_sentence_255.wav,You'd better.
RMVcmyfKg44_sentence_269.wav,Not until
RMVcmyfKg44_sentence_274.wav,The secret was not discovered until he was dead.
RMVcmyfKg44_sentence_287.wav,Show up.
RMVcmyfKg44_sentence_289.wav,He always showed up late for work.
RMVcmyfKg44_sentence_299.wav,There's no way.
RMVcmyfKg44_sentence_301.wav,There's no way we can finish it on time.
RMVcmyfKg44_sentence_302.wav,There's no way to know what happened.
RMVcmyfKg44_sentence_303.wav,There's no way I'm going to do that.
RMVcmyfKg44_sentence_317.wav,I intend to.
RMVcmyfKg44_sentence_323.wav,What do you intend to do?
RMVcmyfKg44_sentence_324.wav,Do you have available?
RMVcmyfKg44_sentence_342.wav,I cannot wait to.
RMVcmyfKg44_sentence_343.wav,I can't wait to see my family.
RMVcmyfKg44_sentence_344.wav,I can't wait to hear from you.
RMVcmyfKg44_sentence_345.wav,I can't wait to buy a computer.
RMVcmyfKg44_sentence_346.wav,I can't wait to I'm not really happy with.
RMVcmyfKg44_sentence_347.wav,I'm not really happy with their performance.
RMVcmyfKg44_sentence_348.wav,I'm not really happy with your behaviour.
RMVcmyfKg44_sentence_349.wav,I'm not really happy with their service.
RMVcmyfKg44_sentence_350.wav,"I'm not really, I would."
RMVcmyfKg44_sentence_352.wav,"If I were you, I would propose to her."
RMVcmyfKg44_sentence_354.wav,If sooner or later.
RMVcmyfKg44_sentence_362.wav,Count on.
RMVcmyfKg44_sentence_369.wav,How much?
RMVcmyfKg44_sentence_371.wav,How much do you charge per hour?
RMVcmyfKg44_sentence_377.wav,Turn off.
RMVcmyfKg44_sentence_379.wav,I forgot to turn off the light.
RMVcmyfKg44_sentence_381.wav,As
RMVcmyfKg44_sentence_382.wav,As possible.
RMVcmyfKg44_sentence_383.wav,I'll be back as soon as possible.
RMVcmyfKg44_sentence_384.wav,I'll work as hard as I can.
RMVcmyfKg44_sentence_385.wav,Try to be as careful as possible.
RMVcmyfKg44_sentence_386.wav,I'll be careful with.
RMVcmyfKg44_sentence_397.wav,As soon as
RMVcmyfKg44_sentence_417.wav,No wonder
RMVcmyfKg44_sentence_418.wav,"You eat so little, no wonder you are so slim."
RMVcmyfKg44_sentence_419.wav,Are you a librarian?
RMVcmyfKg44_sentence_420.wav,No wonder you are so well read.
RMVcmyfKg44_sentence_422.wav,No wonder you walk so slowly.
RMVcmyfKg44_sentence_426.wav,There is something wrong with your leg.
RMVcmyfKg44_sentence_428.wav,At all.
RMVcmyfKg44_sentence_435.wav,Deal with
RTQzXWhlRFM_sentence_003.wav,Introduction.
RTQzXWhlRFM_sentence_004.wav,Thank you for the introduction.
RTQzXWhlRFM_sentence_016.wav,Center.
RTQzXWhlRFM_sentence_020.wav,Joke
RTQzXWhlRFM_sentence_027.wav,I didn't get the joke.
RTQzXWhlRFM_sentence_031.wav,Fail.
RTQzXWhlRFM_sentence_040.wav,I failed my driving test.
RTQzXWhlRFM_sentence_048.wav,"If you follow this street, you will get to the station."
RTQzXWhlRFM_sentence_049.wav,Yesterday I met her on the street.
RTQzXWhlRFM_sentence_055.wav,There is a page missing.
RTQzXWhlRFM_sentence_072.wav,You've been selected.
RTQzXWhlRFM_sentence_074.wav,Use the mouse to select the text you want to copy.
RTQzXWhlRFM_sentence_1004.wav,Breath
RTQzXWhlRFM_sentence_1005.wav,Take a deep breath and then relax.
RTQzXWhlRFM_sentence_1006.wav,How long can you hold your breath?
RTQzXWhlRFM_sentence_1008.wav,Journey.
RTQzXWhlRFM_sentence_101.wav,I bought a pair of running shoes yesterday.
RTQzXWhlRFM_sentence_1015.wav,Appear.
RTQzXWhlRFM_sentence_102.wav,Library
RTQzXWhlRFM_sentence_1021.wav,He appears to be a friendly guy.
RTQzXWhlRFM_sentence_1026.wav,Music
RTQzXWhlRFM_sentence_1031.wav,"I was lucky, basically."
RTQzXWhlRFM_sentence_1032.wav,"Basically, we made a mistake."
RTQzXWhlRFM_sentence_1036.wav,Who's the captain of this ship?
RTQzXWhlRFM_sentence_1050.wav,That how totally.
RTQzXWhlRFM_sentence_1053.wav,This behavior is totally unacceptable.
RTQzXWhlRFM_sentence_1056.wav,Americans eat a lot of meat.
RTQzXWhlRFM_sentence_1061.wav,Yan.
RTQzXWhlRFM_sentence_1066.wav,Truth.
RTQzXWhlRFM_sentence_107.wav,See you tomorrow at the library.
RTQzXWhlRFM_sentence_1071.wav,"You think I don't care about it, but nothing could be further from the truth."
RTQzXWhlRFM_sentence_1076.wav,Why don't you go on a diet?
RTQzXWhlRFM_sentence_113.wav,Reality
RTQzXWhlRFM_sentence_116.wav,"A dream doesn't become reality through magic. It takes sweat, determination, and hard work."
RTQzXWhlRFM_sentence_124.wav,Indeed.
RTQzXWhlRFM_sentence_156.wav,I'll come as soon as possible.
RTQzXWhlRFM_sentence_167.wav,The flight was cancelled due to bad weather.
RTQzXWhlRFM_sentence_172.wav,Path
RTQzXWhlRFM_sentence_187.wav,It.
RTQzXWhlRFM_sentence_194.wav,Do you know who made it?
RTQzXWhlRFM_sentence_206.wav,He translated the letter into English.
RTQzXWhlRFM_sentence_208.wav,I'd like you to translate this book into English.
RTQzXWhlRFM_sentence_210.wav,She travelled all over the world.
RTQzXWhlRFM_sentence_226.wav,Include me in your plans.
RTQzXWhlRFM_sentence_234.wav,He is a successful entrepreneur.
RTQzXWhlRFM_sentence_236.wav,Original.
RTQzXWhlRFM_sentence_243.wav,I'll stick to the original plan.
RTQzXWhlRFM_sentence_266.wav,Bread.
RTQzXWhlRFM_sentence_271.wav,Is there any bread left?
RTQzXWhlRFM_sentence_273.wav,Is there any bread left? We have barely enough bread for breakfast. Opening.
RTQzXWhlRFM_sentence_279.wav,Today is the opening day of the exhibition.
RTQzXWhlRFM_sentence_283.wav,Several couples were on the dance floor.
RTQzXWhlRFM_sentence_305.wav,I can't stand him any more.
RTQzXWhlRFM_sentence_314.wav,Mock.
RTQzXWhlRFM_sentence_329.wav,Relevant.
RTQzXWhlRFM_sentence_336.wav,Appropriate.
RTQzXWhlRFM_sentence_347.wav,Divide.
RTQzXWhlRFM_sentence_349.wav,We divided the work between us.
RTQzXWhlRFM_sentence_354.wav,60 divided by 12 is 5.
RTQzXWhlRFM_sentence_358.wav,10.
RTQzXWhlRFM_sentence_366.wav,I tend to gain weight easily.
RTQzXWhlRFM_sentence_367.wav,She tends to underestimate her own ability.
RTQzXWhlRFM_sentence_374.wav,Include
RTQzXWhlRFM_sentence_377.wav,The meal includes dessert and beverage.
RTQzXWhlRFM_sentence_383.wav,He is well known in the fashion world.
RTQzXWhlRFM_sentence_404.wav,Human.
RTQzXWhlRFM_sentence_413.wav,My assistant will now give you some instructions.
RTQzXWhlRFM_sentence_432.wav,Sit wherever you like.
RTQzXWhlRFM_sentence_435.wav,He won a gold medal.
RTQzXWhlRFM_sentence_441.wav,I climbed to the top of the mountain.
RTQzXWhlRFM_sentence_443.wav,Exciting.
RTQzXWhlRFM_sentence_454.wav,Long.
RTQzXWhlRFM_sentence_456.wav,It happened a long time ago.
RTQzXWhlRFM_sentence_459.wav,It everyone.
RTQzXWhlRFM_sentence_470.wav,Ago.
RTQzXWhlRFM_sentence_474.wav,Manager
RTQzXWhlRFM_sentence_483.wav,We're hiring now.
RTQzXWhlRFM_sentence_485.wav,Force.
RTQzXWhlRFM_sentence_488.wav,She was forced into early retirement.
RTQzXWhlRFM_sentence_499.wav,There's nothing to be nervous about.
RTQzXWhlRFM_sentence_518.wav,Sing.
RTQzXWhlRFM_sentence_520.wav,I usually sing out of tune.
RTQzXWhlRFM_sentence_523.wav,Let's take a picture here.
RTQzXWhlRFM_sentence_525.wav,Can I take a picture here?
RTQzXWhlRFM_sentence_526.wav,Let's take a picture here. Read.
RTQzXWhlRFM_sentence_531.wav,You're the only person I can trust.
RTQzXWhlRFM_sentence_535.wav,Have you finished your breakfast yet?
RTQzXWhlRFM_sentence_537.wav,Have you taken your medicine yet?
RTQzXWhlRFM_sentence_538.wav,Have you favor?
RTQzXWhlRFM_sentence_554.wav,don't complicate the matter.
RTQzXWhlRFM_sentence_555.wav,Juice.
RTQzXWhlRFM_sentence_556.wav,"Two glasses of orange juice, please."
RTQzXWhlRFM_sentence_557.wav,"Make yourself at home, there's orange juice in the fridge."
RTQzXWhlRFM_sentence_566.wav,Wife
RTQzXWhlRFM_sentence_569.wav,What's your wife's name?
RTQzXWhlRFM_sentence_581.wav,I'd like to have a blood test.
RTQzXWhlRFM_sentence_588.wav,She spends a lot of money on clothes.
RTQzXWhlRFM_sentence_591.wav,He has taken over his father's business. Provide.
RTQzXWhlRFM_sentence_597.wav,He worked hard to provide for his family.
RTQzXWhlRFM_sentence_602.wav,Lend.
RTQzXWhlRFM_sentence_605.wav,I can't lend you this book.
RTQzXWhlRFM_sentence_608.wav,Can you lend me some money?
RTQzXWhlRFM_sentence_615.wav,"He was sick, so he couldn't come."
RTQzXWhlRFM_sentence_618.wav,Why did he do such a thing?
RTQzXWhlRFM_sentence_621.wav,Why cook?
RTQzXWhlRFM_sentence_632.wav,I need to climb over the wall.
RTQzXWhlRFM_sentence_641.wav,I'm a friend of hers.
RTQzXWhlRFM_sentence_642.wav,This
RTQzXWhlRFM_sentence_648.wav,Please correct the following sentence.
RTQzXWhlRFM_sentence_653.wav,It's a big decision.
RTQzXWhlRFM_sentence_655.wav,The accounts show a big profit.
RTQzXWhlRFM_sentence_658.wav,"I'm very busy, so don't count on me."
RTQzXWhlRFM_sentence_660.wav,What's the final count?
RTQzXWhlRFM_sentence_668.wav,else.
RTQzXWhlRFM_sentence_670.wav,My mother gets up earlier than anyone else.
RTQzXWhlRFM_sentence_679.wav,Permission
RTQzXWhlRFM_sentence_693.wav,Don't beat around the bush.
RTQzXWhlRFM_sentence_698.wav,He was beaten to death.
RTQzXWhlRFM_sentence_699.wav,John beat me at chess.
RTQzXWhlRFM_sentence_701.wav,Middle.
RTQzXWhlRFM_sentence_702.wav,He was standing in the middle of the room.
RTQzXWhlRFM_sentence_703.wav,What's your middle name?
RTQzXWhlRFM_sentence_708.wav,The middle finger is the longest.
RTQzXWhlRFM_sentence_714.wav,Do you like my dress? Please be honest.
RTQzXWhlRFM_sentence_724.wav,There is nothing to be proud of.
RTQzXWhlRFM_sentence_728.wav,I'm very proud of you.
RTQzXWhlRFM_sentence_734.wav,Exist.
RTQzXWhlRFM_sentence_742.wav,Does life exist on Mars?
RTQzXWhlRFM_sentence_744.wav,Do you believe that ghosts exist?
RTQzXWhlRFM_sentence_745.wav,Small.
RTQzXWhlRFM_sentence_749.wav,Can you district?
RTQzXWhlRFM_sentence_752.wav,The town is a mountainous district.
RTQzXWhlRFM_sentence_754.wav,Divorce
RTQzXWhlRFM_sentence_764.wav,We got divorce come.
RTQzXWhlRFM_sentence_768.wav,Do you frequent?
RTQzXWhlRFM_sentence_807.wav,The music was awful.
RTQzXWhlRFM_sentence_808.wav,Any
RTQzXWhlRFM_sentence_816.wav,Fight.
RTQzXWhlRFM_sentence_827.wav,Image
RTQzXWhlRFM_sentence_833.wav,Dependent.
RTQzXWhlRFM_sentence_840.wav,She still depends on her parents.
RTQzXWhlRFM_sentence_851.wav,Can we extend the deadline by two weeks?
RTQzXWhlRFM_sentence_853.wav,Mountain
RTQzXWhlRFM_sentence_854.wav,Mount Everest is the highest mountain in the world.
RTQzXWhlRFM_sentence_856.wav,We plan to climb that mountain.
RTQzXWhlRFM_sentence_858.wav,He is the richest man in the world.
RTQzXWhlRFM_sentence_861.wav,Arm
RTQzXWhlRFM_sentence_862.wav,I broke my left arm.
RTQzXWhlRFM_sentence_866.wav,I can't lift my left arm.
RTQzXWhlRFM_sentence_878.wav,What time do you usually go to bed?
RTQzXWhlRFM_sentence_879.wav,Organization
RTQzXWhlRFM_sentence_881.wav,He's the president of an international organization.
RTQzXWhlRFM_sentence_884.wav,Between.
RTQzXWhlRFM_sentence_892.wav,"Finally, the dispute was settled."
RTQzXWhlRFM_sentence_898.wav,I prefer reading books to watching television.
RTQzXWhlRFM_sentence_903.wav,"Do you want coffee? No, I prefer tea, thanks."
RTQzXWhlRFM_sentence_907.wav,Hold the box with both hands.
RTQzXWhlRFM_sentence_911.wav,Can you hold on a second? I'll see if he's here.
RTQzXWhlRFM_sentence_914.wav,Insurance
RTQzXWhlRFM_sentence_918.wav,Have you claimed the insurance yet?
RTQzXWhlRFM_sentence_933.wav,Happen.
RTQzXWhlRFM_sentence_934.wav,How did the traffic accident happen?
RTQzXWhlRFM_sentence_937.wav,Topic
RTQzXWhlRFM_sentence_940.wav,That comment is completely off topic.
RTQzXWhlRFM_sentence_948.wav,Huge.
RTQzXWhlRFM_sentence_951.wav,New York is a huge city.
RTQzXWhlRFM_sentence_955.wav,own.
RTQzXWhlRFM_sentence_968.wav,The bus makes frequent stops.
RTQzXWhlRFM_sentence_972.wav,We got divorced three years ago.
RTQzXWhlRFM_sentence_976.wav,Expression
RTQzXWhlRFM_sentence_986.wav,That was a negative.
RTQzXWhlRFM_sentence_993.wav,Lazy.
RTQzXWhlRFM_sentence_995.wav,He is the laziest person I know.
RTQzXWhlRFM_sentence_996.wav,Don't be so lazy. Get up and clean your room.
RTQzXWhlRFM_sentence_997.wav,S wide.
Rge4X4FC1fc_sentence_000.wav,'Kay.
Rge4X4FC1fc_sentence_002.wav,What will you do on this Friday?
Rge4X4FC1fc_sentence_005.wav,Teach.
Rge4X4FC1fc_sentence_006.wav,She teaches at our local school.
Rge4X4FC1fc_sentence_011.wav,Can you teach me to play chess?
Rge4X4FC1fc_sentence_025.wav,We need to find a suitable person for the job.
Rge4X4FC1fc_sentence_037.wav,Their parties are always fun.
Rge4X4FC1fc_sentence_039.wav,I don't know anything about their relationship.
Rge4X4FC1fc_sentence_042.wav,Just try to behave normally.
Rge4X4FC1fc_sentence_043.wav,I normally get up at six o'clock.
Rge4X4FC1fc_sentence_046.wav,I normally recognize.
Rge4X4FC1fc_sentence_060.wav,Think.
Rge4X4FC1fc_sentence_062.wav,I think this book is worth reading.
Rge4X4FC1fc_sentence_069.wav,Is your watch correct?
Rge4X4FC1fc_sentence_070.wav,He repaired his watch by himself.
Rge4X4FC1fc_sentence_072.wav,The field is full of wild flowers.
Rge4X4FC1fc_sentence_079.wav,Her estimate of the cost was completely wrong.
Rge4X4FC1fc_sentence_096.wav,Let's take a 10-minute break. Practice.
Rge4X4FC1fc_sentence_098.wav,It takes a lot of practice to play guitar well.
Rge4X4FC1fc_sentence_103.wav,Honest.
Rge4X4FC1fc_sentence_117.wav,Notice
Rge4X4FC1fc_sentence_124.wav,Meal
Rge4X4FC1fc_sentence_130.wav,Thanks for the meal.
Rge4X4FC1fc_sentence_131.wav,Popular.
Rge4X4FC1fc_sentence_150.wav,Early.
Rge4X4FC1fc_sentence_157.wav,Hot.
Rge4X4FC1fc_sentence_160.wav,Would you like something hot to drink?
Rge4X4FC1fc_sentence_162.wav,I can't stand this hot weather.
Rge4X4FC1fc_sentence_174.wav,Please.
Rge4X4FC1fc_sentence_176.wav,Could you please clear the table?
Rge4X4FC1fc_sentence_183.wav,Why is she so silent?
Rge4X4FC1fc_sentence_189.wav,I'm on a tight schedule.
Rge4X4FC1fc_sentence_193.wav,Pay.
Rge4X4FC1fc_sentence_199.wav,Do you want me to pay in advance?
Rge4X4FC1fc_sentence_200.wav,Wish
Rge4X4FC1fc_sentence_201.wav,His wish finally came true.
Rge4X4FC1fc_sentence_240.wav,Do you have a course for beginners?
Rge4X4FC1fc_sentence_242.wav,Suitcase.
Rge4X4FC1fc_sentence_257.wav,Don't be afraid to experiment and fail.
Rge4X4FC1fc_sentence_260.wav,Have you finished breakfast yet? She never eats much breakfast. What time do you usually have breakfast?
Rge4X4FC1fc_sentence_261.wav,Have you finished breakfast yet? She never eats much breakfast.
Rge4X4FC1fc_sentence_293.wav,We received a letter from him recently.
Rge4X4FC1fc_sentence_296.wav,Paper is made from wood.
Rge4X4FC1fc_sentence_300.wav,Need.
Rge4X4FC1fc_sentence_302.wav,I don't need an explanation.
Rge4X4FC1fc_sentence_316.wav,Exercise.
Rge4X4FC1fc_sentence_319.wav,He exercises twice a day.
Rge4X4FC1fc_sentence_335.wav,Perhaps.
Rge4X4FC1fc_sentence_337.wav,Perhaps?
Rge4X4FC1fc_sentence_338.wav,Perhaps you're right.
Rge4X4FC1fc_sentence_339.wav,Perhaps we overlooked something.
Rge4X4FC1fc_sentence_361.wav,We discuss the problem at length.
Rge4X4FC1fc_sentence_362.wav,I don't know the exact length of this bridge.
Rge4X4FC1fc_sentence_372.wav,Smoke.
Rge4X4FC1fc_sentence_373.wav,Do you smoke?
Rge4X4FC1fc_sentence_389.wav,You sing very well.
Rge4X4FC1fc_sentence_403.wav,Think positive and positive things will happen.
Rge4X4FC1fc_sentence_410.wav,Room.
Rge4X4FC1fc_sentence_411.wav,Where's your room?
Rge4X4FC1fc_sentence_413.wav,He left the room without saying a word.
Rge4X4FC1fc_sentence_418.wav,I'd like to buy a small mirror.
Rge4X4FC1fc_sentence_422.wav,Such
Rge4X4FC1fc_sentence_424.wav,Why did you say such a thing?
Rge4X4FC1fc_sentence_434.wav,Everything.
Rge4X4FC1fc_sentence_462.wav,Traditional.
Rge4X4FC1fc_sentence_467.wav,Travel
Rge4X4FC1fc_sentence_474.wav,Usual
Rge4X4FC1fc_sentence_504.wav,VIP tickets sold out quickly.
Rge4X4FC1fc_sentence_506.wav,An image is worth a thousand words.
Rge4X4FC1fc_sentence_512.wav,He was too drunk to drive home.
Rge4X4FC1fc_sentence_514.wav,"Whether you drive fast or slow, drive carefully."
Rge4X4FC1fc_sentence_517.wav,Drawing
Rge4X4FC1fc_sentence_526.wav,Snow
Rge4X4FC1fc_sentence_535.wav,Why didn't you report this correctly?
Rge4X4FC1fc_sentence_538.wav,Single.
Rge4X4FC1fc_sentence_539.wav,Are you single?
Rge4X4FC1fc_sentence_543.wav,I couldn't understand a single word she said.
Rge4X4FC1fc_sentence_547.wav,I'd like to kiss you.
S-FYtkOqTlU_sentence_005.wav,Do you have anything to declare?
S-FYtkOqTlU_sentence_006.wav,We declared war.
S-FYtkOqTlU_sentence_011.wav,Diamond.
S-FYtkOqTlU_sentence_023.wav,You can't be brave if you've only had wonderful things happen to you.
S-FYtkOqTlU_sentence_039.wav,There was hatred in his voice.
S-FYtkOqTlU_sentence_045.wav,Gray.
S-FYtkOqTlU_sentence_059.wav,I built this business from scratch.
S-FYtkOqTlU_sentence_073.wav,Scream.
S-FYtkOqTlU_sentence_089.wav,You're violating my civil rights.
S-FYtkOqTlU_sentence_098.wav,Variety is the spice of life.
S-FYtkOqTlU_sentence_102.wav,This curry needs a little more spice.
S-FYtkOqTlU_sentence_105.wav,It's difficult to accurately predict the weather.
S-FYtkOqTlU_sentence_106.wav,Accurately.
S-FYtkOqTlU_sentence_117.wav,I'm innocent. I didn't steal anything. Honestly.
S-FYtkOqTlU_sentence_121.wav,Please state the purpose of your visit.
S-FYtkOqTlU_sentence_129.wav,The job involves gathering and analyzing data.
S-FYtkOqTlU_sentence_131.wav,Analyze.
S-FYtkOqTlU_sentence_146.wav,Don't lean against the wall.
S-FYtkOqTlU_sentence_148.wav,Lean.
S-FYtkOqTlU_sentence_167.wav,conflict.
S-FYtkOqTlU_sentence_168.wav,His ideas conflict with mine.
S-FYtkOqTlU_sentence_205.wav,He bought me a tablet PC yesterday.
S-FYtkOqTlU_sentence_214.wav,Sort.
S-FYtkOqTlU_sentence_220.wav,What sort of music do you like?
S-FYtkOqTlU_sentence_223.wav,He's the sort of person who only cares about money.
S-FYtkOqTlU_sentence_225.wav,"Oh, all sorts."
S-FYtkOqTlU_sentence_230.wav,It seems that he is unable to swim.
S-FYtkOqTlU_sentence_249.wav,They've just employed five new waiters.
S-FYtkOqTlU_sentence_258.wav,Rescue
S-FYtkOqTlU_sentence_270.wav,"Bubble When water boils, bubbles rise to the surface."
S-FYtkOqTlU_sentence_273.wav,Fix.
S-FYtkOqTlU_sentence_276.wav,It's no use trying to fix it now.
S-FYtkOqTlU_sentence_282.wav,We're trying to fix this problem.
S-FYtkOqTlU_sentence_296.wav,The identity of the victim is not known.
S-FYtkOqTlU_sentence_304.wav,Angrily.
S-FYtkOqTlU_sentence_320.wav,She works in sales and marketing.
S-FYtkOqTlU_sentence_327.wav,Strength
S-FYtkOqTlU_sentence_329.wav,Don't underestimate your own strength.
S-FYtkOqTlU_sentence_330.wav,I wish I had your strength.
S-FYtkOqTlU_sentence_331.wav,What is your greatest strength?
S-FYtkOqTlU_sentence_334.wav,Access.
S-FYtkOqTlU_sentence_350.wav,Mathematics
S-FYtkOqTlU_sentence_351.wav,"He likes mathematics, but I don't."
S-FYtkOqTlU_sentence_352.wav,Are you good at mathematics?
S-FYtkOqTlU_sentence_353.wav,He is a genius in mathematics.
S-FYtkOqTlU_sentence_357.wav,Whoever.
S-FYtkOqTlU_sentence_358.wav,Whoever said that is a liar.
S-FYtkOqTlU_sentence_361.wav,You may give this book to whoever wants it.
S-FYtkOqTlU_sentence_362.wav,Balance
S-FYtkOqTlU_sentence_364.wav,"Life is like riding a bicycle. To keep your balance, you must keep moving."
S-FYtkOqTlU_sentence_366.wav,Balance.
S-FYtkOqTlU_sentence_369.wav,She's trying to balance her work and home lives.
S-FYtkOqTlU_sentence_370.wav,He lost his balance and fell off the ladder.
S-FYtkOqTlU_sentence_392.wav,It was a brave decision to quit her job and start her own business.
S-FYtkOqTlU_sentence_393.wav,You are very brave.
S-FYtkOqTlU_sentence_403.wav,Politically.
S-FYtkOqTlU_sentence_457.wav,I'll be polite and civil to him.
S-FYtkOqTlU_sentence_463.wav,Strongly.
S-FYtkOqTlU_sentence_467.wav,He was strongly opposed to the idea.
S-FYtkOqTlU_sentence_470.wav,I strongly advise you to see a doctor.
S-FYtkOqTlU_sentence_499.wav,Approximately.
S-FYtkOqTlU_sentence_507.wav,The repair should cost approximately$80.
S-FYtkOqTlU_sentence_510.wav,Intelligence
S-FYtkOqTlU_sentence_571.wav,Relief.
S-FYtkOqTlU_sentence_576.wav,Most of our buses are running at twenty minute intervals.
S-FYtkOqTlU_sentence_592.wav,We will launch a marketing campaign next month.
S-FYtkOqTlU_sentence_597.wav,"By tradition, the celebration begins at midnight."
S-FYtkOqTlU_sentence_598.wav,Tradition
S-FYtkOqTlU_sentence_604.wav,There was a woman complaining angrily out there.
S-FYtkOqTlU_sentence_612.wav,He swore angrily.
S-FYtkOqTlU_sentence_614.wav,Definitely
S-FYtkOqTlU_sentence_656.wav,"I'm a bit deaf, so you'll have to speak up."
S-FYtkOqTlU_sentence_659.wav,Do they have weapons?
S-FYtkOqTlU_sentence_661.wav,Weapon
S-FYtkOqTlU_sentence_663.wav,Drop your weapons.
S-FYtkOqTlU_sentence_667.wav,Mix the flour with two eggs.
S-FYtkOqTlU_sentence_687.wav,Please switch the lights off as you leave.
SHZDlHAWvGM_sentence_012.wav,Declare
SHZDlHAWvGM_sentence_021.wav,It's a popular holiday resort.
SHZDlHAWvGM_sentence_025.wav,"As a last resort, we can go to McDonald's for dinner. It's a popular holiday resort."
SHZDlHAWvGM_sentence_039.wav,We've got a spare bedroom if you'd like to stay.
SHZDlHAWvGM_sentence_041.wav,I don't have any money to spare.
SHZDlHAWvGM_sentence_057.wav,The matter is under investigation.
SHZDlHAWvGM_sentence_061.wav,We will start an investigation immediately.
SHZDlHAWvGM_sentence_081.wav,We grew up in the same neighborhood.
SHZDlHAWvGM_sentence_084.wav,There are a lot of cheap stores in our neighborhood.
SHZDlHAWvGM_sentence_087.wav,We found the murder weapon.
SHZDlHAWvGM_sentence_104.wav,generation.
SHZDlHAWvGM_sentence_106.wav,We need to preserve these resources for future generations.
SHZDlHAWvGM_sentence_110.wav,Three generations see things three ways.
SHZDlHAWvGM_sentence_130.wav,They are equally clever.
SHZDlHAWvGM_sentence_143.wav,I decided to go out and explore the town.
SHZDlHAWvGM_sentence_152.wav,Meter.
SHZDlHAWvGM_sentence_155.wav,The station is 100 meters away.
SHZDlHAWvGM_sentence_156.wav,The building is over 100 meters high.
SHZDlHAWvGM_sentence_158.wav,She kissed him on the lips.
SHZDlHAWvGM_sentence_179.wav,Bah
SHZDlHAWvGM_sentence_182.wav,Is this ball yours or hers? Willingly.
SHZDlHAWvGM_sentence_185.wav,Willingly.
SHZDlHAWvGM_sentence_187.wav,I would willingly pay more for better services.
SHZDlHAWvGM_sentence_188.wav,They helped me willingly.
SHZDlHAWvGM_sentence_190.wav,Button.
SHZDlHAWvGM_sentence_193.wav,Tablet.
SHZDlHAWvGM_sentence_201.wav,Branch.
SHZDlHAWvGM_sentence_205.wav,He cut some branches off the tree.
SHZDlHAWvGM_sentence_209.wav,The company has branches in all large cities.
SHZDlHAWvGM_sentence_211.wav,I don't like this hat. I prefer the grey one.
SHZDlHAWvGM_sentence_243.wav,That was an entertaining event.
SHZDlHAWvGM_sentence_249.wav,The company has decided to employ two new secretaries.
SHZDlHAWvGM_sentence_252.wav,Employ
SHZDlHAWvGM_sentence_280.wav,Military
SHZDlHAWvGM_sentence_284.wav,We need to take military action.
SHZDlHAWvGM_sentence_285.wav,He works in a military hospital.
SHZDlHAWvGM_sentence_288.wav,disagree.
SHZDlHAWvGM_sentence_291.wav,Does anyone disagree?
SHZDlHAWvGM_sentence_300.wav,Evidence
SHZDlHAWvGM_sentence_305.wav,Towel
SHZDlHAWvGM_sentence_306.wav,She dried her hair with a towel.
SHZDlHAWvGM_sentence_311.wav,Don't put that damp towel into the bag.
SHZDlHAWvGM_sentence_312.wav,Would you please bring me a dry towel?
SHZDlHAWvGM_sentence_322.wav,Bubble
SHZDlHAWvGM_sentence_330.wav,Import
SHZDlHAWvGM_sentence_332.wav,She drives an imported car.
SHZDlHAWvGM_sentence_333.wav,That store sells a lot of imported goods.
SHZDlHAWvGM_sentence_334.wav,We imported this from Australia.
SHZDlHAWvGM_sentence_337.wav,Loudly.
SHZDlHAWvGM_sentence_360.wav,You can lean on me if you get tired.
SHZDlHAWvGM_sentence_390.wav,She declared that she was right.
SHZDlHAWvGM_sentence_392.wav,"As a last resort, we can go to McDonald's for dinner."
SHZDlHAWvGM_sentence_402.wav,This sort of problem is quite common.
SHZDlHAWvGM_sentence_417.wav,He is a dentist by profession.
SHZDlHAWvGM_sentence_418.wav,What's your profession?
SHZDlHAWvGM_sentence_433.wav,He bought her a diamond ring.
SHZDlHAWvGM_sentence_440.wav,I was careful to not leave any evidence.
SHZDlHAWvGM_sentence_444.wav,Bubble.
SHZDlHAWvGM_sentence_445.wav,"When water boils, bubbles rise to the surface."
SHZDlHAWvGM_sentence_446.wav,This soup is bubbling. I think it's ready to eat.
SHZDlHAWvGM_sentence_450.wav,Her grey hair makes her look older than she is.
SHZDlHAWvGM_sentence_457.wav,Take two tablets with water before meals.
SHZDlHAWvGM_sentence_471.wav,Unable.
SHZDlHAWvGM_sentence_472.wav,She is unable to cope with stress.
SHZDlHAWvGM_sentence_485.wav,He is seeking employment.
SHZDlHAWvGM_sentence_491.wav,She did her best to rescue him.
SHZDlHAWvGM_sentence_493.wav,The child was rescued from a burning house.
SHZDlHAWvGM_sentence_499.wav,Please knock before entering.
SHZDlHAWvGM_sentence_502.wav,Smoothly.
SHZDlHAWvGM_sentence_507.wav,The engine is running smoothly.
SHZDlHAWvGM_sentence_508.wav,The interview went smoothly.
SHZDlHAWvGM_sentence_517.wav,"I screamed for help, but no one came."
SHZDlHAWvGM_sentence_526.wav,Grandparents
SHZDlHAWvGM_sentence_527.wav,I'm going to visit my grandparents on next Sunday.
SHZDlHAWvGM_sentence_528.wav,That house belongs to my grandparents.
SHZDlHAWvGM_sentence_529.wav,I'm going to military.
SHZDlHAWvGM_sentence_537.wav,Illness
SHZDlHAWvGM_sentence_560.wav,A flock of sheep is grazing in the fields.
SHZDlHAWvGM_sentence_581.wav,Fix
SHZDlHAWvGM_sentence_582.wav,He helped me fix my watch.
SHZDlHAWvGM_sentence_614.wav,"When water boils, bubbles rise to the surface. This soup is bubbling. I think it's ready to eat."
SHZDlHAWvGM_sentence_622.wav,I'll check your vision.
SHZDlHAWvGM_sentence_624.wav,This is a fundamental question.
SHZDlHAWvGM_sentence_625.wav,We need to make some fundamental changes in the way we do business.
SHZDlHAWvGM_sentence_640.wav,The box is leaning to one side.
SHZDlHAWvGM_sentence_661.wav,Space.
SHZDlHAWvGM_sentence_669.wav,Infectious.
SHZDlHAWvGM_sentence_673.wav,He had an infectious disease.
SHZDlHAWvGM_sentence_674.wav,Flu is highly infectious.
SHZDlHAWvGM_sentence_689.wav,disapproval.
SHZDlHAWvGM_sentence_690.wav,They stare at my clothes with disapproval.
SHZDlHAWvGM_sentence_696.wav,He shook his head in disapproval.
SHZDlHAWvGM_sentence_705.wav,She screamed and ran out of the room.
SHZDlHAWvGM_sentence_733.wav,Profession
SHZDlHAWvGM_sentence_752.wav,There's no evidence that he has done anything illegal.
SHZDlHAWvGM_sentence_792.wav,I was unable to afford the trip.
SHZDlHAWvGM_sentence_825.wav,Rescue.
SHZDlHAWvGM_sentence_831.wav,You rescued me from an embarrassing situation.
SHZDlHAWvGM_sentence_869.wav,Mayor
SHZDlHAWvGM_sentence_870.wav,Are you the mayor?
SHZDlHAWvGM_sentence_871.wav,He will run for mayor.
SHZDlHAWvGM_sentence_874.wav,Substantially.
SHZDlHAWvGM_sentence_876.wav,These methods are substantially the same.
SHZDlHAWvGM_sentence_880.wav,The costs have increased substantially.
SHZDlHAWvGM_sentence_889.wav,He tried to analyze his feelings.
SHZDlHAWvGM_sentence_890.wav,State
SHZDlHAWvGM_sentence_916.wav,You will need to show proof of identity.
SHZDlHAWvGM_sentence_944.wav,She slammed the door angrily.
Sov_ub_y3VM_sentence_018.wav,What a remarkable performance.
Sov_ub_y3VM_sentence_022.wav,Shortly.
Sov_ub_y3VM_sentence_048.wav,Tourist.
Sov_ub_y3VM_sentence_050.wav,Where is the Tourist Information Office?
Sov_ub_y3VM_sentence_093.wav,This task is difficult for me.
Sov_ub_y3VM_sentence_1001.wav,Turn right at the next corner.
Sov_ub_y3VM_sentence_1002.wav,Someone is hiding in the corner.
Sov_ub_y3VM_sentence_1003.wav,Corner.
Sov_ub_y3VM_sentence_114.wav,How dare you speak like this?
Sov_ub_y3VM_sentence_131.wav,Number
Sov_ub_y3VM_sentence_138.wav,Twelve is an even number.
Sov_ub_y3VM_sentence_154.wav,That car is hers.
Sov_ub_y3VM_sentence_160.wav,Pressure.
Sov_ub_y3VM_sentence_177.wav,Presentation.
Sov_ub_y3VM_sentence_197.wav,disease.
Sov_ub_y3VM_sentence_201.wav,Thousands of people became victims of that disease.
Sov_ub_y3VM_sentence_211.wav,Ground
Sov_ub_y3VM_sentence_215.wav,I live on the ground floor.
Sov_ub_y3VM_sentence_225.wav,He remained silent.
Sov_ub_y3VM_sentence_237.wav,Why should we hire you?
Sov_ub_y3VM_sentence_240.wav,I'd like to know your thinking on this.
Sov_ub_y3VM_sentence_241.wav,What is your current thinking on this question?
Sov_ub_y3VM_sentence_273.wav,Let
Sov_ub_y3VM_sentence_274.wav,Let me in.
Sov_ub_y3VM_sentence_275.wav,Let me introduce myself.
Sov_ub_y3VM_sentence_276.wav,Let's start the party.
Sov_ub_y3VM_sentence_312.wav,Same.
Sov_ub_y3VM_sentence_319.wav,Improve.
Sov_ub_y3VM_sentence_322.wav,I made use of every opportunity to improve my English.
Sov_ub_y3VM_sentence_324.wav,I need to improve my English.
Sov_ub_y3VM_sentence_344.wav,Deliver.
Sov_ub_y3VM_sentence_347.wav,He delivered a very long speech yesterday.
Sov_ub_y3VM_sentence_361.wav,"Wait in line, please."
Sov_ub_y3VM_sentence_369.wav,"I tried to call her, but the line was busy."
Sov_ub_y3VM_sentence_374.wav,He doesn't work well under pressure.
Sov_ub_y3VM_sentence_385.wav,She's the perfect candidate for the job.
Sov_ub_y3VM_sentence_392.wav,"To be honest, I don't like you at all."
Sov_ub_y3VM_sentence_393.wav,Cancel.
Sov_ub_y3VM_sentence_398.wav,cancel.
Sov_ub_y3VM_sentence_400.wav,His visa has been cancelled.
Sov_ub_y3VM_sentence_402.wav,He was forced to cancel his visit.
Sov_ub_y3VM_sentence_404.wav,I'm afraid I'll have to cancel our meeting tomorrow.
Sov_ub_y3VM_sentence_411.wav,It remains a secret.
Sov_ub_y3VM_sentence_413.wav,Grow.
Sov_ub_y3VM_sentence_420.wav,We grow many types of vegetables in our garden.
Sov_ub_y3VM_sentence_438.wav,I highly doubt that.
Sov_ub_y3VM_sentence_448.wav,Please behave honestly.
Sov_ub_y3VM_sentence_450.wav,I honestly persuade
Sov_ub_y3VM_sentence_455.wav,It's no use trying to persuade him.
Sov_ub_y3VM_sentence_466.wav,I've noticed a significant improvement in your work in the last three months.
Sov_ub_y3VM_sentence_508.wav,Please extend this visa.
Sov_ub_y3VM_sentence_512.wav,Your help saved me a lot of trouble.
Sov_ub_y3VM_sentence_546.wav,I made a huge mistake.
Sov_ub_y3VM_sentence_547.wav,I've got a huge problem.
Sov_ub_y3VM_sentence_557.wav,Surprise
Sov_ub_y3VM_sentence_561.wav,What a nice surprise.
Sov_ub_y3VM_sentence_563.wav,I want to surprise her with this special gift.
Sov_ub_y3VM_sentence_566.wav,I know the situation is desperate.
Sov_ub_y3VM_sentence_574.wav,She's in desperate need of money.
Sov_ub_y3VM_sentence_580.wav,I usually have a light breakfast.
Sov_ub_y3VM_sentence_582.wav,Lucky.
Sov_ub_y3VM_sentence_586.wav,Ride.
Sov_ub_y3VM_sentence_591.wav,He gave me a ride on his motorbike.
Sov_ub_y3VM_sentence_600.wav,Front.
Sov_ub_y3VM_sentence_607.wav,Low.
Sov_ub_y3VM_sentence_616.wav,The chair is too low for me.
Sov_ub_y3VM_sentence_622.wav,View
Sov_ub_y3VM_sentence_630.wav,I grew up in a poor family.
Sov_ub_y3VM_sentence_638.wav,Who do you want to be when you grow up?
Sov_ub_y3VM_sentence_640.wav,Persuade.
Sov_ub_y3VM_sentence_643.wav,We persuaded him to change his mind.
Sov_ub_y3VM_sentence_664.wav,He managed to find a new job successfully.
Sov_ub_y3VM_sentence_666.wav,Your what?
Sov_ub_y3VM_sentence_670.wav,What event?
Sov_ub_y3VM_sentence_705.wav,This is a very nice house indeed.
Sov_ub_y3VM_sentence_711.wav,Status
Sov_ub_y3VM_sentence_726.wav,I know you're afraid of heights.
Sov_ub_y3VM_sentence_735.wav,I'm fed up with my daily routine.
Sov_ub_y3VM_sentence_736.wav,Tell me about your daily activities.
Sov_ub_y3VM_sentence_740.wav,I'm looking for an apartment to rent.
Sov_ub_y3VM_sentence_750.wav,We're desperate to find a solution.
Sov_ub_y3VM_sentence_761.wav,Do you like your boss?
Sov_ub_y3VM_sentence_770.wav,Left.
Sov_ub_y3VM_sentence_778.wav,I cannot lift this box.
Sov_ub_y3VM_sentence_786.wav,What a great view.
Sov_ub_y3VM_sentence_793.wav,What do you think of this plan?
Sov_ub_y3VM_sentence_806.wav,I think I will take a vacation this week.
Sov_ub_y3VM_sentence_807.wav,Problem
Sov_ub_y3VM_sentence_819.wav,Death.
Sov_ub_y3VM_sentence_820.wav,He isn't afraid of death.
Sov_ub_y3VM_sentence_826.wav,We were shocked at the news of his death.
Sov_ub_y3VM_sentence_828.wav,I was scared to death.
Sov_ub_y3VM_sentence_831.wav,We expect him to succeed.
Sov_ub_y3VM_sentence_840.wav,I expect a subway station will be here in the future.
Sov_ub_y3VM_sentence_848.wav,Activity.
Sov_ub_y3VM_sentence_852.wav,What are your favorite holiday activities?
Sov_ub_y3VM_sentence_858.wav,Don't you see the exit sign over there?
Sov_ub_y3VM_sentence_869.wav,I will have an English test this afternoon.
Sov_ub_y3VM_sentence_878.wav,Office
Sov_ub_y3VM_sentence_882.wav,Where is the ticket office?
Sov_ub_y3VM_sentence_885.wav,Lead.
Sov_ub_y3VM_sentence_886.wav,"This road leads to the station,"
Sov_ub_y3VM_sentence_888.wav,Just follow my lead.
Sov_ub_y3VM_sentence_897.wav,Birth.
Sov_ub_y3VM_sentence_902.wav,Birth
Sov_ub_y3VM_sentence_903.wav,He was blind from birth.
Sov_ub_y3VM_sentence_904.wav,There were three berths at the hospital last night.
Sov_ub_y3VM_sentence_908.wav,The baby weighed three kilograms at birth.
Sov_ub_y3VM_sentence_913.wav,This room is for rent.
Sov_ub_y3VM_sentence_914.wav,I would like to rent a car.
Sov_ub_y3VM_sentence_936.wav,Father
Sov_ub_y3VM_sentence_937.wav,My father always gets up early to exercise.
Sov_ub_y3VM_sentence_938.wav,What does your father do for a living?
Sov_ub_y3VM_sentence_939.wav,My father is going to go abroad next week.
Sov_ub_y3VM_sentence_944.wav,There's no soap in the bathroom.
Sov_ub_y3VM_sentence_959.wav,Circumstance.
Sov_ub_y3VM_sentence_965.wav,"We wanted to marry, but circumstances didn't permit."
Sov_ub_y3VM_sentence_966.wav,The artists are living in reduced circumstances.
Sov_ub_y3VM_sentence_967.wav,Floor
Sov_ub_y3VM_sentence_972.wav,My apartment is on the fourth floor.
Sov_ub_y3VM_sentence_974.wav,Pretty.
Sov_ub_y3VM_sentence_985.wav,Vacation
Sov_ub_y3VM_sentence_989.wav,Have a nice vacation.
UTFpMaHxHxI_sentence_000.wav,Fruit
UTFpMaHxHxI_sentence_005.wav,My mother bought some apples at a fruit store.
UTFpMaHxHxI_sentence_031.wav,Give me one reason why I should believe you.
UTFpMaHxHxI_sentence_035.wav,I don't know the reason for her absence.
UTFpMaHxHxI_sentence_036.wav,I awful.
UTFpMaHxHxI_sentence_042.wav,They lost an awful lot of money.
UTFpMaHxHxI_sentence_065.wav,I'll be ready shortly.
UTFpMaHxHxI_sentence_066.wav,Back.
UTFpMaHxHxI_sentence_071.wav,Do you think I'm too old to go back to school?
UTFpMaHxHxI_sentence_072.wav,They hit him on the back strongly. Should I wait for her to come back?
UTFpMaHxHxI_sentence_074.wav,Loud.
UTFpMaHxHxI_sentence_100.wav,Scared.
UTFpMaHxHxI_sentence_1004.wav,Where's the nearest bank?
UTFpMaHxHxI_sentence_1005.wav,Mir.
UTFpMaHxHxI_sentence_1020.wav,Seriously
UTFpMaHxHxI_sentence_1029.wav,The consequences could be serious.
UTFpMaHxHxI_sentence_1032.wav,What is your marriage status?
UTFpMaHxHxI_sentence_1033.wav,That woman has a high social status.
UTFpMaHxHxI_sentence_1054.wav,Finish.
UTFpMaHxHxI_sentence_1087.wav,"Leave now, otherwise you will miss the bus."
UTFpMaHxHxI_sentence_1094.wav,It's unlikely that he will be fired.
UTFpMaHxHxI_sentence_131.wav,Customer.
UTFpMaHxHxI_sentence_135.wav,Customer
UTFpMaHxHxI_sentence_142.wav,Concerned.
UTFpMaHxHxI_sentence_153.wav,Divorce is very painful.
UTFpMaHxHxI_sentence_170.wav,Look at the train crossing the bridge. There used to be a bridge here.
UTFpMaHxHxI_sentence_171.wav,This new bridge is a triumph of engineering.
UTFpMaHxHxI_sentence_172.wav,Similar.
UTFpMaHxHxI_sentence_183.wav,Don't miss this opportunity.
UTFpMaHxHxI_sentence_188.wav,Impression
UTFpMaHxHxI_sentence_200.wav,This is a significant change.
UTFpMaHxHxI_sentence_246.wav,I wonder if my efforts will pay off.
UTFpMaHxHxI_sentence_263.wav,out.
UTFpMaHxHxI_sentence_268.wav,I began to doubt the accuracy of his statement.
UTFpMaHxHxI_sentence_278.wav,Tom lives on the third floor of this apartment building. This building is over fifty years old. This building is architecturally impressive. Tom lives on the third floor of this apartment building. This building is over fifty years old.
UTFpMaHxHxI_sentence_282.wav,What we're doing is dangerous.
UTFpMaHxHxI_sentence_288.wav,It is dangerous for children to go out alone at night.
UTFpMaHxHxI_sentence_293.wav,Management
UTFpMaHxHxI_sentence_307.wav,I can't see any stars tonight.
UTFpMaHxHxI_sentence_319.wav,Nothing number.
UTFpMaHxHxI_sentence_321.wav,I forgot your phone number.
UTFpMaHxHxI_sentence_322.wav,Can I have your phone number?
UTFpMaHxHxI_sentence_340.wav,Don't let that dog come near me.
UTFpMaHxHxI_sentence_376.wav,Tao.
UTFpMaHxHxI_sentence_380.wav,Dow.
UTFpMaHxHxI_sentence_388.wav,I have no doubt that he's lying.
UTFpMaHxHxI_sentence_407.wav,Wait a moment.
UTFpMaHxHxI_sentence_424.wav,Let's start with lesson one.
UTFpMaHxHxI_sentence_441.wav,Have you finished dinner yet?
UTFpMaHxHxI_sentence_478.wav,They've bought themselves a new car.
UTFpMaHxHxI_sentence_493.wav,Hurry!
UTFpMaHxHxI_sentence_507.wav,This job is beyond my ability.
UTFpMaHxHxI_sentence_532.wav,She is lying on the ground.
UTFpMaHxHxI_sentence_538.wav,Jealous
UTFpMaHxHxI_sentence_563.wav,She owes him a lot of money.
UTFpMaHxHxI_sentence_583.wav,I can't go out tonight. Why not?
UTFpMaHxHxI_sentence_616.wav,Serious
UTFpMaHxHxI_sentence_617.wav,Are you serious?
UTFpMaHxHxI_sentence_634.wav,Red.
UTFpMaHxHxI_sentence_667.wav,Take care of yourself.
UTFpMaHxHxI_sentence_668.wav,Yourself.
UTFpMaHxHxI_sentence_694.wav,BRIGHT Look at the bright side. The rooms are bright and spacious. That's a bright idea. BRIGHT.
UTFpMaHxHxI_sentence_695.wav,Look at the bright side.
UTFpMaHxHxI_sentence_696.wav,The rooms are bright and spacious.
UTFpMaHxHxI_sentence_711.wav,I wish that we could spend more time together.
UTFpMaHxHxI_sentence_731.wav,That.
UTFpMaHxHxI_sentence_734.wav,I'm glad that you can come.
UTFpMaHxHxI_sentence_737.wav,What's that sound?
UTFpMaHxHxI_sentence_749.wav,The museums attract a lot of tourists.
UTFpMaHxHxI_sentence_760.wav,Do I have to do it right away?
UTFpMaHxHxI_sentence_762.wav,Keep away from the dog.
UTFpMaHxHxI_sentence_786.wav,It's on the shelf just above your head.
UTFpMaHxHxI_sentence_802.wav,She's very patient.
UTFpMaHxHxI_sentence_806.wav,I arrived there too early.
UTFpMaHxHxI_sentence_828.wav,How much do you weigh?
UTFpMaHxHxI_sentence_847.wav,Beyond.
UTFpMaHxHxI_sentence_850.wav,He pointed to a spot beyond the trees. Degree.
UTFpMaHxHxI_sentence_858.wav,Water boils at 100 degrees Celsius.
UTFpMaHxHxI_sentence_860.wav,She got her master's degree three years ago.
UTFpMaHxHxI_sentence_881.wav,He must put more effort into his work.
UTFpMaHxHxI_sentence_892.wav,"Don't touch that plate, it's hot."
UTFpMaHxHxI_sentence_916.wav,I famous.
UTFpMaHxHxI_sentence_931.wav,Enthusiasm.
UTFpMaHxHxI_sentence_937.wav,Nothing great was ever achieved without enthusiasm.
UTFpMaHxHxI_sentence_938.wav,Subject
UTFpMaHxHxI_sentence_988.wav,I gave her all the money I had.
UTJvBxhIaUI_sentence_020.wav,The patient is in severe pain.
UTJvBxhIaUI_sentence_036.wav,Water and oil are both liquids.
UTJvBxhIaUI_sentence_039.wav,She cut the sandwiches into triangles.
UTJvBxhIaUI_sentence_046.wav,Amuse.
UTJvBxhIaUI_sentence_050.wav,Amuse
UTJvBxhIaUI_sentence_073.wav,Feature
UTJvBxhIaUI_sentence_081.wav,Household.
UTJvBxhIaUI_sentence_085.wav,She is busy with household work.
UTJvBxhIaUI_sentence_086.wav,I need to buy some household equipment.
UTJvBxhIaUI_sentence_089.wav,Remove.
UTJvBxhIaUI_sentence_095.wav,We removed you from the list.
UTJvBxhIaUI_sentence_100.wav,Article
UTJvBxhIaUI_sentence_105.wav,Procedure.
UTJvBxhIaUI_sentence_114.wav,What is the procedure for getting a visa?
UTJvBxhIaUI_sentence_117.wav,I located the town on a map.
UTJvBxhIaUI_sentence_126.wav,We're trying to locate him.
UTJvBxhIaUI_sentence_140.wav,He put his hand gently on her shoulder.
UTJvBxhIaUI_sentence_145.wav,The road curves gently toward the lake.
UTJvBxhIaUI_sentence_157.wav,Honor
UTJvBxhIaUI_sentence_158.wav,It's a great honor to be invited.
UTJvBxhIaUI_sentence_211.wav,This house has a solid foundation.
UTJvBxhIaUI_sentence_214.wav,Trade.
UTJvBxhIaUI_sentence_237.wav,Source
UTJvBxhIaUI_sentence_266.wav,I have a severe headache.
UTJvBxhIaUI_sentence_320.wav,Ceremony
UTJvBxhIaUI_sentence_346.wav,Liquid.
UTJvBxhIaUI_sentence_351.wav,"Water is liquid, when it freezes, it becomes solid."
UTJvBxhIaUI_sentence_360.wav,This camera has several features that make it easy to use.
UTJvBxhIaUI_sentence_370.wav,August
UTJvBxhIaUI_sentence_372.wav,He will go abroad in August.
UTJvBxhIaUI_sentence_373.wav,I was born in August.
UTJvBxhIaUI_sentence_383.wav,Proudly.
UTJvBxhIaUI_sentence_388.wav,He proudly told me his achievement.
UTJvBxhIaUI_sentence_391.wav,Particularly
UTJvBxhIaUI_sentence_411.wav,"There is no use protesting, I will not change my mind."
UTJvBxhIaUI_sentence_412.wav,Bad tempered.
UTJvBxhIaUI_sentence_419.wav,"She's very bad tempered in the mornings, and"
UTJvBxhIaUI_sentence_434.wav,Prompt payment will be appreciated.
UTJvBxhIaUI_sentence_435.wav,Oppose
UTJvBxhIaUI_sentence_444.wav,Always follow the manufacturer's instructions.
UTJvBxhIaUI_sentence_446.wav,Manufacturer.
UTJvBxhIaUI_sentence_448.wav,Faulty goods should be returned to the manufacturers.
UTJvBxhIaUI_sentence_460.wav,"I met your daughter yesterday, and she greeted me politely."
UTJvBxhIaUI_sentence_462.wav,She politely corrected me.
UTJvBxhIaUI_sentence_468.wav,He politely gave me the ticket.
UTJvBxhIaUI_sentence_475.wav,The magazine is widely read by teenagers.
UTJvBxhIaUI_sentence_491.wav,Plus
UTJvBxhIaUI_sentence_492.wav,One plus two is three.
UTJvBxhIaUI_sentence_498.wav,The cost is$10 plus$2 for shipping.
UTJvBxhIaUI_sentence_499.wav,Heaven.
UTJvBxhIaUI_sentence_500.wav,He hopes to go to heaven when he dies.
UTJvBxhIaUI_sentence_501.wav,Our baby is a gift from heaven.
UTJvBxhIaUI_sentence_524.wav,Don't let your ice cream melt.
UTJvBxhIaUI_sentence_532.wav,Is there a hairdresser in the hotel?
UTJvBxhIaUI_sentence_569.wav,Triangle.
UTJvBxhIaUI_sentence_572.wav,Triangle
UTJvBxhIaUI_sentence_581.wav,There are noticeable differences between them.
UTJvBxhIaUI_sentence_595.wav,There is a pub in front of her house.
UTJvBxhIaUI_sentence_596.wav,Bye.
UTJvBxhIaUI_sentence_597.wav,Goodbye. See you again.
UTJvBxhIaUI_sentence_598.wav,It was too late to say goodbye to him. She said bye to me and went away.
UTJvBxhIaUI_sentence_629.wav,The greatest obstacle to international understanding is the barrier of language.
UTJvBxhIaUI_sentence_643.wav,I explained the procedure to him.
UTJvBxhIaUI_sentence_659.wav,There are substantial differences between the two groups.
UTJvBxhIaUI_sentence_668.wav,The best revenge is massive success.
UTJvBxhIaUI_sentence_676.wav,concrete.
UTJvBxhIaUI_sentence_678.wav,Modern buildings are made of concrete.
UTJvBxhIaUI_sentence_685.wav,They sell ten different flavors of ice cream.
UTJvBxhIaUI_sentence_696.wav,remaining.
UTJvBxhIaUI_sentence_703.wav,Occupy.
UTJvBxhIaUI_sentence_708.wav,The bathroom is occupied now.
UTJvBxhIaUI_sentence_712.wav,The soldiers occupied the building.
UTJvBxhIaUI_sentence_715.wav,She proudly showed off her awards.
UTJvBxhIaUI_sentence_728.wav,Have you read this article?
UTJvBxhIaUI_sentence_756.wav,Locate.
UTJvBxhIaUI_sentence_785.wav,You are not entitled to attend the meeting.
UTJvBxhIaUI_sentence_809.wav,Association
UTJvBxhIaUI_sentence_834.wav,Her smile melts my heart.
UTJvBxhIaUI_sentence_865.wav,Household
UTJvBxhIaUI_sentence_895.wav,That picture will amuse you.
UUF4JSG6Ql4_sentence_016.wav,I politely refuse their invitation.
UUF4JSG6Ql4_sentence_031.wav,Previous.
UUF4JSG6Ql4_sentence_033.wav,She has a child from a previous marriage.
UUF4JSG6Ql4_sentence_048.wav,crowd.
UUF4JSG6Ql4_sentence_059.wav,Why are you so nervous?
UUF4JSG6Ql4_sentence_073.wav,Take a deep breath and then relax. How long can you hold your breath?
UUF4JSG6Ql4_sentence_078.wav,The way to get started is to quit talking and begin doing.
UUF4JSG6Ql4_sentence_082.wav,Surface
UUF4JSG6Ql4_sentence_086.wav,This table has a smooth surface.
UUF4JSG6Ql4_sentence_113.wav,Silence.
UUF4JSG6Ql4_sentence_132.wav,Major.
UUF4JSG6Ql4_sentence_165.wav,Neither.
UUF4JSG6Ql4_sentence_171.wav,"Which one do you want? Neither, thanks."
UUF4JSG6Ql4_sentence_172.wav,Writer
UUF4JSG6Ql4_sentence_173.wav,That man is a famous writer.
UUF4JSG6Ql4_sentence_197.wav,We have permission to be here.
UUF4JSG6Ql4_sentence_199.wav,She took the car without permission.
UUF4JSG6Ql4_sentence_200.wav,Great.
UUF4JSG6Ql4_sentence_211.wav,Do you have any information about the project?
UUF4JSG6Ql4_sentence_217.wav,It was an uphill struggle.
UUF4JSG6Ql4_sentence_232.wav,I haven't decided what to do yet.
UUF4JSG6Ql4_sentence_233.wav,Section
UUF4JSG6Ql4_sentence_240.wav,He gave me an orange in exchange for a piece of cake.
UUF4JSG6Ql4_sentence_243.wav,Train
UUF4JSG6Ql4_sentence_262.wav,I'll give you a fair price.
UUF4JSG6Ql4_sentence_264.wav,BOY I have known Tom since I was a little boy.
UUF4JSG6Ql4_sentence_268.wav,The boy who lives next door often comes home late.
UUF4JSG6Ql4_sentence_276.wav,None.
UUF4JSG6Ql4_sentence_279.wav,It's none of your business.
UUF4JSG6Ql4_sentence_307.wav,Purpose.
UUF4JSG6Ql4_sentence_314.wav,From
UUF4JSG6Ql4_sentence_320.wav,He is often absent from school.
UUF4JSG6Ql4_sentence_321.wav,Heavily.
UUF4JSG6Ql4_sentence_322.wav,It is raining heavily.
UUF4JSG6Ql4_sentence_369.wav,Very.
UUF4JSG6Ql4_sentence_391.wav,The school is not run for profit.
UUF4JSG6Ql4_sentence_399.wav,I dropped her off at the airport.
UUF4JSG6Ql4_sentence_403.wav,Let's leave early to avoid rush hour traffic.
UUF4JSG6Ql4_sentence_417.wav,Don't go above the speed limit.
UUF4JSG6Ql4_sentence_433.wav,Phil.
UUF4JSG6Ql4_sentence_445.wav,Under
UUF4JSG6Ql4_sentence_447.wav,We're under attack.
UUF4JSG6Ql4_sentence_449.wav,She found her purse under the desk.
UUF4JSG6Ql4_sentence_451.wav,Everything is under control.
UUF4JSG6Ql4_sentence_459.wav,Ill.
UUF4JSG6Ql4_sentence_471.wav,Day.
UUF4JSG6Ql4_sentence_474.wav,He sleeps during the day and works at night.
UUF4JSG6Ql4_sentence_494.wav,The beach is a mile away.
UUF4JSG6Ql4_sentence_501.wav,She did quite well.
UUF4JSG6Ql4_sentence_511.wav,Village
UUF4JSG6Ql4_sentence_513.wav,Finally we arrived at the village where
UUF4JSG6Ql4_sentence_521.wav,He doesn't drink alcohol.
UUF4JSG6Ql4_sentence_523.wav,Because I did it because of you.
VQeC1ZO2L-w_sentence_012.wav,Attempt.
VQeC1ZO2L-w_sentence_020.wav,I passed my driving test at the first attempt.
VQeC1ZO2L-w_sentence_042.wav,Unfortunate.
VQeC1ZO2L-w_sentence_043.wav,It was a very unfortunate accident.
VQeC1ZO2L-w_sentence_050.wav,Broadcast.
VQeC1ZO2L-w_sentence_052.wav,The football game is now being broadcast.
VQeC1ZO2L-w_sentence_090.wav,Spoil
VQeC1ZO2L-w_sentence_102.wav,Can you talk openly about sex with your parents?
VQeC1ZO2L-w_sentence_109.wav,Encouragement.
VQeC1ZO2L-w_sentence_121.wav,What's on your plate?
VQeC1ZO2L-w_sentence_152.wav,Distribute.
VQeC1ZO2L-w_sentence_166.wav,He was absorbed in a computer game.
VQeC1ZO2L-w_sentence_180.wav,considerably.
VQeC1ZO2L-w_sentence_184.wav,There's no substitute for hard work.
VQeC1ZO2L-w_sentence_196.wav,This novel consists of 28 chapters.
VQeC1ZO2L-w_sentence_197.wav,Consist of
VQeC1ZO2L-w_sentence_204.wav,Delay.
VQeC1ZO2L-w_sentence_209.wav,I was delayed by a traffic jam.
VQeC1ZO2L-w_sentence_213.wav,We delayed the meeting for a week.
VQeC1ZO2L-w_sentence_214.wav,We apologize for the delay.
VQeC1ZO2L-w_sentence_227.wav,The room is at the end of the hall.
VQeC1ZO2L-w_sentence_251.wav,Judge
VQeC1ZO2L-w_sentence_263.wav,I think math is a complex subject.
VQeC1ZO2L-w_sentence_267.wav,That was a complex problem.
VQeC1ZO2L-w_sentence_270.wav,Guest.
VQeC1ZO2L-w_sentence_271.wav,They are our guests.
VQeC1ZO2L-w_sentence_272.wav,This hotel can accommodate five hundred guests.
VQeC1ZO2L-w_sentence_273.wav,How many guests are there?
VQeC1ZO2L-w_sentence_289.wav,Brand
VQeC1ZO2L-w_sentence_296.wav,Primarily
VQeC1ZO2L-w_sentence_308.wav,Nothing is permanent in this world.
VQeC1ZO2L-w_sentence_312.wav,What is your permanent address?
VQeC1ZO2L-w_sentence_346.wav,He was completely absorbed in his work.
VQeC1ZO2L-w_sentence_359.wav,Card.
VQeC1ZO2L-w_sentence_360.wav,He sent me a beautiful birthday card.
VQeC1ZO2L-w_sentence_366.wav,Can I pay by credit card?
VQeC1ZO2L-w_sentence_413.wav,Magic
VQeC1ZO2L-w_sentence_414.wav,Do you believe in magic?
VQeC1ZO2L-w_sentence_426.wav,She went on an extreme diet.
VQeC1ZO2L-w_sentence_434.wav,Rapid population growth is a serious problem in our country.
VQeC1ZO2L-w_sentence_457.wav,She was invited to join the Peace Congress.
VQeC1ZO2L-w_sentence_490.wav,There was a continuous line of cars.
VQeC1ZO2L-w_sentence_513.wav,Motion
VQeC1ZO2L-w_sentence_526.wav,Mile
VQeC1ZO2L-w_sentence_530.wav,The post office is only a mile from here.
VQeC1ZO2L-w_sentence_531.wav,The bridge is about a mile long.
VQeC1ZO2L-w_sentence_540.wav,The boy knows many magic tricks.
VQeC1ZO2L-w_sentence_546.wav,John was very keen to help.
VQeC1ZO2L-w_sentence_583.wav,Player
VQeC1ZO2L-w_sentence_584.wav,He is a famous volleyball player.
VQeC1ZO2L-w_sentence_585.wav,He is the best player in our team.
VQeC1ZO2L-w_sentence_586.wav,It's a game for four players.
VQeC1ZO2L-w_sentence_590.wav,Pearl
VQeC1ZO2L-w_sentence_600.wav,This book will awaken your imagination.
VQeC1ZO2L-w_sentence_603.wav,flag.
VQeC1ZO2L-w_sentence_604.wav,Have you ever seen this flag?
VQeC1ZO2L-w_sentence_605.wav,Every country has its national flag.
VQeC1ZO2L-w_sentence_625.wav,She doesn't have what it takes to be a good leader.
VQeC1ZO2L-w_sentence_626.wav,He is a born leader.
VQeC1ZO2L-w_sentence_651.wav,Permanent.
VQeC1ZO2L-w_sentence_658.wav,This continuous noise annoys me.
VQeC1ZO2L-w_sentence_668.wav,This paper does not absorb ink.
VQeC1ZO2L-w_sentence_688.wav,We appointed him as our representative.
VQeC1ZO2L-w_sentence_710.wav,"One of our teachers is sick, so we need someone to substitute."
VQeC1ZO2L-w_sentence_723.wav,I firmly believe that your time will come.
VQeC1ZO2L-w_sentence_726.wav,She held my arm firmly.
VQeC1ZO2L-w_sentence_729.wav,Don't let him spoil your evening.
VQeC1ZO2L-w_sentence_753.wav,Thank you for all your support and encouragement.
VQeC1ZO2L-w_sentence_776.wav,Executives.
VQeC1ZO2L-w_sentence_838.wav,That was an international congress of mathematicians.
VQeC1ZO2L-w_sentence_848.wav,Our planet Earth is always in motion.
VQeC1ZO2L-w_sentence_893.wav,I attempted to swim across the river.
VbsNhBfwxf0_sentence_046.wav,"The food wasn't good, but at least it was cheap."
VbsNhBfwxf0_sentence_060.wav,We have very similar interests.
VbsNhBfwxf0_sentence_075.wav,Make this a priority.
VbsNhBfwxf0_sentence_076.wav,Nobody is too busy. It's just a matter of priorities.
VbsNhBfwxf0_sentence_077.wav,Silent
VbsNhBfwxf0_sentence_082.wav,"Not knowing what to say, I remained silent."
VbsNhBfwxf0_sentence_084.wav,She asked us to be silent.
VbsNhBfwxf0_sentence_089.wav,He definitely has enough time to get the job done.
VbsNhBfwxf0_sentence_1001.wav,You're asking a ridiculous question.
VbsNhBfwxf0_sentence_1002.wav,Do I look ridiculous in this hat?
VbsNhBfwxf0_sentence_1005.wav,Get
VbsNhBfwxf0_sentence_1009.wav,Where can I get my baggage?
VbsNhBfwxf0_sentence_101.wav,Please leave me alone.
VbsNhBfwxf0_sentence_1011.wav,I got it.
VbsNhBfwxf0_sentence_111.wav,Brief.
VbsNhBfwxf0_sentence_112.wav,Just take a brief note.
VbsNhBfwxf0_sentence_113.wav,"Whatever advice you give, be brief."
VbsNhBfwxf0_sentence_121.wav,The desk is made of wood.
VbsNhBfwxf0_sentence_126.wav,Hardly.
VbsNhBfwxf0_sentence_131.wav,Factory
VbsNhBfwxf0_sentence_137.wav,They decided to close the factory.
VbsNhBfwxf0_sentence_142.wav,Effect.
VbsNhBfwxf0_sentence_153.wav,Your advice will have no effect on them.
VbsNhBfwxf0_sentence_172.wav,Summer.
VbsNhBfwxf0_sentence_174.wav,How was your summer?
VbsNhBfwxf0_sentence_176.wav,It's very hot. Recommend.
VbsNhBfwxf0_sentence_195.wav,What prevented you from coming yesterday?
VbsNhBfwxf0_sentence_197.wav,How can I prevent this from happening?
VbsNhBfwxf0_sentence_202.wav,He packed his bags and left.
VbsNhBfwxf0_sentence_209.wav,I didn't agree with everything he said.
VbsNhBfwxf0_sentence_211.wav,Everything's going to be okay.
VbsNhBfwxf0_sentence_213.wav,I'm satisfied with everything.
VbsNhBfwxf0_sentence_214.wav,Address. Address.
VbsNhBfwxf0_sentence_221.wav,The letter was returned because it has been addressed incorrectly.
VbsNhBfwxf0_sentence_222.wav,May I have your name and address?
VbsNhBfwxf0_sentence_251.wav,Deep breathing gives you health benefits similar to aerobics.
VbsNhBfwxf0_sentence_254.wav,these changes will benefit the nation.
VbsNhBfwxf0_sentence_277.wav,This medicine has no side effects.
VbsNhBfwxf0_sentence_290.wav,I recommend the book to all of my students.
VbsNhBfwxf0_sentence_306.wav,We can't focus on two things at the same time.
VbsNhBfwxf0_sentence_308.wav,Focus.
VbsNhBfwxf0_sentence_310.wav,Stop worrying about that and focus on your work.
VbsNhBfwxf0_sentence_316.wav,Where are your parents now?
VbsNhBfwxf0_sentence_317.wav,He's still idea.
VbsNhBfwxf0_sentence_324.wav,Consider.
VbsNhBfwxf0_sentence_325.wav,We are considering going to Canada.
VbsNhBfwxf0_sentence_326.wav,We must consider what to do next.
VbsNhBfwxf0_sentence_331.wav,I think it's time for me to consider going on a diet.
VbsNhBfwxf0_sentence_352.wav,I major in economics.
VbsNhBfwxf0_sentence_363.wav,Should I wait for her to come back?
VbsNhBfwxf0_sentence_384.wav,I didn't know she was ill.
VbsNhBfwxf0_sentence_389.wav,Percent.
VbsNhBfwxf0_sentence_392.wav,I'm ice.
VbsNhBfwxf0_sentence_420.wav,Unlike
VbsNhBfwxf0_sentence_422.wav,"Unlike my brother, I cannot swim."
VbsNhBfwxf0_sentence_431.wav,My car is out of gas.
VbsNhBfwxf0_sentence_455.wav,She always speaks to him in a loud voice.
VbsNhBfwxf0_sentence_458.wav,Rest.
VbsNhBfwxf0_sentence_464.wav,The doctor told me to rest.
VbsNhBfwxf0_sentence_465.wav,Achieve.
VbsNhBfwxf0_sentence_468.wav,Achieve
VbsNhBfwxf0_sentence_475.wav,I had a tooth pulled out yesterday.
VbsNhBfwxf0_sentence_488.wav,Strategy
VbsNhBfwxf0_sentence_495.wav,Forest.
VbsNhBfwxf0_sentence_500.wav,I got lost in the forest.
VbsNhBfwxf0_sentence_509.wav,Pool
VbsNhBfwxf0_sentence_512.wav,Could you please pull the curtain aside?
VbsNhBfwxf0_sentence_513.wav,Pool.
VbsNhBfwxf0_sentence_517.wav,You push and I'll pull.
VbsNhBfwxf0_sentence_520.wav,cake.
VbsNhBfwxf0_sentence_523.wav,Turn the heat down or your cake will burn.
VbsNhBfwxf0_sentence_544.wav,I met a lot of famous people at that meeting.
VbsNhBfwxf0_sentence_553.wav,Success.
VbsNhBfwxf0_sentence_554.wav,I'm glad to hear of your success.
VbsNhBfwxf0_sentence_569.wav,Look at the train crossing the bridge.
VbsNhBfwxf0_sentence_570.wav,There used to be a bridge here.
VbsNhBfwxf0_sentence_577.wav,Different.
VbsNhBfwxf0_sentence_579.wav,They are sold in different colors.
VbsNhBfwxf0_sentence_581.wav,different.
VbsNhBfwxf0_sentence_604.wav,Investment.
VbsNhBfwxf0_sentence_612.wav,We made some bad investments.
VbsNhBfwxf0_sentence_618.wav,The Earth moves around the Sun.
VbsNhBfwxf0_sentence_619.wav,The sun is shining and birds are singing.
VbsNhBfwxf0_sentence_625.wav,Determine.
VbsNhBfwxf0_sentence_626.wav,We're still trying to determine what happened.
VbsNhBfwxf0_sentence_636.wav,She's unlike anyone I've ever met.
VbsNhBfwxf0_sentence_645.wav,We need a new marketing strategy for 2016.
VbsNhBfwxf0_sentence_649.wav,Use
VbsNhBfwxf0_sentence_650.wav,It's no use asking him for help.
VbsNhBfwxf0_sentence_653.wav,It's no belong.
VbsNhBfwxf0_sentence_656.wav,Where do these things belong?
VbsNhBfwxf0_sentence_657.wav,You belong to me.
VbsNhBfwxf0_sentence_674.wav,Moment
VbsNhBfwxf0_sentence_680.wav,She stayed there for a moment.
VbsNhBfwxf0_sentence_685.wav,Forever.
VbsNhBfwxf0_sentence_687.wav,All I want is to be with you forever.
VbsNhBfwxf0_sentence_690.wav,Wealth
VbsNhBfwxf0_sentence_694.wav,Health is more important than wealth.
VbsNhBfwxf0_sentence_706.wav,Repair.
VbsNhBfwxf0_sentence_713.wav,Have you ever repaired a computer?
VbsNhBfwxf0_sentence_714.wav,Can you repair it?
VbsNhBfwxf0_sentence_715.wav,My house is under repair.
VbsNhBfwxf0_sentence_722.wav,Doubt.
VbsNhBfwxf0_sentence_733.wav,Search.
VbsNhBfwxf0_sentence_744.wav,White
VbsNhBfwxf0_sentence_755.wav,Smile.
VbsNhBfwxf0_sentence_756.wav,She approached him with a smile on her face.
VbsNhBfwxf0_sentence_761.wav,"Smile at the camera, please."
VbsNhBfwxf0_sentence_763.wav,Do you think I'm getting fat?
VbsNhBfwxf0_sentence_764.wav,"Don't eat too much, you'll get fat."
VbsNhBfwxf0_sentence_772.wav,Unlikely.
VbsNhBfwxf0_sentence_781.wav,Golf is very popular in South Korea.
VbsNhBfwxf0_sentence_782.wav,This book is popular with children.
VbsNhBfwxf0_sentence_783.wav,Over.
VbsNhBfwxf0_sentence_789.wav,I guess he's over thirty.
VbsNhBfwxf0_sentence_801.wav,Recall.
VbsNhBfwxf0_sentence_810.wav,Can you recall what happened last night?
VbsNhBfwxf0_sentence_821.wav,They love each other deeply.
VbsNhBfwxf0_sentence_823.wav,Study
VbsNhBfwxf0_sentence_825.wav,I made up my mind to study harder.
VbsNhBfwxf0_sentence_837.wav,This is a question and answer session.
VbsNhBfwxf0_sentence_847.wav,He neither smokes nor drinks.
VbsNhBfwxf0_sentence_851.wav,It's neither good nor bad.
VbsNhBfwxf0_sentence_856.wav,How long do I have to wait for delivery?
VbsNhBfwxf0_sentence_857.wav,Do you charge for delivery?
VbsNhBfwxf0_sentence_870.wav,I am responsible for your safety.
VbsNhBfwxf0_sentence_872.wav,Safety is the most important thing here.
VbsNhBfwxf0_sentence_873.wav,Safety
VbsNhBfwxf0_sentence_882.wav,There's no simple solution to this problem.
VbsNhBfwxf0_sentence_887.wav,Do you have a better solution?
VbsNhBfwxf0_sentence_891.wav,Bottom
VbsNhBfwxf0_sentence_892.wav,She paused at the bottom of the stairs.
VbsNhBfwxf0_sentence_899.wav,I live on the bottom floor.
VbsNhBfwxf0_sentence_911.wav,Weakness.
VbsNhBfwxf0_sentence_912.wav,We all have our weakness.
VbsNhBfwxf0_sentence_923.wav,The restaurant is open daily except Sunday.
VbsNhBfwxf0_sentence_924.wav,Everyone was invited except me.
VbsNhBfwxf0_sentence_932.wav,We ran out of salt today.
VbsNhBfwxf0_sentence_933.wav,This soup needs a bit more salt.
VbsNhBfwxf0_sentence_944.wav,We received a warm welcome from our host.
VbsNhBfwxf0_sentence_968.wav,"They haven't found him yet, so they keep searching."
VbsNhBfwxf0_sentence_973.wav,I think I smell smoke.
VbsNhBfwxf0_sentence_990.wav,"On the surface, the plan seems simple."
VjAvTRsp1Dk_sentence_000.wav,I have been
VjAvTRsp1Dk_sentence_001.wav,I have been learning English for almost ten years.
VjAvTRsp1Dk_sentence_002.wav,I have been living here for thirty years.
VjAvTRsp1Dk_sentence_006.wav,Where have you been? We have been looking for you everywhere.
VjAvTRsp1Dk_sentence_007.wav,"In other words, the"
VjAvTRsp1Dk_sentence_017.wav,"In other words, he doesn't want to do it."
VjAvTRsp1Dk_sentence_019.wav,"In other words, he betrayed us."
VjAvTRsp1Dk_sentence_021.wav,"They are not telling the truth. In other words, they are lying."
VjAvTRsp1Dk_sentence_022.wav,And you're supposed to.
VjAvTRsp1Dk_sentence_033.wav,What would you do if?
VjAvTRsp1Dk_sentence_034.wav,What would you do if you were me?
VjAvTRsp1Dk_sentence_035.wav,What would you do if you were in my shoes?
VjAvTRsp1Dk_sentence_039.wav,What would you do if you had a lot of money?
VjAvTRsp1Dk_sentence_040.wav,You need to.
VjAvTRsp1Dk_sentence_043.wav,You need to adjust your watch. It's slow.
VjAvTRsp1Dk_sentence_044.wav,You how long?
VjAvTRsp1Dk_sentence_049.wav,How long have you been studying English?
VjAvTRsp1Dk_sentence_051.wav,take place.
VjAvTRsp1Dk_sentence_058.wav,Do you want me to?
VjAvTRsp1Dk_sentence_062.wav,You inside out.
VjAvTRsp1Dk_sentence_067.wav,I bet.
VjAvTRsp1Dk_sentence_069.wav,I bet he is home now.
VjAvTRsp1Dk_sentence_071.wav,I bet we're lost.
VjAvTRsp1Dk_sentence_073.wav,I bet he will win the prize.
VjAvTRsp1Dk_sentence_076.wav,Keep it in mind that you don't work here anymore.
VjAvTRsp1Dk_sentence_077.wav,Please keep in mind that you only have one day to finish the essay.
VjAvTRsp1Dk_sentence_079.wav,Keep in mind that smoking is not good for your health.
VjAvTRsp1Dk_sentence_085.wav,It's going to
VjAvTRsp1Dk_sentence_090.wav,"It's going to be a beautiful day, Sarah said."
VjAvTRsp1Dk_sentence_099.wav,It's hard for me to accept that truth.
VjAvTRsp1Dk_sentence_101.wav,It's hard for me to.
VjAvTRsp1Dk_sentence_105.wav,It's hard for me to live on my small income.
VjAvTRsp1Dk_sentence_107.wav,It's hard for me to live without you.
VjAvTRsp1Dk_sentence_108.wav,It's time to
VjAvTRsp1Dk_sentence_109.wav,It's time to go to bed.
VjAvTRsp1Dk_sentence_110.wav,I suppose it's time to go.
VjAvTRsp1Dk_sentence_111.wav,It's time to make a decision.
VjAvTRsp1Dk_sentence_115.wav,Thank you for.
VjAvTRsp1Dk_sentence_116.wav,Thank you for what you have done for me.
VjAvTRsp1Dk_sentence_117.wav,Thank you for your help.
VjAvTRsp1Dk_sentence_118.wav,Thank you for the gift.
VjAvTRsp1Dk_sentence_119.wav,Thank you.
Vm4TBei0oSk_sentence_011.wav,Faithful.
Vm4TBei0oSk_sentence_018.wav,"If you truly love someone, being faithful is easy."
Vm4TBei0oSk_sentence_044.wav,Asleep.
Vm4TBei0oSk_sentence_046.wav,I nearly fell asleep in the middle of the lecture.
Vm4TBei0oSk_sentence_077.wav,He shamed his whole family by his conduct.
Vm4TBei0oSk_sentence_094.wav,It's an honor to meet you.
Vm4TBei0oSk_sentence_110.wav,We were greatly amused by her story.
Vm4TBei0oSk_sentence_111.wav,Cycle.
Vm4TBei0oSk_sentence_122.wav,Compete.
Vm4TBei0oSk_sentence_127.wav,I never wanted to compete with you.
Vm4TBei0oSk_sentence_129.wav,Many students compete to get into the best universities.
Vm4TBei0oSk_sentence_141.wav,Custom.
Vm4TBei0oSk_sentence_143.wav,It's difficult to get used to another country's customs.
Vm4TBei0oSk_sentence_168.wav,I heard it from a reliable source.
Vm4TBei0oSk_sentence_210.wav,I recently traded in my car for a new one.
Vm4TBei0oSk_sentence_215.wav,The ceremony began with his speech.
Vm4TBei0oSk_sentence_241.wav,He opposed our decision.
Vm4TBei0oSk_sentence_243.wav,Don't oppose him.
Vm4TBei0oSk_sentence_263.wav,"Bear. What should you do if you encounter a bear while hiking? I ask the teacher to bear in mind that I am just a beginner. If there's one thing I can't bear, it's to be kept waiting."
Vm4TBei0oSk_sentence_267.wav,BIRTH DAY HAPPY BIRTHDAY
Vm4TBei0oSk_sentence_274.wav,Gently.
Vm4TBei0oSk_sentence_284.wav,I have been faithful to my wife.
Vm4TBei0oSk_sentence_297.wav,Brick.
Vm4TBei0oSk_sentence_308.wav,They haven't kept contact for a long time.
Vm4TBei0oSk_sentence_311.wav,They have specially
Vm4TBei0oSk_sentence_313.wav,The room was specially designed to be used as a library.
Vm4TBei0oSk_sentence_314.wav,The ring was specially made for you.
Vm4TBei0oSk_sentence_340.wav,Video
Vm4TBei0oSk_sentence_342.wav,This video is boring.
Vm4TBei0oSk_sentence_373.wav,I couldn't walk to school because of the constant rain.
Vm4TBei0oSk_sentence_386.wav,trade.
Vm4TBei0oSk_sentence_408.wav,Commission.
Vm4TBei0oSk_sentence_428.wav,What are the barriers to effective communication?
Vm4TBei0oSk_sentence_440.wav,Are you going to attend the ceremony?
Vm4TBei0oSk_sentence_449.wav,Rightly.
Vm4TBei0oSk_sentence_463.wav,Manufacture.
Vm4TBei0oSk_sentence_471.wav,Quote
Vm4TBei0oSk_sentence_475.wav,Quote.
Vm4TBei0oSk_sentence_478.wav,It's a quote from the Bible.
Vm4TBei0oSk_sentence_487.wav,What should you do if you encounter a bear while hiking?
Vm4TBei0oSk_sentence_501.wav,We removed the old furniture.
Vm4TBei0oSk_sentence_508.wav,Your salary is based on commissions.
Vm4TBei0oSk_sentence_509.wav,How much is the commission?
Vm4TBei0oSk_sentence_510.wav,We charge a commission of 5%.
Vm4TBei0oSk_sentence_518.wav,Detail.
Vm4TBei0oSk_sentence_519.wav,We need to clarify a few details.
Vm4TBei0oSk_sentence_520.wav,I'm not concerned with the details.
Vm4TBei0oSk_sentence_521.wav,I'll explain it in detail next week.
Vm4TBei0oSk_sentence_548.wav,Please speak gently.
Vm4TBei0oSk_sentence_587.wav,This machine was manufactured in France.
Vm4TBei0oSk_sentence_594.wav,Can you quote me an example?
Vm4TBei0oSk_sentence_602.wav,He often quotes the Bible.
Vm4TBei0oSk_sentence_632.wav,Can you give me the approximate cost of the repair?
Vm4TBei0oSk_sentence_636.wav,Measure each angle of the triangle.
Vm4TBei0oSk_sentence_645.wav,Do you like playing video games?
Vm4TBei0oSk_sentence_661.wav,I can't identify the source of the problem.
Vm4TBei0oSk_sentence_667.wav,What is your main source of income?
Vm4TBei0oSk_sentence_686.wav,Trade between the two countries has increased.
Vm4TBei0oSk_sentence_733.wav,They denied having any association with terrorists.
Vm4TBei0oSk_sentence_743.wav,I will go cycling even if it rains.
Vm4TBei0oSk_sentence_797.wav,The article was written in English.
Vm4TBei0oSk_sentence_813.wav,You should follow the normal procedure.
Vm4TBei0oSk_sentence_818.wav,This swimming pool is open to the public.
Vm4TBei0oSk_sentence_822.wav,Does the hotel have a pool?
Vm4TBei0oSk_sentence_825.wav,January
Vm4TBei0oSk_sentence_826.wav,January is the first month of the year.
Vm4TBei0oSk_sentence_827.wav,I met him in January.
Vm4TBei0oSk_sentence_841.wav,This application needs more features.
Vm4TBei0oSk_sentence_850.wav,The school is located on a hill.
Vm4TBei0oSk_sentence_874.wav,Faithful
Vm4TBei0oSk_sentence_883.wav,My association with them didn't last long.
Vm4TBei0oSk_sentence_898.wav,Barrier The greatest barrier to success is the fear of failure.
Vm4TBei0oSk_sentence_917.wav,Widely
Vm4TBei0oSk_sentence_940.wav,What is the approximate height of the mountain?
W0La8_Trics_sentence_000.wav,Ultimate.
W0La8_Trics_sentence_001.wav,Their ultimate destination was London.
W0La8_Trics_sentence_012.wav,What was the ultimate result?
W0La8_Trics_sentence_048.wav,Hollow.
W0La8_Trics_sentence_049.wav,Don't make hollow promises.
W0La8_Trics_sentence_065.wav,Separated.
W0La8_Trics_sentence_096.wav,Affection.
W0La8_Trics_sentence_155.wav,Do you think it was deliberate?
W0La8_Trics_sentence_158.wav,He put his hands on his hips and looked at her.
W0La8_Trics_sentence_200.wav,Armed.
W0La8_Trics_sentence_229.wav,It scared me to think I was alone in the building.
W0La8_Trics_sentence_230.wav,Scare.
W0La8_Trics_sentence_231.wav,You scared me.
W0La8_Trics_sentence_236.wav,I have a pile of books to read.
W0La8_Trics_sentence_251.wav,Emphasize.
W0La8_Trics_sentence_252.wav,I want to emphasize the need to get this done on time.
W0La8_Trics_sentence_254.wav,The teacher emphasized the importance of education.
W0La8_Trics_sentence_282.wav,She looked at him with a very annoyed expression.
W0La8_Trics_sentence_304.wav,I don't associate with people like him.
W0La8_Trics_sentence_307.wav,Underwear.
W0La8_Trics_sentence_308.wav,He is wearing nothing but his underwear.
W0La8_Trics_sentence_309.wav,This morning I went to supermarket to buy some underwear.
W0La8_Trics_sentence_310.wav,Key continent.
W0La8_Trics_sentence_317.wav,They crossed the vast continent on foot.
W0La8_Trics_sentence_361.wav,The man is armed and dangerous.
W0La8_Trics_sentence_375.wav,Whistle.
W0La8_Trics_sentence_381.wav,Can you whistle?
W0La8_Trics_sentence_386.wav,Decoration.
W0La8_Trics_sentence_388.wav,You've done a wonderful job on the interior decoration.
W0La8_Trics_sentence_389.wav,decoration.
W0La8_Trics_sentence_402.wav,Escape.
W0La8_Trics_sentence_403.wav,It's no use trying to escape.
W0La8_Trics_sentence_408.wav,No one has ever escaped from this prison.
W0La8_Trics_sentence_412.wav,I have no chance to escape.
W0La8_Trics_sentence_413.wav,Chu.
W0La8_Trics_sentence_418.wav,Does it hurt when you chew?
W0La8_Trics_sentence_422.wav,She has a bad habit of chewing on her pencil.
W0La8_Trics_sentence_426.wav,She was content with her life.
W0La8_Trics_sentence_453.wav,"Broadly speaking, the risks are as follows."
W0La8_Trics_sentence_466.wav,It is an international armed conflict.
W0La8_Trics_sentence_489.wav,He emphasized the importance of working hard.
W0La8_Trics_sentence_494.wav,Broadly He was grinning broadly.
W0La8_Trics_sentence_527.wav,Steady
W0La8_Trics_sentence_550.wav,How do you interpret these sentences?
W0La8_Trics_sentence_587.wav,I heard someone whistle.
W0La8_Trics_sentence_596.wav,He pulled out a whistle and blew it.
W0La8_Trics_sentence_600.wav,Don't bother about me. I'll find my own way home.
W0La8_Trics_sentence_625.wav,Hip.
W0La8_Trics_sentence_639.wav,They've been best mates since they were kids.
W0La8_Trics_sentence_645.wav,2.
W0La8_Trics_sentence_648.wav,The rabbit is chewing grass.
W0La8_Trics_sentence_656.wav,The vast majority of children love ice cream.
W0La8_Trics_sentence_662.wav,I enjoy the fresh atmosphere in the countryside.
W0La8_Trics_sentence_692.wav,He was grinning broadly.
W0La8_Trics_sentence_749.wav,"In my heart's core, I want him to stay."
W0La8_Trics_sentence_762.wav,Edge.
W0La8_Trics_sentence_786.wav,His grandmother fell and broke her hip.
W0La8_Trics_sentence_810.wav,Brush.
W0La8_Trics_sentence_821.wav,The majority of his income came from consulting work.
W0La8_Trics_sentence_852.wav,Reflect.
WLESs6d3ZBo_sentence_013.wav,There is a full range of activities for children.
WLESs6d3ZBo_sentence_025.wav,He's a cheat and a liar.
WLESs6d3ZBo_sentence_039.wav,May I have a bus route map?
WLESs6d3ZBo_sentence_040.wav,My house is not on a bus route.
WLESs6d3ZBo_sentence_060.wav,Confused.
WLESs6d3ZBo_sentence_098.wav,The court is now in session.
WLESs6d3ZBo_sentence_113.wav,Chick.
WLESs6d3ZBo_sentence_119.wav,His what pursue?
WLESs6d3ZBo_sentence_152.wav,Institute.
Wr1fGBgD97U_sentence_064.wav,This question doesn't make sense.
Wr1fGBgD97U_sentence_065.wav,He has no sense of humor.
Wr1fGBgD97U_sentence_069.wav,Bound. He is bound to fail.
Wr1fGBgD97U_sentence_119.wav,We acknowledge receipt of your letter.
Wr1fGBgD97U_sentence_148.wav,He can't distinguish a frog from a toad.
Wr1fGBgD97U_sentence_152.wav,Can you distinguish silver from tin?
Wr1fGBgD97U_sentence_161.wav,What can I do to convince you to watch this?
Wr1fGBgD97U_sentence_166.wav,You can easily identify him because he is very tall.
Wr1fGBgD97U_sentence_183.wav,Smooth.
Wr1fGBgD97U_sentence_218.wav,It can be confusing at first.
Wr1fGBgD97U_sentence_249.wav,They don't like artificial flowers.
Wr1fGBgD97U_sentence_253.wav,One of her hobbies is making artificial flowers.
Wr1fGBgD97U_sentence_261.wav,I am suffering from a headache.
Wr1fGBgD97U_sentence_283.wav,A fair.
Wr1fGBgD97U_sentence_288.wav,This has nothing to do with you. It's not your affair.
Wr1fGBgD97U_sentence_294.wav,Chest.
Wr1fGBgD97U_sentence_302.wav,She put all her old books into a chest.
Wr1fGBgD97U_sentence_361.wav,I like geography and history.
Wr1fGBgD97U_sentence_374.wav,Organized.
Wr1fGBgD97U_sentence_381.wav,We'll have to camp out if we can't find a place to stay.
Wr1fGBgD97U_sentence_407.wav,Painting is my favorite subject.
Wr1fGBgD97U_sentence_408.wav,This painting is so expensive.
Wr1fGBgD97U_sentence_431.wav,bound. He is bound to fail.
Wr1fGBgD97U_sentence_454.wav,They acknowledged that the decision was a mistake.
Wr1fGBgD97U_sentence_492.wav,I got terrible grades this term.
Wr1fGBgD97U_sentence_507.wav,I don't trust him. He's just too smooth.
Wr1fGBgD97U_sentence_508.wav,The surface is smooth as silk.
Wr1fGBgD97U_sentence_525.wav,She has a very shapely figure.
Wr1fGBgD97U_sentence_553.wav,Artificial light is produced by electricity.
Wr1fGBgD97U_sentence_556.wav,She is an outstanding poet.
Wr1fGBgD97U_sentence_580.wav,The work is done on a voluntary basis.
Wr1fGBgD97U_sentence_631.wav,That experiment led to a great discovery.
Wr1fGBgD97U_sentence_686.wav,The weather is bound to get worse tomorrow morning.
Wr1fGBgD97U_sentence_712.wav,He studied the proposal very thoroughly.
Wr1fGBgD97U_sentence_747.wav,Confusing.
Wr1fGBgD97U_sentence_770.wav,It's a beautiful painting.
Wr1fGBgD97U_sentence_792.wav,Sense.
Wr1fGBgD97U_sentence_841.wav,His comment was concise and to the point.
Wr1fGBgD97U_sentence_853.wav,He has very little knowledge of geography.
Wr1fGBgD97U_sentence_854.wav,I have been teaching geography for five years.
Wr1fGBgD97U_sentence_897.wav,Artificial.
Xl-hGqGxJEw_sentence_007.wav,The internet has transformed many aspects of our lives.
Xl-hGqGxJEw_sentence_016.wav,Vertical.
Xl-hGqGxJEw_sentence_031.wav,I resisted the urge to scream.
Xl-hGqGxJEw_sentence_042.wav,The climate is broadly similar in the two regions.
Xl-hGqGxJEw_sentence_053.wav,He abuses his authority.
Xl-hGqGxJEw_sentence_060.wav,"Her initial reaction was to say no, but she eventually agreed to help."
Xl-hGqGxJEw_sentence_101.wav,She gave him mixed signals.
Xl-hGqGxJEw_sentence_105.wav,Upset.
Xl-hGqGxJEw_sentence_112.wav,Make sure the equipment is properly installed.
Xl-hGqGxJEw_sentence_119.wav,He always behaves like a gentleman.
Xl-hGqGxJEw_sentence_138.wav,Stir.
Xl-hGqGxJEw_sentence_139.wav,I need a spoon to stir my coffee.
Xl-hGqGxJEw_sentence_168.wav,He did not get a fair trial.
Xl-hGqGxJEw_sentence_226.wav,My watch is very precise.
Xl-hGqGxJEw_sentence_299.wav,Senior
Xl-hGqGxJEw_sentence_300.wav,He is a senior member of the club.
Xl-hGqGxJEw_sentence_303.wav,She is five years senior to me.
Xl-hGqGxJEw_sentence_312.wav,He is very dear to us.
Xl-hGqGxJEw_sentence_315.wav,Sweet.
Xl-hGqGxJEw_sentence_318.wav,Good night and sweet dreams.
Xl-hGqGxJEw_sentence_320.wav,She has a sweet smile.
Xl-hGqGxJEw_sentence_393.wav,Policy
Xl-hGqGxJEw_sentence_394.wav,I don't agree with their policy.
Xl-hGqGxJEw_sentence_395.wav,The government adopted a new policy.
Xl-hGqGxJEw_sentence_399.wav,Are you a musician?
Xl-hGqGxJEw_sentence_400.wav,Inability
Xl-hGqGxJEw_sentence_409.wav,He's not one who is easily frightened.
Xl-hGqGxJEw_sentence_461.wav,Hello.
Xl-hGqGxJEw_sentence_462.wav,"Hello, is anyone here?"
Xl-hGqGxJEw_sentence_463.wav,"Hello, it's me. Could you come pick me up at the station?"
YOu7_dnpQb0_sentence_008.wav,I can't recall who said that.
YOu7_dnpQb0_sentence_011.wav,Simply
YOu7_dnpQb0_sentence_017.wav,The question simply doesn't make sense.
YOu7_dnpQb0_sentence_033.wav,There is more information at the bottom of this page.
YOu7_dnpQb0_sentence_039.wav,Receive.
YOu7_dnpQb0_sentence_064.wav,"I have so many things to do today, which makes me stressed."
YOu7_dnpQb0_sentence_071.wav,You should face reality.
YOu7_dnpQb0_sentence_073.wav,We sat down face to face and
YOu7_dnpQb0_sentence_089.wav,Making a big life change is pretty scary.
YOu7_dnpQb0_sentence_103.wav,Promise.
YOu7_dnpQb0_sentence_104.wav,I promise you I'll help you.
YOu7_dnpQb0_sentence_105.wav,"It won't hurt, I promise."
YOu7_dnpQb0_sentence_110.wav,I always keep my promises.
YOu7_dnpQb0_sentence_125.wav,I'm glad to be here today.
YOu7_dnpQb0_sentence_141.wav,Yellow.
YOu7_dnpQb0_sentence_146.wav,Round.
YOu7_dnpQb0_sentence_149.wav,The earth is round.
YOu7_dnpQb0_sentence_155.wav,She has a round face.
YOu7_dnpQb0_sentence_166.wav,Would you like some more beef?
YOu7_dnpQb0_sentence_172.wav,List.
YOu7_dnpQb0_sentence_173.wav,Is your name on the list?
YOu7_dnpQb0_sentence_196.wav,She advised him to read more books.
YOu7_dnpQb0_sentence_197.wav,Nobody.
YOu7_dnpQb0_sentence_199.wav,Nobody wants you to do that.
YOu7_dnpQb0_sentence_200.wav,Nobody tells me about it.
YOu7_dnpQb0_sentence_204.wav,Temporary.
YOu7_dnpQb0_sentence_216.wav,Is that dog male or female?
YOu7_dnpQb0_sentence_217.wav,Do you prefer a male or female doctor?
YOu7_dnpQb0_sentence_224.wav,His income is double hers.
YOu7_dnpQb0_sentence_227.wav,Income.
YOu7_dnpQb0_sentence_235.wav,Do you know why she's so angry?
YOu7_dnpQb0_sentence_248.wav,Involve.
YOu7_dnpQb0_sentence_266.wav,I did a lot of research before buying this house.
YOu7_dnpQb0_sentence_278.wav,System
YOu7_dnpQb0_sentence_284.wav,His job requires him to travel frequently.
YOu7_dnpQb0_sentence_302.wav,Name
YOu7_dnpQb0_sentence_305.wav,What's your name?
YOu7_dnpQb0_sentence_306.wav,Please write your full name and address below.
YOu7_dnpQb0_sentence_309.wav,contract.
YOu7_dnpQb0_sentence_310.wav,This is my very first contract.
YOu7_dnpQb0_sentence_311.wav,You should look over the contract before you sign it.
YOu7_dnpQb0_sentence_312.wav,Have you already signed the contract?
YOu7_dnpQb0_sentence_313.wav,Contract.
YOu7_dnpQb0_sentence_320.wav,Season
YOu7_dnpQb0_sentence_321.wav,Spring is my favorite season.
YOu7_dnpQb0_sentence_322.wav,Strawberries are in season.
YOu7_dnpQb0_sentence_327.wav,It's the tourist season now.
YOu7_dnpQb0_sentence_351.wav,Well
YOu7_dnpQb0_sentence_354.wav,I slept very well last night.
YOu7_dnpQb0_sentence_360.wav,She gave him money as well as food.
YmyzmcWsbfY_sentence_012.wav,We're here to assist you.
YmyzmcWsbfY_sentence_016.wav,The road is too narrow for cars.
YmyzmcWsbfY_sentence_040.wav,Oil floats on water.
YmyzmcWsbfY_sentence_067.wav,"First come, first served."
YmyzmcWsbfY_sentence_070.wav,Don't mess up the system.
YmyzmcWsbfY_sentence_073.wav,I know how the system works.
YmyzmcWsbfY_sentence_075.wav,My wife runs a restaurant in Ho Chi Minh City.
YmyzmcWsbfY_sentence_077.wav,I'll see you at the restaurant.
YmyzmcWsbfY_sentence_082.wav,We shouldn't argue in front of the children.
YmyzmcWsbfY_sentence_086.wav,I forgot to lock the front door.
YmyzmcWsbfY_sentence_087.wav,There is a bus stop in front of my house.
YmyzmcWsbfY_sentence_100.wav,Very
YmyzmcWsbfY_sentence_101.wav,She is very beautiful.
YmyzmcWsbfY_sentence_103.wav,It was very cold yesterday.
YmyzmcWsbfY_sentence_122.wav,It's all over.
YmyzmcWsbfY_sentence_126.wav,What is over there?
YmyzmcWsbfY_sentence_129.wav,"He was sick but still walked to school. I liked that movie, but he didn't. He was sick but still walked to school."
YmyzmcWsbfY_sentence_130.wav,"I liked that movie, but he didn't."
YmyzmcWsbfY_sentence_138.wav,"Brief. Just take a brief note. Whatever advice you give, be brief."
YmyzmcWsbfY_sentence_156.wav,The wind is blowing from the east.
YmyzmcWsbfY_sentence_167.wav,He told me a sad story.
YmyzmcWsbfY_sentence_176.wav,It's very hot here in the summer.
YmyzmcWsbfY_sentence_178.wav,What are your plans for this summer?
YmyzmcWsbfY_sentence_183.wav,Both his brother and sister are married.
YmyzmcWsbfY_sentence_205.wav,Personally.
YmyzmcWsbfY_sentence_220.wav,He was involved in a traffic accident.
YmyzmcWsbfY_sentence_251.wav,Her husband is having an affair with his secretary.
YmyzmcWsbfY_sentence_275.wav,I'll send you a progress report.
YmyzmcWsbfY_sentence_282.wav,I refuse to answer this question.
YmyzmcWsbfY_sentence_293.wav,She tried to persuade him to go with her.
YmyzmcWsbfY_sentence_299.wav,She was the boss of a large international company.
YmyzmcWsbfY_sentence_302.wav,I think it's time for me to talk to the boss about this problem.
YmyzmcWsbfY_sentence_308.wav,Hat.
YmyzmcWsbfY_sentence_309.wav,Put your hat on.
YmyzmcWsbfY_sentence_310.wav,Please hang your hat on the hook.
YmyzmcWsbfY_sentence_322.wav,This idea is totally new to me.
YmyzmcWsbfY_sentence_348.wav,Return.
YmyzmcWsbfY_sentence_354.wav,I like to return the car.
YmyzmcWsbfY_sentence_361.wav,She helped the old man across the street.
YmyzmcWsbfY_sentence_370.wav,I'm a very lucky man.
YmyzmcWsbfY_sentence_371.wav,Today is not your lucky day.
YmyzmcWsbfY_sentence_372.wav,I was lucky to get this job.
YmyzmcWsbfY_sentence_379.wav,She told me not to go there alone.
YmyzmcWsbfY_sentence_380.wav,I don't like going out alone at night.
YmyzmcWsbfY_sentence_404.wav,We
YmyzmcWsbfY_sentence_405.wav,Where should we go?
YmyzmcWsbfY_sentence_410.wav,How long will we have to wait?
YmyzmcWsbfY_sentence_415.wav,She introduced her mother to her friends.
YmyzmcWsbfY_sentence_425.wav,Walk.
YmyzmcWsbfY_sentence_428.wav,She advised him to walk instead of taking a bus.
YmyzmcWsbfY_sentence_433.wav,Do whatever you want.
YmyzmcWsbfY_sentence_435.wav,Do whatever makes you happy.
YmyzmcWsbfY_sentence_437.wav,"Whatever you do, do it quickly."
YmyzmcWsbfY_sentence_440.wav,There is a traitor among us.
YmyzmcWsbfY_sentence_441.wav,She was chosen from among thirty applicants.
YmyzmcWsbfY_sentence_444.wav,Headache.
YmyzmcWsbfY_sentence_445.wav,You'd better see a doctor about your headache.
YmyzmcWsbfY_sentence_446.wav,I have a headache.
YmyzmcWsbfY_sentence_447.wav,My son is my biggest headache.
YmyzmcWsbfY_sentence_454.wav,I dare say he is right.
YmyzmcWsbfY_sentence_458.wav,Must.
YmyzmcWsbfY_sentence_465.wav,Are there any grocery stores close by?
YmyzmcWsbfY_sentence_475.wav,Special.
YmyzmcWsbfY_sentence_478.wav,There is something special about this place.
YmyzmcWsbfY_sentence_482.wav,Easy.
YmyzmcWsbfY_sentence_483.wav,It was an easy decision.
YmyzmcWsbfY_sentence_484.wav,All things are difficult before they become easy.
YmyzmcWsbfY_sentence_491.wav,I need a sharp knife.
YmyzmcWsbfY_sentence_495.wav,Don't let the kid play with knives.
YmyzmcWsbfY_sentence_503.wav,Don't put all your eggs in one basket.
YmyzmcWsbfY_sentence_519.wav,Thank you for the wonderful dinner.
YmyzmcWsbfY_sentence_520.wav,Side.
YmyzmcWsbfY_sentence_526.wav,I'm on your side.
YmyzmcWsbfY_sentence_527.wav,countryside.
YresZ0P7mrA_sentence_001.wav,The accident occurred yesterday morning.
YresZ0P7mrA_sentence_026.wav,I got a temporary job at the firm.
YresZ0P7mrA_sentence_027.wav,It's just a temporary solution.
YresZ0P7mrA_sentence_061.wav,I would rather stay here.
YresZ0P7mrA_sentence_070.wav,I'd rather walk than take a bus.
YresZ0P7mrA_sentence_075.wav,"The question is, who will do it?"
YresZ0P7mrA_sentence_081.wav,I don't know.
YresZ0P7mrA_sentence_082.wav,Budget. We can't buy any more equipment or we'll go over budget.
YresZ0P7mrA_sentence_094.wav,She attached a note to the package.
YresZ0P7mrA_sentence_104.wav,He told such a strange story that nobody believed it.
YresZ0P7mrA_sentence_105.wav,Night
YresZ0P7mrA_sentence_107.wav,I stayed up all night.
YresZ0P7mrA_sentence_122.wav,They burst into tears.
YresZ0P7mrA_sentence_130.wav,Family.
YresZ0P7mrA_sentence_135.wav,He took his family to the zoo.
YresZ0P7mrA_sentence_145.wav,Desire
YresZ0P7mrA_sentence_149.wav,That
YresZ0P7mrA_sentence_157.wav,I'll bet you$15 you won't find a single scratch.
YresZ0P7mrA_sentence_212.wav,They do everything to attract more clients.
YresZ0P7mrA_sentence_220.wav,Wood.
YresZ0P7mrA_sentence_223.wav,What would you do if you won the lottery?
YresZ0P7mrA_sentence_229.wav,They have a limited budget.
YresZ0P7mrA_sentence_233.wav,Next attach.
YresZ0P7mrA_sentence_251.wav,Only
YresZ0P7mrA_sentence_252.wav,This is the only book I have.
YresZ0P7mrA_sentence_253.wav,We only have five minutes to get there.
YresZ0P7mrA_sentence_254.wav,You're the only person I trust.
YresZ0P7mrA_sentence_255.wav,This no.
YresZ0P7mrA_sentence_259.wav,Clear.
YresZ0P7mrA_sentence_265.wav,Is that all clear?
YresZ0P7mrA_sentence_266.wav,I have a few things I want to make clear.
YresZ0P7mrA_sentence_289.wav,Opening
YresZ0P7mrA_sentence_302.wav,This is a brief outline of the event.
YresZ0P7mrA_sentence_308.wav,Would you like some carrot juice?
YresZ0P7mrA_sentence_312.wav,Stop.
YresZ0P7mrA_sentence_319.wav,Mirror.
YresZ0P7mrA_sentence_321.wav,She is standing in front of the mirror.
YresZ0P7mrA_sentence_327.wav,Ant.
YresZ0P7mrA_sentence_334.wav,Your aunt looks young.
YresZ0P7mrA_sentence_343.wav,I like to have a glass of wine.
YresZ0P7mrA_sentence_347.wav,We have some local wine.
YresZ0P7mrA_sentence_349.wav,Order.
YresZ0P7mrA_sentence_351.wav,We've already ordered food and drinks.
YresZ0P7mrA_sentence_364.wav,How would you like to pay?
YresZ0P7mrA_sentence_365.wav,I'd like to pay in cash.
YresZ0P7mrA_sentence_387.wav,How high is that mountain?
YresZ0P7mrA_sentence_389.wav,Can
YresZ0P7mrA_sentence_390.wav,Where can I buy a ticket?
YresZ0P7mrA_sentence_391.wav,You can't live without water.
YresZ0P7mrA_sentence_392.wav,He can speak English very well.
YresZ0P7mrA_sentence_411.wav,The greatest pleasure in life is doing what people say you cannot do.
YresZ0P7mrA_sentence_415.wav,Do you like music?
YresZ0P7mrA_sentence_416.wav,I like classical music.
YresZ0P7mrA_sentence_419.wav,I'm very sleepy.
YresZ0P7mrA_sentence_421.wav,Sh mood.
YresZ0P7mrA_sentence_424.wav,I'm not in the mood to go out tonight.
YresZ0P7mrA_sentence_432.wav,Today.
YresZ0P7mrA_sentence_433.wav,What are you going to do today?
YresZ0P7mrA_sentence_435.wav,I don't feel like working today.
YresZ0P7mrA_sentence_436.wav,What lock?
YresZ0P7mrA_sentence_438.wav,This gate is locked at 6 p.m.
YresZ0P7mrA_sentence_439.wav,Do you think we need a new lock for the front door?
YresZ0P7mrA_sentence_455.wav,Again.
YresZ0P7mrA_sentence_456.wav,"Could you say it again, please?"
YresZ0P7mrA_sentence_458.wav,Don't let it happen again.
YresZ0P7mrA_sentence_464.wav,It was clear that they were in a trap.
YresZ0P7mrA_sentence_470.wav,Opening.
YresZ0P7mrA_sentence_490.wav,Process.
YresZ0P7mrA_sentence_502.wav,Speak less and listen more.
YresZ0P7mrA_sentence_538.wav,Please tell me it's a joke.
YresZ0P7mrA_sentence_541.wav,Surprised.
YresZ0P7mrA_sentence_543.wav,I was surprised at how quickly she agreed.
YresZ0P7mrA_sentence_555.wav,He left his luggage at the station.
YresZ0P7mrA_sentence_556.wav,Valuable.
YresZ0P7mrA_sentence_561.wav,I learned a valuable lesson.
YresZ0P7mrA_sentence_563.wav,We're wasting valuable time here.
YresZ0P7mrA_sentence_568.wav,Nor
YresZ0P7mrA_sentence_573.wav,I neither smoke nor drink.
YresZ0P7mrA_sentence_574.wav,"He will not help them, nor will I."
YresZ0P7mrA_sentence_578.wav,Humorous.
YresZ0P7mrA_sentence_585.wav,The journey has just begun.
YresZ0P7mrA_sentence_593.wav,Are you ready to start your journey?
YresZ0P7mrA_sentence_648.wav,Immediately.
YresZ0P7mrA_sentence_650.wav,You have to leave immediately.
YresZ0P7mrA_sentence_652.wav,She recognized him immediately.
YresZ0P7mrA_sentence_666.wav,Joy
YresZ0P7mrA_sentence_686.wav,he is likely to win the game.
YresZ0P7mrA_sentence_693.wav,desire
YresZ0P7mrA_sentence_700.wav,this problem.
YresZ0P7mrA_sentence_709.wav,He explained the process of building a boat.
YresZ0P7mrA_sentence_714.wav,It's a very simple process.
YresZ0P7mrA_sentence_726.wav,Broad.
YresZ0P7mrA_sentence_728.wav,The company has a broad range of experience.
YresZ0P7mrA_sentence_731.wav,What are you talking about?
YresZ0P7mrA_sentence_742.wav,No words can express her deep sorrow.
YresZ0P7mrA_sentence_744.wav,Is there any express train?
YresZ0P7mrA_sentence_747.wav,They've got tons of money.
YresZ0P7mrA_sentence_755.wav,I've got a ton of work to do today.
YresZ0P7mrA_sentence_769.wav,I would mood.
YresZ0P7mrA_sentence_777.wav,Are you in a bad mood?
YresZ0P7mrA_sentence_810.wav,Sugar.
YresZ0P7mrA_sentence_811.wav,This juice contains no added sugar.
YresZ0P7mrA_sentence_812.wav,"Don't put sugar in my coffee, please."
YresZ0P7mrA_sentence_817.wav,"Pass me the sugar, please. Here you are."
YresZ0P7mrA_sentence_826.wav,Imagine.
YresZ0P7mrA_sentence_845.wav,Want.
YresZ0P7mrA_sentence_846.wav,What do you want me to do?
YresZ0P7mrA_sentence_851.wav,Is there anything else you want me to do?
YresZ0P7mrA_sentence_855.wav,You could have called me for help.
YresZ0P7mrA_sentence_861.wav,Useless.
YresZ0P7mrA_sentence_876.wav,We have to evacuate immediately.
YresZ0P7mrA_sentence_901.wav,I hope we get there in time.
YresZ0P7mrA_sentence_908.wav,I don't like people who easily get angry.
YresZ0P7mrA_sentence_909.wav,"I can read English easily, said"
YresZ0P7mrA_sentence_919.wav,I can't stand that silly man.
YresZ0P7mrA_sentence_925.wav,Employee.
YresZ0P7mrA_sentence_932.wav,Aside.
YresZ0P7mrA_sentence_944.wav,The valley is three miles long and half a mile broad.
YresZ0P7mrA_sentence_954.wav,There were tons of people at the park.
YresZ0P7mrA_sentence_971.wav,Our country produces a lot of rice.
YresZ0P7mrA_sentence_973.wav,This factory produces over twenty different kinds of product.
_0J3v14ZjW4_sentence_014.wav,"she ran out of the room, slamming the door behind her."
_0J3v14ZjW4_sentence_015.wav,Behind
_0J3v14ZjW4_sentence_020.wav,The sun went behind a bank of clouds.
_0J3v14ZjW4_sentence_022.wav,Attitude
_0J3v14ZjW4_sentence_064.wav,That was a domestic flight.
_0J3v14ZjW4_sentence_109.wav,This book is extremely rare.
_0J3v14ZjW4_sentence_111.wav,Amazing.
_0J3v14ZjW4_sentence_140.wav,I assure you I'll do everything possible to help you.
_0J3v14ZjW4_sentence_141.wav,Record.
_0J3v14ZjW4_sentence_142.wav,Record
_0J3v14ZjW4_sentence_153.wav,You should record all your expenses during your trip.
_0J3v14ZjW4_sentence_161.wav,She nodded in response to my question.
_0J3v14ZjW4_sentence_184.wav,I walk to school every day.
_0J3v14ZjW4_sentence_197.wav,His lecture made a deep impression on us.
_0J3v14ZjW4_sentence_198.wav,Refuse.
_0J3v14ZjW4_sentence_208.wav,She refused to go with me.
_0J3v14ZjW4_sentence_216.wav,There have been a lot of complaints about your behavior.
_0J3v14ZjW4_sentence_218.wav,"As far as I'm concerned, I have no complaint."
_0J3v14ZjW4_sentence_236.wav,Obviously.
_0J3v14ZjW4_sentence_247.wav,Black. The sky was moonless and black.
_0J3v14ZjW4_sentence_249.wav,Do you like black cats?
_0J3v14ZjW4_sentence_257.wav,I will call you as soon as possible.
_0J3v14ZjW4_sentence_259.wav,I'll be back soon.
_0J3v14ZjW4_sentence_269.wav,I never thought it'd be this hard to create an iPhone app.
_0J3v14ZjW4_sentence_274.wav,She is in a hurry.
_0J3v14ZjW4_sentence_277.wav,"Hurry up, we'll be late."
_0J3v14ZjW4_sentence_294.wav,I can't go with you because I'm very busy.
_0J3v14ZjW4_sentence_295.wav,I couldn't go out because of the rain.
_0J3v14ZjW4_sentence_305.wav,Give me a hand.
_0J3v14ZjW4_sentence_314.wav,Highway
_0J3v14ZjW4_sentence_316.wav,There is a traffic jam on the highway.
_0J3v14ZjW4_sentence_318.wav,It took us two hours to get to the airport by highway.
_0J3v14ZjW4_sentence_325.wav,Would you mind if I record this conversation?
_0J3v14ZjW4_sentence_328.wav,She didn't take part in our conversation.
_0J3v14ZjW4_sentence_337.wav,This pen belongs to me.
_0J3v14ZjW4_sentence_338.wav,"Can I borrow your pen, please?"
_0J3v14ZjW4_sentence_349.wav,Garden
_0J3v14ZjW4_sentence_357.wav,What a beautiful garden.
_0J3v14ZjW4_sentence_359.wav,This door leads to the garden.
_0J3v14ZjW4_sentence_360.wav,Depends.
_0J3v14ZjW4_sentence_374.wav,He sometimes comes home late at night.
_0J3v14ZjW4_sentence_384.wav,Island.
_0J3v14ZjW4_sentence_389.wav,There is only one store on the whole island.
_0J3v14ZjW4_sentence_391.wav,I want to live on that island.
_0J3v14ZjW4_sentence_398.wav,Can you direct me to the train station?
_0J3v14ZjW4_sentence_409.wav,Do you need any help?
_0J3v14ZjW4_sentence_438.wav,"The more she thought about it, the more depressed she became."
_0J3v14ZjW4_sentence_444.wav,Movie
_0J3v14ZjW4_sentence_445.wav,Let's go to the movies.
_0J3v14ZjW4_sentence_446.wav,Would you like to go to a movie with me?
_0J3v14ZjW4_sentence_451.wav,Control
_0J3v14ZjW4_sentence_467.wav,Between
_0J3v14ZjW4_sentence_468.wav,That is the border between Mexico and the United States.
_0J3v14ZjW4_sentence_469.wav,We can travel by train between London and Paris.
_0J3v14ZjW4_sentence_475.wav,Yours.
_0J3v14ZjW4_sentence_481.wav,Business
_0J3v14ZjW4_sentence_482.wav,Are you seriously thinking about starting your own business?
_0J3v14ZjW4_sentence_492.wav,He bought me a new dictionary.
_0J3v14ZjW4_sentence_493.wav,I keep a dictionary beside me when I'm doing crosswords.
_0J3v14ZjW4_sentence_497.wav,This dictionary comprises about sixty five thousand words.
_0J3v14ZjW4_sentence_520.wav,Do you know when she will come?
_0J3v14ZjW4_sentence_530.wav,It's not easy to choose a career.
_0J3v14ZjW4_sentence_538.wav,Direction
_0J3v14ZjW4_sentence_539.wav,Which direction did we go?
_0J3v14ZjW4_sentence_571.wav,Chicken.
_0J3v14ZjW4_sentence_572.wav,She used up the chicken bones to make soup.
_0J3v14ZjW4_sentence_576.wav,Us.
_0J3v14ZjW4_sentence_578.wav,Are you sure you don't want to go with us? He seems to know us.
_0J3v14ZjW4_sentence_579.wav,Would you like to go out with us?
_0J3v14ZjW4_sentence_589.wav,You obviously don't have time.
_0J3v14ZjW4_sentence_612.wav,I like him despite his faults.
_0J3v14ZjW4_sentence_631.wav,I am going to buy a new car.
_0J3v14ZjW4_sentence_651.wav,Gate.
_0J3v14ZjW4_sentence_657.wav,Let's meet in front of the main gate at 8.30.
_0J3v14ZjW4_sentence_661.wav,You'd better hurry up if you want to get home before dark.
_0J3v14ZjW4_sentence_668.wav,Multiply three by five and you get fifteen.
_0J3v14ZjW4_sentence_697.wav,Block
_0J3v14ZjW4_sentence_706.wav,I'm looking for a bank. Is there one near here?
_0J3v14ZjW4_sentence_707.wav,Bank.
_0J3v14ZjW4_sentence_708.wav,He has plenty of money in the bank.
_0J3v14ZjW4_sentence_712.wav,ourselves.
_0J3v14ZjW4_sentence_719.wav,We can do it ourselves.
_0J3v14ZjW4_sentence_720.wav,Pleasure.
_0J3v14ZjW4_sentence_731.wav,Power.
_0J3v14ZjW4_sentence_735.wav,Power
_0J3v14ZjW4_sentence_737.wav,I will do everything in my power to help you.
_0J3v14ZjW4_sentence_739.wav,Don't underestimate his power.
_0J3v14ZjW4_sentence_749.wav,I can't figure out what the writer is trying to say.
_0J3v14ZjW4_sentence_762.wav,Domestic.
_0J3v14ZjW4_sentence_826.wav,I lost my way in the woods.
_0J3v14ZjW4_sentence_835.wav,We have a reservation under the name of John.
_0J3v14ZjW4_sentence_840.wav,Sand
_0J3v14ZjW4_sentence_849.wav,See you later.
_0J3v14ZjW4_sentence_852.wav,Later.
_0J3v14ZjW4_sentence_855.wav,She asked me to call her later.
_0J3v14ZjW4_sentence_857.wav,"Sooner or later, they will tell you the truth."
_0J3v14ZjW4_sentence_860.wav,I wonder if he regrets what he did to me.
_0J3v14ZjW4_sentence_863.wav,Regret
_0J3v14ZjW4_sentence_866.wav,I have no regrets for what I've done.
_0J3v14ZjW4_sentence_876.wav,She expected him to buy her an expensive gift.
_0J3v14ZjW4_sentence_877.wav,She surprised him with a small gift.
_0J3v14ZjW4_sentence_891.wav,She gave me some useful advice.
_0J3v14ZjW4_sentence_895.wav,Your cell phone rang a minute ago.
_0J3v14ZjW4_sentence_898.wav,I heard the phone ringing.
_0J3v14ZjW4_sentence_903.wav,Former.
_0J3v14ZjW4_sentence_936.wav,Could you draw a map for me?
_0J3v14ZjW4_sentence_941.wav,Farm.
_0J3v14ZjW4_sentence_944.wav,My father works on a sheep farm.
_0J3v14ZjW4_sentence_947.wav,My family has been living on the farm for many years.
_0J3v14ZjW4_sentence_971.wav,Recognize.
_0J3v14ZjW4_sentence_972.wav,I'm sorry I didn't recognize you.
_0J3v14ZjW4_sentence_973.wav,Do you recognize anyone?
_0J3v14ZjW4_sentence_974.wav,I recognized her by her red hair.
aHf27Jt0exE_sentence_000.wav,Embarrass.
aHf27Jt0exE_sentence_008.wav,"I didn't mean to embarrass you, said"
aHf27Jt0exE_sentence_013.wav,"Send me the tracking number, please."
aHf27Jt0exE_sentence_030.wav,You are perfectly capable of doing it yourself.
aHf27Jt0exE_sentence_033.wav,It's perfectly white.
aHf27Jt0exE_sentence_043.wav,They haven't formally announced their engagement yet.
aHf27Jt0exE_sentence_058.wav,Precise.
aHf27Jt0exE_sentence_075.wav,He travelled throughout the country.
aHf27Jt0exE_sentence_079.wav,He drew some vertical lines on the paper.
aHf27Jt0exE_sentence_087.wav,Why are you so upset?
aHf27Jt0exE_sentence_104.wav,I'd be delighted if you could join us for dinner.
aHf27Jt0exE_sentence_119.wav,Exaggerate.
aHf27Jt0exE_sentence_156.wav,I'm impatient with his inability to make decisions.
aHf27Jt0exE_sentence_174.wav,New locks were installed on all the doors.
aHf27Jt0exE_sentence_196.wav,He cut some branches off the tree. Their colleague was transferred to an overseas branch.
aHf27Jt0exE_sentence_207.wav,It's a passenger train.
aHf27Jt0exE_sentence_221.wav,Hammer.
aHf27Jt0exE_sentence_222.wav,I can't do it without a hammer.
aHf27Jt0exE_sentence_223.wav,He accidentally hit his thumb with the hammer.
aHf27Jt0exE_sentence_227.wav,This hammer is just the thing I need.
aHf27Jt0exE_sentence_228.wav,Punish.
aHf27Jt0exE_sentence_235.wav,She was punished for lying.
aHf27Jt0exE_sentence_236.wav,Are you being punished?
aHf27Jt0exE_sentence_239.wav,Rope.
aHf27Jt0exE_sentence_241.wav,I need a long rope.
aHf27Jt0exE_sentence_242.wav,Fasten the rope to the tree.
aHf27Jt0exE_sentence_258.wav,Fame.
aHf27Jt0exE_sentence_269.wav,upset.
aHf27Jt0exE_sentence_274.wav,Reduction
aHf27Jt0exE_sentence_275.wav,I think that the reduction of taxes is necessary.
aHf27Jt0exE_sentence_279.wav,Hook.
aHf27Jt0exE_sentence_280.wav,Hang your hat on the hook.
aHf27Jt0exE_sentence_283.wav,Where can I buy a fish hook?
aHf27Jt0exE_sentence_284.wav,Fuel
aHf27Jt0exE_sentence_285.wav,Make sure you don't run out of fuel.
aHf27Jt0exE_sentence_289.wav,We're almost out of fuel.
aHf27Jt0exE_sentence_298.wav,I didn't mean to offend you.
aHf27Jt0exE_sentence_301.wav,All you have to do is push this red button.
aHf27Jt0exE_sentence_302.wav,Just push the button on the machine and it will do everything automatically.
aHf27Jt0exE_sentence_303.wav,Symbol.
aHf27Jt0exE_sentence_305.wav,The lion is a symbol of courage.
aHf27Jt0exE_sentence_311.wav,Pack.
aHf27Jt0exE_sentence_322.wav,Unhappiness.
aHf27Jt0exE_sentence_324.wav,She divorced him after many years of unhappiness.
aHf27Jt0exE_sentence_328.wav,There is a house across the stream.
aHf27Jt0exE_sentence_333.wav,Pleasantly.
aHf27Jt0exE_sentence_361.wav,Perfectly.
aHf27Jt0exE_sentence_391.wav,Violence
aHf27Jt0exE_sentence_392.wav,We don't like violence.
aHf27Jt0exE_sentence_397.wav,There is almost no violence in that city.
aHf27Jt0exE_sentence_401.wav,Wooden.
aHf27Jt0exE_sentence_406.wav,Shade.
aHf27Jt0exE_sentence_457.wav,Stage
aHf27Jt0exE_sentence_474.wav,This box is made of tin.
aHf27Jt0exE_sentence_481.wav,Document.
aHf27Jt0exE_sentence_483.wav,I swear I never showed anyone that document.
aHf27Jt0exE_sentence_484.wav,I'd like you to translate this document into French.
aHf27Jt0exE_sentence_485.wav,Unsuccessful.
aHf27Jt0exE_sentence_486.wav,My plan was unsuccessful.
aHf27Jt0exE_sentence_518.wav,His name is on the tip of my tongue.
aHf27Jt0exE_sentence_523.wav,Sympathy
aHf27Jt0exE_sentence_531.wav,Sailing
aHf27Jt0exE_sentence_532.wav,We'll go sailing tomorrow.
aHf27Jt0exE_sentence_538.wav,I'm going to the sailing club.
aHf27Jt0exE_sentence_539.wav,Sour
aHf27Jt0exE_sentence_540.wav,This apple tastes sour.
aHf27Jt0exE_sentence_548.wav,Lemons are sour.
aHf27Jt0exE_sentence_549.wav,The milk went sour.
aHf27Jt0exE_sentence_550.wav,Sight.
aHf27Jt0exE_sentence_554.wav,Site.
aHf27Jt0exE_sentence_575.wav,"Nature is full of mysteries, and"
aHf27Jt0exE_sentence_581.wav,Journalist
aHf27Jt0exE_sentence_613.wav,"In terms of experience, I have the edge on you."
aHf27Jt0exE_sentence_614.wav,This knife has no sharp edge.
aHf27Jt0exE_sentence_640.wav,Her unexpected arrival confused all our plans.
aHf27Jt0exE_sentence_647.wav,Don't judge people by their appearance.
aHf27Jt0exE_sentence_659.wav,A red sign usually indicates danger.
aHf27Jt0exE_sentence_667.wav,She got in the car and started the engine.
aHf27Jt0exE_sentence_674.wav,What are your qualifications?
aHf27Jt0exE_sentence_692.wav,There are over 50 people in this classroom.
aHf27Jt0exE_sentence_694.wav,"The classroom was so small, we moved to another one."
aHf27Jt0exE_sentence_695.wav,There are Mr.
aHf27Jt0exE_sentence_698.wav,Brand.
aHf27Jt0exE_sentence_700.wav,What kind of dog food do you feed your dog?
aHf27Jt0exE_sentence_701.wav,It takes a long time to build a brand.
aHf27Jt0exE_sentence_706.wav,The book provides some good household cleaning tips.
aHf27Jt0exE_sentence_726.wav,The gifts will delight the children.
aHf27Jt0exE_sentence_730.wav,Let's hide behind the curtain.
aHf27Jt0exE_sentence_732.wav,The curtains make this room look beautiful.
aHf27Jt0exE_sentence_736.wav,I have trouble swallowing pills.
aHf27Jt0exE_sentence_744.wav,Our children love ice cream.
aHf27Jt0exE_sentence_745.wav,I love chocolate creams.
aHf27Jt0exE_sentence_746.wav,He doesn't allow his son to eat ice cream.
aHf27Jt0exE_sentence_753.wav,The disease has affected her sight.
aHf27Jt0exE_sentence_768.wav,I'm not frightened of him.
aHf27Jt0exE_sentence_785.wav,Unfairly.
aHf27Jt0exE_sentence_802.wav,"Excuse me, do you have any spoons?"
aHf27Jt0exE_sentence_810.wav,Authority
aHf27Jt0exE_sentence_862.wav,I'll let you be the judge of that.
aHf27Jt0exE_sentence_886.wav,Qualification
aHf27Jt0exE_sentence_889.wav,Do you have any teaching qualifications?
aWTrDkYdxK4_sentence_010.wav,"I'm sorry to disturb you, but there's a phone call for you."
aWTrDkYdxK4_sentence_021.wav,What does a typical Japanese meal consist of?
aWTrDkYdxK4_sentence_024.wav,This action has been calculated.
aWTrDkYdxK4_sentence_033.wav,I calculate that we will arrive at the destination at about 6 a.m.
aWTrDkYdxK4_sentence_047.wav,I often refer to the dictionary.
aWTrDkYdxK4_sentence_061.wav,I regard him as a close friend.
aWTrDkYdxK4_sentence_074.wav,Dogs are loyal animals.
aWTrDkYdxK4_sentence_111.wav,Scientists haven't found a cure for cancer yet.
aWTrDkYdxK4_sentence_124.wav,They are watching what's happening closely.
aWTrDkYdxK4_sentence_133.wav,We intend to destroy it.
aWTrDkYdxK4_sentence_151.wav,He is the victim of a terrible crime.
aWTrDkYdxK4_sentence_168.wav,That name sounds awfully familiar.
aWTrDkYdxK4_sentence_195.wav,The source of the infection has not yet been traced.
aWTrDkYdxK4_sentence_204.wav,He has a large closet in his bedroom.
aWTrDkYdxK4_sentence_216.wav,"She is my niece, said"
aWTrDkYdxK4_sentence_218.wav,Miece.
aWTrDkYdxK4_sentence_224.wav,What's your niece's name?
aWTrDkYdxK4_sentence_236.wav,Offend.
aWTrDkYdxK4_sentence_244.wav,Neck.
aWTrDkYdxK4_sentence_248.wav,The two candidates are neck and neck.
aWTrDkYdxK4_sentence_252.wav,The worst battle is the one that goes on between your heart and your mind. You never know which one to listen to.
aWTrDkYdxK4_sentence_271.wav,disappear.
aWTrDkYdxK4_sentence_280.wav,Knit.
aWTrDkYdxK4_sentence_282.wav,What are you knitting?
aWTrDkYdxK4_sentence_284.wav,She needed him a sweater.
aWTrDkYdxK4_sentence_289.wav,"It's very late, he yawned."
aWTrDkYdxK4_sentence_290.wav,"Cover your mouth when you cough, sneeze, or yawn."
aWTrDkYdxK4_sentence_304.wav,Polish.
aWTrDkYdxK4_sentence_331.wav,Pronunciation
aWTrDkYdxK4_sentence_334.wav,camera.
aWTrDkYdxK4_sentence_335.wav,How much is this camera?
aWTrDkYdxK4_sentence_336.wav,My camera is different from yours.
aWTrDkYdxK4_sentence_337.wav,Do you know how to use this camera?
aWTrDkYdxK4_sentence_341.wav,I cannot make such a commitment at the moment.
aWTrDkYdxK4_sentence_346.wav,Are you ready to make a long-term commitment?
aWTrDkYdxK4_sentence_390.wav,They burst out laughing.
aWTrDkYdxK4_sentence_409.wav,The road continues straight as an arrow.
aWTrDkYdxK4_sentence_412.wav,The economic growth is very slow.
aWTrDkYdxK4_sentence_414.wav,The country is in a bad economic state.
aWTrDkYdxK4_sentence_415.wav,The survey.
aWTrDkYdxK4_sentence_423.wav,Channel.
aWTrDkYdxK4_sentence_426.wav,They have careless.
aWTrDkYdxK4_sentence_429.wav,He admitted careless driving.
aWTrDkYdxK4_sentence_431.wav,Partly.
aWTrDkYdxK4_sentence_437.wav,I partly agree with you.
aWTrDkYdxK4_sentence_444.wav,Risk.
aWTrDkYdxK4_sentence_477.wav,I'm ashamed of what I did.
aWTrDkYdxK4_sentence_482.wav,I'm ashamed to ask you such a silly question.
aWTrDkYdxK4_sentence_483.wav,Goodbye.
aWTrDkYdxK4_sentence_486.wav,Good interior.
aWTrDkYdxK4_sentence_492.wav,My father is an interior designer.
aWTrDkYdxK4_sentence_494.wav,Taxi.
aWTrDkYdxK4_sentence_496.wav,We'd better take a taxi.
aWTrDkYdxK4_sentence_498.wav,My father is attack surround.
aWTrDkYdxK4_sentence_505.wav,Police surrounded the building.
aWTrDkYdxK4_sentence_506.wav,Salad
aWTrDkYdxK4_sentence_523.wav,I'm very transparent about my work.
aWTrDkYdxK4_sentence_524.wav,The insect's wings are almost transparent.
aWTrDkYdxK4_sentence_532.wav,She smiled at him pleasantly.
aWTrDkYdxK4_sentence_566.wav,Let's put this in the closet.
aWTrDkYdxK4_sentence_577.wav,She had warm brown eyes. His face was brown from the sun. His shoes are brown.
aWTrDkYdxK4_sentence_592.wav,His death was totally unexpected.
aWTrDkYdxK4_sentence_600.wav,Battle.
aWTrDkYdxK4_sentence_601.wav,I had a battle with my conscience.
aWTrDkYdxK4_sentence_613.wav,She won first prize in the exhibition.
aWTrDkYdxK4_sentence_614.wav,We hold an exhibition every year.
aWTrDkYdxK4_sentence_619.wav,Initially
aWTrDkYdxK4_sentence_632.wav,Medium
aWTrDkYdxK4_sentence_633.wav,"We have large, medium, and small. What size do you want?"
aWTrDkYdxK4_sentence_634.wav,"A medium size, please."
aWTrDkYdxK4_sentence_639.wav,Television is the modern medium of communication.
aWTrDkYdxK4_sentence_642.wav,He polished his glasses with a handkerchief.
aWTrDkYdxK4_sentence_644.wav,You need to polish your shoes.
aWTrDkYdxK4_sentence_648.wav,Inner.
aWTrDkYdxK4_sentence_654.wav,Do not let the behavior of others destroy your inner peace.
aWTrDkYdxK4_sentence_664.wav,Bid.
aWTrDkYdxK4_sentence_682.wav,The noise disturbed his sleep.
aWTrDkYdxK4_sentence_720.wav,Extraordinary.
aWTrDkYdxK4_sentence_731.wav,Refer.
aWTrDkYdxK4_sentence_734.wav,"Don't refer to this matter again, please."
aWTrDkYdxK4_sentence_740.wav,One thing that won't change is our commitment to our customers.
aWTrDkYdxK4_sentence_748.wav,I cannot associate.
aWTrDkYdxK4_sentence_751.wav,Associate
aWTrDkYdxK4_sentence_758.wav,Are you listening closely?
aWTrDkYdxK4_sentence_769.wav,It burst into flame.
aWTrDkYdxK4_sentence_770.wav,They burst out laughing. It burst into flame. They burst out laughing.
aWTrDkYdxK4_sentence_783.wav,Entry
aWTrDkYdxK4_sentence_801.wav,Survey
aWTrDkYdxK4_sentence_825.wav,Her work is superior to anyone else's here.
aWTrDkYdxK4_sentence_828.wav,Interior
aWTrDkYdxK4_sentence_835.wav,She is studying interior design.
aWTrDkYdxK4_sentence_847.wav,It's awfully cold today.
aWTrDkYdxK4_sentence_849.wav,It turned out to be awfully difficult.
aWTrDkYdxK4_sentence_857.wav,I won't risk doing that again.
aWTrDkYdxK4_sentence_860.wav,I can't take that risk.
aWTrDkYdxK4_sentence_865.wav,He risked his life to save her.
aWTrDkYdxK4_sentence_866.wav,Transparent.
aWTrDkYdxK4_sentence_886.wav,Ashamed.
bET0qG-efMk_sentence_018.wav,This is a very mild coffee.
bET0qG-efMk_sentence_039.wav,The bridge is approximately two kilometers long.
bET0qG-efMk_sentence_084.wav,I admire your intelligence.
bET0qG-efMk_sentence_096.wav,She treated him like a king.
bET0qG-efMk_sentence_126.wav,You'll need a password to access the database.
bET0qG-efMk_sentence_147.wav,The Sahara is a vast desert.
bET0qG-efMk_sentence_175.wav,Fairly.
bET0qG-efMk_sentence_176.wav,The teacher treated all the students fairly.
bET0qG-efMk_sentence_193.wav,Interval.
bET0qG-efMk_sentence_206.wav,"This cake contains flour, milk, eggs and sugar."
bET0qG-efMk_sentence_247.wav,Purr.
bET0qG-efMk_sentence_251.wav,How many books do you read per month?
bET0qG-efMk_sentence_253.wav,I make 100 Euros per day.
bET0qG-efMk_sentence_259.wav,There is a rapid increase in world population.
bET0qG-efMk_sentence_269.wav,They rejected us in a very rude manner.
bET0qG-efMk_sentence_286.wav,He acts as if he were a king.
bET0qG-efMk_sentence_396.wav,How long is the interval between the Olympics?
bET0qG-efMk_sentence_422.wav,Manner.
bET0qG-efMk_sentence_447.wav,I accuse.
bET0qG-efMk_sentence_450.wav,He is accused of stealing the money.
bET0qG-efMk_sentence_500.wav,Horn.
bET0qG-efMk_sentence_537.wav,She has acquired a good knowledge of English.
bET0qG-efMk_sentence_568.wav,He has made rapid progress in English.
bET0qG-efMk_sentence_594.wav,The lion is the king of the jungle.
bET0qG-efMk_sentence_614.wav,"She thought she could reform him, but she was wrong."
bET0qG-efMk_sentence_622.wav,Don't expose your skin to the sun for too long.
bET0qG-efMk_sentence_701.wav,The first edition was published in 2007.
bET0qG-efMk_sentence_760.wav,Stress
bET0qG-efMk_sentence_799.wav,Don't blow your horn in town.
bET0qG-efMk_sentence_800.wav,This looks like buffalo horn.
bET0qG-efMk_sentence_803.wav,We went for a sail.
bET0qG-efMk_sentence_815.wav,Why do you suspect me?
bET0qG-efMk_sentence_821.wav,Police arrested the suspect at 10 p.m.
bET0qG-efMk_sentence_824.wav,Pl Adapt.
bET0qG-efMk_sentence_836.wav,I used to have a motorcycle.
bET0qG-efMk_sentence_847.wav,This sofa can easily be converted into a very comfortable double bed for guests.
bET0qG-efMk_sentence_887.wav,Please shut the door.
bET0qG-efMk_sentence_897.wav,Interruption
bET0qG-efMk_sentence_900.wav,"I'm sorry for the interruption, but you have a phone call."
bET0qG-efMk_sentence_916.wav,The police accused him of murder.
be6gMVMz48c_sentence_006.wav,This storm caused a lot of damage.
be6gMVMz48c_sentence_021.wav,What's in your pocket?
be6gMVMz48c_sentence_025.wav,I have no money in my pocket.
be6gMVMz48c_sentence_031.wav,Chicken is my favorite food.
be6gMVMz48c_sentence_064.wav,everywhere.
be6gMVMz48c_sentence_068.wav,I've been looking for you everywhere.
be6gMVMz48c_sentence_070.wav,People came from everywhere.
be6gMVMz48c_sentence_076.wav,Choice.
be6gMVMz48c_sentence_079.wav,"I didn't want to say anything, but I had no choice."
be6gMVMz48c_sentence_080.wav,I had to do it because I had no choice.
be6gMVMz48c_sentence_081.wav,What choices do we have?
be6gMVMz48c_sentence_085.wav,I can't tell you exactly how long it will take.
be6gMVMz48c_sentence_086.wav,What exactly are you looking for?
be6gMVMz48c_sentence_097.wav,Chance.
be6gMVMz48c_sentence_108.wav,"She has a soft and clear voice, and"
be6gMVMz48c_sentence_109.wav,Pretend.
be6gMVMz48c_sentence_115.wav,You can't pretend it didn't happen.
be6gMVMz48c_sentence_120.wav,He is very different from his brother.
be6gMVMz48c_sentence_122.wav,"As a child, he was sent to six different schools."
be6gMVMz48c_sentence_130.wav,Van.
be6gMVMz48c_sentence_131.wav,I finished the work in less than an hour.
be6gMVMz48c_sentence_135.wav,He loves me more than you do.
be6gMVMz48c_sentence_137.wav,Noise.
be6gMVMz48c_sentence_138.wav,What's that noise?
be6gMVMz48c_sentence_152.wav,I will never forget your kindness.
be6gMVMz48c_sentence_154.wav,I forgot to turn off the T V before going to bed.
be6gMVMz48c_sentence_156.wav,Don't forget to charge your cell phone.
be6gMVMz48c_sentence_166.wav,She has been studying English for a few years.
be6gMVMz48c_sentence_167.wav,Would you please wait for a few minutes?
be6gMVMz48c_sentence_168.wav,You'd better stay in bed for a few days.
be6gMVMz48c_sentence_177.wav,Slow.
be6gMVMz48c_sentence_179.wav,Progress was slower than expected.
be6gMVMz48c_sentence_191.wav,This land belongs to my father.
be6gMVMz48c_sentence_201.wav,We only have two options.
be6gMVMz48c_sentence_210.wav,Jump.
be6gMVMz48c_sentence_226.wav,I will act on your advice.
be6gMVMz48c_sentence_227.wav,You're acting like a child.
be6gMVMz48c_sentence_228.wav,That was a very kind act.
be6gMVMz48c_sentence_239.wav,Orange.
be6gMVMz48c_sentence_242.wav,"I like orange, red, and blue."
be6gMVMz48c_sentence_250.wav,My father has just bought a new wallet.
be6gMVMz48c_sentence_258.wav,Difficult.
be6gMVMz48c_sentence_267.wav,Let's try a different approach to the problem.
be6gMVMz48c_sentence_269.wav,She approached me with a smile on her face.
be6gMVMz48c_sentence_273.wav,"Could you wait a moment, please?"
be6gMVMz48c_sentence_274.wav,I'm busy at the moment.
be6gMVMz48c_sentence_286.wav,Colleague
be6gMVMz48c_sentence_296.wav,Her birthday party will be held tomorrow evening.
be6gMVMz48c_sentence_297.wav,I often take a walk with my dog in the evening.
be6gMVMz48c_sentence_299.wav,His health is improving little by little.
be6gMVMz48c_sentence_307.wav,Their lifestyle is different from ours.
be6gMVMz48c_sentence_308.wav,That house is ours.
be6gMVMz48c_sentence_313.wav,The factory is operating at full capacity.
be6gMVMz48c_sentence_314.wav,What's your full name?
be6gMVMz48c_sentence_317.wav,Might.
be6gMVMz48c_sentence_320.wav,He said that he might come tomorrow.
be6gMVMz48c_sentence_323.wav,Is it legal?
be6gMVMz48c_sentence_329.wav,Ice cream.
be6gMVMz48c_sentence_330.wav,This ice cream tastes really good.
be6gMVMz48c_sentence_332.wav,My children love ice cream.
be6gMVMz48c_sentence_338.wav,She has many valuable books.
be6gMVMz48c_sentence_345.wav,He has no sense of shame.
be6gMVMz48c_sentence_349.wav,She was a perfect candidate for this position.
be6gMVMz48c_sentence_354.wav,etc.
be6gMVMz48c_sentence_361.wav,Do you know how to open this box?
be6gMVMz48c_sentence_364.wav,Basically.
be6gMVMz48c_sentence_365.wav,They are basically the same.
be6gMVMz48c_sentence_380.wav,The main function of a question mark is to indicate a question.
be6gMVMz48c_sentence_386.wav,Homework.
be6gMVMz48c_sentence_392.wav,"In the end, they got married."
be6gMVMz48c_sentence_394.wav,I need your answer by the end of the day.
be6gMVMz48c_sentence_405.wav,She pressed her lips together.
be6gMVMz48c_sentence_406.wav,Press the green button.
be6gMVMz48c_sentence_416.wav,I'm very sorry to keep you waiting.
be6gMVMz48c_sentence_426.wav,I have the same problems as you.
be6gMVMz48c_sentence_427.wav,Don't make the same mistake twice.
be6gMVMz48c_sentence_428.wav,We got there at the same time.
be6gMVMz48c_sentence_431.wav,Hate.
be6gMVMz48c_sentence_436.wav,"Frankly speaking, I hate him."
be6gMVMz48c_sentence_438.wav,Sick.
be6gMVMz48c_sentence_448.wav,"Your face is familiar, but I can't recall your name."
be6gMVMz48c_sentence_453.wav,Did you receive my letter?
be6gMVMz48c_sentence_454.wav,He received a lot of praise for what he did yesterday.
be6gMVMz48c_sentence_466.wav,P. M.
be6gMVMz48c_sentence_468.wav,What time is it? It's 8 p.m. now.
be6gMVMz48c_sentence_469.wav,The evening class starts at 6 p.m. and ends at 9.30 p.m.
be6gMVMz48c_sentence_477.wav,My father surprise.
be6gMVMz48c_sentence_486.wav,She sat down and crossed her legs.
be6gMVMz48c_sentence_488.wav,What happened to your leg?
be6gMVMz48c_sentence_498.wav,Ease.
be6gMVMz48c_sentence_501.wav,He solved the problem with ease.
be6gMVMz48c_sentence_507.wav,There's almost nothing in the fridge.
be6gMVMz48c_sentence_511.wav,It's almost time to go.
be6gMVMz48c_sentence_512.wav,Own.
be6gMVMz48c_sentence_516.wav,I own this store.
be6gMVMz48c_sentence_517.wav,I run my own business.
be6gMVMz48c_sentence_524.wav,You'd better lead the way.
be6gMVMz48c_sentence_526.wav,Serve.
be6gMVMz48c_sentence_532.wav,She served us a delicious lunch.
be6gMVMz48c_sentence_546.wav,I suppose that's impossible.
cQU8U99fZnQ_sentence_003.wav,Horse.
cQU8U99fZnQ_sentence_004.wav,Can I ride this horse for a while?
cQU8U99fZnQ_sentence_005.wav,He lost a lot of money on the horses.
cQU8U99fZnQ_sentence_025.wav,This service is temporarily unavailable.
cQU8U99fZnQ_sentence_041.wav,Elect.
cQU8U99fZnQ_sentence_044.wav,He has a good chance of being elected.
cQU8U99fZnQ_sentence_063.wav,I'm in real estate.
cQU8U99fZnQ_sentence_081.wav,Steep.
cQU8U99fZnQ_sentence_087.wav,"Watch your step, the stairs are very steep."
cQU8U99fZnQ_sentence_099.wav,He is an aggressive person.
cQU8U99fZnQ_sentence_103.wav,The children screamed in horror.
cQU8U99fZnQ_sentence_111.wav,Offensive.
cQU8U99fZnQ_sentence_115.wav,That's an offensive question.
cQU8U99fZnQ_sentence_124.wav,Blank.
cQU8U99fZnQ_sentence_139.wav,Sufficiently.
cQU8U99fZnQ_sentence_147.wav,Predict.
cQU8U99fZnQ_sentence_148.wav,Nobody could predict the outcome.
cQU8U99fZnQ_sentence_167.wav,Silence in court may be equivalent to confession.
cQU8U99fZnQ_sentence_182.wav,Whisper
cQU8U99fZnQ_sentence_187.wav,"I'll be right back, she whispered."
cQU8U99fZnQ_sentence_191.wav,What did she whisper to you?
cQU8U99fZnQ_sentence_192.wav,I heard whispers downstairs.
cQU8U99fZnQ_sentence_225.wav,Collapse.
cQU8U99fZnQ_sentence_235.wav,The church roof is in danger of collapse.
cQU8U99fZnQ_sentence_236.wav,decay.
cQU8U99fZnQ_sentence_244.wav,The dentist pulled out his decayed tooth.
cQU8U99fZnQ_sentence_254.wav,They are at my heels all the time.
cQU8U99fZnQ_sentence_267.wav,Aggressive.
cQU8U99fZnQ_sentence_280.wav,Are you trying to ruin my reputation?
cQU8U99fZnQ_sentence_282.wav,He has a good reputation and is totally trustworthy.
cQU8U99fZnQ_sentence_314.wav,Your inner beauty never needs makeup.
cQU8U99fZnQ_sentence_317.wav,On to
cQU8U99fZnQ_sentence_318.wav,Climb onto the roof.
cQU8U99fZnQ_sentence_319.wav,We got onto the plane.
cQU8U99fZnQ_sentence_331.wav,Make sure that the temperature is sufficiently cold.
cQU8U99fZnQ_sentence_339.wav,Sign your name in the blank space at the bottom of the form.
cQU8U99fZnQ_sentence_340.wav,Her mind went blank.
cQU8U99fZnQ_sentence_370.wav,He deserves a promotion.
cQU8U99fZnQ_sentence_376.wav,I wonder when this building was constructed.
cQU8U99fZnQ_sentence_388.wav,Tour.
cQU8U99fZnQ_sentence_390.wav,How much is the tour?
cQU8U99fZnQ_sentence_391.wav,Do you have one-day tours?
cQU8U99fZnQ_sentence_407.wav,Tightly.
cQU8U99fZnQ_sentence_411.wav,The luggage was secured tightly to the top of the car.
cQU8U99fZnQ_sentence_415.wav,November.
cQU8U99fZnQ_sentence_416.wav,He was born in November.
cQU8U99fZnQ_sentence_419.wav,I plan to go abroad in November.
cQU8U99fZnQ_sentence_452.wav,He seems to enjoy watching horror movies.
cQU8U99fZnQ_sentence_454.wav,Scene
cQU8U99fZnQ_sentence_461.wav,What a beautiful scene.
cQU8U99fZnQ_sentence_464.wav,Her job is restoring old paintings.
cQU8U99fZnQ_sentence_470.wav,Muck.
cQU8U99fZnQ_sentence_474.wav,I have a pain in my neck.
cQU8U99fZnQ_sentence_481.wav,He was the chief of the village.
cQU8U99fZnQ_sentence_504.wav,Football.
cQU8U99fZnQ_sentence_509.wav,He prefers football to volleyball.
cQU8U99fZnQ_sentence_512.wav,Proportion.
cQU8U99fZnQ_sentence_527.wav,He is qualified to be the leader.
cQU8U99fZnQ_sentence_537.wav,"If you prefer a room closer to the convention center, please contact us."
cQU8U99fZnQ_sentence_543.wav,Disapprove.
cQU8U99fZnQ_sentence_545.wav,I disapprove of what you say.
cQU8U99fZnQ_sentence_549.wav,Do you approve or disapprove of my project?
cQU8U99fZnQ_sentence_559.wav,Development.
cQU8U99fZnQ_sentence_562.wav,Development
cQU8U99fZnQ_sentence_565.wav,Use your free time for self-development.
cQU8U99fZnQ_sentence_566.wav,He contributed to the development to the city.
cQU8U99fZnQ_sentence_591.wav,Grave
cQU8U99fZnQ_sentence_629.wav,Mate.
cQU8U99fZnQ_sentence_649.wav,The key to success is hard work and determination.
cQU8U99fZnQ_sentence_651.wav,Historical
cQU8U99fZnQ_sentence_655.wav,What's your favorite historical movie?
cQU8U99fZnQ_sentence_658.wav,I spent all weekend reading a historical novel.
cQU8U99fZnQ_sentence_662.wav,"accident, but now he's fully restored."
cQU8U99fZnQ_sentence_720.wav,They have elected him chairman.
cQU8U99fZnQ_sentence_774.wav,He owns a large estate in New York.
cQU8U99fZnQ_sentence_784.wav,They're constructing a bridge over the river.
cQU8U99fZnQ_sentence_796.wav,Don't bother
cQU8U99fZnQ_sentence_797.wav,We went to the cemetery to visit my aunt's grave.
cQU8U99fZnQ_sentence_817.wav,He told deliberate lies.
cQU8U99fZnQ_sentence_827.wav,Make exercise a part of your daily routine.
cQU8U99fZnQ_sentence_882.wav,Equivalent
cQU8U99fZnQ_sentence_886.wav,Eight kilometers is roughly equivalent to five miles.
cQU8U99fZnQ_sentence_909.wav,Shaped.
cizzwQ1_EDM_sentence_040.wav,We must accept this inevitable fact.
cizzwQ1_EDM_sentence_057.wav,Rock.
cizzwQ1_EDM_sentence_072.wav,She was known under various names.
cizzwQ1_EDM_sentence_078.wav,Church.
cizzwQ1_EDM_sentence_086.wav,Confirm.
cizzwQ1_EDM_sentence_088.wav,Can you confirm that?
cizzwQ1_EDM_sentence_094.wav,He is trying to confirm his power.
cizzwQ1_EDM_sentence_107.wav,Don't ride your bicycle on the pavement. His bicycle is in rusty condition.
cizzwQ1_EDM_sentence_108.wav,"Bicycle, bike."
cizzwQ1_EDM_sentence_110.wav,I go to work by bicycle.
cizzwQ1_EDM_sentence_120.wav,She has a strong will.
cizzwQ1_EDM_sentence_139.wav,Engineer
cizzwQ1_EDM_sentence_165.wav,She helped her daughter get dressed.
cizzwQ1_EDM_sentence_180.wav,Do you know her? Sing.
cizzwQ1_EDM_sentence_209.wav,She cannot come because she's sick.
cizzwQ1_EDM_sentence_210.wav,He has been sick for a week.
cizzwQ1_EDM_sentence_211.wav,I'm sick of hearing it.
cizzwQ1_EDM_sentence_221.wav,I need to work out more regularly.
cizzwQ1_EDM_sentence_222.wav,I go there quite regularly.
cizzwQ1_EDM_sentence_227.wav,I play tennis an hour a day.
cizzwQ1_EDM_sentence_229.wav,She quiet.
cizzwQ1_EDM_sentence_235.wav,Why is it so quiet here?
cizzwQ1_EDM_sentence_254.wav,She's trying to save their marriage.
cizzwQ1_EDM_sentence_261.wav,Save me some ice cream.
cizzwQ1_EDM_sentence_269.wav,It seems that you don't understand the question.
cizzwQ1_EDM_sentence_282.wav,"You're joking, right?"
cizzwQ1_EDM_sentence_283.wav,General
cizzwQ1_EDM_sentence_306.wav,I agree with you to some extent.
cizzwQ1_EDM_sentence_307.wav,I like some more coffee.
cizzwQ1_EDM_sentence_309.wav,I will show you some pictures.
cizzwQ1_EDM_sentence_319.wav,It's just my personal opinion.
cizzwQ1_EDM_sentence_337.wav,I was born and raised in Vietnam.
cizzwQ1_EDM_sentence_345.wav,Offer.
cizzwQ1_EDM_sentence_348.wav,I'd like to offer you a job.
cizzwQ1_EDM_sentence_349.wav,Offer
cizzwQ1_EDM_sentence_354.wav,He accepted our offer.
cizzwQ1_EDM_sentence_360.wav,I can't read your writing.
cizzwQ1_EDM_sentence_362.wav,I'm trying to read the map.
cizzwQ1_EDM_sentence_414.wav,Greatest motivating factor in my life.
cizzwQ1_EDM_sentence_417.wav,Attention.
cizzwQ1_EDM_sentence_453.wav,Smoking can seriously damage your health.
cizzwQ1_EDM_sentence_479.wav,She gently rocked the baby to sleep.
cizzwQ1_EDM_sentence_482.wav,My father is a police officer.
cizzwQ1_EDM_sentence_490.wav,Things got incredibly complicated.
cizzwQ1_EDM_sentence_509.wav,I think it's time for me to retire.
cizzwQ1_EDM_sentence_519.wav,Who is the owner of this property?
cizzwQ1_EDM_sentence_525.wav,"Keep out, this is private property."
cizzwQ1_EDM_sentence_526.wav,Who is the owner health?
cizzwQ1_EDM_sentence_527.wav,Fast food is not good for your health.
cizzwQ1_EDM_sentence_591.wav,Well pleased.
cizzwQ1_EDM_sentence_599.wav,Lake.
cizzwQ1_EDM_sentence_601.wav,This is the most beautiful lake that I have ever seen.
cizzwQ1_EDM_sentence_605.wav,We finally arrived at the lake.
cizzwQ1_EDM_sentence_612.wav,I didn't see the stop sign.
cizzwQ1_EDM_sentence_617.wav,Sunday.
cizzwQ1_EDM_sentence_618.wav,Today is Sunday.
cizzwQ1_EDM_sentence_619.wav,It has been raining since Sunday.
cizzwQ1_EDM_sentence_620.wav,What do you do on Sunday?
cizzwQ1_EDM_sentence_621.wav,Today own.
cizzwQ1_EDM_sentence_627.wav,Everyone has their own problems.
cizzwQ1_EDM_sentence_663.wav,I can feel the heat of the sun on my back.
cizzwQ1_EDM_sentence_683.wav,Don't take it seriously.
cizzwQ1_EDM_sentence_687.wav,I'm seriously thinking about deleting my Facebook account.
cizzwQ1_EDM_sentence_689.wav,In
cizzwQ1_EDM_sentence_692.wav,Can you pay me in advance?
cizzwQ1_EDM_sentence_697.wav,Probably.
cizzwQ1_EDM_sentence_708.wav,We have a small vegetable garden.
cizzwQ1_EDM_sentence_710.wav,What's your favorite vegetable?
cizzwQ1_EDM_sentence_719.wav,"Sit down, please."
cizzwQ1_EDM_sentence_720.wav,Bye. He'll finish the job by tomorrow.
cizzwQ1_EDM_sentence_722.wav,Did he come by bus or by train?
cizzwQ1_EDM_sentence_723.wav,He'll finish the job by tomorrow.
cizzwQ1_EDM_sentence_726.wav,Mary is respected by everyone.
cizzwQ1_EDM_sentence_738.wav,Alive
cizzwQ1_EDM_sentence_743.wav,Is your grandmother still alive?
cizzwQ1_EDM_sentence_764.wav,Some people go to church every Sunday.
cizzwQ1_EDM_sentence_768.wav,Officer
cizzwQ1_EDM_sentence_771.wav,He is an army officer.
cizzwQ1_EDM_sentence_773.wav,Will.
cizzwQ1_EDM_sentence_775.wav,Who will take care of the baby?
cizzwQ1_EDM_sentence_787.wav,My father will retire next year.
cizzwQ1_EDM_sentence_796.wav,I'm pleased to meet you all.
cizzwQ1_EDM_sentence_807.wav,Headaches could be a sign of stress.
cizzwQ1_EDM_sentence_811.wav,Let's share the expenses.
cizzwQ1_EDM_sentence_824.wav,Make yourself at home.
cizzwQ1_EDM_sentence_829.wav,This sentence doesn't make sense.
cizzwQ1_EDM_sentence_831.wav,Tendency
cizzwQ1_EDM_sentence_853.wav,Century
cizzwQ1_EDM_sentence_859.wav,A century ago most people walked to work.
cizzwQ1_EDM_sentence_869.wav,He is crazy.
cizzwQ1_EDM_sentence_880.wav,That noise is driving me crazy.
cizzwQ1_EDM_sentence_885.wav,I assume you know why I'm here.
cizzwQ1_EDM_sentence_889.wav,I assume you've read my report.
cizzwQ1_EDM_sentence_891.wav,Hospital
cizzwQ1_EDM_sentence_901.wav,I met him by chance.
cizzwQ1_EDM_sentence_902.wav,I gave her a chance to answer.
cizzwQ1_EDM_sentence_916.wav,The moon emerged from behind the cloud.
cizzwQ1_EDM_sentence_918.wav,Would you like some orange juice?
cizzwQ1_EDM_sentence_919.wav,There is an orange on the table.
cizzwQ1_EDM_sentence_935.wav,First we need to identify actual and potential problems.
cizzwQ1_EDM_sentence_936.wav,Potential
cizzwQ1_EDM_sentence_996.wav,I'm going out for a while.
cuyLLQWtT9s_sentence_016.wav,Don't interrupt me while I'm talking.
cuyLLQWtT9s_sentence_033.wav,Damage.
cuyLLQWtT9s_sentence_083.wav,That was a rude expression.
cuyLLQWtT9s_sentence_084.wav,I was confused by the expression on her face.
cuyLLQWtT9s_sentence_105.wav,My job involves a lot of traveling.
cuyLLQWtT9s_sentence_131.wav,Press.
d2HRQKhrSs0_sentence_040.wav,It is a dangerous aggressive dog.
d2HRQKhrSs0_sentence_062.wav,The bills keep piling up.
d2HRQKhrSs0_sentence_096.wav,Exclude.
d2HRQKhrSs0_sentence_097.wav,He was excluded from the team.
d2HRQKhrSs0_sentence_109.wav,He gave a hollow laugh.
d2HRQKhrSs0_sentence_137.wav,Pronounce.
d2HRQKhrSs0_sentence_139.wav,How do you pronounce this word?
d2HRQKhrSs0_sentence_142.wav,Very few people can pronounce my name correctly.
d2HRQKhrSs0_sentence_147.wav,This word is difficult to pronounce.
d2HRQKhrSs0_sentence_153.wav,There's nothing out of the ordinary.
d2HRQKhrSs0_sentence_186.wav,These cookies are star-shaped.
d2HRQKhrSs0_sentence_187.wav,It's an L-shaped room.
d2HRQKhrSs0_sentence_220.wav,Why are you so pale today?
d2HRQKhrSs0_sentence_233.wav,Failure will never overtake me if my determination to succeed is strong enough.
d2HRQKhrSs0_sentence_249.wav,I could sense the tense atmosphere in the room.
d2HRQKhrSs0_sentence_303.wav,December
d2HRQKhrSs0_sentence_304.wav,December is the last month of the year.
d2HRQKhrSs0_sentence_305.wav,He was born in December.
d2HRQKhrSs0_sentence_306.wav,She died on a cold night in December.
d2HRQKhrSs0_sentence_307.wav,Sync.
d2HRQKhrSs0_sentence_313.wav,The ship is sinking.
d2HRQKhrSs0_sentence_338.wav,Laboratory. Lab.
d2HRQKhrSs0_sentence_344.wav,There was an explosion in the lab.
d2HRQKhrSs0_sentence_345.wav,Sweat.
d2HRQKhrSs0_sentence_346.wav,She wiped the sweat from her face.
d2HRQKhrSs0_sentence_355.wav,Don't sweat the small stuff.
d2HRQKhrSs0_sentence_367.wav,There's a part.
d2HRQKhrSs0_sentence_368.wav,He lives apart from his family.
d2HRQKhrSs0_sentence_383.wav,fan.
d2HRQKhrSs0_sentence_389.wav,Hundreds of fans are waiting for the singer.
d2HRQKhrSs0_sentence_390.wav,"It was hot, so I turned on the fan."
d2HRQKhrSs0_sentence_401.wav,They set up a fund to support the victims.
d2HRQKhrSs0_sentence_446.wav,Unfriendly.
d2HRQKhrSs0_sentence_447.wav,They were very unfriendly to me.
d2HRQKhrSs0_sentence_450.wav,He had an unfriendly attitude.
d2HRQKhrSs0_sentence_452.wav,My father is a taxi driver.
d2HRQKhrSs0_sentence_454.wav,Could you please call me a taxi?
d2HRQKhrSs0_sentence_455.wav,April.
d2HRQKhrSs0_sentence_456.wav,She was born in April.
d2HRQKhrSs0_sentence_457.wav,I'm looking for typical.
d2HRQKhrSs0_sentence_488.wav,He interpreted my silence as consent.
d2HRQKhrSs0_sentence_530.wav,You are digging your own grave.
d2HRQKhrSs0_sentence_588.wav,She seems really annoyed.
d2HRQKhrSs0_sentence_611.wav,The two t affection.
d2HRQKhrSs0_sentence_613.wav,He has a deep affection for her.
d2HRQKhrSs0_sentence_649.wav,Don't exclude your little sister from the party.
d2HRQKhrSs0_sentence_655.wav,The prices on the menu exclude tax.
d2HRQKhrSs0_sentence_671.wav,Columbus discovered America in 1492.
d2HRQKhrSs0_sentence_695.wav,"He was badly injured in the accident, but now he's fully restored."
d2HRQKhrSs0_sentence_718.wav,There is a friendly atmosphere in the office.
d2HRQKhrSs0_sentence_766.wav,Ordinary.
d2HRQKhrSs0_sentence_777.wav,I have a great affection for Paris.
d2HRQKhrSs0_sentence_799.wav,He works in a laboratory.
d2HRQKhrSs0_sentence_805.wav,The new drug will be tested in this laboratory.
d2HRQKhrSs0_sentence_834.wav,I'm not qualified to do that.
d2HRQKhrSs0_sentence_849.wav,We discovered that our luggage had been stolen.
d2HRQKhrSs0_sentence_856.wav,You get paid in proportion to the amount of work you do.
d2HRQKhrSs0_sentence_857.wav,The garage is not in proportion to the house.
d2HRQKhrSs0_sentence_904.wav,Gradual
d2HRQKhrSs0_sentence_908.wav,We noticed a gradual change in temperature.
d2HRQKhrSs0_sentence_911.wav,Excellence is the gradual result of always striving to do better.
d2HRQKhrSs0_sentence_913.wav,This tea is too sweet.
d448ERf2gJk_sentence_022.wav,Doctor.
d448ERf2gJk_sentence_028.wav,He plays drums very well.
d448ERf2gJk_sentence_069.wav,Loan.
d448ERf2gJk_sentence_111.wav,It's characteristic of him to behave like that.
d448ERf2gJk_sentence_129.wav,Comedy
d448ERf2gJk_sentence_132.wav,Comedy and animation are my favorite types of film.
d448ERf2gJk_sentence_145.wav,My head is spinning.
d448ERf2gJk_sentence_156.wav,Theatre
d448ERf2gJk_sentence_158.wav,There is a parking lot behind the theater.
d448ERf2gJk_sentence_160.wav,Theater
d448ERf2gJk_sentence_170.wav,She is always very neatly dressed.
d448ERf2gJk_sentence_177.wav,My primary concern is your safety.
d448ERf2gJk_sentence_181.wav,Bury She buried the box in the back garden.
d448ERf2gJk_sentence_184.wav,Barry.
d448ERf2gJk_sentence_185.wav,She buried the box in the back garden.
d448ERf2gJk_sentence_187.wav,He was buried two days after he died.
d448ERf2gJk_sentence_188.wav,I found my car keys buried under a pile of paper in my office. She buried the box in the back garden.
d448ERf2gJk_sentence_190.wav,He was buried two days after he died. I found my car keys buried under a pile of paper in my office.
d448ERf2gJk_sentence_191.wav,Dust.
d448ERf2gJk_sentence_196.wav,The floor was covered with dust.
d448ERf2gJk_sentence_198.wav,He dusted the furniture.
d448ERf2gJk_sentence_202.wav,combination.
d448ERf2gJk_sentence_203.wav,This color combination is stunningly effective.
d448ERf2gJk_sentence_205.wav,Combination
d448ERf2gJk_sentence_210.wav,Bone
d448ERf2gJk_sentence_213.wav,Phone.
d448ERf2gJk_sentence_214.wav,The child was so thin that you could see his bones.
d448ERf2gJk_sentence_217.wav,His injuries included many broken bones.
d448ERf2gJk_sentence_218.wav,Informal.
d448ERf2gJk_sentence_220.wav,They got an informal warning.
d448ERf2gJk_sentence_230.wav,Life is full of mysteries.
d448ERf2gJk_sentence_232.wav,Mystery
d448ERf2gJk_sentence_236.wav,His identity remains a mystery.
d448ERf2gJk_sentence_248.wav,Flash.
d448ERf2gJk_sentence_257.wav,Please fasten your seat belt.
d448ERf2gJk_sentence_259.wav,Fasten.
d448ERf2gJk_sentence_261.wav,She showed the passengers how to fasten their seat belts.
d448ERf2gJk_sentence_264.wav,Reaction
d448ERf2gJk_sentence_266.wav,I wonder what her reaction will be.
d448ERf2gJk_sentence_267.wav,Reaction.
d448ERf2gJk_sentence_270.wav,What was his reaction to the news?
d448ERf2gJk_sentence_281.wav,What's your role in the team?
d448ERf2gJk_sentence_304.wav,V.
d448ERf2gJk_sentence_307.wav,How much is the annual membership fee?
d448ERf2gJk_sentence_308.wav,Fee.
d448ERf2gJk_sentence_319.wav,I don't have much faith in his ability.
d448ERf2gJk_sentence_325.wav,The bank loaned her$500.
d448ERf2gJk_sentence_336.wav,A green color is characteristic of that type of apple.
d448ERf2gJk_sentence_368.wav,Relate.
d448ERf2gJk_sentence_380.wav,A company.
d448ERf2gJk_sentence_395.wav,Thorough.
d448ERf2gJk_sentence_401.wav,A thorough investigation is now in progress.
d448ERf2gJk_sentence_422.wav,Breathe.
d448ERf2gJk_sentence_423.wav,She was breathing deeply.
d448ERf2gJk_sentence_429.wav,At least I'm still breathing. She was breathing deeply.
d448ERf2gJk_sentence_431.wav,At least I'm still breathing.
d448ERf2gJk_sentence_439.wav,We live in southern Vietnam.
d448ERf2gJk_sentence_440.wav,Genuinely.
d448ERf2gJk_sentence_474.wav,It's a comedy movie.
d448ERf2gJk_sentence_486.wav,Don't talk rubbish.
d448ERf2gJk_sentence_505.wav,Characteristic.
d448ERf2gJk_sentence_559.wav,"The harder the battle, the sweeter the victory."
d448ERf2gJk_sentence_562.wav,What a wonderful victory.
d448ERf2gJk_sentence_567.wav,Knitting
d448ERf2gJk_sentence_573.wav,She is busy with her knitting.
d448ERf2gJk_sentence_574.wav,I learned knitting from my mom.
d448ERf2gJk_sentence_598.wav,Let's take a rest in the shade.
d448ERf2gJk_sentence_601.wav,We sat in the shade of a big tree.
d448ERf2gJk_sentence_604.wav,Thank you for your kind assistance.
d448ERf2gJk_sentence_605.wav,I would appreciate any assistance you could offer.
d448ERf2gJk_sentence_606.wav,Assistance
d448ERf2gJk_sentence_626.wav,What led you to this conclusion?
d448ERf2gJk_sentence_639.wav,Neatly.
d448ERf2gJk_sentence_642.wav,Witness
d448ERf2gJk_sentence_661.wav,Spin.
d448ERf2gJk_sentence_677.wav,I have never experienced such rude treatment.
d448ERf2gJk_sentence_690.wav,Period.
d448ERf2gJk_sentence_692.wav,Ten years is really a long period of time.
d448ERf2gJk_sentence_704.wav,Cooker.
d448ERf2gJk_sentence_705.wav,There is a cooker in the kitchen.
d448ERf2gJk_sentence_711.wav,My mom bought a new electric cooker.
d448ERf2gJk_sentence_728.wav,Tension.
d448ERf2gJk_sentence_736.wav,Rural
d448ERf2gJk_sentence_738.wav,This area is still very rural.
d448ERf2gJk_sentence_747.wav,Abandoned.
d448ERf2gJk_sentence_756.wav,Planet.
d448ERf2gJk_sentence_772.wav,What's the exchange rate?
d448ERf2gJk_sentence_779.wav,Strict.
d448ERf2gJk_sentence_781.wav,You have to go on a strict diet to lose weight.
d448ERf2gJk_sentence_787.wav,Ideally.
d448ERf2gJk_sentence_808.wav,Let's meet in front of the theater.
d448ERf2gJk_sentence_810.wav,Are there any movie theaters near here?
d448ERf2gJk_sentence_819.wav,Make sure that you are a good role model for your child.
d448ERf2gJk_sentence_831.wav,I came to the conclusion that I had been deceived.
d448ERf2gJk_sentence_840.wav,We need to dust the desk.
d448ERf2gJk_sentence_851.wav,Don't you think that's a good combination?
d448ERf2gJk_sentence_859.wav,Meatly.
d448ERf2gJk_sentence_863.wav,I think what he says is absolute rubbish.
d448ERf2gJk_sentence_866.wav,Rubbish.
d448ERf2gJk_sentence_887.wav,Loan
d448ERf2gJk_sentence_905.wav,adequately.
d448ERf2gJk_sentence_908.wav,Rough.
d448ERf2gJk_sentence_924.wav,"The atmosphere is relaxed, informal and friendly."
d448ERf2gJk_sentence_929.wav,It's only an informal meeting.
d448ERf2gJk_sentence_959.wav,It's an easy victory.
d448ERf2gJk_sentence_970.wav,Where's my knitting?
d448ERf2gJk_sentence_977.wav,He thinks being a father is easy. What planet is he on?
dOKwbK4u5zo_sentence_000.wav,Therefore
dOKwbK4u5zo_sentence_001.wav,"I got there really early, therefore I was first in line."
dOKwbK4u5zo_sentence_003.wav,Ankle
dOKwbK4u5zo_sentence_004.wav,He has a broken ankle.
dOKwbK4u5zo_sentence_008.wav,I slipped and twisted my ankle.
dOKwbK4u5zo_sentence_018.wav,It's been a pleasure chatting with you.
dOKwbK4u5zo_sentence_020.wav,Why don't you come in for a cup of coffee and a chat?
dOKwbK4u5zo_sentence_023.wav,That man is a journalist.
dOKwbK4u5zo_sentence_029.wav,I want to be a journalist.
dOKwbK4u5zo_sentence_030.wav,Repeated.
dOKwbK4u5zo_sentence_037.wav,He was repeated absences from work.
dOKwbK4u5zo_sentence_045.wav,He recorded his observations in a notebook.
dOKwbK4u5zo_sentence_052.wav,The damage cannot be undone.
dOKwbK4u5zo_sentence_057.wav,Appeal
dOKwbK4u5zo_sentence_058.wav,His idea doesn't appeal to me very much.
dOKwbK4u5zo_sentence_066.wav,The Beatles have never really lost their appeal.
dOKwbK4u5zo_sentence_068.wav,Aim.
dOKwbK4u5zo_sentence_077.wav,His aim is to become a doctor.
dOKwbK4u5zo_sentence_079.wav,Contribute.
dOKwbK4u5zo_sentence_090.wav,Bend
dOKwbK4u5zo_sentence_091.wav,The road bends to the left here. He bent down and picked her up.
dOKwbK4u5zo_sentence_092.wav,Bend.
dOKwbK4u5zo_sentence_093.wav,The road bends to the left here.
dOKwbK4u5zo_sentence_094.wav,He bent down and picked her up.
dOKwbK4u5zo_sentence_096.wav,conventional.
dOKwbK4u5zo_sentence_099.wav,Why are conventional language classes so boring?
dOKwbK4u5zo_sentence_106.wav,This kind of plant grows only in the tropical regions.
dOKwbK4u5zo_sentence_107.wav,The island has a tropical climate.
dOKwbK4u5zo_sentence_117.wav,Resolve.
dOKwbK4u5zo_sentence_119.wav,I resolve to quit smoking.
dOKwbK4u5zo_sentence_149.wav,calmly.
dOKwbK4u5zo_sentence_152.wav,The man calmly talked to his customers.
dOKwbK4u5zo_sentence_157.wav,I've met him on several occasions.
dOKwbK4u5zo_sentence_165.wav,Passport.
dOKwbK4u5zo_sentence_170.wav,May I see your passport?
dOKwbK4u5zo_sentence_174.wav,This passport is valid for five years.
dOKwbK4u5zo_sentence_178.wav,Grab him! Don't let him get away!
dOKwbK4u5zo_sentence_180.wav,He grabbed my hand.
dOKwbK4u5zo_sentence_195.wav,Musician
dOKwbK4u5zo_sentence_197.wav,I want to become a musician.
dOKwbK4u5zo_sentence_199.wav,Who's your favorite musician?
dOKwbK4u5zo_sentence_210.wav,Nothing satisfies him. He's always complaining.
dOKwbK4u5zo_sentence_214.wav,It is still in the testing stage.
dOKwbK4u5zo_sentence_220.wav,Who is the girl singing on the stage?
dOKwbK4u5zo_sentence_242.wav,Remarks.
dOKwbK4u5zo_sentence_247.wav,Shell
dOKwbK4u5zo_sentence_248.wav,We collected shells on the beach.
dOKwbK4u5zo_sentence_254.wav,It's made of coconut shell.
dOKwbK4u5zo_sentence_256.wav,The shell of an egg is easily broken.
dOKwbK4u5zo_sentence_258.wav,Revision.
dOKwbK4u5zo_sentence_260.wav,He made some minor revisions to the report.
dOKwbK4u5zo_sentence_268.wav,I need a shirt with a stiff collar.
dOKwbK4u5zo_sentence_270.wav,I woke up with a stiff neck.
dOKwbK4u5zo_sentence_274.wav,Irritate.
dOKwbK4u5zo_sentence_275.wav,Don't irritate me.
dOKwbK4u5zo_sentence_289.wav,Truly.
dOKwbK4u5zo_sentence_301.wav,Keep your receipt as proof of purchase.
dOKwbK4u5zo_sentence_317.wav,It's gradually getting colder.
dOKwbK4u5zo_sentence_336.wav,The room is newly painted.
dOKwbK4u5zo_sentence_342.wav,Tidy
dOKwbK4u5zo_sentence_353.wav,Chairman?
dOKwbK4u5zo_sentence_354.wav,Chairwoman
dOKwbK4u5zo_sentence_357.wav,She was the chairwoman of the finance committee.
dOKwbK4u5zo_sentence_360.wav,He is the chairman of the conference.
dOKwbK4u5zo_sentence_364.wav,We elected Jack Chairman.
dOKwbK4u5zo_sentence_373.wav,The chemical formula of water is H two O.
dOKwbK4u5zo_sentence_382.wav,Jive.
dOKwbK4u5zo_sentence_398.wav,Beginning.
dOKwbK4u5zo_sentence_399.wav,I'll start again from the beginning.
dOKwbK4u5zo_sentence_403.wav,Consideration.
dOKwbK4u5zo_sentence_410.wav,The problem is not worth consideration.
dOKwbK4u5zo_sentence_414.wav,Army
dOKwbK4u5zo_sentence_416.wav,Her husband is in the army.
dOKwbK4u5zo_sentence_419.wav,He left home and joined the army after he graduated from high school.
dOKwbK4u5zo_sentence_421.wav,Why did you join the army?
dOKwbK4u5zo_sentence_474.wav,She publicly admitted her mistake.
dOKwbK4u5zo_sentence_484.wav,You should have behaved calmly to her.
dOKwbK4u5zo_sentence_495.wav,Contribution.
dOKwbK4u5zo_sentence_497.wav,He went from door to door asking for contributions.
dOKwbK4u5zo_sentence_499.wav,contribution.
dOKwbK4u5zo_sentence_508.wav,Did you make a formal agreement with him?
dOKwbK4u5zo_sentence_509.wav,Formal education will make you a living. Self-education will make you a fortune. Jim Ron.
dOKwbK4u5zo_sentence_511.wav,He has no formal education.
dOKwbK4u5zo_sentence_519.wav,I don't like these remarks.
dOKwbK4u5zo_sentence_535.wav,This is a very sophisticated device.
dOKwbK4u5zo_sentence_552.wav,Prisoner.
dOKwbK4u5zo_sentence_563.wav,He deserves to be punished.
dOKwbK4u5zo_sentence_574.wav,What a dear child.
dOKwbK4u5zo_sentence_583.wav,Truly
dOKwbK4u5zo_sentence_585.wav,I'm truly sorry about what happened.
dOKwbK4u5zo_sentence_589.wav,I wonder if you are truly happy.
dOKwbK4u5zo_sentence_616.wav,"I'm innocent, please believe me."
dOKwbK4u5zo_sentence_620.wav,He has just bought a new cabinet from the store.
dOKwbK4u5zo_sentence_633.wav,Everyone was shocked by what happened.
dOKwbK4u5zo_sentence_634.wav,She was shocked when she heard my story.
dOKwbK4u5zo_sentence_635.wav,Wednesday
dOKwbK4u5zo_sentence_636.wav,She has been absent since last Wednesday.
dOKwbK4u5zo_sentence_645.wav,It is shade.
dOKwbK4u5zo_sentence_664.wav,Screen
dOKwbK4u5zo_sentence_667.wav,The boy is staring at the television screen.
dOKwbK4u5zo_sentence_677.wav,The books were stacked from floor to ceiling.
dOKwbK4u5zo_sentence_680.wav,Hero
dOKwbK4u5zo_sentence_681.wav,You guys are my heroes.
dOKwbK4u5zo_sentence_683.wav,He became a national hero.
dOKwbK4u5zo_sentence_684.wav,Pepper.
dOKwbK4u5zo_sentence_690.wav,We've run out of salt and pepper.
dOKwbK4u5zo_sentence_699.wav,School violence is a big problem.
dOKwbK4u5zo_sentence_711.wav,I'm Claire.
dOKwbK4u5zo_sentence_719.wav,Why are people clapping?
dOKwbK4u5zo_sentence_733.wav,Content
dOKwbK4u5zo_sentence_736.wav,Are you content with your present salary?
dOKwbK4u5zo_sentence_741.wav,"The content of his essay is excellent, but it's not very well expressed."
dOKwbK4u5zo_sentence_746.wav,"Don't worry, it was a false alarm."
dOKwbK4u5zo_sentence_752.wav,Attraction
dOKwbK4u5zo_sentence_755.wav,She felt an immediate attraction for him.
dOKwbK4u5zo_sentence_768.wav,Reputation.
dOKwbK4u5zo_sentence_775.wav,He doesn't care about his reputation anymore.
dOKwbK4u5zo_sentence_790.wav,He's a typical workaholic.
dOKwbK4u5zo_sentence_791.wav,It was typical of her to be late.
dOKwbK4u5zo_sentence_795.wav,He lives on a pension.
dOKwbK4u5zo_sentence_807.wav,The thief ran away when he saw a policeman.
dOKwbK4u5zo_sentence_825.wav,We received a large package.
dOKwbK4u5zo_sentence_842.wav,That was a considerable distance.
dOKwbK4u5zo_sentence_848.wav,"Behind every successful man, there's a lot of unsuccessful years."
dOKwbK4u5zo_sentence_852.wav,She blamed her unhappiness on her parents.
dOKwbK4u5zo_sentence_855.wav,The railway is still under construction.
dOKwbK4u5zo_sentence_860.wav,The railway is high.
dOKwbK4u5zo_sentence_861.wav,"Hi, how are you doing?"
dOKwbK4u5zo_sentence_862.wav,I'm just calling to say hi.
dOKwbK4u5zo_sentence_869.wav,He touched me on the cheek.
dOKwbK4u5zo_sentence_886.wav,Refusal.
dOKwbK4u5zo_sentence_896.wav,Winner
dOKwbK4u5zo_sentence_900.wav,"Congratulations, you are the winner."
dOKwbK4u5zo_sentence_903.wav,There are no winners in a divorce.
dOKwbK4u5zo_sentence_905.wav,I like this skirt. Can I try it on?
dOKwbK4u5zo_sentence_906.wav,"This skirt is too short, isn't it?"
dOKwbK4u5zo_sentence_924.wav,I have no sympathy for her.
dOKwbK4u5zo_sentence_928.wav,I can remember the warmth of her hands.
dOKwbK4u5zo_sentence_937.wav,The ball is in the net.
dOKwbK4u5zo_sentence_938.wav,We have a fish in the net.
dVx3Jzfd7Hc_sentence_004.wav,Surrounding
dVx3Jzfd7Hc_sentence_006.wav,From here you can see the surrounding countryside.
dVx3Jzfd7Hc_sentence_017.wav,Lid.
dVx3Jzfd7Hc_sentence_019.wav,This lid is so tight that I can't open it.
dVx3Jzfd7Hc_sentence_071.wav,Pot.
dVx3Jzfd7Hc_sentence_103.wav,I trust his executive ability.
dVx3Jzfd7Hc_sentence_116.wav,He majors in philosophy.
dVx3Jzfd7Hc_sentence_126.wav,Argument
dVx3Jzfd7Hc_sentence_127.wav,We had an argument this morning.
dVx3Jzfd7Hc_sentence_141.wav,Function.
dVx3Jzfd7Hc_sentence_152.wav,All my attempts ended in failure.
dVx3Jzfd7Hc_sentence_160.wav,Sleeve.
dVx3Jzfd7Hc_sentence_166.wav,The sleeves are too long for me.
dVx3Jzfd7Hc_sentence_168.wav,Plate.
dVx3Jzfd7Hc_sentence_182.wav,He is a mere child.
dVx3Jzfd7Hc_sentence_222.wav,Mistaken.
dVx3Jzfd7Hc_sentence_234.wav,The concert was broadcast live.
dVx3Jzfd7Hc_sentence_244.wav,Insect
dVx3Jzfd7Hc_sentence_248.wav,I hate insects.
dVx3Jzfd7Hc_sentence_251.wav,What do you call this insect in English?
dVx3Jzfd7Hc_sentence_255.wav,The internet has exploded in popularity.
dVx3Jzfd7Hc_sentence_263.wav,Reception.
dVx3Jzfd7Hc_sentence_265.wav,You can get the tickets at the reception.
dVx3Jzfd7Hc_sentence_266.wav,Reception
dVx3Jzfd7Hc_sentence_272.wav,First
dVx3Jzfd7Hc_sentence_275.wav,Byte.
dVx3Jzfd7Hc_sentence_276.wav,Does your dog bite?
dVx3Jzfd7Hc_sentence_277.wav,"He was curious about how it would taste, so he took a small bite. It's nearly lunchtime. Why don't we stop to have a bite to eat?"
dVx3Jzfd7Hc_sentence_288.wav,Don't let one mistake spoil your day.
dVx3Jzfd7Hc_sentence_303.wav,Information leaflets are being distributed to hotels.
dVx3Jzfd7Hc_sentence_305.wav,New blankets were distributed to the poor.
dVx3Jzfd7Hc_sentence_308.wav,We only distribute this product in Vietnam.
dVx3Jzfd7Hc_sentence_347.wav,This festival attracts thousands of visitors every year.
dVx3Jzfd7Hc_sentence_348.wav,Crop.
dVx3Jzfd7Hc_sentence_350.wav,The crops were badly damaged by the storm.
dVx3Jzfd7Hc_sentence_377.wav,I will do my best to ensure that such mistakes do not occur in future.
dVx3Jzfd7Hc_sentence_381.wav,Careful preparations ensure success.
dVx3Jzfd7Hc_sentence_401.wav,Things have improved considerably over the last few years.
dVx3Jzfd7Hc_sentence_402.wav,It's considerably colder this morning.
dVx3Jzfd7Hc_sentence_405.wav,Considerably.
dVx3Jzfd7Hc_sentence_422.wav,She is a sales executive.
dVx3Jzfd7Hc_sentence_449.wav,"As far as I know, there is no such function."
dVx3Jzfd7Hc_sentence_470.wav,He always calculates how much something will cost.
dvmlHiHdqSs_sentence_001.wav,He and his wife are always fighting about money.
dvmlHiHdqSs_sentence_014.wav,He
dvmlHiHdqSs_sentence_018.wav,What is he angry about?
dvmlHiHdqSs_sentence_027.wav,I didn't mean to insult you.
dvmlHiHdqSs_sentence_042.wav,You're the most beautiful girl in the world.
dvmlHiHdqSs_sentence_046.wav,What a cute girl.
dvmlHiHdqSs_sentence_051.wav,You may come whenever you like.
dvmlHiHdqSs_sentence_059.wav,This is ridiculous.
dvmlHiHdqSs_sentence_090.wav,He broke up with his girlfriend.
dvmlHiHdqSs_sentence_099.wav,He guided us around the city.
dvmlHiHdqSs_sentence_100.wav,See
dvmlHiHdqSs_sentence_103.wav,I have a house by the sea.
dvmlHiHdqSs_sentence_117.wav,Gift.
dvmlHiHdqSs_sentence_118.wav,I'm looking for a gift for my wife.
dvmlHiHdqSs_sentence_124.wav,Party.
dvmlHiHdqSs_sentence_129.wav,I invited them to the party.
dvmlHiHdqSs_sentence_130.wav,I'm looking forward to the party.
dvmlHiHdqSs_sentence_135.wav,Where would you like to go first?
dvmlHiHdqSs_sentence_138.wav,Uh.
dvmlHiHdqSs_sentence_185.wav,Hard.
dvmlHiHdqSs_sentence_186.wav,It's hard not to worry about her.
dvmlHiHdqSs_sentence_214.wav,Nation
dvmlHiHdqSs_sentence_218.wav,Vietnam is an independent nation.
dvmlHiHdqSs_sentence_219.wav,Generous
dvmlHiHdqSs_sentence_224.wav,Thank you very much for your generous donation.
dvmlHiHdqSs_sentence_267.wav,She was born in Vietnam.
dvmlHiHdqSs_sentence_269.wav,"I was born on june ninth, nineteen eighty six."
dvmlHiHdqSs_sentence_279.wav,He looked so funny that I couldn't help laughing.
dvmlHiHdqSs_sentence_298.wav,Cancer kills thousands of people every year.
dvmlHiHdqSs_sentence_300.wav,He tried to kill himself with sleeping pills.
dvmlHiHdqSs_sentence_303.wav,He finally achieved his goals.
dvmlHiHdqSs_sentence_321.wav,Can you give me a lift to the station?
dvmlHiHdqSs_sentence_328.wav,Green is my favorite colour.
dvmlHiHdqSs_sentence_332.wav,Nearly.
dvmlHiHdqSs_sentence_336.wav,"I've worked here for nearly two years, said"
dvmlHiHdqSs_sentence_356.wav,"If anything happens to him, let me know."
dvmlHiHdqSs_sentence_368.wav,Here is a list of things I care about.
dvmlHiHdqSs_sentence_379.wav,Embarrassed.
dvmlHiHdqSs_sentence_386.wav,Shock.
dvmlHiHdqSs_sentence_390.wav,Did the test result shock you?
dvmlHiHdqSs_sentence_391.wav,Prepare yourself for a shock.
dvmlHiHdqSs_sentence_397.wav,There are many wild animals in this area.
dvmlHiHdqSs_sentence_398.wav,Each.
dvmlHiHdqSs_sentence_400.wav,Do you know each other?
dvmlHiHdqSs_sentence_401.wav,How much does each person need to pay?
dvmlHiHdqSs_sentence_406.wav,These clothes are finally dry.
dvmlHiHdqSs_sentence_418.wav,You look very nice.
dvmlHiHdqSs_sentence_428.wav,We saw a strange object in the sky.
dvmlHiHdqSs_sentence_435.wav,He likes geography and history.
dvmlHiHdqSs_sentence_438.wav,Injure.
dvmlHiHdqSs_sentence_440.wav,I injured myself with a sharp knife.
dvmlHiHdqSs_sentence_449.wav,There is a desk in a corner of the room.
dvmlHiHdqSs_sentence_456.wav,"She looks young, however, she's over 40."
dvmlHiHdqSs_sentence_481.wav,I'd like to confirm our reservations.
dvmlHiHdqSs_sentence_485.wav,Realize
dvmlHiHdqSs_sentence_486.wav,I'm glad you realize that.
dvmlHiHdqSs_sentence_491.wav,You're standing on my foot.
dvmlHiHdqSs_sentence_498.wav,Are you hungry?
dvmlHiHdqSs_sentence_499.wav,I'm a little bit hungry.
dvmlHiHdqSs_sentence_501.wav,Trust.
dvmlHiHdqSs_sentence_508.wav,Spell
dvmlHiHdqSs_sentence_509.wav,How do you spell your last name?
dvmlHiHdqSs_sentence_513.wav,I don't know how to spell this word.
dvmlHiHdqSs_sentence_514.wav,You spelled my name wrong.
dvmlHiHdqSs_sentence_519.wav,"Excuse me, I would like to make a request."
dvmlHiHdqSs_sentence_522.wav,Four
dvmlHiHdqSs_sentence_527.wav,Thank you for your invitation.
dvmlHiHdqSs_sentence_529.wav,Increase. Increase.
dvmlHiHdqSs_sentence_530.wav,I want to increase my English vocabulary.
dvmlHiHdqSs_sentence_535.wav,They asked for an increase in salary.
eNFFf2rcKC8_sentence_005.wav,Why are you so cheerful?
eNFFf2rcKC8_sentence_010.wav,She talked to us with a cheerful voice.
eNFFf2rcKC8_sentence_011.wav,Defined.
eNFFf2rcKC8_sentence_015.wav,Some words are hard to define.
eNFFf2rcKC8_sentence_016.wav,Things are not clearly defined.
eNFFf2rcKC8_sentence_032.wav,He ultimately agreed to the deal.
eNFFf2rcKC8_sentence_060.wav,Chocolate.
eNFFf2rcKC8_sentence_062.wav,Who wants hot chocolate?
eNFFf2rcKC8_sentence_080.wav,Rear.
eNFFf2rcKC8_sentence_092.wav,Fortune
eNFFf2rcKC8_sentence_103.wav,Dirt.
eNFFf2rcKC8_sentence_108.wav,You have to take a shower to get the dirt off.
eNFFf2rcKC8_sentence_114.wav,The director resigned in protest at the decision.
eNFFf2rcKC8_sentence_118.wav,Disgusting.
eNFFf2rcKC8_sentence_126.wav,Specialist
eNFFf2rcKC8_sentence_130.wav,He is a specialist in economics.
eNFFf2rcKC8_sentence_142.wav,Prayer.
eNFFf2rcKC8_sentence_144.wav,My prayer is that one day he will be healed.
eNFFf2rcKC8_sentence_159.wav,They confused me by asking so many questions.
eNFFf2rcKC8_sentence_161.wav,Poetry
eNFFf2rcKC8_sentence_177.wav,Bay.
eNFFf2rcKC8_sentence_180.wav,we have a house with a view across the bay.
eNFFf2rcKC8_sentence_193.wav,"Nevertheless, I"
eNFFf2rcKC8_sentence_195.wav,Nevertheless.
eNFFf2rcKC8_sentence_204.wav,She is hunting for a job.
eNFFf2rcKC8_sentence_207.wav,My brother will be going to college next week.
eNFFf2rcKC8_sentence_219.wav,All we want is peace.
eNFFf2rcKC8_sentence_220.wav,"Peace comes from within, do not seek it without. Buddha."
eNFFf2rcKC8_sentence_221.wav,Width.
eNFFf2rcKC8_sentence_222.wav,What is the width of the table?
eNFFf2rcKC8_sentence_223.wav,I carefully measured the length and width of the room.
eNFFf2rcKC8_sentence_237.wav,Today there is a wide generation gap between parents and their children.
eNFFf2rcKC8_sentence_242.wav,Children like to play outdoors.
eNFFf2rcKC8_sentence_252.wav,It has cost me a thousand dollars altogether.
eNFFf2rcKC8_sentence_268.wav,He lost a fortune in the stock market.
eNFFf2rcKC8_sentence_285.wav,Massive.
eNFFf2rcKC8_sentence_292.wav,Community.
eNFFf2rcKC8_sentence_300.wav,Do you take part in any community activities?
eNFFf2rcKC8_sentence_302.wav,That will benefit the community.
eNFFf2rcKC8_sentence_320.wav,She's a woman of strong character.
eNFFf2rcKC8_sentence_323.wav,This road curves gently to the right.
eNFFf2rcKC8_sentence_336.wav,Academic
eNFFf2rcKC8_sentence_357.wav,Importantly.
eNFFf2rcKC8_sentence_358.wav,"Keep your head high, keep your chin up, and most importantly, keep smiling."
eNFFf2rcKC8_sentence_359.wav,K safely.
eNFFf2rcKC8_sentence_367.wav,Do you have a train schedule?
eNFFf2rcKC8_sentence_380.wav,"You don't like chocolate, do you?"
eNFFf2rcKC8_sentence_383.wav,This shop specializes in chocolates.
eNFFf2rcKC8_sentence_388.wav,Pan
eNFFf2rcKC8_sentence_389.wav,"Don't touch that pan, it's very hot."
eNFFf2rcKC8_sentence_392.wav,Do you have a bigger pan?
eNFFf2rcKC8_sentence_423.wav,Literature.
eNFFf2rcKC8_sentence_429.wav,My favorite subject is literature.
eNFFf2rcKC8_sentence_430.wav,I majored in English literature.
eNFFf2rcKC8_sentence_431.wav,Needle.
eNFFf2rcKC8_sentence_432.wav,I need a needle and thread.
eNFFf2rcKC8_sentence_445.wav,decade.
eNFFf2rcKC8_sentence_452.wav,We have experienced many changes over the last decade.
eNFFf2rcKC8_sentence_493.wav,Chinese characters are difficult to read.
eNFFf2rcKC8_sentence_519.wav,"I'm at college, studying graphic design."
eNFFf2rcKC8_sentence_533.wav,It's standard procedure.
eNFFf2rcKC8_sentence_541.wav,We climbed a steep slope.
eNFFf2rcKC8_sentence_550.wav,Who gave the command?
eNFFf2rcKC8_sentence_568.wav,Everything went according to our plan.
eNFFf2rcKC8_sentence_569.wav,All together.
eNFFf2rcKC8_sentence_611.wav,She is studying engineering at university.
eNFFf2rcKC8_sentence_616.wav,He is working towards a master's degree in engineering.
eNFFf2rcKC8_sentence_624.wav,"It will never happen again, I swear."
eNFFf2rcKC8_sentence_641.wav,We had an enjoyable day together at the zoo.
eNFFf2rcKC8_sentence_683.wav,She is working at an academic institution.
eNFFf2rcKC8_sentence_685.wav,His academic achievements are impressive.
eNFFf2rcKC8_sentence_702.wav,What's the most disgusting food you have ever eaten?
eNFFf2rcKC8_sentence_708.wav,Survive.
eNFFf2rcKC8_sentence_714.wav,No one can survive without water.
eNFFf2rcKC8_sentence_718.wav,The store is in the rear of the building.
eNFFf2rcKC8_sentence_769.wav,I don't altogether agree with you.
eNFFf2rcKC8_sentence_772.wav,The cat went through a gap in the fence.
eNFFf2rcKC8_sentence_778.wav,Flavor.
eNFFf2rcKC8_sentence_788.wav,There is a regular bus service to the airport.
eNFFf2rcKC8_sentence_813.wav,Who's your favorite character in this book?
eNFFf2rcKC8_sentence_830.wav,Curve.
eNFFf2rcKC8_sentence_843.wav,My mother commands my presence at the party.
eNFFf2rcKC8_sentence_846.wav,He commanded me to leave the room immediately.
eNFFf2rcKC8_sentence_854.wav,I'm the only one who survived.
eNFFf2rcKC8_sentence_874.wav,He constantly criticizes other people.
eRiQnLoDEqA_sentence_025.wav,Is it going to rain? Not likely.
eRiQnLoDEqA_sentence_044.wav,He is a powerful man.
eRiQnLoDEqA_sentence_054.wav,She ignored all my warnings.
eRiQnLoDEqA_sentence_096.wav,Keep your receipt in case you need to return it.
eRiQnLoDEqA_sentence_1008.wav,I'm so bad at singing.
eRiQnLoDEqA_sentence_1027.wav,The children are building sand castles on the beach.
eRiQnLoDEqA_sentence_103.wav,This idea isn't new.
eRiQnLoDEqA_sentence_1039.wav,I want you to consider this proposal.
eRiQnLoDEqA_sentence_1041.wav,Neighbor.
eRiQnLoDEqA_sentence_1055.wav,Virtually
eRiQnLoDEqA_sentence_1072.wav,Admit.
eRiQnLoDEqA_sentence_1078.wav,"I hate to admit it, but he's right."
eRiQnLoDEqA_sentence_1086.wav,Unless
eRiQnLoDEqA_sentence_1088.wav,I won't go out unless it stops raining.
eRiQnLoDEqA_sentence_109.wav,She brushed off the sand from her shoes.
eRiQnLoDEqA_sentence_121.wav,There is a market in the town.
eRiQnLoDEqA_sentence_125.wav,She goes to the market once a week.
eRiQnLoDEqA_sentence_147.wav,Send.
eRiQnLoDEqA_sentence_165.wav,Sudden
eRiQnLoDEqA_sentence_185.wav,I'm your neighbor.
eRiQnLoDEqA_sentence_216.wav,I'm amazed at her rapid progress in English.
eRiQnLoDEqA_sentence_217.wav,Bad. I'm so bad at singing.
eRiQnLoDEqA_sentence_218.wav,soap was bad for his face.
eRiQnLoDEqA_sentence_234.wav,It's virtually impossible.
eRiQnLoDEqA_sentence_247.wav,She kept silent during the meal.
eRiQnLoDEqA_sentence_258.wav,"To achieve something you've never had before, you must do something you've never done before."
eRiQnLoDEqA_sentence_281.wav,Don't talk about work. We're on vacation.
eRiQnLoDEqA_sentence_294.wav,She is a very wealthy woman.
eRiQnLoDEqA_sentence_309.wav,Normal.
eRiQnLoDEqA_sentence_311.wav,Everything is normal.
eRiQnLoDEqA_sentence_315.wav,It's normal to make mistakes.
eRiQnLoDEqA_sentence_318.wav,My sister read various books.
eRiQnLoDEqA_sentence_326.wav,The soil in this area is very fertile.
eRiQnLoDEqA_sentence_327.wav,Nothing seems to grow in this soil.
eRiQnLoDEqA_sentence_328.wav,Store
eRiQnLoDEqA_sentence_334.wav,Can you take us to the nearest department store?
eRiQnLoDEqA_sentence_358.wav,We'll all be dead eventually.
eRiQnLoDEqA_sentence_360.wav,She rejected my proposal.
eRiQnLoDEqA_sentence_365.wav,He probably won't approve your proposal.
eRiQnLoDEqA_sentence_373.wav,C
eRiQnLoDEqA_sentence_374.wav,See you again.
eRiQnLoDEqA_sentence_378.wav,Do you see that small house?
eRiQnLoDEqA_sentence_389.wav,I agree with her one hundred percent.
eRiQnLoDEqA_sentence_390.wav,I'm not 100% sure I'll be back.
eRiQnLoDEqA_sentence_397.wav,I lost my key somewhere around here.
eRiQnLoDEqA_sentence_401.wav,Are you ready?
eRiQnLoDEqA_sentence_404.wav,Just say yes or no.
eRiQnLoDEqA_sentence_407.wav,I am no longer a child.
eRiQnLoDEqA_sentence_414.wav,Raise your hands if you know the answer.
eRiQnLoDEqA_sentence_420.wav,Arrive.
eRiQnLoDEqA_sentence_428.wav,He made an impressive presentation.
eRiQnLoDEqA_sentence_444.wav,"Over time, he got used to the new environment."
eRiQnLoDEqA_sentence_456.wav,He's small for his age. Does he eat well?
eRiQnLoDEqA_sentence_458.wav,She works for a small company.
eRiQnLoDEqA_sentence_479.wav,I owe you five dollars.
eRiQnLoDEqA_sentence_503.wav,He looked directly at us.
eRiQnLoDEqA_sentence_507.wav,Unfortunately.
eRiQnLoDEqA_sentence_517.wav,That's an excellent idea.
eRiQnLoDEqA_sentence_519.wav,Still
eRiQnLoDEqA_sentence_543.wav,I'm confident that I'll pass the exam.
eRiQnLoDEqA_sentence_552.wav,confidence.
eRiQnLoDEqA_sentence_553.wav,He doesn't have any confidence in himself.
eRiQnLoDEqA_sentence_559.wav,Tree.
eRiQnLoDEqA_sentence_569.wav,Scissors.
eRiQnLoDEqA_sentence_575.wav,Give me the scissors on the table.
eRiQnLoDEqA_sentence_576.wav,Education
eRiQnLoDEqA_sentence_581.wav,Lie.
eRiQnLoDEqA_sentence_597.wav,Your son must be quite tall by now.
eRiQnLoDEqA_sentence_605.wav,He earns three times more than me.
eRiQnLoDEqA_sentence_611.wav,The train stopped suddenly.
eRiQnLoDEqA_sentence_629.wav,He was tall and thin with dark hair.
eRiQnLoDEqA_sentence_636.wav,Have you ever climbed Mount Everest?
eRiQnLoDEqA_sentence_643.wav,Can you tell the difference between these two pictures?
eRiQnLoDEqA_sentence_645.wav,It doesn't make any difference to me whether he comes or not.
eRiQnLoDEqA_sentence_647.wav,Short.
eRiQnLoDEqA_sentence_650.wav,It's just a short distance from here.
eRiQnLoDEqA_sentence_677.wav,Who is playing the guitar?
eRiQnLoDEqA_sentence_688.wav,When will you come back?
eRiQnLoDEqA_sentence_716.wav,I think we have to make a decision.
eRiQnLoDEqA_sentence_730.wav,Would you mind if I close the window?
eRiQnLoDEqA_sentence_732.wav,Would you please close that window?
eRiQnLoDEqA_sentence_734.wav,The hotel is close to this area.
eRiQnLoDEqA_sentence_737.wav,I can't stand the smell of cigarette smoke.
eRiQnLoDEqA_sentence_745.wav,Stop pulling my hair.
eRiQnLoDEqA_sentence_772.wav,Many thanks for your support.
eRiQnLoDEqA_sentence_783.wav,Warning.
eRiQnLoDEqA_sentence_836.wav,He is a very strange person.
eRiQnLoDEqA_sentence_838.wav,Don't you think that's strange?
eRiQnLoDEqA_sentence_848.wav,"If I were you, I'd ignore it."
eRiQnLoDEqA_sentence_849.wav,We can't ignore this problem.
eRiQnLoDEqA_sentence_853.wav,Activity
eRiQnLoDEqA_sentence_857.wav,She takes part in many school activities.
eRiQnLoDEqA_sentence_864.wav,I couldn't stop laughing.
eRiQnLoDEqA_sentence_866.wav,"I told him a joke, but he didn't laugh."
eRiQnLoDEqA_sentence_893.wav,They usually go to art galleries on Sundays.
eRiQnLoDEqA_sentence_895.wav,He doesn't know much about art.
eRiQnLoDEqA_sentence_903.wav,Visit.
eRiQnLoDEqA_sentence_910.wav,Age.
eRiQnLoDEqA_sentence_916.wav,He looks old for his age.
eRiQnLoDEqA_sentence_921.wav,Good eating habits are essential.
eRiQnLoDEqA_sentence_924.wav,Most.
eRiQnLoDEqA_sentence_932.wav,What does this sentence mean?
eRiQnLoDEqA_sentence_968.wav,Don't forget to sign your name.
eRiQnLoDEqA_sentence_990.wav,Please send an ambulance.
eRiQnLoDEqA_sentence_991.wav,Please send me a message as soon as you arrive.
eRiQnLoDEqA_sentence_997.wav,He didn't participate in the discussion.
eklfrJkH6xw_sentence_001.wav,It's now my turn.
eklfrJkH6xw_sentence_013.wav,Build.
eklfrJkH6xw_sentence_014.wav,He abandoned his plan to build a factory.
eklfrJkH6xw_sentence_024.wav,Advise.
eklfrJkH6xw_sentence_030.wav,The lawyer advised me against buying that house.
eklfrJkH6xw_sentence_049.wav,These genes are designed specifically for women.
eklfrJkH6xw_sentence_055.wav,Let's have a minute of silence.
eklfrJkH6xw_sentence_102.wav,This is the official website.
eklfrJkH6xw_sentence_154.wav,This list is updated frequently.
eklfrJkH6xw_sentence_167.wav,Please give me a second chance.
eklfrJkH6xw_sentence_185.wav,Let's change the subject.
eklfrJkH6xw_sentence_202.wav,He wrote the name in capitals.
eklfrJkH6xw_sentence_262.wav,She was rewarded for her hard work.
eklfrJkH6xw_sentence_298.wav,I suck at tennis.
eklfrJkH6xw_sentence_304.wav,I wrote to them last month and I'm still waiting for a reply.
eklfrJkH6xw_sentence_327.wav,The construction blocked the entrance to the street.
eklfrJkH6xw_sentence_344.wav,Where are my kids?
eklfrJkH6xw_sentence_347.wav,Train.
eklfrJkH6xw_sentence_353.wav,Could you give me a lift to the train station?
eklfrJkH6xw_sentence_355.wav,"Excuse me, where is the train station?"
eklfrJkH6xw_sentence_425.wav,"Don't be shy, come and say hello."
eklfrJkH6xw_sentence_452.wav,You deserve a reward for your efforts.
eklfrJkH6xw_sentence_469.wav,Advantage
eklfrJkH6xw_sentence_472.wav,You should take advantage of this opportunity.
eklfrJkH6xw_sentence_488.wav,He has a son who is a construction worker.
eklfrJkH6xw_sentence_520.wav,I'm training her to take over my job when I retire.
eklfrJkH6xw_sentence_534.wav,I demand to know what's happening.
eklfrJkH6xw_sentence_569.wav,Second.
eklfrJkH6xw_sentence_588.wav,Frequently.
eklfrJkH6xw_sentence_596.wav,Special
eklfrJkH6xw_sentence_598.wav,Is there any special reason for it?
eklfrJkH6xw_sentence_600.wav,She cooked a special dinner for me.
eklfrJkH6xw_sentence_609.wav,That doesn't interest me.
eklfrJkH6xw_sentence_633.wav,He placed his hand on her shoulder.
eklfrJkH6xw_sentence_671.wav,Related
eklfrJkH6xw_sentence_689.wav,Narrow.
eklfrJkH6xw_sentence_713.wav,I have marked the event on my calendar.
eklfrJkH6xw_sentence_720.wav,I have marked demand.
eklfrJkH6xw_sentence_756.wav,My house is under construction.
eklfrJkH6xw_sentence_765.wav,His books are not well known.
eklfrJkH6xw_sentence_766.wav,She is a well-known singer.
eklfrJkH6xw_sentence_783.wav,D. Crace
eklfrJkH6xw_sentence_785.wav,This medicine will decrease your pain.
eklfrJkH6xw_sentence_792.wav,The weather is wonderful.
eklfrJkH6xw_sentence_798.wav,"I grew up in a poor family, but"
eklfrJkH6xw_sentence_799.wav,They complained about the poor service.
eklfrJkH6xw_sentence_817.wav,Can he speak English?
eklfrJkH6xw_sentence_843.wav,There is no easy solution to this problem.
eklfrJkH6xw_sentence_851.wav,We are looking for a project manager.
eklfrJkH6xw_sentence_852.wav,Contain
eklfrJkH6xw_sentence_861.wav,"Don't worry, I will protect you."
eklfrJkH6xw_sentence_862.wav,Sunglasses protect our eyes from the sun.
eklfrJkH6xw_sentence_873.wav,Moon
eklfrJkH6xw_sentence_882.wav,Progress.
eklfrJkH6xw_sentence_896.wav,Your work is below average.
eklfrJkH6xw_sentence_911.wav,Foot.
eklfrJkH6xw_sentence_916.wav,He has a small tattoo on his right foot.
eklfrJkH6xw_sentence_917.wav,It takes an hour to get to the station on foot.
eklfrJkH6xw_sentence_922.wav,You d wet.
eklfrJkH6xw_sentence_929.wav,Reveal
eklfrJkH6xw_sentence_930.wav,She revealed her secret to me.
eklfrJkH6xw_sentence_938.wav,Her expression revealed nothing.
eklfrJkH6xw_sentence_939.wav,The doctors did not reveal the truth to him.
eklfrJkH6xw_sentence_942.wav,I can teach you how to swim.
eklfrJkH6xw_sentence_944.wav,She teach repeat.
eklfrJkH6xw_sentence_953.wav,How do you spell your last name? Cover.
eklfrJkH6xw_sentence_955.wav,You can't judge a book by its cover.
eklfrJkH6xw_sentence_969.wav,The serve.
eklfrJkH6xw_sentence_993.wav,She mentioned you specifically.
elCuqmWqd28_sentence_059.wav,The teacher demonstrated the idea with an experiment.
elCuqmWqd28_sentence_066.wav,Knowing how to use a computer is a crucial skill in today's professional job market.
elCuqmWqd28_sentence_080.wav,This shirt is terribly expensive.
elCuqmWqd28_sentence_118.wav,We don't have any proof.
elCuqmWqd28_sentence_135.wav,The power of love is enormous.
elCuqmWqd28_sentence_164.wav,Separately.
elCuqmWqd28_sentence_165.wav,Would you like to pay together or separately?
elCuqmWqd28_sentence_166.wav,We like to pay separately.
elCuqmWqd28_sentence_171.wav,Are you free on Wednesday?
elCuqmWqd28_sentence_172.wav,I'll see you next Wednesday.
elCuqmWqd28_sentence_173.wav,She has been absent since last week merely.
elCuqmWqd28_sentence_185.wav,How much grand.
elCuqmWqd28_sentence_199.wav,They bought a new stove yesterday.
elCuqmWqd28_sentence_205.wav,This factory manufactures electric stoves.
elCuqmWqd28_sentence_209.wav,The movie is based on actual events.
elCuqmWqd28_sentence_211.wav,The entertain.
elCuqmWqd28_sentence_212.wav,He entertained us for hours with his stories and jokes.
elCuqmWqd28_sentence_213.wav,He certainly knows how to entertain people.
elCuqmWqd28_sentence_214.wav,Entertain.
elCuqmWqd28_sentence_261.wav,He seems to be unwilling to compromise.
elCuqmWqd28_sentence_264.wav,Why are you always so critical?
elCuqmWqd28_sentence_307.wav,Upper.
elCuqmWqd28_sentence_309.wav,All of his upper teeth are missing.
elCuqmWqd28_sentence_318.wav,They criticized me for coming late.
elCuqmWqd28_sentence_334.wav,Grand.
elCuqmWqd28_sentence_346.wav,Advanced.
elCuqmWqd28_sentence_351.wav,"We offer a variety of courses for elementary, intermediate, and advanced levels."
elCuqmWqd28_sentence_361.wav,Pollution
elCuqmWqd28_sentence_365.wav,Air pollution is a serious problem.
elCuqmWqd28_sentence_366.wav,We have to do more to protect the environment from pollution.
elCuqmWqd28_sentence_377.wav,Slip.
elCuqmWqd28_sentence_393.wav,Shiny.
elCuqmWqd28_sentence_394.wav,A shiny red car is coming.
elCuqmWqd28_sentence_395.wav,His face was shiny with sweat.
elCuqmWqd28_sentence_417.wav,You are too weak to do that.
elCuqmWqd28_sentence_418.wav,I am weak in math.
elCuqmWqd28_sentence_426.wav,"She spoke in a weak voice, but"
elCuqmWqd28_sentence_427.wav,Critical.
elCuqmWqd28_sentence_432.wav,He was in critical condition.
elCuqmWqd28_sentence_458.wav,The patient's condition is stable. It is not getting worse.
elCuqmWqd28_sentence_476.wav,Stove
elCuqmWqd28_sentence_516.wav,I'd like to take an advanced English course.
elCuqmWqd28_sentence_532.wav,She slipped and fell while walking down the stairs.
elCuqmWqd28_sentence_538.wav,Arrow
elCuqmWqd28_sentence_540.wav,The arrow hit its target.
elCuqmWqd28_sentence_587.wav,I can't understand why you are so critical of him.
elCuqmWqd28_sentence_607.wav,This is our main objective.
elCuqmWqd28_sentence_632.wav,This ladder doesn't seem very stable.
elCuqmWqd28_sentence_641.wav,They have a stable relationship.
elCuqmWqd28_sentence_663.wav,He announced his intention to retire.
elCuqmWqd28_sentence_676.wav,The software has many advanced features.
elCuqmWqd28_sentence_692.wav,"He was unwilling to take on that responsibility, but"
elCuqmWqd28_sentence_699.wav,He is a leading authority in his field.
elCuqmWqd28_sentence_705.wav,I don't have the authority to fire him.
elCuqmWqd28_sentence_710.wav,Objective
elCuqmWqd28_sentence_727.wav,The salesman demonstrated how to use it.
elCuqmWqd28_sentence_738.wav,Be careful not to slip.
elCuqmWqd28_sentence_749.wav,We have no alternative but to fire him.
elCuqmWqd28_sentence_750.wav,Dishonest.
elCuqmWqd28_sentence_754.wav,He has a bad reputation of being dishonest.
elCuqmWqd28_sentence_755.wav,What they are doing is not considered dishonest.
elCuqmWqd28_sentence_766.wav,Actively.
elCuqmWqd28_sentence_769.wav,She actively takes part in social activities.
elCuqmWqd28_sentence_774.wav,She's actively looking for a job.
elCuqmWqd28_sentence_775.wav,Your proposal is being actively considered.
elCuqmWqd28_sentence_776.wav,She activates automatically.
elCuqmWqd28_sentence_821.wav,I can't understand the appeal of fishing.
elCuqmWqd28_sentence_831.wav,Wind direction is represented by arrows.
elCuqmWqd28_sentence_839.wav,His beginning in business is not really smooth.
elCuqmWqd28_sentence_840.wav,"It's not much, but at least it's a successful beginning."
elCuqmWqd28_sentence_847.wav,He's not the kind of person who always criticizes others.
fWtRSg0GLYc_sentence_011.wav,Congratulations on your success. You deserve it.
fWtRSg0GLYc_sentence_012.wav,There is no shortcut to success.
fWtRSg0GLYc_sentence_016.wav,Double.
fWtRSg0GLYc_sentence_018.wav,He's paid double for the same job.
fWtRSg0GLYc_sentence_030.wav,Excited.
fWtRSg0GLYc_sentence_053.wav,Can you estimate its value?
fWtRSg0GLYc_sentence_103.wav,Can you help look after the kids?
fWtRSg0GLYc_sentence_129.wav,I dare you to say that again.
fWtRSg0GLYc_sentence_150.wav,You deserve to be happy.
fWtRSg0GLYc_sentence_168.wav,I'll pass the information to our sales department.
fWtRSg0GLYc_sentence_177.wav,Break. When did she break the window?
fWtRSg0GLYc_sentence_181.wav,Let's take a 10-minute break. Notice
fWtRSg0GLYc_sentence_192.wav,"Although he has many friends, he is lonely."
fWtRSg0GLYc_sentence_193.wav,"Although she is over seventy, she is still very active."
fWtRSg0GLYc_sentence_204.wav,Have you ever donated blood? I'd like to have a blood test.
fWtRSg0GLYc_sentence_213.wav,I don't support his ideas.
fWtRSg0GLYc_sentence_217.wav,Thanks for your support. I appreciate it.
fWtRSg0GLYc_sentence_222.wav,She advised him to get exercise every day.
fWtRSg0GLYc_sentence_237.wav,"If you don't do it now, you'll regret it later."
fWtRSg0GLYc_sentence_267.wav,Kimchi is a traditional Korean dish.
fWtRSg0GLYc_sentence_274.wav,They crossed the border.
fWtRSg0GLYc_sentence_300.wav,"In general, she is a trustworthy person."
fWtRSg0GLYc_sentence_308.wav,She spent more money than usual.
fWtRSg0GLYc_sentence_309.wav,He came home later than usual.
fWtRSg0GLYc_sentence_313.wav,It's a mad idea.
fWtRSg0GLYc_sentence_323.wav,My wife works in a travel agency.
fWtRSg0GLYc_sentence_339.wav,The joy you give to others is the joy that comes back to you.
fWtRSg0GLYc_sentence_349.wav,Are you going to come?
fWtRSg0GLYc_sentence_350.wav,Perhaps
fWtRSg0GLYc_sentence_389.wav,I d single.
fWtRSg0GLYc_sentence_398.wav,Do you have any news to report?
fWtRSg0GLYc_sentence_440.wav,I don't want you involved in this.
fWtRSg0GLYc_sentence_461.wav,She surprised him with a kiss.
fWtRSg0GLYc_sentence_463.wav,Do you remember your first kiss?
fWtRSg0GLYc_sentence_471.wav,My father works in a factory.
fWtRSg0GLYc_sentence_472.wav,He has worked in this factory for eleven years.
fWtRSg0GLYc_sentence_479.wav,The bridge was built in the 1980s.
fWtRSg0GLYc_sentence_488.wav,Except
fWtRSg0GLYc_sentence_498.wav,I look forward to seeing you again.
fWtRSg0GLYc_sentence_513.wav,All of them are very poor.
fWtRSg0GLYc_sentence_514.wav,Speaker
fXyoyYdUOvc_sentence_000.wav,Tent
fXyoyYdUOvc_sentence_008.wav,allowed.
fXyoyYdUOvc_sentence_013.wav,I could not stop myself from crying aloud.
fXyoyYdUOvc_sentence_017.wav,What's your favorite TV program?
fXyoyYdUOvc_sentence_018.wav,This is an entertainment program.
fXyoyYdUOvc_sentence_020.wav,Program.
fXyoyYdUOvc_sentence_023.wav,Many T V programs have a bad influence on children.
fXyoyYdUOvc_sentence_038.wav,You're in a restricted area.
fXyoyYdUOvc_sentence_047.wav,His speech captured our attention.
fXyoyYdUOvc_sentence_055.wav,"Whenever I hear that song, I remember my youth."
fXyoyYdUOvc_sentence_074.wav,"Give me a pin, please."
fXyoyYdUOvc_sentence_093.wav,Clever.
fXyoyYdUOvc_sentence_113.wav,We sincerely apologize for our error.
fXyoyYdUOvc_sentence_128.wav,Celebration.
fXyoyYdUOvc_sentence_150.wav,There are billions of stars in the universe.
fXyoyYdUOvc_sentence_169.wav,How could you be so cruel?
fXyoyYdUOvc_sentence_183.wav,She gave me an approving nod.
fXyoyYdUOvc_sentence_184.wav,Approving.
fXyoyYdUOvc_sentence_187.wav,Cell phone.
fXyoyYdUOvc_sentence_192.wav,Her cell phone went bad because of the rain.
fXyoyYdUOvc_sentence_193.wav,They talk to each other on a cell phone for hours.
fXyoyYdUOvc_sentence_195.wav,Officially
fXyoyYdUOvc_sentence_199.wav,We are officially open today.
fXyoyYdUOvc_sentence_200.wav,Genuine
fXyoyYdUOvc_sentence_202.wav,She always showed genuine concern for others.
fXyoyYdUOvc_sentence_206.wav,The signature is genuine.
fXyoyYdUOvc_sentence_236.wav,She read the letter aloud to us.
fXyoyYdUOvc_sentence_238.wav,Efficiently.
fXyoyYdUOvc_sentence_245.wav,It's hard to work efficiently in such noisy environment.
fXyoyYdUOvc_sentence_249.wav,Upstairs.
fXyoyYdUOvc_sentence_253.wav,You can use the upstairs bathroom.
fXyoyYdUOvc_sentence_254.wav,Take these bags upstairs.
fXyoyYdUOvc_sentence_259.wav,I felt a lot of shame and embarrassment.
fXyoyYdUOvc_sentence_260.wav,Embarrassment
fXyoyYdUOvc_sentence_275.wav,Castle
fXyoyYdUOvc_sentence_277.wav,The castle is now in ruins.
fXyoyYdUOvc_sentence_279.wav,This castle is beautiful.
fXyoyYdUOvc_sentence_281.wav,"Seen from a distance, the big rock looks like an old castle."
fXyoyYdUOvc_sentence_289.wav,This song is relaxing. I like it.
fXyoyYdUOvc_sentence_293.wav,God.
fXyoyYdUOvc_sentence_294.wav,Oh my god!
fXyoyYdUOvc_sentence_295.wav,Do you believe in God?
fXyoyYdUOvc_sentence_299.wav,I swear to god I didn't do anything.
fXyoyYdUOvc_sentence_301.wav,I'd like to talk to you privately.
fXyoyYdUOvc_sentence_303.wav,Privately.
fXyoyYdUOvc_sentence_305.wav,Their children were educated privately.
fXyoyYdUOvc_sentence_308.wav,Collection
fXyoyYdUOvc_sentence_309.wav,He showed me his collection of butterflies.
fXyoyYdUOvc_sentence_321.wav,Properly.
fXyoyYdUOvc_sentence_332.wav,Tent.
fXyoyYdUOvc_sentence_338.wav,They arrived at the campsite and put up the tent.
fXyoyYdUOvc_sentence_340.wav,Encounter.
fXyoyYdUOvc_sentence_349.wav,We encountered many difficulties.
fXyoyYdUOvc_sentence_361.wav,He was very hurt by her cruel words.
fXyoyYdUOvc_sentence_370.wav,Would you like to see my stamp collection?
fXyoyYdUOvc_sentence_375.wav,Oddly.
fXyoyYdUOvc_sentence_379.wav,He is behaving oddly.
fXyoyYdUOvc_sentence_380.wav,Pregnant.
fXyoyYdUOvc_sentence_386.wav,She's six months pregnant.
fXyoyYdUOvc_sentence_408.wav,The television isn't working properly.
fXyoyYdUOvc_sentence_423.wav,How could you be so unkind?
fXyoyYdUOvc_sentence_433.wav,Please give me a spool of white thread.
fXyoyYdUOvc_sentence_434.wav,Thread.
fXyoyYdUOvc_sentence_437.wav,Treat.
fXyoyYdUOvc_sentence_462.wav,I turned red with embarrassment.
fXyoyYdUOvc_sentence_471.wav,efficiently.
fXyoyYdUOvc_sentence_473.wav,He gets things done quickly and efficiently.
fXyoyYdUOvc_sentence_478.wav,Accidental.
fXyoyYdUOvc_sentence_483.wav,That discovery was quite accidental.
fXyoyYdUOvc_sentence_485.wav,This is an accidental error.
fXyoyYdUOvc_sentence_489.wav,properly.
fXyoyYdUOvc_sentence_548.wav,I hate it when people can't pronounce my name properly.
fXyoyYdUOvc_sentence_559.wav,Everyone deserves to be treated with respect.
fXyoyYdUOvc_sentence_575.wav,Their wedding celebration is on December 20th.
fXyoyYdUOvc_sentence_590.wav,What do you think of our collection?
fXyoyYdUOvc_sentence_634.wav,He got his girlfriend pregnant and they're getting married.
fXyoyYdUOvc_sentence_636.wav,My wife is pregnant.
fXyoyYdUOvc_sentence_646.wav,I'm being treated like a criminal.
fXyoyYdUOvc_sentence_649.wav,My parents still treat me like a child.
fXyoyYdUOvc_sentence_664.wav,The birth of his son was a cause for celebration.
fXyoyYdUOvc_sentence_671.wav,The red.
fXyoyYdUOvc_sentence_672.wav,Her life is hanging by a thread.
fXyoyYdUOvc_sentence_688.wav,I don't think our meeting was accidental.
fXyoyYdUOvc_sentence_690.wav,Unkind.
fXyoyYdUOvc_sentence_694.wav,He was unkind to me.
fXyoyYdUOvc_sentence_732.wav,That was our first encounter.
fXyoyYdUOvc_sentence_734.wav,He encountered a friend on the road.
fXyoyYdUOvc_sentence_737.wav,We slept in a very small tent.
fXyoyYdUOvc_sentence_752.wav,"Treat your employees properly, they are your greatest assets."
fXyoyYdUOvc_sentence_802.wav,"I need some money, he said, with a tone of embarrassment."
fXyoyYdUOvc_sentence_809.wav,I'm trying to work more efficiently.
fXyoyYdUOvc_sentence_868.wav,She has a cruel fate.
fXyoyYdUOvc_sentence_920.wav,He is very severe with his children.
fYqpwIvbxIQ_sentence_007.wav,I'll take over your duties.
fYqpwIvbxIQ_sentence_072.wav,Initially the symptoms are mild.
fYqpwIvbxIQ_sentence_077.wav,She put me in a delicate situation.
fYqpwIvbxIQ_sentence_092.wav,Mixed
fYqpwIvbxIQ_sentence_095.wav,I have mixed feelings about this.
fYqpwIvbxIQ_sentence_145.wav,I want to talk to your superior.
fYqpwIvbxIQ_sentence_214.wav,The work is proceeding slowly.
fYqpwIvbxIQ_sentence_223.wav,Happily.
fYqpwIvbxIQ_sentence_224.wav,The story ends happily.
fYqpwIvbxIQ_sentence_230.wav,Lecture.
fYqpwIvbxIQ_sentence_250.wav,He participated in the debate.
fYqpwIvbxIQ_sentence_254.wav,We will debate this subject at the meeting.
fYqpwIvbxIQ_sentence_256.wav,Unreasonable.
fYqpwIvbxIQ_sentence_257.wav,Your demands are unreasonable.
fYqpwIvbxIQ_sentence_259.wav,climate.
fYqpwIvbxIQ_sentence_260.wav,The climate affected his health.
fYqpwIvbxIQ_sentence_289.wav,It's like a scene from a movie.
fYqpwIvbxIQ_sentence_312.wav,We're on the right track.
fYqpwIvbxIQ_sentence_330.wav,Pleasant.
fYqpwIvbxIQ_sentence_338.wav,What a pleasant surprise.
fYqpwIvbxIQ_sentence_341.wav,Parallel.
fYqpwIvbxIQ_sentence_355.wav,"She urged him to drive carefully, and"
fYqpwIvbxIQ_sentence_357.wav,I urged him to study harder.
fYqpwIvbxIQ_sentence_361.wav,I just got a promotion and a raise.
fYqpwIvbxIQ_sentence_371.wav,He got a position as a clerk.
fYqpwIvbxIQ_sentence_374.wav,She had been working as a bank clerk for almost three years.
fYqpwIvbxIQ_sentence_407.wav,"If you take my advice, your chances of winning will increase significantly."
fYqpwIvbxIQ_sentence_413.wav,My dream is to win a Nobel Prize.
fYqpwIvbxIQ_sentence_415.wav,She was awarded the Nobel Peace Prize.
fYqpwIvbxIQ_sentence_419.wav,Religious.
fYqpwIvbxIQ_sentence_422.wav,Religious
fYqpwIvbxIQ_sentence_428.wav,You should join a singing contest.
fYqpwIvbxIQ_sentence_432.wav,I don't usually sweat like this.
fYqpwIvbxIQ_sentence_441.wav,Politician
fYqpwIvbxIQ_sentence_444.wav,My uncle is a politician.
fYqpwIvbxIQ_sentence_445.wav,Who's your favorite politician?
fYqpwIvbxIQ_sentence_458.wav,Please look after my luggage.
fYqpwIvbxIQ_sentence_465.wav,I'm happy to hear that your injuries aren't serious.
fYqpwIvbxIQ_sentence_476.wav,What's the theme of the novel?
fYqpwIvbxIQ_sentence_503.wav,She stared at him with frightened eyes.
fYqpwIvbxIQ_sentence_504.wav,I'm not f superior.
fYqpwIvbxIQ_sentence_526.wav,I'm on duty from 9 a.m. to 5 p.m.
fYqpwIvbxIQ_sentence_544.wav,You are exaggerating the problem.
fYqpwIvbxIQ_sentence_557.wav,The murderer is now on trial.
fYqpwIvbxIQ_sentence_581.wav,Lecture
fYqpwIvbxIQ_sentence_582.wav,His lectures are terribly boring.
fYqpwIvbxIQ_sentence_587.wav,A few people clapped after his lecture.
fYqpwIvbxIQ_sentence_654.wav,Don't drag me into this.
fYqpwIvbxIQ_sentence_683.wav,I got promoted to manager yesterday.
fYqpwIvbxIQ_sentence_693.wav,The king always wears a crown.
fYqpwIvbxIQ_sentence_694.wav,Urge
fYqpwIvbxIQ_sentence_769.wav,I'm going to keep track of all the expenses on this trip.
fYqpwIvbxIQ_sentence_778.wav,duty.
fYqpwIvbxIQ_sentence_802.wav,I just pleasant.
fYqpwIvbxIQ_sentence_818.wav,The railroad is parallel to the river.
fYqpwIvbxIQ_sentence_842.wav,He has strong religious beliefs.
fYqpwIvbxIQ_sentence_848.wav,Injury
fYqpwIvbxIQ_sentence_857.wav,The cliff is almost vertical.
flLkzTtdkNM_sentence_016.wav,It's all over. There's nothing to be afraid of now.
flLkzTtdkNM_sentence_041.wav,We need to develop a new kind of energy.
flLkzTtdkNM_sentence_063.wav,I want to become a professional photographer.
flLkzTtdkNM_sentence_064.wav,The presentation was very professional and persuasive.
flLkzTtdkNM_sentence_070.wav,I'm aware of its importance.
flLkzTtdkNM_sentence_072.wav,Importance
flLkzTtdkNM_sentence_106.wav,He is very direct and honest.
flLkzTtdkNM_sentence_148.wav,The doctor advised him to cut down on drinking.
flLkzTtdkNM_sentence_215.wav,There is an urgent need for clean energy.
flLkzTtdkNM_sentence_223.wav,Let me make it plain to you.
flLkzTtdkNM_sentence_239.wav,We're trying to increase traffic to our website.
flLkzTtdkNM_sentence_240.wav,Form
flLkzTtdkNM_sentence_242.wav,You need to attach your photo to the application form.
flLkzTtdkNM_sentence_243.wav,The company was formed in nineteen eighty two.
flLkzTtdkNM_sentence_259.wav,I have nothing to say.
flLkzTtdkNM_sentence_262.wav,Intention
flLkzTtdkNM_sentence_277.wav,Thank.
flLkzTtdkNM_sentence_281.wav,Thank
flLkzTtdkNM_sentence_283.wav,Thank you for inviting me to your birthday party.
flLkzTtdkNM_sentence_292.wav,A cross.
flLkzTtdkNM_sentence_328.wav,Reservation.
flLkzTtdkNM_sentence_348.wav,The price has increased slightly.
flLkzTtdkNM_sentence_353.wav,Are you worried? Just slightly.
flLkzTtdkNM_sentence_360.wav,Overall.
flLkzTtdkNM_sentence_362.wav,"He made a few mistakes, but did well overall."
flLkzTtdkNM_sentence_366.wav,This is surely the best dessert you have ever made.
flLkzTtdkNM_sentence_400.wav,It's amazing how much money he spends every day.
flLkzTtdkNM_sentence_413.wav,Sentence
flLkzTtdkNM_sentence_416.wav,This is a simple sentence.
flLkzTtdkNM_sentence_422.wav,You should rewrite this sentence. It does not make sense.
flLkzTtdkNM_sentence_425.wav,She looks so tired today.
flLkzTtdkNM_sentence_433.wav,I was really tired after the long trip.
flLkzTtdkNM_sentence_468.wav,Suggestion.
flLkzTtdkNM_sentence_469.wav,Can I make a suggestion?
flLkzTtdkNM_sentence_470.wav,Do you have any suggestions?
flLkzTtdkNM_sentence_475.wav,What do you think of his suggestion?
flLkzTtdkNM_sentence_486.wav,You must avoid making such mistakes.
flLkzTtdkNM_sentence_488.wav,Don't avoid my question.
flLkzTtdkNM_sentence_495.wav,The main topic of conversation was his new girlfriend.
flLkzTtdkNM_sentence_509.wav,Window.
flLkzTtdkNM_sentence_515.wav,There's only one window in my room.
flLkzTtdkNM_sentence_525.wav,You're making a terrible mistake.
flLkzTtdkNM_sentence_531.wav,Shoe.
flLkzTtdkNM_sentence_535.wav,I've got a new pair of shoes.
flLkzTtdkNM_sentence_546.wav,Race
flLkzTtdkNM_sentence_554.wav,Who won the race?
flLkzTtdkNM_sentence_557.wav,Something
flLkzTtdkNM_sentence_561.wav,Would you like something to drink?
flLkzTtdkNM_sentence_615.wav,The news provoked an angry response.
flLkzTtdkNM_sentence_630.wav,That man stole my wallet.
flLkzTtdkNM_sentence_634.wav,I prefer to buy domestic rather than foreign products.
flLkzTtdkNM_sentence_645.wav,I feel depressed whenever I think about that problem.
flLkzTtdkNM_sentence_647.wav,Whenever.
flLkzTtdkNM_sentence_683.wav,Across.
flLkzTtdkNM_sentence_692.wav,What do you think of his unfriendly attitude?
flLkzTtdkNM_sentence_695.wav,She has a negative attitude towards life.
flLkzTtdkNM_sentence_714.wav,I can't think of any solution to this problem.
flLkzTtdkNM_sentence_724.wav,Air pollution is a serious global problem.
flLkzTtdkNM_sentence_728.wav,What are the advantages of this technology?
flLkzTtdkNM_sentence_733.wav,Modern technology has made our lives more comfortable.
flLkzTtdkNM_sentence_737.wav,It's nearly six o'clock.
flLkzTtdkNM_sentence_748.wav,How long have you been living in this island?
flLkzTtdkNM_sentence_753.wav,What's the meaning of this word?
flLkzTtdkNM_sentence_768.wav,That's surely a misunderstanding.
flLkzTtdkNM_sentence_806.wav,Their performance was amazing.
flLkzTtdkNM_sentence_815.wav,I bet you wish he'd come here to talk to you. Bet.
flLkzTtdkNM_sentence_824.wav,Is French more difficult than English?
flLkzTtdkNM_sentence_825.wav,difficult.
flLkzTtdkNM_sentence_826.wav,This question is difficult to answer.
flLkzTtdkNM_sentence_829.wav,Proper.
flLkzTtdkNM_sentence_830.wav,I will do it at the proper time.
flLkzTtdkNM_sentence_837.wav,Nothing is in its proper place.
flLkzTtdkNM_sentence_874.wav,I don't want what I'm about to say to be recorded.
flLkzTtdkNM_sentence_905.wav,What's your shoe size?
flLkzTtdkNM_sentence_917.wav,"Tear, tear."
flLkzTtdkNM_sentence_939.wav,Mention
flLkzTtdkNM_sentence_948.wav,She mentioned my name in her book.
flLkzTtdkNM_sentence_949.wav,Thanks for your help. Don't mention it.
flLkzTtdkNM_sentence_955.wav,I will be your tour guide today.
flLkzTtdkNM_sentence_969.wav,The film made$1 million in profit.
flLkzTtdkNM_sentence_970.wav,He works for a non-profit organization.
gPNgMoikiVo_sentence_000.wav,Duress.
gPNgMoikiVo_sentence_008.wav,Why do you want to dress like that?
gPNgMoikiVo_sentence_019.wav,Result.
gPNgMoikiVo_sentence_040.wav,I'm sorry to hear grateful.
gPNgMoikiVo_sentence_061.wav,We dated for three months.
gPNgMoikiVo_sentence_1001.wav,This story is based on actual events.
gPNgMoikiVo_sentence_1012.wav,I hope your wish will come true.
gPNgMoikiVo_sentence_1021.wav,I gave you an extra hour and you still didn't finish the job.
gPNgMoikiVo_sentence_1026.wav,May I ask you a quick question?
gPNgMoikiVo_sentence_1067.wav,Don't you know his name?
gPNgMoikiVo_sentence_1069.wav,He admitted his defeat.
gPNgMoikiVo_sentence_1070.wav,Flower
gPNgMoikiVo_sentence_1072.wav,Do you know the name of this flower?
gPNgMoikiVo_sentence_108.wav,This is the most amazing wedding party I've ever attended.
gPNgMoikiVo_sentence_1091.wav,I think he is concerned with the accident.
gPNgMoikiVo_sentence_1108.wav,First impressions are very important.
gPNgMoikiVo_sentence_1123.wav,Have you ever eaten Japanese food?
gPNgMoikiVo_sentence_1126.wav,Is it safe to swim in this lake?
gPNgMoikiVo_sentence_1145.wav,I don't fruit.
gPNgMoikiVo_sentence_118.wav,We must consider every aspect of the problem.
gPNgMoikiVo_sentence_147.wav,Stay here with us.
gPNgMoikiVo_sentence_156.wav,You can stay as long as you like.
gPNgMoikiVo_sentence_159.wav,Their daughter is 10 years old.
gPNgMoikiVo_sentence_238.wav,I don't think there's any significant damage.
gPNgMoikiVo_sentence_244.wav,I learned a lot from you.
gPNgMoikiVo_sentence_265.wav,She emphasized the importance of education.
gPNgMoikiVo_sentence_277.wav,There's something wrong with the T V.
gPNgMoikiVo_sentence_288.wav,I found this information quite useful.
gPNgMoikiVo_sentence_290.wav,Goal
gPNgMoikiVo_sentence_291.wav,The crowd yelled when he scored a goal.
gPNgMoikiVo_sentence_300.wav,He kicked the ball into the goal.
gPNgMoikiVo_sentence_318.wav,Get this stuff out of here.
gPNgMoikiVo_sentence_331.wav,Where are the kids?
gPNgMoikiVo_sentence_339.wav,"In the event of rain, the game will not be held."
gPNgMoikiVo_sentence_353.wav,Completely.
gPNgMoikiVo_sentence_362.wav,I am completely exhausted.
gPNgMoikiVo_sentence_412.wav,His
gPNgMoikiVo_sentence_423.wav,Stress is a major problem of modern life.
gPNgMoikiVo_sentence_434.wav,I got laid off yesterday.
gPNgMoikiVo_sentence_440.wav,Can you pick me up at the station?
gPNgMoikiVo_sentence_459.wav,Have a safe trip home.
gPNgMoikiVo_sentence_466.wav,Have grateful.
gPNgMoikiVo_sentence_474.wav,Be grateful for what you have and stop complaining.
gPNgMoikiVo_sentence_476.wav,What are you grateful for today?
gPNgMoikiVo_sentence_479.wav,Could you please help me clear the table?
gPNgMoikiVo_sentence_484.wav,Is there a book on the table?
gPNgMoikiVo_sentence_517.wav,Memory
gPNgMoikiVo_sentence_518.wav,He has a good memory.
gPNgMoikiVo_sentence_550.wav,I need an extra blanket.
gPNgMoikiVo_sentence_582.wav,Don't make fun of people.
gPNgMoikiVo_sentence_609.wav,What's the date today?
gPNgMoikiVo_sentence_618.wav,I'm dating a girl named Mary.
gPNgMoikiVo_sentence_629.wav,I laughed out loud when I saw him.
gPNgMoikiVo_sentence_665.wav,His speech made a strong impression on the students.
gPNgMoikiVo_sentence_667.wav,You made a good impression on me.
gPNgMoikiVo_sentence_671.wav,It's a lonely journey.
gPNgMoikiVo_sentence_673.wav,He lives alone and often feels lonely.
gPNgMoikiVo_sentence_678.wav,It's a lonely pain.
gPNgMoikiVo_sentence_691.wav,They hit him on the back strongly.
gPNgMoikiVo_sentence_701.wav,Reason
gPNgMoikiVo_sentence_708.wav,I don't see any reason why I have to apologize.
gPNgMoikiVo_sentence_770.wav,This shirt cost$25.
gPNgMoikiVo_sentence_778.wav,I'm sorry to hear that you got laid off.
gPNgMoikiVo_sentence_784.wav,I shouldn't stuff.
gPNgMoikiVo_sentence_792.wav,Don't forget your stuff.
gPNgMoikiVo_sentence_836.wav,He is a tough customer.
gPNgMoikiVo_sentence_841.wav,"Since there were no customers, we closed the shop early."
gPNgMoikiVo_sentence_842.wav,Why don't you call customer service?
gPNgMoikiVo_sentence_859.wav,Is it hard to learn English?
gPNgMoikiVo_sentence_861.wav,What are you learning?
gPNgMoikiVo_sentence_912.wav,She's a modern girl.
gPNgMoikiVo_sentence_917.wav,I cancelled my hotel reservations and stayed with friends.
gPNgMoikiVo_sentence_922.wav,They arrived at the hotel.
gPNgMoikiVo_sentence_926.wav,Will you marry me?
gPNgMoikiVo_sentence_944.wav,Cake Coffee
gPNgMoikiVo_sentence_946.wav,We went out for a coffee.
gPNgMoikiVo_sentence_947.wav,Could I have some more coffee?
gPNgMoikiVo_sentence_948.wav,Coffee.
gPNgMoikiVo_sentence_971.wav,It is obvious that he is right.
gPNgMoikiVo_sentence_975.wav,I don't want to rest.
gPNgMoikiVo_sentence_976.wav,I advised him to take a rest.
gPNgMoikiVo_sentence_992.wav,How many pens do you have?
gPNgMoikiVo_sentence_995.wav,How many event?
gUE72PlGRi0_sentence_005.wav,This channel is only available on cable.
gUE72PlGRi0_sentence_040.wav,Sugar dissolves in water.
gUE72PlGRi0_sentence_048.wav,The two countries established diplomatic relations in 1992.
gUE72PlGRi0_sentence_073.wav,Servant
gUE72PlGRi0_sentence_091.wav,Dismiss
gUE72PlGRi0_sentence_092.wav,The professor dismissed his ideas.
gUE72PlGRi0_sentence_170.wav,I accidentally stepped on her toe.
gUE72PlGRi0_sentence_171.wav,She tapped her toes to the music.
gUE72PlGRi0_sentence_197.wav,Pay attention to the traffic signals.
gUE72PlGRi0_sentence_198.wav,He signaled me to stop.
gUE72PlGRi0_sentence_239.wav,A series of events will take place.
gUE72PlGRi0_sentence_254.wav,"I want to be your ally, not your enemy."
gUE72PlGRi0_sentence_274.wav,He will inevitably hurt himself because he takes too many risks.
gUE72PlGRi0_sentence_281.wav,"Celebrate what you've accomplished, but raise the bar a little higher each time you succeed."
gUE72PlGRi0_sentence_360.wav,That very commonly happens.
gUE72PlGRi0_sentence_361.wav,Me.
gUE72PlGRi0_sentence_362.wav,My knee is bleeding.
gUE72PlGRi0_sentence_363.wav,My knee hurts after sitting for a while.
gUE72PlGRi0_sentence_369.wav,concert.
gUE72PlGRi0_sentence_371.wav,I wish I could go to the concert.
gUE72PlGRi0_sentence_373.wav,The concert was so amazing.
gUE72PlGRi0_sentence_375.wav,Can I buy a ticket for the concert here?
gUE72PlGRi0_sentence_384.wav,Queen
gUE72PlGRi0_sentence_385.wav,The rose is called the queen of flowers.
gUE72PlGRi0_sentence_389.wav,She is known as the Queen of Fashion.
gUE72PlGRi0_sentence_392.wav,Statue
gUE72PlGRi0_sentence_393.wav,This is a life-size statue.
gUE72PlGRi0_sentence_413.wav,"10,000 meters of cable was used for this building."
gUE72PlGRi0_sentence_421.wav,"This cable is over 3,000 meters long."
gUE72PlGRi0_sentence_422.wav,Fashionable.
gUE72PlGRi0_sentence_424.wav,Tattoos are very fashionable among young people lately.
gUE72PlGRi0_sentence_454.wav,Gentlemen
gUE72PlGRi0_sentence_455.wav,There's a gentleman at the door.
gUE72PlGRi0_sentence_456.wav,"Good evening, ladies and gentlemen."
gUE72PlGRi0_sentence_457.wav,Who is that gentleman?
gUE72PlGRi0_sentence_458.wav,Their bandage.
gUE72PlGRi0_sentence_465.wav,Bandage the foot so that the ankle is supported.
gUE72PlGRi0_sentence_469.wav,We found new ways to tackle the problem.
gUE72PlGRi0_sentence_482.wav,"Discipline is doing what you know needs to be done, even though you don't want to."
gUE72PlGRi0_sentence_549.wav,We're not going to harm you.
gUE72PlGRi0_sentence_560.wav,Faith is to believe what you do not see.
gUE72PlGRi0_sentence_596.wav,Cow.
gUE72PlGRi0_sentence_628.wav,They treat their mother like a servant.
gUE72PlGRi0_sentence_635.wav,I'm not your servant.
gUE72PlGRi0_sentence_684.wav,Tom donates half his salary to his favorite charity.
gUE72PlGRi0_sentence_701.wav,She always wears fashionable clothes.
gUE72PlGRi0_sentence_737.wav,Toe.
gUE72PlGRi0_sentence_745.wav,She celebrated with a glass of champagne.
gUE72PlGRi0_sentence_768.wav,An awful accident will happen inevitably if you drive at 140 kilometers per hour.
gUE72PlGRi0_sentence_800.wav,Drum
gUE72PlGRi0_sentence_820.wav,I'll tackle my homework later.
gUE72PlGRi0_sentence_835.wav,We're in the middle of a crisis.
gUE72PlGRi0_sentence_839.wav,There will be an economic crisis at the end of this year.
gUE72PlGRi0_sentence_868.wav,Primary
gUE72PlGRi0_sentence_871.wav,The primary aim of this course is to improve your spoken English.
gUE72PlGRi0_sentence_877.wav,He exchanged his cow for two horses.
gUE72PlGRi0_sentence_883.wav,The cows are eating grass.
gUE72PlGRi0_sentence_885.wav,Is that the way you milk a cow?
gskdnimT5iY_sentence_001.wav,It was much more difficult than I initially thought.
gskdnimT5iY_sentence_008.wav,bid he bid three hundred dollars for the bicycle.
gskdnimT5iY_sentence_012.wav,He bid$300 for the bicycle.
gskdnimT5iY_sentence_014.wav,Any higher bids?
gskdnimT5iY_sentence_016.wav,The firm decided to bid on the new bridge.
gskdnimT5iY_sentence_082.wav,She has absolutely no enemies.
gskdnimT5iY_sentence_084.wav,the enemy attacked from behind.
gskdnimT5iY_sentence_100.wav,Her talents are quite extraordinary.
gskdnimT5iY_sentence_170.wav,They will survey the land again this month.
gskdnimT5iY_sentence_184.wav,Imaginary.
gskdnimT5iY_sentence_191.wav,They are imaginary fears and do not exist.
gskdnimT5iY_sentence_209.wav,You've got nothing to be ashamed of.
gskdnimT5iY_sentence_216.wav,She was given a raise by her employer.
gskdnimT5iY_sentence_255.wav,The police were heavily armed.
gskdnimT5iY_sentence_276.wav,Apparently they are getting divorced soon.
gskdnimT5iY_sentence_287.wav,Is there any butter in the refrigerator?
gskdnimT5iY_sentence_288.wav,Our refrigerator isn't working.
gskdnimT5iY_sentence_380.wav,My father rewarded me a new computer.
gskdnimT5iY_sentence_381.wav,She works on a computer 15 hours a day.
gskdnimT5iY_sentence_393.wav,Employer.
gskdnimT5iY_sentence_412.wav,Awfully.
gskdnimT5iY_sentence_430.wav,Are you trace?
gskdnimT5iY_sentence_431.wav,Is there any trace of the missing child?
gskdnimT5iY_sentence_499.wav,This book is within the capacity of young readers.
gskdnimT5iY_sentence_528.wav,This hat is too tight for me.
gskdnimT5iY_sentence_529.wav,She loves to wear tight clothes.
gskdnimT5iY_sentence_585.wav,"The sign read, No entry."
gskdnimT5iY_sentence_601.wav,Please give my regards to your parents.
gskdnimT5iY_sentence_605.wav,Rule
gskdnimT5iY_sentence_607.wav,Don't break the rules.
gskdnimT5iY_sentence_614.wav,She looks odd in those clothes.
gskdnimT5iY_sentence_619.wav,Thirteen is an odd number.
gskdnimT5iY_sentence_716.wav,It's a pleasant environment to work in.
gskdnimT5iY_sentence_719.wav,This dictionary has about forty thousand entries.
gskdnimT5iY_sentence_724.wav,She was hired to do data entry.
gskdnimT5iY_sentence_733.wav,They're very good employers.
gskdnimT5iY_sentence_742.wav,I put all my heart and soul into it.
gskdnimT5iY_sentence_760.wav,Trick.
gskdnimT5iY_sentence_762.wav,I know a few magic tricks.
gskdnimT5iY_sentence_763.wav,It's not a trick question.
gskdnimT5iY_sentence_783.wav,Trial
gskdnimT5iY_sentence_791.wav,Trial and error is a fundamental method of solving problems.
gskdnimT5iY_sentence_794.wav,Powder.
gskdnimT5iY_sentence_800.wav,I study interior decoration.
gskdnimT5iY_sentence_827.wav,A few important facts emerged after the investigation.
gskdnimT5iY_sentence_836.wav,Let's end this debate.
gskdnimT5iY_sentence_862.wav,Relation
gskdnimT5iY_sentence_863.wav,I don't see any relation between them.
gskdnimT5iY_sentence_875.wav,Do you know that naked baby?
gskdnimT5iY_sentence_878.wav,Patience.
gskdnimT5iY_sentence_879.wav,"Those people have been waiting for hours, and they're starting to run out of patience."
gskdnimT5iY_sentence_880.wav,I don't have the patience to wait in line for hours just to buy a ticket.
gzFpOCgvfuY_sentence_018.wav,"Even with all his wealth and fame, he's unhappy."
gzFpOCgvfuY_sentence_027.wav,The instructions were somewhat confusing.
gzFpOCgvfuY_sentence_039.wav,Track
gzFpOCgvfuY_sentence_080.wav,She angrily concluded the meeting.
gzFpOCgvfuY_sentence_093.wav,The judge sentenced him to five years in prison.
gzFpOCgvfuY_sentence_101.wav,"Out of sight, out of mind."
gzFpOCgvfuY_sentence_140.wav,He left school with no formal qualifications.
gzFpOCgvfuY_sentence_171.wav,They are the cores of an organization.
gzFpOCgvfuY_sentence_191.wav,He was a witness to a robbery.
gzFpOCgvfuY_sentence_205.wav,This looks somewhat dangerous.
gzFpOCgvfuY_sentence_262.wav,My mom told me to put my stuffs into this cabinet.
gzFpOCgvfuY_sentence_266.wav,This cabinet is really old. We should sell it.
gzFpOCgvfuY_sentence_273.wav,Can you teach me how to defend myself?
gzFpOCgvfuY_sentence_310.wav,She is an educated girl.
gzFpOCgvfuY_sentence_319.wav,A good relationship is based on more than just physical attraction.
gzFpOCgvfuY_sentence_320.wav,Western
gzFpOCgvfuY_sentence_324.wav,They are from the western United States.
gzFpOCgvfuY_sentence_343.wav,I'm not looking for your sympathy.
gzFpOCgvfuY_sentence_359.wav,His father bought him a new ball.
gzFpOCgvfuY_sentence_360.wav,"The boy burst into tears because of losing his ba,"
gzFpOCgvfuY_sentence_361.wav,Is this ball yours or hers?
gzFpOCgvfuY_sentence_362.wav,His father bought Devotee.
gzFpOCgvfuY_sentence_367.wav,He devoted his whole life to science.
gzFpOCgvfuY_sentence_394.wav,What do you associate with summer?
gzFpOCgvfuY_sentence_427.wav,I'm not as conservative as I used to be.
gzFpOCgvfuY_sentence_439.wav,I have to drag myself out of bed each day.
gzFpOCgvfuY_sentence_457.wav,The town was defended by a large army.
gzFpOCgvfuY_sentence_496.wav,"Not long ago, I witnessed a traffic accident."
gzFpOCgvfuY_sentence_505.wav,I want to devote more time to my family.
gzFpOCgvfuY_sentence_584.wav,They concluded that the dog was stolen.
gzFpOCgvfuY_sentence_624.wav,We will keep you informed of any changes as they arise.
gzFpOCgvfuY_sentence_625.wav,A new difficulty has arisen.
gzFpOCgvfuY_sentence_646.wav,My father is very strict.
gzFpOCgvfuY_sentence_657.wav,Sight
gzFpOCgvfuY_sentence_675.wav,Jim Vo.
gzFpOCgvfuY_sentence_678.wav,Javo.
gzFpOCgvfuY_sentence_685.wav,I twisted my ankle while playing football.
gzFpOCgvfuY_sentence_686.wav,Twist.
gzFpOCgvfuY_sentence_696.wav,"Bend,"
gzFpOCgvfuY_sentence_724.wav,Conventional.
gzFpOCgvfuY_sentence_736.wav,He is under considerable stress.
gzFpOCgvfuY_sentence_759.wav,The negotiations are at a very delicate stage.
gzFpOCgvfuY_sentence_772.wav,Let's put them side by side for comparison.
gzFpOCgvfuY_sentence_774.wav,Comparison
gzFpOCgvfuY_sentence_782.wav,Butter is made from milk.
gzFpOCgvfuY_sentence_789.wav,She went to Silicon Valley with the aim of finding a job.
gzFpOCgvfuY_sentence_791.wav,I always aim high to achieve my best.
gzFpOCgvfuY_sentence_808.wav,He contributed a lot of money to the hospital.
gzFpOCgvfuY_sentence_811.wav,How can you contribute to our organization?
gzFpOCgvfuY_sentence_813.wav,Would you like to contribute to the program?
hhyViRq9AgI_sentence_012.wav,Temperature.
hhyViRq9AgI_sentence_022.wav,"During the interview, they asked about my previous jobs."
hhyViRq9AgI_sentence_056.wav,Was that helpful?
hhyViRq9AgI_sentence_080.wav,Woman
hhyViRq9AgI_sentence_086.wav,It's been proven that women think differently than men.
hhyViRq9AgI_sentence_094.wav,Mess.
hhyViRq9AgI_sentence_1009.wav,I need some garden tools.
hhyViRq9AgI_sentence_1044.wav,What do you really think about it?
hhyViRq9AgI_sentence_1048.wav,Tell me what really happened.
hhyViRq9AgI_sentence_1052.wav,She spoke to the children in a gentle voice.
hhyViRq9AgI_sentence_124.wav,I am waiting for the store to open.
hhyViRq9AgI_sentence_182.wav,Is this the key you are looking for?
hhyViRq9AgI_sentence_191.wav,She has blue eyes.
hhyViRq9AgI_sentence_192.wav,She handed him a light blue shirt.
hhyViRq9AgI_sentence_200.wav,Can you still remember where we first met?
hhyViRq9AgI_sentence_202.wav,I still have a lot of work to do.
hhyViRq9AgI_sentence_205.wav,We need to plant some more trees here.
hhyViRq9AgI_sentence_215.wav,What he said turned out to be a lie.
hhyViRq9AgI_sentence_243.wav,He is not as tall as his father.
hhyViRq9AgI_sentence_248.wav,All plants need light and water.
hhyViRq9AgI_sentence_270.wav,"If you mix blue and yellow, you'll get green."
hhyViRq9AgI_sentence_282.wav,It's probably a warning.
hhyViRq9AgI_sentence_284.wav,He didn't pay any attention to the warning.
hhyViRq9AgI_sentence_287.wav,I want to get off at the next bus stop.
hhyViRq9AgI_sentence_304.wav,Welcome.
hhyViRq9AgI_sentence_309.wav,Welcome to Vietnam.
hhyViRq9AgI_sentence_318.wav,I didn't see anything strange.
hhyViRq9AgI_sentence_348.wav,Don't make any sudden movements.
hhyViRq9AgI_sentence_409.wav,You don't have to go to the party unless you want to.
hhyViRq9AgI_sentence_433.wav,She is a professional dancer.
hhyViRq9AgI_sentence_451.wav,Fear is a powerful emotion.
hhyViRq9AgI_sentence_464.wav,Does anyone claim this umbrella?
hhyViRq9AgI_sentence_490.wav,Most
hhyViRq9AgI_sentence_542.wav,Please don't be concerned about me.
hhyViRq9AgI_sentence_548.wav,I'd like to cancel my order.
hhyViRq9AgI_sentence_550.wav,Please arrange these books in alphabetical order.
hhyViRq9AgI_sentence_554.wav,Singer.
hhyViRq9AgI_sentence_555.wav,Who is your favorite singer?
hhyViRq9AgI_sentence_557.wav,His mother used to be a singer.
hhyViRq9AgI_sentence_565.wav,It amazes me that no one noticed the air.
hhyViRq9AgI_sentence_577.wav,I bought the car at a 10% discount.
hhyViRq9AgI_sentence_579.wav,Can you give me a discount?
hhyViRq9AgI_sentence_594.wav,Mail
hhyViRq9AgI_sentence_610.wav,Nobody understands me.
hhyViRq9AgI_sentence_614.wav,We shouldn't blame ourselves for what happened.
hhyViRq9AgI_sentence_628.wav,That's not my favorite topic.
hhyViRq9AgI_sentence_643.wav,"I'm sorry, but that is simply impossible."
hhyViRq9AgI_sentence_656.wav,Real.
hhyViRq9AgI_sentence_658.wav,The movie is based on real events.
hhyViRq9AgI_sentence_660.wav,Tell me the real reason why you are not willing to do it.
hhyViRq9AgI_sentence_662.wav,Are these flowers real or fake?
hhyViRq9AgI_sentence_668.wav,Get off this ship right now.
hhyViRq9AgI_sentence_678.wav,What is the level of this course?
hhyViRq9AgI_sentence_681.wav,We are on the same level.
hhyViRq9AgI_sentence_682.wav,Process
hhyViRq9AgI_sentence_689.wav,Study.
hhyViRq9AgI_sentence_693.wav,Do you study English every day?
hhyViRq9AgI_sentence_717.wav,His voice was shaky with emotion.
hhyViRq9AgI_sentence_719.wav,He's always found it hard to express his emotions.
hhyViRq9AgI_sentence_722.wav,Invite.
hhyViRq9AgI_sentence_726.wav,He invited
hhyViRq9AgI_sentence_750.wav,Size
hhyViRq9AgI_sentence_752.wav,What size are these shoes?
hhyViRq9AgI_sentence_759.wav,Would you join me for a walk?
hhyViRq9AgI_sentence_760.wav,Come over here and join us.
hhyViRq9AgI_sentence_790.wav,"His clothes were old, but clean."
hhyViRq9AgI_sentence_791.wav,The room was spotlessly clean.
hhyViRq9AgI_sentence_794.wav,Invitation
hhyViRq9AgI_sentence_795.wav,Thank you for the invitation.
hhyViRq9AgI_sentence_801.wav,International.
hhyViRq9AgI_sentence_802.wav,This is an international community.
hhyViRq9AgI_sentence_803.wav,English is an international language.
hhyViRq9AgI_sentence_808.wav,Afraid.
hhyViRq9AgI_sentence_819.wav,Take care not to catch cold.
hhyViRq9AgI_sentence_836.wav,He said that poverty is the root of all evil.
hhyViRq9AgI_sentence_837.wav,We need to get at the root of the matter.
hhyViRq9AgI_sentence_841.wav,What have you observed?
hhyViRq9AgI_sentence_848.wav,We had a wonderful time together.
hhyViRq9AgI_sentence_850.wav,I have a wonderful job.
hhyViRq9AgI_sentence_860.wav,Can I talk to you for a second?
hhyViRq9AgI_sentence_870.wav,Jacket
hhyViRq9AgI_sentence_872.wav,It's in my jacket pocket.
hhyViRq9AgI_sentence_874.wav,Can I try on this jacket?
hhyViRq9AgI_sentence_899.wav,"If you remember anything at all, please let us know."
hhyViRq9AgI_sentence_901.wav,Did he say anything about it?
hhyViRq9AgI_sentence_911.wav,He filled the bottle with water.
hhyViRq9AgI_sentence_914.wav,Guess.
hhyViRq9AgI_sentence_927.wav,You look so pretty in that dress.
hhyViRq9AgI_sentence_941.wav,That guy has a tendency to ramble.
hhyViRq9AgI_sentence_942.wav,Separate. Separate.
hhyViRq9AgI_sentence_944.wav,They separate us into two groups.
hhyViRq9AgI_sentence_952.wav,He is an active member.
hhyViRq9AgI_sentence_954.wav,He is like a member of my family.
hhyViRq9AgI_sentence_960.wav,Her speech made a tremendous impact on everyone.
hhyViRq9AgI_sentence_979.wav,"The sun went behind a bank of clouds. She ran out of the room, slamming the door behind her."
hhyViRq9AgI_sentence_983.wav,No one knows what will happen next.
hhyViRq9AgI_sentence_990.wav,What's the latest news?
hhyViRq9AgI_sentence_991.wav,I have good news for you.
hpNREux9pXU_sentence_039.wav,The restaurant has succeeded beyond expectations.
hpNREux9pXU_sentence_054.wav,Her parents are separated but not divorced.
hpNREux9pXU_sentence_117.wav,Interpretation
hpNREux9pXU_sentence_121.wav,That's one interpretation.
hpNREux9pXU_sentence_144.wav,We're looking for a sales representative position.
hpNREux9pXU_sentence_150.wav,She's our representative in France.
hpNREux9pXU_sentence_152.wav,Bother.
hpNREux9pXU_sentence_172.wav,Fry.
hpNREux9pXU_sentence_197.wav,Membership.
hpNREux9pXU_sentence_202.wav,Unusual.
hpNREux9pXU_sentence_224.wav,Pill.
hpNREux9pXU_sentence_226.wav,Did you take your pills?
hpNREux9pXU_sentence_250.wav,A series of events will take place in June.
hpNREux9pXU_sentence_306.wav,Tip.
hpNREux9pXU_sentence_314.wav,He gave the waiter a generous tip.
hpNREux9pXU_sentence_331.wav,Incident
hpNREux9pXU_sentence_335.wav,I will never forget this incident.
hpNREux9pXU_sentence_336.wav,That incident made him famous.
hpNREux9pXU_sentence_351.wav,The sum of five and three is eight.
hpNREux9pXU_sentence_387.wav,I'm seriously annoyed at him.
hpNREux9pXU_sentence_403.wav,They're digging a hole.
hpNREux9pXU_sentence_408.wav,How deep is the hole?
hpNREux9pXU_sentence_427.wav,He made an important discovery.
hpNREux9pXU_sentence_446.wav,Please forgive me if I have offended you.
hpNREux9pXU_sentence_480.wav,I think that he is a sensible person.
hpNREux9pXU_sentence_514.wav,I packed the suitcase for you.
hpNREux9pXU_sentence_515.wav,Have you finished packing yet?
hpNREux9pXU_sentence_516.wav,I want to buy a pack of cigarettes.
hpNREux9pXU_sentence_525.wav,What can I do to convince you?
hpNREux9pXU_sentence_580.wav,I have a pain in my chest.
hpNREux9pXU_sentence_581.wav,There is an old chest in our warehouse.
hpNREux9pXU_sentence_635.wav,I think that's an exaggeration.
hpNREux9pXU_sentence_691.wav,There is a huge hole in the wall.
hpNREux9pXU_sentence_703.wav,Museum
hpNREux9pXU_sentence_704.wav,Where's the museum?
hpNREux9pXU_sentence_705.wav,She went to the museum by taxi.
hpNREux9pXU_sentence_706.wav,Is the museum open today?
hpNREux9pXU_sentence_716.wav,Each individual is different from another.
hpNREux9pXU_sentence_732.wav,There's no membership fee for joining.
hpNREux9pXU_sentence_739.wav,Her skin is smooth.
hpNREux9pXU_sentence_748.wav,What are the terms of the contract?
hpNREux9pXU_sentence_758.wav,Where were you when the explosion occurred?
hpNREux9pXU_sentence_759.wav,The population explosion is a serious problem.
hpNREux9pXU_sentence_761.wav,What was the cause of the explosion?
hpNREux9pXU_sentence_768.wav,I am frying fish.
hpNREux9pXU_sentence_770.wav,Would you like a fry in the morning?
hpNREux9pXU_sentence_782.wav,Geography
hpNREux9pXU_sentence_791.wav,I need to get more organized.
hpNREux9pXU_sentence_795.wav,Your work is poorly organized.
hpNREux9pXU_sentence_818.wav,Can I help you? he asked pleasantly.
hpNREux9pXU_sentence_840.wav,"I don't know the title, but I recognize the tune."
hpNREux9pXU_sentence_866.wav,We meet on a monthly basis. The work is done on a voluntary basis.
hpNREux9pXU_sentence_874.wav,The twins are so alike that no one can distinguish one from the other.
hpNREux9pXU_sentence_892.wav,Can you identify the man in this picture?
hpNREux9pXU_sentence_950.wav,The reports were confusing.
hpNREux9pXU_sentence_967.wav,Don't outstanding.
hv9d7-jBg8E_sentence_013.wav,Can I make a reservation now?
hv9d7-jBg8E_sentence_018.wav,Smoking is a bad habit.
hv9d7-jBg8E_sentence_058.wav,We talked about a variety of topics.
hv9d7-jBg8E_sentence_117.wav,Nothing lasts forever.
hv9d7-jBg8E_sentence_126.wav,They were stuck in traffic and missed their flight.
hv9d7-jBg8E_sentence_149.wav,She wants a serious relationship.
hv9d7-jBg8E_sentence_150.wav,I think it's time for me to give up on this relationship.
hv9d7-jBg8E_sentence_157.wav,I'll find him wherever he is.
hv9d7-jBg8E_sentence_178.wav,I lived on a farm when I was a kid.
hv9d7-jBg8E_sentence_188.wav,Question
hv9d7-jBg8E_sentence_193.wav,May I ask you a question?
hv9d7-jBg8E_sentence_195.wav,Tire
hv9d7-jBg8E_sentence_202.wav,Seat.
hv9d7-jBg8E_sentence_206.wav,"Excuse me, you're in my seat."
hv9d7-jBg8E_sentence_214.wav,Please enter a valid email address.
hv9d7-jBg8E_sentence_221.wav,Do you often go shopping?
hv9d7-jBg8E_sentence_222.wav,I go shopping every morning.
hv9d7-jBg8E_sentence_226.wav,I touched him lightly on the shoulder.
hv9d7-jBg8E_sentence_235.wav,"Unfortunately, there is no record of the transaction."
hv9d7-jBg8E_sentence_241.wav,He is thirsty for fame.
hv9d7-jBg8E_sentence_242.wav,We were hungry and thirsty.
hv9d7-jBg8E_sentence_254.wav,I am going to start a new job next week.
hv9d7-jBg8E_sentence_270.wav,I advised him not to drink too much.
hv9d7-jBg8E_sentence_275.wav,"The food at this restaurant was acceptable, but no more."
hv9d7-jBg8E_sentence_288.wav,He put the ring on her finger.
hv9d7-jBg8E_sentence_307.wav,anywhere.
hv9d7-jBg8E_sentence_311.wav,I will take you anywhere you want to go.
hv9d7-jBg8E_sentence_312.wav,You can sit anywhere you want.
hv9d7-jBg8E_sentence_313.wav,I can't find my keys anywhere.
hv9d7-jBg8E_sentence_324.wav,"Overall, this is a very useful book."
hv9d7-jBg8E_sentence_336.wav,Japan is a rich country.
hv9d7-jBg8E_sentence_341.wav,Where did you get your hair cut?
hv9d7-jBg8E_sentence_350.wav,Smoking is prohibited in this area.
hv9d7-jBg8E_sentence_352.wav,I quit smoking three years ago.
hv9d7-jBg8E_sentence_354.wav,Convenient.
hv9d7-jBg8E_sentence_357.wav,We must arrange a convenient time and place for the meeting.
hv9d7-jBg8E_sentence_377.wav,I'm gaining weight.
hv9d7-jBg8E_sentence_383.wav,What are they doing?
hv9d7-jBg8E_sentence_403.wav,What's your major?
hv9d7-jBg8E_sentence_405.wav,We have encountered major problems.
hv9d7-jBg8E_sentence_415.wav,bit. He's getting better bit by bit.
hv9d7-jBg8E_sentence_416.wav,I fell asleep for a bit.
hv9d7-jBg8E_sentence_433.wav,We've done the difficult part of the job.
hv9d7-jBg8E_sentence_438.wav,Health is an important factor of happiness.
hv9d7-jBg8E_sentence_450.wav,Stop sucking your thumb.
hv9d7-jBg8E_sentence_454.wav,Comfortable.
hv9d7-jBg8E_sentence_456.wav,Please make yourself comfortable.
hv9d7-jBg8E_sentence_457.wav,She didn't feel comfortable with my friend.
hv9d7-jBg8E_sentence_470.wav,That's an interesting suggestion.
hv9d7-jBg8E_sentence_487.wav,My driver's license will expire next week.
hv9d7-jBg8E_sentence_500.wav,I bought a new car last week.
hv9d7-jBg8E_sentence_504.wav,I intend to stay there for a week.
hv9d7-jBg8E_sentence_506.wav,T.
hv9d7-jBg8E_sentence_507.wav,Could I have some more tea?
hv9d7-jBg8E_sentence_511.wav,Would you like tea or coffee?
hv9d7-jBg8E_sentence_520.wav,Lawyer
hv9d7-jBg8E_sentence_523.wav,We should hire a lawyer.
hv9d7-jBg8E_sentence_525.wav,It's not hard to find a lawyer who can speak English here.
hv9d7-jBg8E_sentence_529.wav,I don't mind if I get wet.
hv9d7-jBg8E_sentence_557.wav,We test your English before deciding which class to put you in.
hv9d7-jBg8E_sentence_559.wav,I'm so happy that I passed the test.
iV9Hex2vIdg_sentence_043.wav,"They had a wonderful holiday, despite the bad weather."
iV9Hex2vIdg_sentence_046.wav,He's just a temporary staff.
iV9Hex2vIdg_sentence_055.wav,His mother is seriously ill.
iV9Hex2vIdg_sentence_064.wav,Please fill out this application form.
iV9Hex2vIdg_sentence_071.wav,We need to get a blood sample.
iV9Hex2vIdg_sentence_074.wav,We would like to see a sample of your work.
iV9Hex2vIdg_sentence_081.wav,I agree with your point of view.
iV9Hex2vIdg_sentence_122.wav,"The boy who lives next door often comes home late. I have known Tom since I was a little boy,"
iV9Hex2vIdg_sentence_123.wav,"She put her little boy to bed,"
iV9Hex2vIdg_sentence_127.wav,Do you ask your parents for permission?
iV9Hex2vIdg_sentence_137.wav,He lost interest in everything.
iV9Hex2vIdg_sentence_140.wav,I apologize for being late.
iV9Hex2vIdg_sentence_145.wav,He apologised to me for his rudeness.
iV9Hex2vIdg_sentence_163.wav,$100 will cover all your expenses for the trip.
iV9Hex2vIdg_sentence_164.wav,We're trying to cut down expenses.
iV9Hex2vIdg_sentence_176.wav,We spent the entire day at the beach.
iV9Hex2vIdg_sentence_192.wav,We have to play fair whether we win or lose.
iV9Hex2vIdg_sentence_194.wav,Hotel accommodation is included in the price of the tour.
iV9Hex2vIdg_sentence_229.wav,His condition will soon change for the better.
iV9Hex2vIdg_sentence_260.wav,He exchanges the blue shirt for a red one.
iV9Hex2vIdg_sentence_287.wav,Do admire.
iV9Hex2vIdg_sentence_296.wav,He's a former student of mine.
iV9Hex2vIdg_sentence_301.wav,He's currently abroad on business.
iV9Hex2vIdg_sentence_303.wav,They just returned from abroad.
iV9Hex2vIdg_sentence_321.wav,I did it because of you.
iV9Hex2vIdg_sentence_331.wav,Quality
iV9Hex2vIdg_sentence_339.wav,Check my messages and please call me back right after.
iV9Hex2vIdg_sentence_341.wav,Did anyone call me while I was out?
iV9Hex2vIdg_sentence_347.wav,There are many wild animals in this forest.
iV9Hex2vIdg_sentence_352.wav,I bought this house as an investment.
iV9Hex2vIdg_sentence_356.wav,The best investment you can make is in yourself.
iV9Hex2vIdg_sentence_357.wav,Brain. The brain is the center of the nervous system. The brain is the center of the nervous system.
iV9Hex2vIdg_sentence_358.wav,Monday
iV9Hex2vIdg_sentence_359.wav,"It's Monday today, isn't it?"
iV9Hex2vIdg_sentence_360.wav,Are you busy next Monday?
iV9Hex2vIdg_sentence_383.wav,She has dark skin.
iV9Hex2vIdg_sentence_387.wav,Recent
iV9Hex2vIdg_sentence_391.wav,There have been many changes in recent years.
iV9Hex2vIdg_sentence_406.wav,We've been searching for you for hours.
iV9Hex2vIdg_sentence_407.wav,I found my dog after a long search.
iV9Hex2vIdg_sentence_431.wav,The road ahead was blocked.
iV9Hex2vIdg_sentence_442.wav,Call me if you have any problems regarding your work.
iV9Hex2vIdg_sentence_443.wav,"If you have any questions regarding this problem, call me."
iV9Hex2vIdg_sentence_446.wav,"The boy who sat beside him was his son, who"
iV9Hex2vIdg_sentence_454.wav,The country's economy is about to collapse.
iV9Hex2vIdg_sentence_458.wav,Have you already read this book?
iV9Hex2vIdg_sentence_464.wav,Limited.
iV9Hex2vIdg_sentence_466.wav,Your time is limited.
iV9Hex2vIdg_sentence_468.wav,We're working on a limited budget.
iV9Hex2vIdg_sentence_471.wav,Around.
iV9Hex2vIdg_sentence_484.wav,He is fully aware of the problem.
iV9Hex2vIdg_sentence_490.wav,My opinion differs from yours.
iV9Hex2vIdg_sentence_491.wav,"That is my pencil, and this is yours."
iV9Hex2vIdg_sentence_493.wav,My aunt sent me a birthday present.
iV9Hex2vIdg_sentence_505.wav,The church was largely rebuilt at the end of the 15th century.
iV9Hex2vIdg_sentence_509.wav,He walked across the field.
ihK-SbRzvOk_sentence_014.wav,Ridiculous.
ihK-SbRzvOk_sentence_022.wav,Your help is highly appreciated.
ihK-SbRzvOk_sentence_039.wav,How is your holiday?
ihK-SbRzvOk_sentence_049.wav,She thanked him for his helpful advice.
ihK-SbRzvOk_sentence_054.wav,Swim.
ihK-SbRzvOk_sentence_059.wav,I can swim across the river.
ihK-SbRzvOk_sentence_070.wav,The book has been translated into several languages.
ihK-SbRzvOk_sentence_072.wav,What lesson?
ihK-SbRzvOk_sentence_079.wav,Unique.
ihK-SbRzvOk_sentence_086.wav,Could you please tell me your height and weight?
ihK-SbRzvOk_sentence_088.wav,What's the height of the mountain?
ihK-SbRzvOk_sentence_117.wav,Including
ihK-SbRzvOk_sentence_118.wav,There are ten people including you.
ihK-SbRzvOk_sentence_135.wav,She spends most of her income on books.
ihK-SbRzvOk_sentence_153.wav,"May I see your invitation, please?"
ihK-SbRzvOk_sentence_161.wav,Why don't you take your jacket off?
ihK-SbRzvOk_sentence_173.wav,I'm satisfied with her progress.
ihK-SbRzvOk_sentence_226.wav,Breakfast is served between 7 and 9 a.m.
ihK-SbRzvOk_sentence_231.wav,She served deserve.
ihK-SbRzvOk_sentence_235.wav,You deserve to be object. Object.
ihK-SbRzvOk_sentence_246.wav,My mother objects to smoking.
ja6qPCZlNbQ_sentence_001.wav,We only sell high quality products.
ja6qPCZlNbQ_sentence_002.wav,She has all the qualities of a good teacher.
ja6qPCZlNbQ_sentence_003.wav,Quality is more important than quantity.
ja6qPCZlNbQ_sentence_017.wav,What's his most recent book?
ja6qPCZlNbQ_sentence_052.wav,Be it.
ja6qPCZlNbQ_sentence_060.wav,You can't force me to do anything.
ja6qPCZlNbQ_sentence_061.wav,She forced him to sit down.
ja6qPCZlNbQ_sentence_068.wav,I will show you around the town.
ja6qPCZlNbQ_sentence_072.wav,The nearest town is 10 miles away.
ja6qPCZlNbQ_sentence_077.wav,I was not fully aware of the danger.
ja6qPCZlNbQ_sentence_101.wav,West.
ja6qPCZlNbQ_sentence_103.wav,The sun rises in the east and sets in the west.
ja6qPCZlNbQ_sentence_105.wav,We have a good heating system.
ja6qPCZlNbQ_sentence_109.wav,Insult. Insult.
ja6qPCZlNbQ_sentence_118.wav,"I didn't mean to make you nervous, said"
ja6qPCZlNbQ_sentence_124.wav,The Grand Canyon is one of the natural wonders of the world.
ja6qPCZlNbQ_sentence_146.wav,"the narrow roads were blocked by cars. He stood up, blocking her escape."
ja6qPCZlNbQ_sentence_161.wav,Cancer.
ja6qPCZlNbQ_sentence_164.wav,A lot of cancers can now be treated successfully.
ja6qPCZlNbQ_sentence_171.wav,I told him I was engaged.
ja6qPCZlNbQ_sentence_182.wav,She is determined to leave the company.
ja6qPCZlNbQ_sentence_201.wav,Thanks for your advice.
ja6qPCZlNbQ_sentence_202.wav,Let me give you a piece of advice.
ja6qPCZlNbQ_sentence_207.wav,"May I have your attention, please?"
ja6qPCZlNbQ_sentence_232.wav,I am struggling with my health.
ja6qPCZlNbQ_sentence_236.wav,He has taken over his father's business.
ja6qPCZlNbQ_sentence_241.wav,I want you to return the book I lent you the other day.
ja6qPCZlNbQ_sentence_246.wav,They want me to organize the party.
ja6qPCZlNbQ_sentence_247.wav,You need to organize your time better.
ja6qPCZlNbQ_sentence_271.wav,She has a soft voice.
ja6qPCZlNbQ_sentence_274.wav,North.
ja6qPCZlNbQ_sentence_278.wav,I'm at the North Gate.
ja6qPCZlNbQ_sentence_288.wav,"You really want to win this bet, don't you?"
ja6qPCZlNbQ_sentence_292.wav,Sex
ja6qPCZlNbQ_sentence_299.wav,Stupid.
ja6qPCZlNbQ_sentence_304.wav,That's a stupid question.
ja6qPCZlNbQ_sentence_305.wav,I think that's a really stupid idea.
ja6qPCZlNbQ_sentence_325.wav,Absence.
ja6qPCZlNbQ_sentence_327.wav,The decision was made in my absence.
ja6qPCZlNbQ_sentence_328.wav,He revealed the real reason for his absence.
ja6qPCZlNbQ_sentence_331.wav,I have no intention of doing that.
ja6qPCZlNbQ_sentence_333.wav,I have no intention of telling you the result.
ja6qPCZlNbQ_sentence_343.wav,Attitude is Everything is my favorite book.
ja6qPCZlNbQ_sentence_346.wav,Asians generally have black hair.
ja6qPCZlNbQ_sentence_351.wav,Birth. He was blind from birth. There were three births at the hospital last night.
ja6qPCZlNbQ_sentence_361.wav,Are you having financial problems?
ja6qPCZlNbQ_sentence_364.wav,Possibility.
ja6qPCZlNbQ_sentence_365.wav,We have three possibilities.
ja6qPCZlNbQ_sentence_380.wav,Many young people in Vietnam are currently unemployed.
ja6qPCZlNbQ_sentence_394.wav,Come and see me any time you like.
ja6qPCZlNbQ_sentence_409.wav,Lunch.
ja6qPCZlNbQ_sentence_414.wav,Would you like to have lunch together?
ja6qPCZlNbQ_sentence_420.wav,The rules need to be adjusted as soon as possible.
ja6qPCZlNbQ_sentence_421.wav,Wake.
ja6qPCZlNbQ_sentence_427.wav,Please wake me up at 6.30.
ja6qPCZlNbQ_sentence_437.wav,He spoke so fast that I couldn't follow him.
ja6qPCZlNbQ_sentence_441.wav,Please follow me.
ja6qPCZlNbQ_sentence_444.wav,She argued with him about money.
ja6qPCZlNbQ_sentence_445.wav,She argued that it's too early to make a decision.
ja6qPCZlNbQ_sentence_446.wav,I don't want to argue with you about it.
ja6qPCZlNbQ_sentence_457.wav,There's still plenty of room for improvement.
ja6qPCZlNbQ_sentence_461.wav,Suggest.
ja6qPCZlNbQ_sentence_462.wav,I suggest a different approach to this problem.
ja6qPCZlNbQ_sentence_465.wav,Can you suggest another solution?
ja6qPCZlNbQ_sentence_470.wav,You can see many animals in this forest.
ja6qPCZlNbQ_sentence_472.wav,He walked through the forest.
ja6qPCZlNbQ_sentence_475.wav,We are living in the 21st century.
ja6qPCZlNbQ_sentence_484.wav,Does anyone here speak English?
ja6qPCZlNbQ_sentence_490.wav,Glass.
ja6qPCZlNbQ_sentence_492.wav,He broke the glass.
ja6qPCZlNbQ_sentence_522.wav,We should hire someone who can speak English.
kG1FsEsNE90_sentence_009.wav,Tomorrow is my first day at work. Do I need to buy a suit?
kG1FsEsNE90_sentence_036.wav,You've got sharp eyes.
kG1FsEsNE90_sentence_053.wav,Do you mind if I turn down the T V?
kG1FsEsNE90_sentence_059.wav,Enjoy.
kG1FsEsNE90_sentence_071.wav,My legs are beginning to tire.
kG1FsEsNE90_sentence_093.wav,Hanoi is the capital of Vietnam.
kG1FsEsNE90_sentence_095.wav,Capital is a critical ingredient for the success of a business.
kG1FsEsNE90_sentence_1002.wav,I believe in you. I'm innocent. Please believe me.
kG1FsEsNE90_sentence_113.wav,I'm raising money for good causes.
kG1FsEsNE90_sentence_116.wav,The cause of the accident is not clear.
kG1FsEsNE90_sentence_147.wav,The machine must be checked weekly.
kG1FsEsNE90_sentence_163.wav,She visits him quite often.
kG1FsEsNE90_sentence_173.wav,How much is this clock?
kG1FsEsNE90_sentence_233.wav,He whispered something in her ear.
kG1FsEsNE90_sentence_242.wav,She's a government official.
kG1FsEsNE90_sentence_257.wav,Do you remember mail?
kG1FsEsNE90_sentence_267.wav,Husband
kG1FsEsNE90_sentence_268.wav,He will be a good husband.
kG1FsEsNE90_sentence_269.wav,What's your husband's name?
kG1FsEsNE90_sentence_270.wav,Where is my husband?
kG1FsEsNE90_sentence_273.wav,They had to leave at midnight.
kG1FsEsNE90_sentence_274.wav,I often wake up at midnight.
kG1FsEsNE90_sentence_278.wav,She used to hate him.
kG1FsEsNE90_sentence_280.wav,"You hate your job, don't you?"
kG1FsEsNE90_sentence_284.wav,What will happen if I push this button?
kG1FsEsNE90_sentence_295.wav,He is the image of his father.
kG1FsEsNE90_sentence_297.wav,Soap was bad for his face.
kG1FsEsNE90_sentence_298.wav,Bad.
kG1FsEsNE90_sentence_333.wav,I have nothing more to say on the subject.
kG1FsEsNE90_sentence_357.wav,She falls in love with him.
kG1FsEsNE90_sentence_364.wav,He stumbled and fell.
kG1FsEsNE90_sentence_439.wav,We plan to build a new house next year.
kG1FsEsNE90_sentence_453.wav,Please accept our sincere apologies.
kG1FsEsNE90_sentence_455.wav,He asked me to marry him and I accepted.
kG1FsEsNE90_sentence_475.wav,Who invented this machine?
kG1FsEsNE90_sentence_492.wav,He's just arrived.
kG1FsEsNE90_sentence_506.wav,How long forecast?
kG1FsEsNE90_sentence_519.wav,Have a nice day.
kG1FsEsNE90_sentence_520.wav,What time do you get up every day?
kG1FsEsNE90_sentence_529.wav,Real
kG1FsEsNE90_sentence_553.wav,She used capital.
kG1FsEsNE90_sentence_566.wav,This is an ideal opportunity to save money.
kG1FsEsNE90_sentence_585.wav,I greatly appreciate your kindness.
kG1FsEsNE90_sentence_586.wav,She has contributed greatly to our success.
kG1FsEsNE90_sentence_591.wav,I was greatly impressed by your presentation.
kG1FsEsNE90_sentence_622.wav,Don't let me fall asleep.
kG1FsEsNE90_sentence_632.wav,She gently laid the baby down on the bed.
kG1FsEsNE90_sentence_648.wav,Such toys have a bad influence on children.
kG1FsEsNE90_sentence_661.wav,Tire.
kG1FsEsNE90_sentence_699.wav,We're going to test the new material.
kG1FsEsNE90_sentence_703.wav,Here's a sample of the material I want.
kG1FsEsNE90_sentence_710.wav,The supermarket opens at 7 AM.
kG1FsEsNE90_sentence_711.wav,"Excuse me, where is the nearest supermarket?"
kG1FsEsNE90_sentence_712.wav,I used to work in a supermarket.
kG1FsEsNE90_sentence_725.wav,It's too shock.
kG1FsEsNE90_sentence_731.wav,"Sooner or later, she'll get over the shock."
kG1FsEsNE90_sentence_750.wav,Everywhere.
kG1FsEsNE90_sentence_752.wav,His dog follows him everywhere.
kG1FsEsNE90_sentence_761.wav,"Try it on, it's your size."
kG1FsEsNE90_sentence_816.wav,There is no place like home.
kG1FsEsNE90_sentence_819.wav,I plan to write a book.
kG1FsEsNE90_sentence_820.wav,Please write your name in capitals.
kG1FsEsNE90_sentence_821.wav,"Could you write it down for me, please?"
kG1FsEsNE90_sentence_822.wav,I plan to write Silence.
kG1FsEsNE90_sentence_827.wav,She sat there in silence.
kG1FsEsNE90_sentence_845.wav,Have you finished your English homework yet?
kG1FsEsNE90_sentence_846.wav,I've just finished my homework.
kG1FsEsNE90_sentence_849.wav,Each
kG1FsEsNE90_sentence_853.wav,Brush influence.
kG1FsEsNE90_sentence_902.wav,I'm the only one you can trust.
kG1FsEsNE90_sentence_903.wav,I have absolute trust in him.
kG1FsEsNE90_sentence_907.wav,You shouldn't trust that man.
kG1FsEsNE90_sentence_912.wav,Ha well known.
kG1FsEsNE90_sentence_921.wav,They walked along a narrow path.
kG1FsEsNE90_sentence_932.wav,Forecast
kG1FsEsNE90_sentence_933.wav,What's the weather forecast for tomorrow?
kG1FsEsNE90_sentence_937.wav,Rain is forecast for this evening.
kG1FsEsNE90_sentence_939.wav,Side
kG1FsEsNE90_sentence_947.wav,You can park on either side of the street.
kG1FsEsNE90_sentence_966.wav,I'll be back in a second.
kG1FsEsNE90_sentence_997.wav,I believe we've already met.
kG1FsEsNE90_sentence_999.wav,I believe in you.
lQuu1XM80ng_sentence_002.wav,I'm not sure if he can come.
lQuu1XM80ng_sentence_017.wav,he finds it difficult to stop drinking.
lQuu1XM80ng_sentence_021.wav,There is nothing as exciting as meeting an old friend unexpectedly.
lQuu1XM80ng_sentence_053.wav,No matter
lQuu1XM80ng_sentence_079.wav,I assure you.
lQuu1XM80ng_sentence_090.wav,Enough to
lQuu1XM80ng_sentence_097.wav,From scratch.
lQuu1XM80ng_sentence_100.wav,from scratch.
lQuu1XM80ng_sentence_109.wav,How often do you
lQuu1XM80ng_sentence_114.wav,How often do you see him?
lQuu1XM80ng_sentence_143.wav,You are not too
lQuu1XM80ng_sentence_144.wav,You are not to doze off in class.
lQuu1XM80ng_sentence_145.wav,You are not to waste your time doing nothing.
lQuu1XM80ng_sentence_146.wav,You are not to scribble on the wall.
lQuu1XM80ng_sentence_155.wav,I the point is that.
lQuu1XM80ng_sentence_157.wav,The point is that you don't understand the question.
lQuu1XM80ng_sentence_167.wav,This is by far the best method.
lQuu1XM80ng_sentence_174.wav,But this doesn't mean that.
lQuu1XM80ng_sentence_175.wav,"We are your employees, but this doesn't mean that we must obey you unconditionally."
lQuu1XM80ng_sentence_186.wav,I jumped out of bed as soon as the alarm clock went off.
lQuu1XM80ng_sentence_187.wav,What I'm trying to say is
lQuu1XM80ng_sentence_188.wav,What I'm trying to say is that he is a good husband.
lQuu1XM80ng_sentence_189.wav,What I'm trying to say
lQuu1XM80ng_sentence_190.wav,is that it's worth buying.
lQuu1XM80ng_sentence_191.wav,What I'm trying to say is that human nature doesn't change.
lQuu1XM80ng_sentence_192.wav,What I'm be careful with.
lQuu1XM80ng_sentence_203.wav,As long as
lQuu1XM80ng_sentence_204.wav,"As long as you promise to be careful, you can borrow my car."
lQuu1XM80ng_sentence_209.wav,You can go home early as long as you finish your work.
lQuu1XM80ng_sentence_218.wav,Turn out.
lQuu1XM80ng_sentence_225.wav,"On one hand,"
lQuu1XM80ng_sentence_226.wav,"On the other hand,"
lQuu1XM80ng_sentence_227.wav,"On one hand, it's convenient, but on the other hand, it's time consuming."
lQuu1XM80ng_sentence_228.wav,"On one hand he is very obedient to his wife, on the other hand he treats his parents badly."
lQuu1XM80ng_sentence_229.wav,"On one hand, Jason does everything in the office. Deal with."
lQuu1XM80ng_sentence_243.wav,"I invited him for eight o'clock, but he didn't show up until nine thirty."
lQuu1XM80ng_sentence_256.wav,They will take about eighteen months.
lQuu1XM80ng_sentence_257.wav,How long does it take to get to the station by subway?
lQuu1XM80ng_sentence_262.wav,Do you have any tickets available?
lQuu1XM80ng_sentence_264.wav,Do you have any single rooms available?
lQuu1XM80ng_sentence_266.wav,Do you have any shoes in size twenty available?
lQuu1XM80ng_sentence_273.wav,"No matter how hard she tried, she couldn't please him."
lQuu1XM80ng_sentence_278.wav,What do you like?
lQuu1XM80ng_sentence_282.wav,What are the chances of?
lQuu1XM80ng_sentence_283.wav,What are the chances of that happening?
lQuu1XM80ng_sentence_284.wav,What are the chances of winning the game?
lQuu1XM80ng_sentence_288.wav,What are the chances of getting a ticket?
lQuu1XM80ng_sentence_289.wav,On time.
lQuu1XM80ng_sentence_293.wav,Get along.
lQuu1XM80ng_sentence_301.wav,I found it difficult to get along with him.
lQuu1XM80ng_sentence_304.wav,The first thing I'm going to do when
lQuu1XM80ng_sentence_306.wav,The first thing I'm going to do when I get home is sleep for a whole day.
lQuu1XM80ng_sentence_307.wav,The first thing I'm going to do when I get a pay raise is to treat you to dinner.
lQuu1XM80ng_sentence_308.wav,What's your favorite?
lQuu1XM80ng_sentence_310.wav,Who's your favourite film star?
lQuu1XM80ng_sentence_311.wav,What's your favorite subject?
lQuu1XM80ng_sentence_312.wav,What's your favorite dish?
lQuu1XM80ng_sentence_315.wav,I dare say.
lQuu1XM80ng_sentence_319.wav,I dare say you will succeed in the election.
lQuu1XM80ng_sentence_320.wav,I dare say he won't come.
lQuu1XM80ng_sentence_323.wav,It looks like
lQuu1XM80ng_sentence_324.wav,It looks like he has a crush on you.
lQuu1XM80ng_sentence_325.wav,It looks like the flight was delayed.
lQuu1XM80ng_sentence_334.wav,I don't care.
lQuu1XM80ng_sentence_336.wav,I don't care where we eat dinner. It's entirely up to you.
lQuu1XM80ng_sentence_346.wav,I'd be grateful if you'd be quiet.
lQuu1XM80ng_sentence_348.wav,I'd be grateful.
lQuu1XM80ng_sentence_359.wav,I find it difficult to...
lQuu1XM80ng_sentence_368.wav,What is it for?
lQuu1XM80ng_sentence_369.wav,What did you say that for?
lQuu1XM80ng_sentence_370.wav,What do you need so much money for?
lQuu1XM80ng_sentence_371.wav,What is
lQuu1XM80ng_sentence_373.wav,"According to what I heard, they have broken up."
lQuu1XM80ng_sentence_381.wav,Let's try.
lQuu1XM80ng_sentence_383.wav,Let's try to do it again.
lQuu1XM80ng_sentence_385.wav,Let's try another approach.
lQuu1XM80ng_sentence_400.wav,What do you think about?
lQuu1XM80ng_sentence_404.wav,"It may surprise you, but"
lQuu1XM80ng_sentence_405.wav,"It may surprise you, but I paid off all the debts in a year."
lQuu1XM80ng_sentence_408.wav,"It may surprise you, but Maggie refused my proposal."
lQuu1XM80ng_sentence_409.wav,How much does it cost to
lQuu1XM80ng_sentence_410.wav,How much does it cost to become a member of the club?
lQuu1XM80ng_sentence_414.wav,How much does it cost to eat at such a place?
lQuu1XM80ng_sentence_415.wav,How much does it cost to build a house?
lQuu1XM80ng_sentence_427.wav,Where can I?
lQuu1XM80ng_sentence_428.wav,Where can I get a map?
lQuu1XM80ng_sentence_429.wav,Where can I find a policeman?
lQuu1XM80ng_sentence_430.wav,Where can I find him?
lQuu1XM80ng_sentence_431.wav,Where can I get a little bit of a drink?
lQuu1XM80ng_sentence_433.wav,"To be honest, you are the most beautiful woman I've ever met."
lQuu1XM80ng_sentence_434.wav,"To be honest, I think that tie doesn't suit you."
lQuu1XM80ng_sentence_440.wav,How often do you check your email?
lQuu1XM80ng_sentence_445.wav,How often do you wash your bed sheets?
lQuu1XM80ng_sentence_462.wav,I had my watch fixed yesterday afternoon.
lQuu1XM80ng_sentence_467.wav,Get something done.
lQuu1XM80ng_sentence_468.wav,I got my car washed at this place.
lQuu1XM80ng_sentence_479.wav,Point out.
lQuu1XM80ng_sentence_481.wav,Let me point out some grammar mistakes in the essay.
lQuu1XM80ng_sentence_483.wav,I'd like to point out some problems regarding your suggestion.
lQuu1XM80ng_sentence_485.wav,He pointed out a few potential problems.
lQuu1XM80ng_sentence_491.wav,Don't be afraid to admit to your mistakes.
lQuu1XM80ng_sentence_493.wav,How about
lQuu1XM80ng_sentence_494.wav,How about a cup of tea?
lQuu1XM80ng_sentence_496.wav,How about going to a movie with me?
lQuu1XM80ng_sentence_498.wav,How about staying for dinner?
lQuu1XM80ng_sentence_500.wav,I'm good at.
lQuu1XM80ng_sentence_504.wav,Are you?
lQuu1XM80ng_sentence_506.wav,There's no need to be that tense.
lQuu1XM80ng_sentence_507.wav,There's no need to ask for permission.
lQuu1XM80ng_sentence_517.wav,I'd be grateful if you'd give me a hand.
lQuu1XM80ng_sentence_522.wav,I'd be grateful for your help.
lQuu1XM80ng_sentence_536.wav,I'm bored with.
lQuu1XM80ng_sentence_538.wav,I was bored with his speech.
lQuu1XM80ng_sentence_539.wav,I was bored with your old jokes.
lQuu1XM80ng_sentence_540.wav,I'm bored with doing the same thing day after day.
lQuu1XM80ng_sentence_553.wav,Are you interested in politics?
lQuu1XM80ng_sentence_554.wav,Get over.
lQuu1XM80ng_sentence_555.wav,It took me three weeks to get over the flu.
lQuu1XM80ng_sentence_562.wav,Are you sure?
lQuu1XM80ng_sentence_564.wav,Are you sure of what you said?
lQuu1XM80ng_sentence_565.wav,Are you sure that he is not coming?
lQuu1XM80ng_sentence_566.wav,Are you sure about that?
lQuu1XM80ng_sentence_567.wav,All of a sudden.
lQuu1XM80ng_sentence_569.wav,All of a sudden we heard a loud noise.
lQuu1XM80ng_sentence_578.wav,I'm able to.
lQuu1XM80ng_sentence_585.wav,I don't mind.
lQuu1XM80ng_sentence_590.wav,It's my turn to.
lQuu1XM80ng_sentence_592.wav,It's my turn to pay this time.
lQuu1XM80ng_sentence_596.wav,It's your turn to wash the dishes today.
lQuu1XM80ng_sentence_597.wav,I should have.
lQuu1XM80ng_sentence_603.wav,I should have spent more time preparing my presentation.
lQuu1XM80ng_sentence_608.wav,Figure out.
lQuu1XM80ng_sentence_611.wav,I can't figure out why he didn't tell the truth.
lQuu1XM80ng_sentence_630.wav,I'm not sure if it's a compliment or an insult.
lQuu1XM80ng_sentence_640.wav,Do you get along with your boss?
lQuu1XM80ng_sentence_655.wav,It looks like.
lQuu1XM80ng_sentence_666.wav,It looks like you're in a good mood.
lQuu1XM80ng_sentence_681.wav,Let's try to figure out how to solve this problem.
lQuu1XM80ng_sentence_694.wav,There's no need to.
lQuu1XM80ng_sentence_709.wav,I look forward to
lQuu1XM80ng_sentence_727.wav,By accident.
lQuu1XM80ng_sentence_731.wav,I only found it by accident.
lQuu1XM80ng_sentence_735.wav,As well as
lQuu1XM80ng_sentence_737.wav,I can speak Japanese as well as English.
lQuu1XM80ng_sentence_738.wav,I love playing football as well as my other friends.
lQuu1XM80ng_sentence_739.wav,She has experience as well as knowledge.
lQuu1XM80ng_sentence_750.wav,I apologize for
lQuu1XM80ng_sentence_751.wav,I sincerely apologize for what I have done.
lQuu1XM80ng_sentence_756.wav,We apologize for the late arrival of the train.
lQuu1XM80ng_sentence_763.wav,I assure you that an error like this will never happen again.
lQuu1XM80ng_sentence_764.wav,In order to
lQuu1XM80ng_sentence_765.wav,"In order to use this service, you need to register an account."
lQuu1XM80ng_sentence_769.wav,He came home early in order to see the kids before they went to bed.
lQuu1XM80ng_sentence_770.wav,I got up early in order to catch the first train.
lQuu1XM80ng_sentence_773.wav,Will we have to start from scratch?
lQuu1XM80ng_sentence_782.wav,"In retrospect, I should have treated her with more respect."
lQuu1XM80ng_sentence_784.wav,I guess I should have read the instructions more carefully.
lQuu1XM80ng_sentence_808.wav,compared to
lQuu1XM80ng_sentence_809.wav,"Compared to other students, she is quite hardworking."
lQuu1XM80ng_sentence_810.wav,"Compared to city life, country life is quiet and peaceful."
lQuu1XM80ng_sentence_811.wav,"Compared to fans, air conditioners are more comfortable."
lQuu1XM80ng_sentence_851.wav,You can have a dog as long as you promise to take care of it.
lQuu1XM80ng_sentence_882.wav,All of a sudden it became cloudy and began to rain.
lQuu1XM80ng_sentence_885.wav,I'm interested in
lQuu1XM80ng_sentence_949.wav,Take over.
lYaX3YkFvKQ_sentence_024.wav,She is trying to prove the existence of ghosts.
lYaX3YkFvKQ_sentence_025.wav,Remarkably.
lYaX3YkFvKQ_sentence_030.wav,"Remarkably, she wasn't hurt in the crash."
lYaX3YkFvKQ_sentence_031.wav,It is a remarkably noisy and crowded city.
lYaX3YkFvKQ_sentence_075.wav,He struggled to retain control of the situation.
lYaX3YkFvKQ_sentence_084.wav,It's a pity that you can't come.
lYaX3YkFvKQ_sentence_088.wav,Producer.
lYaX3YkFvKQ_sentence_090.wav,Vietnam is one of the largest rice producers in the world.
lYaX3YkFvKQ_sentence_094.wav,He is the producer of this film.
lYaX3YkFvKQ_sentence_104.wav,My company launched a new product last month.
lYaX3YkFvKQ_sentence_123.wav,Match.
lYaX3YkFvKQ_sentence_129.wav,I don't want to lose this match.
lYaX3YkFvKQ_sentence_131.wav,My answer matches yours.
lYaX3YkFvKQ_sentence_133.wav,These two colors do not match.
lYaX3YkFvKQ_sentence_142.wav,Local.
lYaX3YkFvKQ_sentence_148.wav,It's difficult to understand the local dialect.
lYaX3YkFvKQ_sentence_164.wav,Alarming.
lYaX3YkFvKQ_sentence_174.wav,Citizen.
lYaX3YkFvKQ_sentence_177.wav,Every citizen may claim the protection of the law.
lYaX3YkFvKQ_sentence_179.wav,Are you a Japanese citizen?
lYaX3YkFvKQ_sentence_180.wav,A good citizen obeys the laws.
lYaX3YkFvKQ_sentence_184.wav,She gave
lYaX3YkFvKQ_sentence_194.wav,We shouldn't deny the existence of these problems.
lYaX3YkFvKQ_sentence_197.wav,Existence
lYaX3YkFvKQ_sentence_199.wav,Do you believe in the existence of God?
lYaX3YkFvKQ_sentence_233.wav,Most of the students are in the 17 to 20 age range.
lYaX3YkFvKQ_sentence_240.wav,All our dreams can come true if we have the courage to pursue them.
lYaX3YkFvKQ_sentence_250.wav,I don't think this idea is worth pursuing.
lYaX3YkFvKQ_sentence_266.wav,I don't need your pity.
lYaX3YkFvKQ_sentence_287.wav,gain.
lYaX3YkFvKQ_sentence_303.wav,He was so confused that his answer did not make any sense.
lYaX3YkFvKQ_sentence_308.wav,Advertising
lYaX3YkFvKQ_sentence_312.wav,The company spends a lot of money on advertising.
lYaX3YkFvKQ_sentence_313.wav,Cigarette advertising has been banned.
lYaX3YkFvKQ_sentence_314.wav,She works for an advertising agency.
lYaX3YkFvKQ_sentence_318.wav,Resource
lYaX3YkFvKQ_sentence_326.wav,The two reports are remarkably similar.
lYaX3YkFvKQ_sentence_336.wav,She has been working in the Institute since 1999.
lYaX3YkFvKQ_sentence_342.wav,Score.
lYaX3YkFvKQ_sentence_343.wav,Messi scored four goals.
lYaX3YkFvKQ_sentence_344.wav,What's the score now?
lYaX3YkFvKQ_sentence_348.wav,The final score was one to one.
lYaX3YkFvKQ_sentence_360.wav,Contest.
lYaX3YkFvKQ_sentence_362.wav,There will be a music contest at our school.
lYaX3YkFvKQ_sentence_371.wav,Eastern.
lYaX3YkFvKQ_sentence_374.wav,Japan is in eastern Asia.
lYaX3YkFvKQ_sentence_375.wav,The eastern part of the country is very mountainous.
lYaX3YkFvKQ_sentence_376.wav,Stamp.
lYaX3YkFvKQ_sentence_378.wav,He has been collecting stamps since he was eight.
lYaX3YkFvKQ_sentence_382.wav,Where can I buy stamps?
lYaX3YkFvKQ_sentence_384.wav,Fold.
lYaX3YkFvKQ_sentence_385.wav,Fold the paper in the middle.
lYaX3YkFvKQ_sentence_386.wav,Please put the folding chairs away.
lYaX3YkFvKQ_sentence_387.wav,It took me several hours to fold all the clothes.
lYaX3YkFvKQ_sentence_392.wav,The frame is made of steel.
lYaX3YkFvKQ_sentence_398.wav,Steel is an important industry in this area.
lYaX3YkFvKQ_sentence_401.wav,Treat him right or I'll kick your ass.
lYaX3YkFvKQ_sentence_410.wav,Garbage.
lYaX3YkFvKQ_sentence_426.wav,He plans to pursue a career in advertising.
lYaX3YkFvKQ_sentence_429.wav,Anniversary
lYaX3YkFvKQ_sentence_431.wav,Congratulations on your wedding anniversary.
lYaX3YkFvKQ_sentence_432.wav,They invited over three hundred guests to their wedding anniversary.
lYaX3YkFvKQ_sentence_434.wav,Today is my parents' wedding anniversary.
lYaX3YkFvKQ_sentence_448.wav,What time is your plane scheduled to take off?
lYaX3YkFvKQ_sentence_450.wav,"Take off your shoes, please."
lYaX3YkFvKQ_sentence_457.wav,We must pay attention to environmental problems.
lg4eZ34RtJM_sentence_024.wav,She didn't finish the race.
lg4eZ34RtJM_sentence_052.wav,He presents a convincing case.
lg4eZ34RtJM_sentence_081.wav,Who is the owner of this car?
lg4eZ34RtJM_sentence_082.wav,She claimed to be the owner of the land.
lg4eZ34RtJM_sentence_119.wav,The sea is calm this morning.
lg4eZ34RtJM_sentence_152.wav,I can assure you that's not true.
lg4eZ34RtJM_sentence_182.wav,The exhibition was very impressive.
lg4eZ34RtJM_sentence_196.wav,He is planning to develop his business.
lg4eZ34RtJM_sentence_209.wav,"Fortunately, no passengers were injured."
lg4eZ34RtJM_sentence_215.wav,Somehow
lg4eZ34RtJM_sentence_216.wav,Somehow we got lost and left behind.
lg4eZ34RtJM_sentence_217.wav,We will get through the jungle somehow.
lg4eZ34RtJM_sentence_232.wav,He dried his hair with a towel.
lg4eZ34RtJM_sentence_234.wav,The paint on the door is not dry yet.
lg4eZ34RtJM_sentence_237.wav,We don't intend to give up.
lg4eZ34RtJM_sentence_245.wav,I work about 40 hours a week.
lg4eZ34RtJM_sentence_247.wav,I'm afraid that you have to work overtime.
lg4eZ34RtJM_sentence_262.wav,I listed my likes and dislikes.
lg4eZ34RtJM_sentence_275.wav,Please wait at the bottom of the stairs.
lg4eZ34RtJM_sentence_277.wav,"In case of fire, do not use the elevator. Use stairs."
lg4eZ34RtJM_sentence_297.wav,Eventually
lg4eZ34RtJM_sentence_334.wav,Pretty soon I realized that I was lost.
lg4eZ34RtJM_sentence_339.wav,Request
lg4eZ34RtJM_sentence_341.wav,I have the information you requested.
lg4eZ34RtJM_sentence_392.wav,I noticed them coming in.
lg4eZ34RtJM_sentence_394.wav,He was fired without notice.
lg4eZ34RtJM_sentence_407.wav,The cost of living has increased dramatically.
lg4eZ34RtJM_sentence_416.wav,Prove.
lg4eZ34RtJM_sentence_423.wav,Letter.
lg4eZ34RtJM_sentence_429.wav,"You're waiter, waitress."
lg4eZ34RtJM_sentence_431.wav,She asked the waiter for a menu.
lg4eZ34RtJM_sentence_435.wav,"Waiter, I'd like to order."
lg4eZ34RtJM_sentence_450.wav,I would like to speak to the head of the department.
lg4eZ34RtJM_sentence_453.wav,Do you want me to throw it away?
lg4eZ34RtJM_sentence_458.wav,Independent.
lg4eZ34RtJM_sentence_461.wav,She is independent of her parents.
lg4eZ34RtJM_sentence_468.wav,I feel very proud to be a part of the team.
lg4eZ34RtJM_sentence_479.wav,Name.
lg4eZ34RtJM_sentence_490.wav,Why do you lie?
lg4eZ34RtJM_sentence_491.wav,I lied to my girlfriend about my age.
lg4eZ34RtJM_sentence_495.wav,She sat next to me.
lg4eZ34RtJM_sentence_496.wav,She is very attractive.
lg4eZ34RtJM_sentence_497.wav,What does your sister do? She's a dentist.
lg4eZ34RtJM_sentence_516.wav,Lack of sleep willing.
lg4eZ34RtJM_sentence_521.wav,I'm willing to take care of your children if you want me to.
lg4eZ34RtJM_sentence_522.wav,He is always willing to help others.
lg4eZ34RtJM_sentence_530.wav,Valley
lg4eZ34RtJM_sentence_533.wav,The river flows through the valley.
lg4eZ34RtJM_sentence_535.wav,Laugh.
lg4eZ34RtJM_sentence_537.wav,Why is everyone laughing at me?
lg4eZ34RtJM_sentence_540.wav,Ask.
lg4eZ34RtJM_sentence_545.wav,Don't hesitate to ask if you want anything.
lg4eZ34RtJM_sentence_546.wav,Don't ask me for money.
lg4eZ34RtJM_sentence_549.wav,You can't imagine how tired I am.
lg4eZ34RtJM_sentence_551.wav,I can't imagine that it's true.
lhfQCs4mfjU_sentence_009.wav,You can purchase souvenirs at the gift shop.
lhfQCs4mfjU_sentence_010.wav,How do you want to pay for your purchases?
lhfQCs4mfjU_sentence_028.wav,Their house is massive.
lhfQCs4mfjU_sentence_076.wav,You're ruining everything.
lhfQCs4mfjU_sentence_089.wav,We are hiring a marketing specialist.
lhfQCs4mfjU_sentence_126.wav,I am in a rush.
lhfQCs4mfjU_sentence_128.wav,Rush.
lhfQCs4mfjU_sentence_154.wav,It's a mid-size car.
lhfQCs4mfjU_sentence_162.wav,Put on your rubber gloves.
lhfQCs4mfjU_sentence_182.wav,"By investing wisely, she accumulated a fortune."
lhfQCs4mfjU_sentence_194.wav,We collected grandparents.
lhfQCs4mfjU_sentence_197.wav,I'm going to phrase.
lhfQCs4mfjU_sentence_221.wav,Adventures are popular themes in children's books.
lhfQCs4mfjU_sentence_249.wav,Irritated.
lhfQCs4mfjU_sentence_251.wav,He seldom gets angry or irritated.
lhfQCs4mfjU_sentence_293.wav,"Excuse me, where is the railway station?"
lhfQCs4mfjU_sentence_294.wav,Government
lhfQCs4mfjU_sentence_298.wav,A temporary government was established.
lhfQCs4mfjU_sentence_310.wav,Wave.
lhfQCs4mfjU_sentence_333.wav,The garden is at the rear of the house.
lhfQCs4mfjU_sentence_375.wav,Occasionally.
lhfQCs4mfjU_sentence_379.wav,We occasionally meet for a drink after work.
lhfQCs4mfjU_sentence_380.wav,It happens occasionally.
lhfQCs4mfjU_sentence_417.wav,For me it was one of the most enjoyable experiences of the festival.
lhfQCs4mfjU_sentence_443.wav,Immediate.
lhfQCs4mfjU_sentence_445.wav,I can't give you an immediate answer.
lhfQCs4mfjU_sentence_446.wav,The medicine had an immediate effect.
lhfQCs4mfjU_sentence_451.wav,This problem demands immediate attention.
lhfQCs4mfjU_sentence_455.wav,Let's approach this problem from a different angle.
lhfQCs4mfjU_sentence_461.wav,The photo was taken from an unusual angle.
lhfQCs4mfjU_sentence_512.wav,"I like poetry, music, and art."
lhfQCs4mfjU_sentence_531.wav,Protest.
lhfQCs4mfjU_sentence_540.wav,His clothes were covered with dirt.
lhfQCs4mfjU_sentence_549.wav,"In Vietnam, tropical fruits are dirt cheap when they are in season."
lhfQCs4mfjU_sentence_556.wav,We believe in the power of prayer.
lhfQCs4mfjU_sentence_558.wav,Equally
lhfQCs4mfjU_sentence_561.wav,The profits are shared out equally among the partners.
lhfQCs4mfjU_sentence_567.wav,They share the housework equally between them.
lhfQCs4mfjU_sentence_570.wav,She waved goodbye to me.
lhfQCs4mfjU_sentence_571.wav,I tried to approach but he waved me away.
lhfQCs4mfjU_sentence_580.wav,Snake.
lhfQCs4mfjU_sentence_581.wav,I'm afraid of snakes.
lhfQCs4mfjU_sentence_582.wav,Is the snake alive?
lhfQCs4mfjU_sentence_589.wav,It's absolutely disgusting.
lhfQCs4mfjU_sentence_602.wav,The room was painted in cheerful colors.
mCWg98-YBsA_sentence_006.wav,The house is relatively new.
mCWg98-YBsA_sentence_013.wav,I don't agree with the government's policy on education.
mCWg98-YBsA_sentence_023.wav,He can drive almost any kind of vehicle.
mCWg98-YBsA_sentence_043.wav,She is my lover.
mCWg98-YBsA_sentence_047.wav,He's a cat lover.
mCWg98-YBsA_sentence_059.wav,I always confuse John and his twin brother.
mCWg98-YBsA_sentence_067.wav,You must encourage him to try again.
mCWg98-YBsA_sentence_083.wav,You need to set realistic goals.
mCWg98-YBsA_sentence_195.wav,The prisoners tried to escape through the main gate.
mCWg98-YBsA_sentence_196.wav,These prisoners were set free yesterday.
mCWg98-YBsA_sentence_235.wav,Automatic
mCWg98-YBsA_sentence_240.wav,Breathing is an automatic function of the body.
mCWg98-YBsA_sentence_275.wav,They stick together like glue.
mCWg98-YBsA_sentence_287.wav,Stop biting your nails.
mCWg98-YBsA_sentence_290.wav,"Can I borrow your nail clipper, please?"
mCWg98-YBsA_sentence_292.wav,We're conducting a survey.
mCWg98-YBsA_sentence_304.wav,Don't rush me. I'm thinking.
mCWg98-YBsA_sentence_374.wav,Do you therefore
mCWg98-YBsA_sentence_382.wav,We have four bedrooms upstairs.
mCWg98-YBsA_sentence_397.wav,and courage.
mCWg98-YBsA_sentence_403.wav,Would you like some salad?
mCWg98-YBsA_sentence_406.wav,This is the best salad I've ever tasted.
mCWg98-YBsA_sentence_421.wav,"She married again in her mid forties, and"
mCWg98-YBsA_sentence_430.wav,He is particularly kind to her.
mCWg98-YBsA_sentence_439.wav,Soup.
mCWg98-YBsA_sentence_440.wav,"Bring me a bowl of soup, please."
mCWg98-YBsA_sentence_442.wav,You should eat your soup before it gets cold.
mCWg98-YBsA_sentence_444.wav,The chicken soup is delicious.
mCWg98-YBsA_sentence_453.wav,Stir the paint before you use it.
mCWg98-YBsA_sentence_456.wav,He was very clever at getting what he wanted.
mCWg98-YBsA_sentence_467.wav,She is highly skilled at dealing with difficult customers.
mCWg98-YBsA_sentence_477.wav,We asked people to boil their drinking water.
mCWg98-YBsA_sentence_478.wav,The matter boils down to this
mCWg98-YBsA_sentence_497.wav,Quarter.
mCWg98-YBsA_sentence_502.wav,Cut the apple into quarters.
mCWg98-YBsA_sentence_503.wav,I waited a quarter of an hour and then went home.
mCWg98-YBsA_sentence_508.wav,Be patient and the situation may resolve itself.
mCWg98-YBsA_sentence_513.wav,He resolved not to tell her the truth.
mCWg98-YBsA_sentence_525.wav,This is an automatic door.
mCWg98-YBsA_sentence_551.wav,Alphabetical.
mCWg98-YBsA_sentence_584.wav,They commit a serious crime.
mCWg98-YBsA_sentence_603.wav,I encouraged him to exercise more often.
mCWg98-YBsA_sentence_610.wav,Rubber.
mCWg98-YBsA_sentence_620.wav,Please refer to page 9.
mCWg98-YBsA_sentence_670.wav,He is a skilled engineer.
mCWg98-YBsA_sentence_680.wav,He reacted instinctively.
mCWg98-YBsA_sentence_697.wav,Strictly.
mCWg98-YBsA_sentence_709.wav,He was irritated by her delay.
mCWg98-YBsA_sentence_718.wav,It is crucial that you get regular exercise if you want to lose weight.
mCWg98-YBsA_sentence_760.wav,"I love music, particularly classical music."
mCWg98-YBsA_sentence_793.wav,Put these words in alphabetical order.
mCWg98-YBsA_sentence_794.wav,The names on the list are in alphabetical order.
mCWg98-YBsA_sentence_839.wav,Tires are made of rubber.
mCWg98-YBsA_sentence_893.wav,He taught the dog to perform some very clever tricks.
mCWg98-YBsA_sentence_894.wav,She was an extremely clever and studious young woman.
mCWg98-YBsA_sentence_897.wav,Thursday.
mCWg98-YBsA_sentence_899.wav,We'll meet on Thursday morning.
mCWg98-YBsA_sentence_900.wav,It has been raining since last Thursday.
mCWg98-YBsA_sentence_902.wav,Hairdresser.
mCWg98-YBsA_sentence_904.wav,He is the best hairdresser here.
mOz6lGMKetU_sentence_030.wav,You made a wise decision.
mOz6lGMKetU_sentence_034.wav,I think this is a wise choice.
mOz6lGMKetU_sentence_037.wav,I've got a rough idea of where I want to go.
mOz6lGMKetU_sentence_067.wav,Prince
mOz6lGMKetU_sentence_069.wav,He is the Prince of England.
mOz6lGMKetU_sentence_078.wav,Argument.
mOz6lGMKetU_sentence_080.wav,Your arguments don't convince me.
mOz6lGMKetU_sentence_085.wav,The argument ended in a fight.
mOz6lGMKetU_sentence_109.wav,He genuinely cares about me.
mOz6lGMKetU_sentence_127.wav,She is receiving treatment for cancer.
mOz6lGMKetU_sentence_162.wav,Are you sure you don't want me to accompany you?
mOz6lGMKetU_sentence_174.wav,She has some lovely pieces of jewelry.
mOz6lGMKetU_sentence_175.wav,My wife works at a jewelry store.
mOz6lGMKetU_sentence_201.wav,The audience exploded with laughter.
mOz6lGMKetU_sentence_225.wav,I can relate to your feelings.
mOz6lGMKetU_sentence_237.wav,That's a mistaken belief.
mOz6lGMKetU_sentence_248.wav,Is there any tea in the pot?
mOz6lGMKetU_sentence_250.wav,There's no coffee left in the pot.
mOz6lGMKetU_sentence_254.wav,Separation
mOz6lGMKetU_sentence_255.wav,She's considering separation or divorce.
mOz6lGMKetU_sentence_259.wav,She met her family after a long separation.
mOz6lGMKetU_sentence_269.wav,The camping trip was spoiled by bad weather.
mOz6lGMKetU_sentence_273.wav,Mir
mOz6lGMKetU_sentence_278.wav,The mere thought of it is enough to make me happy.
mOz6lGMKetU_sentence_288.wav,She always wants to dominate everyone.
mOz6lGMKetU_sentence_294.wav,There are no clean plates left.
mOz6lGMKetU_sentence_297.wav,Award
mOz6lGMKetU_sentence_299.wav,The winner was awarded a gold medal.
mOz6lGMKetU_sentence_301.wav,He certainly deserves the award.
mOz6lGMKetU_sentence_305.wav,Ultimately.
mOz6lGMKetU_sentence_313.wav,Guilty.
mOz6lGMKetU_sentence_317.wav,Do you think he's innocent or guilty?
mOz6lGMKetU_sentence_318.wav,Don't feel guilty about it. It's not your fault.
mOz6lGMKetU_sentence_323.wav,Roll up your sleeves and get to work.
mOz6lGMKetU_sentence_335.wav,He cheerfully admits that he is over 50 years old.
mOz6lGMKetU_sentence_337.wav,Firmly.
mOz6lGMKetU_sentence_345.wav,Formally
mOz6lGMKetU_sentence_346.wav,This method has not been formally admitted.
mOz6lGMKetU_sentence_352.wav,We've never been formally introduced.
mOz6lGMKetU_sentence_353.wav,Impatient.
mOz6lGMKetU_sentence_356.wav,You're so impatient.
mOz6lGMKetU_sentence_357.wav,Don't be so impatient. There's no need to hurry.
mOz6lGMKetU_sentence_364.wav,Please help me take this lid off.
mOz6lGMKetU_sentence_370.wav,Trap.
mOz6lGMKetU_sentence_376.wav,He was trapped in an unhappy marriage.
mOz6lGMKetU_sentence_377.wav,Generously.
mOz6lGMKetU_sentence_378.wav,She tipped the waiter generously.
mOz6lGMKetU_sentence_379.wav,He treats his employees generously.
mOz6lGMKetU_sentence_383.wav,It was one of the most painful experiences of my life.
mOz6lGMKetU_sentence_384.wav,Painful.
mOz6lGMKetU_sentence_399.wav,Explode.
mOz6lGMKetU_sentence_406.wav,Writing
mOz6lGMKetU_sentence_412.wav,He has a unique writing style.
mOz6lGMKetU_sentence_413.wav,She made a lot of money from her writing.
mOz6lGMKetU_sentence_422.wav,I couldn't eat solid food for a week.
mOz6lGMKetU_sentence_443.wav,The new machine functions well.
mOz6lGMKetU_sentence_458.wav,"If you pull too hard, the chain will break."
mOz6lGMKetU_sentence_469.wav,That company dominates the market with over 50% market share.
mOz6lGMKetU_sentence_499.wav,The surrounding area is very quiet.
mVebDiDUOqA_sentence_009.wav,I don't speak English well enough to apply for that job.
mVebDiDUOqA_sentence_012.wav,He claimed to be an expert in finance.
mVebDiDUOqA_sentence_017.wav,He is an expert at solving such problems.
mVebDiDUOqA_sentence_047.wav,Carefully.
mVebDiDUOqA_sentence_052.wav,I made a stupid mistake.
mVebDiDUOqA_sentence_058.wav,Guy.
mVebDiDUOqA_sentence_072.wav,Alcoholic.
mVebDiDUOqA_sentence_075.wav,I don't like alcoholic drinks.
mVebDiDUOqA_sentence_1001.wav,You can borrow my keys. I have a spare set.
mVebDiDUOqA_sentence_1013.wav,Phil
mVebDiDUOqA_sentence_1019.wav,I filled up the bottle with water.
mVebDiDUOqA_sentence_1020.wav,The office was filled with reporters.
mVebDiDUOqA_sentence_103.wav,I'm aware of the difficulties.
mVebDiDUOqA_sentence_115.wav,I don't think it will rain this afternoon.
mVebDiDUOqA_sentence_127.wav,Fact.
mVebDiDUOqA_sentence_132.wav,Both his parents indulged him.
mVebDiDUOqA_sentence_137.wav,I'd like a glass of wine.
mVebDiDUOqA_sentence_138.wav,Please give me a glass of water.
mVebDiDUOqA_sentence_142.wav,"I have confidence in his abilities, and"
mVebDiDUOqA_sentence_160.wav,He made a big mistake.
mVebDiDUOqA_sentence_176.wav,I couldn't think of anything appropriate to say.
mVebDiDUOqA_sentence_182.wav,You should wear something more appropriate for your age.
mVebDiDUOqA_sentence_196.wav,Keep story.
mVebDiDUOqA_sentence_202.wav,"She heard him scream, so she ran into his bedroom."
mVebDiDUOqA_sentence_210.wav,What's the scale of the map?
mVebDiDUOqA_sentence_221.wav,They are jealous of our success.
mVebDiDUOqA_sentence_225.wav,I'm jealous of the people who get to see and be with you every day.
mVebDiDUOqA_sentence_238.wav,Withdraw.
mVebDiDUOqA_sentence_245.wav,I withdrew my application for the job.
mVebDiDUOqA_sentence_246.wav,How much money would you like to withdraw?
mVebDiDUOqA_sentence_247.wav,I withdrew$200 from my savings account.
mVebDiDUOqA_sentence_270.wav,Are you a student?
mVebDiDUOqA_sentence_277.wav,Wife.
mVebDiDUOqA_sentence_278.wav,His wife is a teacher.
mVebDiDUOqA_sentence_281.wav,His around.
mVebDiDUOqA_sentence_289.wav,He entered the room and looked around.
mVebDiDUOqA_sentence_298.wav,"Prices will go up, I suppose."
mVebDiDUOqA_sentence_313.wav,Please wait in the airport lounge. I'll come back soon.
mVebDiDUOqA_sentence_314.wav,How long will it take to go to the airport?
mVebDiDUOqA_sentence_333.wav,Hesitate.
mVebDiDUOqA_sentence_358.wav,The cost of living is rising.
mVebDiDUOqA_sentence_369.wav,He shows great enthusiasm for his work.
mVebDiDUOqA_sentence_392.wav,He hesitated a moment before answering.
mVebDiDUOqA_sentence_397.wav,I appreciate your enthusiasm.
mVebDiDUOqA_sentence_407.wav,Belt. Please fasten your seat belt.
mVebDiDUOqA_sentence_412.wav,We gather here once a week.
mVebDiDUOqA_sentence_438.wav,She has good social skills.
mVebDiDUOqA_sentence_451.wav,Assist.
mVebDiDUOqA_sentence_457.wav,I assisted her in moving the furniture.
mVebDiDUOqA_sentence_467.wav,We are thinking of buying some new furniture.
mVebDiDUOqA_sentence_474.wav,Getting a visa isn't as simple as you might suppose.
mVebDiDUOqA_sentence_500.wav,She appears to be angry.
mVebDiDUOqA_sentence_506.wav,My name doesn't appear on the list.
mVebDiDUOqA_sentence_510.wav,Example
mVebDiDUOqA_sentence_515.wav,The price is too high.
mVebDiDUOqA_sentence_525.wav,My house is north of the city.
mVebDiDUOqA_sentence_534.wav,I like your help.
mVebDiDUOqA_sentence_555.wav,Legal
mVebDiDUOqA_sentence_567.wav,He plans on taking legal action against the company.
mVebDiDUOqA_sentence_577.wav,"It is very early, the sun has not risen yet."
mVebDiDUOqA_sentence_593.wav,The cat jumped onto the table.
mVebDiDUOqA_sentence_615.wav,You must gather further information.
mVebDiDUOqA_sentence_616.wav,Thousands of people gathered there.
mVebDiDUOqA_sentence_624.wav,Noise
mVebDiDUOqA_sentence_627.wav,I can't stand the noise outside.
mVebDiDUOqA_sentence_642.wav,Room
mVebDiDUOqA_sentence_648.wav,There used to be a castle on the hill.
mVebDiDUOqA_sentence_656.wav,You can see the whole city from this hill.
mVebDiDUOqA_sentence_661.wav,The accident happened at 3 p.m.
mVebDiDUOqA_sentence_662.wav,The accident was caused by a sleepy driver.
mVebDiDUOqA_sentence_667.wav,We have limited resources.
mVebDiDUOqA_sentence_695.wav,Please contact my secretary to make an appointment.
mVebDiDUOqA_sentence_716.wav,Bus. I sometimes go to school by bus. She advised him to walk instead of taking a bus.
mVebDiDUOqA_sentence_717.wav,Where's the nearest bus stop? Cigarette.
mVebDiDUOqA_sentence_720.wav,She caught him smoking a cigarette.
mVebDiDUOqA_sentence_722.wav,I promise you I will wait for you to return.
mVebDiDUOqA_sentence_725.wav,Return
mVebDiDUOqA_sentence_739.wav,This room is reserved.
mVebDiDUOqA_sentence_747.wav,Next.
mVebDiDUOqA_sentence_750.wav,Who's next?
mVebDiDUOqA_sentence_756.wav,Who painted this picture?
mVebDiDUOqA_sentence_768.wav,What you did was not legal.
mVebDiDUOqA_sentence_772.wav,I'd like to reserve a table for three at eight o'clock.
mVebDiDUOqA_sentence_787.wav,Don't jump to any conclusions.
mVebDiDUOqA_sentence_810.wav,He complained about the noise.
mVebDiDUOqA_sentence_839.wav,Wedding
mVebDiDUOqA_sentence_841.wav,Tomorrow is our wedding anniversary.
mVebDiDUOqA_sentence_843.wav,The wedding was put off.
mVebDiDUOqA_sentence_845.wav,This wedding dress is very beautiful.
mVebDiDUOqA_sentence_854.wav,"Wait a minute, I will return shortly."
mVebDiDUOqA_sentence_884.wav,He helped me clean up the mess.
mVebDiDUOqA_sentence_888.wav,You must pay attention to him.
mVebDiDUOqA_sentence_891.wav,Happy.
mVebDiDUOqA_sentence_893.wav,Do what makes you happy. Be with who makes you smile.
mVebDiDUOqA_sentence_895.wav,Body
mVebDiDUOqA_sentence_930.wav,Growth begins where we begin to accept our own weakness.
mVebDiDUOqA_sentence_947.wav,We that.
mVebDiDUOqA_sentence_948.wav,That's exactly what I thought.
mVebDiDUOqA_sentence_951.wav,That experiment.
mVebDiDUOqA_sentence_980.wav,Group.
mVebDiDUOqA_sentence_982.wav,Who is the group leader?
my310Q7i_5c_sentence_018.wav,He has proposed a list of political reforms.
my310Q7i_5c_sentence_024.wav,He has several annoying habits.
my310Q7i_5c_sentence_066.wav,The unemployment rate went up to 5%.
my310Q7i_5c_sentence_078.wav,She accused him of lying.
my310Q7i_5c_sentence_127.wav,He couldn't adapt to new circumstances.
my310Q7i_5c_sentence_161.wav,I finally got used to urban life.
my310Q7i_5c_sentence_164.wav,More and more people are moving to urban areas.
my310Q7i_5c_sentence_168.wav,I work at the Ministry of Foreign Affairs.
my310Q7i_5c_sentence_182.wav,I need some glue to seal the envelope.
my310Q7i_5c_sentence_187.wav,"Briefly, I think we should accept their offer."
my310Q7i_5c_sentence_257.wav,She is so annoying.
my310Q7i_5c_sentence_295.wav,Lemon.
my310Q7i_5c_sentence_297.wav,"If life gives you lemons, make lemonade."
my310Q7i_5c_sentence_303.wav,"No matter how hard I tried, I couldn't remember that song's title."
my310Q7i_5c_sentence_326.wav,I'm afraid of snakes. Conduct.
my310Q7i_5c_sentence_347.wav,Don't swim in large waves.
my310Q7i_5c_sentence_353.wav,The bus was late because of the traffic jam.
my310Q7i_5c_sentence_369.wav,Ministry
my310Q7i_5c_sentence_396.wav,He has a strong fighting spirit.
my310Q7i_5c_sentence_404.wav,She is in the publishing business.
my310Q7i_5c_sentence_428.wav,Shadow
my310Q7i_5c_sentence_462.wav,conduct.
my310Q7i_5c_sentence_484.wav,Rapidly
my310Q7i_5c_sentence_485.wav,It's a rapidly growing economy.
my310Q7i_5c_sentence_486.wav,His business is growing rapidly.
my310Q7i_5c_sentence_565.wav,Without a shadow of a doubt he is lying.
my310Q7i_5c_sentence_602.wav,It is widely known that she is a famous singer.
my310Q7i_5c_sentence_614.wav,Throat.
my310Q7i_5c_sentence_616.wav,"Does your throat hurt? Yes, a little."
my310Q7i_5c_sentence_617.wav,I have a sore throat and a slight fever.
my310Q7i_5c_sentence_622.wav,Do you have a headache and a sore throat?
my310Q7i_5c_sentence_625.wav,Slice.
my310Q7i_5c_sentence_626.wav,Would you like a slice of bread?
my310Q7i_5c_sentence_631.wav,I need a different knife to slice the onion.
my310Q7i_5c_sentence_632.wav,Cut the meat into thin slices.
my310Q7i_5c_sentence_642.wav,He glanced up briefly as Connie walked in. She told them briefly what happened. Unemployment.
my310Q7i_5c_sentence_646.wav,What is the unemployment rate at the moment?
my310Q7i_5c_sentence_650.wav,Originally
my310Q7i_5c_sentence_651.wav,"The school was originally very small, but"
my310Q7i_5c_sentence_652.wav,This book was originally written in French.
my310Q7i_5c_sentence_671.wav,Translation.
my310Q7i_5c_sentence_674.wav,She is working on a translation of the novel.
my310Q7i_5c_sentence_675.wav,The book loses something in translation.
my310Q7i_5c_sentence_695.wav,Scientist
my310Q7i_5c_sentence_696.wav,His father is a scientist.
my310Q7i_5c_sentence_698.wav,He is a world-class scientist.
my310Q7i_5c_sentence_700.wav,She wants to be a scientist in the future.
my310Q7i_5c_sentence_702.wav,Decorate.
my310Q7i_5c_sentence_703.wav,She decorated the wall with pictures.
my310Q7i_5c_sentence_708.wav,Let's decorate the Christmas tree.
my310Q7i_5c_sentence_709.wav,We are decorating the conference room.
my310Q7i_5c_sentence_713.wav,"Actor, actress."
my310Q7i_5c_sentence_714.wav,He is a talented actor.
my310Q7i_5c_sentence_718.wav,She wants to become an actress in the future.
my310Q7i_5c_sentence_719.wav,I agree with you that the actors and actresses in the movie are really good looking.
my310Q7i_5c_sentence_741.wav,Labor.
my310Q7i_5c_sentence_743.wav,We need some manual labor this afternoon.
my310Q7i_5c_sentence_746.wav,RAH
my310Q7i_5c_sentence_750.wav,RAW
my310Q7i_5c_sentence_751.wav,Have you ever eaten raw fish?
my310Q7i_5c_sentence_752.wav,Onions can be eaten raw or cooked.
my310Q7i_5c_sentence_753.wav,I never feed my dog raw meat.
my310Q7i_5c_sentence_760.wav,He is very proud of his custom bike.
nI9Abalkh0o_sentence_015.wav,Various
nI9Abalkh0o_sentence_024.wav,Please wait a moment while I write out your receipt. Keep your receipt in case you need to return it.
nI9Abalkh0o_sentence_054.wav,We're in the process of selling our house.
nI9Abalkh0o_sentence_061.wav,There are fifteen pupils in the kindergarten class.
nI9Abalkh0o_sentence_062.wav,How many pupils are there in the school?
nI9Abalkh0o_sentence_084.wav,I didn't quite catch the name of that designer.
nI9Abalkh0o_sentence_120.wav,We sleep in separate rooms.
nI9Abalkh0o_sentence_135.wav,He is struggling with his disease.
nI9Abalkh0o_sentence_148.wav,They were seen kissing in public.
nI9Abalkh0o_sentence_150.wav,The palace is now open to the public.
nI9Abalkh0o_sentence_162.wav,She couldn't stop the tears.
nI9Abalkh0o_sentence_218.wav,Tone
nI9Abalkh0o_sentence_242.wav,Type.
nI9Abalkh0o_sentence_246.wav,These types of books have almost no value.
nI9Abalkh0o_sentence_247.wav,She's not my type.
nI9Abalkh0o_sentence_252.wav,The bank is opposite the supermarket.
nI9Abalkh0o_sentence_254.wav,Strange.
nI9Abalkh0o_sentence_309.wav,I'm so glad to see you.
nI9Abalkh0o_sentence_313.wav,Without
nI9Abalkh0o_sentence_316.wav,She left the room without saying a word.
nI9Abalkh0o_sentence_327.wav,Look.
nI9Abalkh0o_sentence_344.wav,Did you wash your hands?
nI9Abalkh0o_sentence_346.wav,What are you washing?
nI9Abalkh0o_sentence_399.wav,I am looking for a management position.
nI9Abalkh0o_sentence_442.wav,I honestly don't care.
nI9Abalkh0o_sentence_458.wav,She's never satisfied with what she's got.
nI9Abalkh0o_sentence_463.wav,He is quite satisfied with his new job.
nI9Abalkh0o_sentence_481.wav,She has a lovely voice.
nI9Abalkh0o_sentence_499.wav,Please wait a moment while I write out your receipt.
nI9Abalkh0o_sentence_509.wav,Bathroom
nI9Abalkh0o_sentence_516.wav,I'm in perfect health now.
nI9Abalkh0o_sentence_526.wav,The bus is heading toward town.
nY2XN0diEB4_sentence_018.wav,She was nearly hit by a car.
nY2XN0diEB4_sentence_036.wav,It was a remarkable achievement for such a young leader.
nY2XN0diEB4_sentence_047.wav,I don't want to end up in court.
nY2XN0diEB4_sentence_076.wav,I like walking alone on the deserted beach.
nY2XN0diEB4_sentence_094.wav,I want a large tube of toothpaste.
nY2XN0diEB4_sentence_103.wav,That was a frightening accident.
nY2XN0diEB4_sentence_110.wav,They decided to adopt a child.
nY2XN0diEB4_sentence_127.wav,It's hard to give up gambling.
nY2XN0diEB4_sentence_133.wav,It's a shocking waste of money.
nY2XN0diEB4_sentence_183.wav,We have important issues to discuss.
nY2XN0diEB4_sentence_203.wav,the mud has been baked hardly by the sun.
nY2XN0diEB4_sentence_204.wav,She bakes her own bread. Did you fry it or bake it?
nY2XN0diEB4_sentence_210.wav,Preference.
nY2XN0diEB4_sentence_250.wav,She's banned from that club.
nY2XN0diEB4_sentence_272.wav,He hit me on the head.
nY2XN0diEB4_sentence_297.wav,Are you on your way to the tennis court?
nY2XN0diEB4_sentence_298.wav,Deliberately.
nY2XN0diEB4_sentence_327.wav,Our dog has been poisoned.
nY2XN0diEB4_sentence_345.wav,Their parallel lines.
nY2XN0diEB4_sentence_349.wav,Ladder.
nY2XN0diEB4_sentence_367.wav,I've lost my passport. What should I do?
nY2XN0diEB4_sentence_376.wav,She was born in a remote village in Vietnam.
nY2XN0diEB4_sentence_425.wav,Navy
nY2XN0diEB4_sentence_429.wav,Why do you want to join the Navy?
nY2XN0diEB4_sentence_430.wav,"He's an officer in the Navy, said"
nY2XN0diEB4_sentence_436.wav,"As a rule, I don't drink coffee."
nY2XN0diEB4_sentence_438.wav,This rule has no exceptions.
nY2XN0diEB4_sentence_496.wav,The latter point is the most important.
nY2XN0diEB4_sentence_497.wav,It happened in the latter half of the year.
nY2XN0diEB4_sentence_502.wav,The latter half of the game was very exciting.
nY2XN0diEB4_sentence_518.wav,Do you know how to operate this machine?
nY2XN0diEB4_sentence_527.wav,Communicate.
nY2XN0diEB4_sentence_529.wav,Pilots communicate with the airport by radio.
nY2XN0diEB4_sentence_533.wav,We communicate with each other by telephone every day.
nY2XN0diEB4_sentence_536.wav,I want a leather jacket.
nY2XN0diEB4_sentence_559.wav,The book was banned in several countries.
nY2XN0diEB4_sentence_565.wav,Technical.
nY2XN0diEB4_sentence_568.wav,The article is full of technical terms.
nY2XN0diEB4_sentence_573.wav,There are a few technical problems.
nY2XN0diEB4_sentence_574.wav,We had to make ten calls to technical support to get the computer working.
nY2XN0diEB4_sentence_589.wav,He made fun of my accent.
nY2XN0diEB4_sentence_618.wav,I didn't do it deliberately.
nY2XN0diEB4_sentence_623.wav,It was the most frightening experience in my life.
nY2XN0diEB4_sentence_662.wav,It's his arrogance that really irritates me.
nY2XN0diEB4_sentence_731.wav,The school is quite deserted.
nY2XN0diEB4_sentence_749.wav,Spread.
nY2XN0diEB4_sentence_806.wav,Suffering
nY2XN0diEB4_sentence_811.wav,Are you okay?
nY2XN0diEB4_sentence_812.wav,Respond.
nY2XN0diEB4_sentence_821.wav,You haven't responded to my email yet.
nY2XN0diEB4_sentence_826.wav,Let's go say hi to them.
nY2XN0diEB4_sentence_854.wav,These proposals will need a lot of revision.
nY2XN0diEB4_sentence_884.wav,His wife is very religious.
nY2XN0diEB4_sentence_909.wav,I love green peppers.
nlFf2MKo-UE_sentence_002.wav,What is the departure time?
nlFf2MKo-UE_sentence_010.wav,This new investment will multiply our profit.
nlFf2MKo-UE_sentence_028.wav,"The narrow roads were blocked by cars,"
nlFf2MKo-UE_sentence_068.wav,Entire.
nlFf2MKo-UE_sentence_081.wav,Good time management skills are essential to success in any area.
nlFf2MKo-UE_sentence_145.wav,I like to shop at the department store.
nlFf2MKo-UE_sentence_149.wav,I never dream of doing such a thing.
nlFf2MKo-UE_sentence_168.wav,Entirely.
nlFf2MKo-UE_sentence_178.wav,Who moved the furniture?
nlFf2MKo-UE_sentence_239.wav,Tell me the reason why he has been fired.
nlFf2MKo-UE_sentence_248.wav,Try to recall exactly what happened.
nlFf2MKo-UE_sentence_262.wav,We forget.
nlFf2MKo-UE_sentence_265.wav,I forgot to turn off the T V before going Hope.
nlFf2MKo-UE_sentence_267.wav,I hope that he will succeed.
nlFf2MKo-UE_sentence_286.wav,Please put it back in its place.
nlFf2MKo-UE_sentence_295.wav,I had a fight with my older brother yesterday.
nlFf2MKo-UE_sentence_306.wav,The teacher told us a funny story.
nlFf2MKo-UE_sentence_318.wav,"I'm sorry, I didn't do it on purpose."
nlFf2MKo-UE_sentence_324.wav,I'm not used to getting up early.
nlFf2MKo-UE_sentence_325.wav,Why did you come home so early?
nlFf2MKo-UE_sentence_329.wav,Call me early tomorrow morning.
nlFf2MKo-UE_sentence_340.wav,What a gloomy day It makes me feel blue.
nlFf2MKo-UE_sentence_356.wav,I think I smell something burning.
nlFf2MKo-UE_sentence_380.wav,Capital.
nlFf2MKo-UE_sentence_417.wav,I'm not looking for a favor.
nlFf2MKo-UE_sentence_418.wav,Wherever.
nlFf2MKo-UE_sentence_437.wav,Do you think it'll make a difference?
nlFf2MKo-UE_sentence_440.wav,Do you think equal?
nlFf2MKo-UE_sentence_450.wav,He doesn't like us.
nlFf2MKo-UE_sentence_463.wav,I've just finished lunch.
nlFf2MKo-UE_sentence_468.wav,Where do you want to go for lunch?
nlFf2MKo-UE_sentence_472.wav,flat.
nlFf2MKo-UE_sentence_484.wav,We often express our emotions non-verbally.
nlFf2MKo-UE_sentence_525.wav,"Of these two options, the former is less expensive, while the latter is less risky."
nlFf2MKo-UE_sentence_537.wav,I can understand French to a certain extent.
nlFf2MKo-UE_sentence_566.wav,"He stood up, blocking her escape."
nlFf2MKo-UE_sentence_629.wav,I've never been this nervous in my entire life.
nlFf2MKo-UE_sentence_632.wav,I read the entire book.
nlFf2MKo-UE_sentence_663.wav,Your future is created by what you do today.
nlFf2MKo-UE_sentence_665.wav,Don't point your finger at me.
nlFf2MKo-UE_sentence_682.wav,Below
nlFf2MKo-UE_sentence_683.wav,Please do not write below this line.
nlFf2MKo-UE_sentence_750.wav,You look nice with your hair short.
nlFf2MKo-UE_sentence_762.wav,Box
nlFf2MKo-UE_sentence_764.wav,"She tried to lift the box, but found it impossible. Do you know how to open this box?"
nlFf2MKo-UE_sentence_766.wav,She ate a whole box of chocolates that night.
nlFf2MKo-UE_sentence_784.wav,Enjoy your meal.
nlFf2MKo-UE_sentence_800.wav,He offered to pay for the damages.
nlFf2MKo-UE_sentence_805.wav,How bad is the damage?
nlFf2MKo-UE_sentence_806.wav,Confidence.
nlFf2MKo-UE_sentence_811.wav,Self-confidence is the key to success.
nlFf2MKo-UE_sentence_817.wav,Please arrange a meeting with your manager.
nlFf2MKo-UE_sentence_818.wav,Can you arrange for us to meet your parents?
nlFf2MKo-UE_sentence_821.wav,Why don't we go swimming this afternoon?
nlFf2MKo-UE_sentence_848.wav,You look very lovely tonight.
nlFf2MKo-UE_sentence_855.wav,Organize.
nlFf2MKo-UE_sentence_867.wav,No one can replace you.
nlFf2MKo-UE_sentence_873.wav,Are you ready? I'm not ready yet.
nlFf2MKo-UE_sentence_878.wav,Everything is ready.
nlFf2MKo-UE_sentence_893.wav,I'd like some more water.
nlFf2MKo-UE_sentence_908.wav,Life.
nlFf2MKo-UE_sentence_910.wav,Just be yourself. Life is too short to be someone else.
nlFf2MKo-UE_sentence_914.wav,Enjoy life today. Yesterday is gone and tomorrow may never come.
nlFf2MKo-UE_sentence_918.wav,That's against the law.
nlFf2MKo-UE_sentence_942.wav,She loved him with all her heart.
nlFf2MKo-UE_sentence_966.wav,Please reply to me as soon as possible.
nlFf2MKo-UE_sentence_968.wav,Should I reply to his email?
nn2VCV-u0-8_sentence_005.wav,It's not surprising that they lost.
nn2VCV-u0-8_sentence_015.wav,Majority.
nn2VCV-u0-8_sentence_016.wav,He spends a majority of his time helping her.
nn2VCV-u0-8_sentence_029.wav,permanently
nn2VCV-u0-8_sentence_046.wav,He had an affair with a co-worker.
nn2VCV-u0-8_sentence_061.wav,His music reflects his interest in African culture.
nn2VCV-u0-8_sentence_084.wav,Do you think I'm qualified for that job?
nn2VCV-u0-8_sentence_113.wav,Atmosphere.
nn2VCV-u0-8_sentence_137.wav,"Apart from that, I don't know anything."
nn2VCV-u0-8_sentence_183.wav,He lost all his possessions.
nn2VCV-u0-8_sentence_195.wav,"If that accident had happened in a city, it would have caused a disaster."
nn2VCV-u0-8_sentence_229.wav,I heard an unusual noise.
nn2VCV-u0-8_sentence_261.wav,He maintains his car well.
nn2VCV-u0-8_sentence_328.wav,His advice is always very sensible.
nn2VCV-u0-8_sentence_338.wav,The magician performed some amazing tricks.
nn2VCV-u0-8_sentence_415.wav,His life was a long series of failures.
nn2VCV-u0-8_sentence_426.wav,She suffering from a serious disease.
nn2VCV-u0-8_sentence_438.wav,The house is large and difficult to maintain.
nn2VCV-u0-8_sentence_440.wav,Spoon.
nn2VCV-u0-8_sentence_447.wav,"Give me a bowl and a spoon, please."
nn2VCV-u0-8_sentence_462.wav,His inability to speak English puts him at a disadvantage.
nn2VCV-u0-8_sentence_503.wav,A surprising number of people were laid off last month.
nn2VCV-u0-8_sentence_507.wav,Naked.
nn2VCV-u0-8_sentence_511.wav,Don't come in. I'm naked.
nn2VCV-u0-8_sentence_544.wav,Sum up your idea in one hundred and fifty words or less.
nn2VCV-u0-8_sentence_578.wav,Explosion
nn2VCV-u0-8_sentence_597.wav,Unhappy.
nn2VCV-u0-8_sentence_599.wav,He's had many unhappy experiences.
nn2VCV-u0-8_sentence_600.wav,She looks unhappy.
nn2VCV-u0-8_sentence_614.wav,I sincerely believe that this is the right decision.
nn2VCV-u0-8_sentence_616.wav,Data.
nn2VCV-u0-8_sentence_617.wav,Here are the data you will need.
nn2VCV-u0-8_sentence_618.wav,There is very little data available.
nn2VCV-u0-8_sentence_625.wav,Would you like some powdered sugar?
nn2VCV-u0-8_sentence_631.wav,Mix this powder with some water.
nn2VCV-u0-8_sentence_646.wav,"Next time, just smile happily and say hi."
nn2VCV-u0-8_sentence_659.wav,Significantly.
nn2VCV-u0-8_sentence_660.wav,My English has improved significantly.
nn2VCV-u0-8_sentence_674.wav,Smell is one of the five senses.
nn2VCV-u0-8_sentence_695.wav,I didn't see anything unusual.
nn2VCV-u0-8_sentence_723.wav,Pill
nn2VCV-u0-8_sentence_724.wav,Take three pills daily after meals.
nn2VCV-u0-8_sentence_730.wav,I need some sleeping pills.
nn2VCV-u0-8_sentence_750.wav,I don't like fried food.
nn2VCV-u0-8_sentence_817.wav,He spends all his free time chasing girls.
nn2VCV-u0-8_sentence_879.wav,Refrigerator.
nn2VCV-u0-8_sentence_882.wav,We need a new refrigerator.
pVwMUP_iDq0_sentence_010.wav,Jupiter is the largest planet in the solar system.
pVwMUP_iDq0_sentence_012.wav,He's good at fundraising.
pVwMUP_iDq0_sentence_060.wav,Alright.
pVwMUP_iDq0_sentence_070.wav,I was genuinely concerned about you.
pVwMUP_iDq0_sentence_098.wav,The road to the village is very rough.
pVwMUP_iDq0_sentence_107.wav,I will give you an example to illustrate what I mean.
pVwMUP_iDq0_sentence_110.wav,I saw an amusing comedy last night.
pVwMUP_iDq0_sentence_122.wav,Conclusion.
pVwMUP_iDq0_sentence_127.wav,Rate.
pVwMUP_iDq0_sentence_139.wav,Ideally you should exercise for thirty minutes every day.
pVwMUP_iDq0_sentence_142.wav,Her experience makes her ideally suited to the job.
pVwMUP_iDq0_sentence_153.wav,The government is determined to tackle inflation.
pVwMUP_iDq0_sentence_165.wav,Did you see that flash of lightning?
pVwMUP_iDq0_sentence_184.wav,All of that information made my head spin.
pVwMUP_iDq0_sentence_208.wav,He wants to pay off his loan.
pVwMUP_iDq0_sentence_227.wav,Are you adequately prepared for the exam?
pVwMUP_iDq0_sentence_236.wav,The tuition fees went up this year.
pVwMUP_iDq0_sentence_242.wav,He suggested that I accompany him to the party.
pVwMUP_iDq0_sentence_251.wav,Victory.
pVwMUP_iDq0_sentence_305.wav,Text.
pVwMUP_iDq0_sentence_315.wav,"He is working as an administrator, but his background is in law."
pVwMUP_iDq0_sentence_316.wav,Programs can be left running in the background.
pVwMUP_iDq0_sentence_317.wav,Background
pVwMUP_iDq0_sentence_318.wav,The word is written in white on a red background.
pVwMUP_iDq0_sentence_357.wav,How do we know it's not a trap?
pVwMUP_iDq0_sentence_365.wav,Do you think this will ruin my reputation?
pVwMUP_iDq0_sentence_368.wav,Drugs can ruin your life.
pVwMUP_iDq0_sentence_383.wav,There are eight planets in the solar system.
pVwMUP_iDq0_sentence_399.wav,An idea just flashed through my mind.
pVwMUP_iDq0_sentence_423.wav,Repeatedly.
pVwMUP_iDq0_sentence_447.wav,The bomb was timed to explode during the rush hour.
pVwMUP_iDq0_sentence_514.wav,"The teacher's words were a great encouragement to him, but"
pVwMUP_iDq0_sentence_547.wav,The house has a solid foundation.
pVwMUP_iDq0_sentence_607.wav,I have confidence that the plan will ultimately succeed.
pVwMUP_iDq0_sentence_623.wav,Do you need my assistance?
pVwMUP_iDq0_sentence_650.wav,I live in a rural area.
pVwMUP_iDq0_sentence_664.wav,Don't listen to this rubbish music.
pVwMUP_iDq0_sentence_700.wav,This book is beautifully illustrated.
pVwMUP_iDq0_sentence_719.wav,The divorce rate is increasing.
pVwMUP_iDq0_sentence_742.wav,I've asked her repeatedly to leave me alone.
pVwMUP_iDq0_sentence_762.wav,I found it difficult to relate the two ideas in my mind.
pVwMUP_iDq0_sentence_821.wav,I wish I were a prince.
pVwMUP_iDq0_sentence_844.wav,Sticky.
pVwMUP_iDq0_sentence_897.wav,You are mistaken about that.
pVwMUP_iDq0_sentence_936.wav,May I accompany you home?
q0g5JAFFqPo_sentence_002.wav,He showed a lack of judgment.
q0g5JAFFqPo_sentence_022.wav,Minor.
q0g5JAFFqPo_sentence_032.wav,These shirts are 100% pure cotton.
q0g5JAFFqPo_sentence_078.wav,I'm bleeding badly.
q0g5JAFFqPo_sentence_082.wav,Behaviour
q0g5JAFFqPo_sentence_083.wav,Her behavior is not quite adult.
q0g5JAFFqPo_sentence_099.wav,It was tough to quit smoking.
q0g5JAFFqPo_sentence_120.wav,We live in an age of rapid technological advance.
q0g5JAFFqPo_sentence_136.wav,He supplies us with everything we need.
q0g5JAFFqPo_sentence_196.wav,"If you want something badly enough, you'll find a way."
q0g5JAFFqPo_sentence_209.wav,We are expecting the publication of his book.
q0g5JAFFqPo_sentence_215.wav,Punch.
q0g5JAFFqPo_sentence_218.wav,Punch
q0g5JAFFqPo_sentence_235.wav,We don't anticipate any major problems.
q0g5JAFFqPo_sentence_244.wav,The job was harder than I anticipated.
q0g5JAFFqPo_sentence_248.wav,Judgment
q0g5JAFFqPo_sentence_253.wav,Invent.
q0g5JAFFqPo_sentence_256.wav,Paper was invented in China.
q0g5JAFFqPo_sentence_280.wav,Prrr
q0g5JAFFqPo_sentence_296.wav,She sent me a funny text message.
q0g5JAFFqPo_sentence_299.wav,Could you help me to translate this text?
q0g5JAFFqPo_sentence_301.wav,Why do you want to be a soldier?
q0g5JAFFqPo_sentence_331.wav,It's just a minor problem.
q0g5JAFFqPo_sentence_332.wav,Pants
q0g5JAFFqPo_sentence_335.wav,I need to buy a new pair of pants.
q0g5JAFFqPo_sentence_336.wav,The red pants are hers.
q0g5JAFFqPo_sentence_341.wav,There are a lot of abandoned houses in this area.
q0g5JAFFqPo_sentence_349.wav,badly.
q0g5JAFFqPo_sentence_364.wav,Presence.
q0g5JAFFqPo_sentence_371.wav,Your presence is required at the meeting.
q0g5JAFFqPo_sentence_372.wav,Please don't smoke in my presence.
q0g5JAFFqPo_sentence_373.wav,Don't talk about it in my mother's presence.
q0g5JAFFqPo_sentence_377.wav,"This business card is quite simple, but looks clean and professional."
q0g5JAFFqPo_sentence_389.wav,Who punched you?
q0g5JAFFqPo_sentence_391.wav,I punched him in the face.
q0g5JAFFqPo_sentence_404.wav,He was born in September.
q0g5JAFFqPo_sentence_412.wav,"Are you asleep? No, I'm awake. I fell asleep while reading."
q0g5JAFFqPo_sentence_416.wav,I fell asleep while reading.
q0g5JAFFqPo_sentence_420.wav,Release.
q0g5JAFFqPo_sentence_425.wav,He refused to release her arm.
q0g5JAFFqPo_sentence_426.wav,Exercise is a good way to release stress and feel better.
q0g5JAFFqPo_sentence_427.wav,"Sooner or later, the hostages will be released."
q0g5JAFFqPo_sentence_444.wav,Who invented the telephone?
q0g5JAFFqPo_sentence_450.wav,I wonder who invented it.
q0g5JAFFqPo_sentence_463.wav,She died at the age of sixty nine after a long illness.
q0g5JAFFqPo_sentence_465.wav,He was absent because of illness.
q0g5JAFFqPo_sentence_473.wav,Can you sail a boat?
q0g5JAFFqPo_sentence_484.wav,I couldn't answer the phone because I was in the shower.
q0g5JAFFqPo_sentence_493.wav,I have sufficient time to answer all your questions.
q0g5JAFFqPo_sentence_506.wav,They found an abandoned car by the river.
q0g5JAFFqPo_sentence_513.wav,Smoking is strictly forbidden here.
q0g5JAFFqPo_sentence_520.wav,Violent
q0g5JAFFqPo_sentence_523.wav,That man is extremely violent.
q0g5JAFFqPo_sentence_525.wav,He doesn't like watching violent movies.
q0g5JAFFqPo_sentence_531.wav,Birthday. Happy birthday.
q0g5JAFFqPo_sentence_533.wav,My birthday is very near Christmas.
q0g5JAFFqPo_sentence_534.wav,Happy Birthday!
q0g5JAFFqPo_sentence_535.wav,Their birthdays are very close together.
q0g5JAFFqPo_sentence_537.wav,Suspect. Suspect.
q0g5JAFFqPo_sentence_543.wav,The suspect is armed and dangerous.
q0g5JAFFqPo_sentence_554.wav,I'm sorry for being grumpy. I've been under stress at work lately.
q0g5JAFFqPo_sentence_556.wav,What is the best way to get rid of stress immediately?
q0g5JAFFqPo_sentence_559.wav,Invest.
q0g5JAFFqPo_sentence_561.wav,They invest a lot of money in advertising.
q0g5JAFFqPo_sentence_562.wav,"We need to invest in clean, renewable energy."
q0g5JAFFqPo_sentence_566.wav,Use wood of at least twelve millimeters thickness.
q0g5JAFFqPo_sentence_569.wav,The walls are at least 20 centimeters in thickness.
q0g5JAFFqPo_sentence_581.wav,Disagree.
q0g5JAFFqPo_sentence_585.wav,They disagreed about the price.
q0g5JAFFqPo_sentence_586.wav,I completely disagree with you.
q0g5JAFFqPo_sentence_590.wav,The group consists of 50 students in all.
q0g5JAFFqPo_sentence_605.wav,Why didn't you tell me in advance?
q0g5JAFFqPo_sentence_615.wav,We have to be realistic about our chances of winning.
q0g5JAFFqPo_sentence_629.wav,Don't believe the media.
q0g5JAFFqPo_sentence_634.wav,Blind.
q0g5JAFFqPo_sentence_635.wav,He was blind in one eye.
q0g5JAFFqPo_sentence_637.wav,Kindness is the language which the deaf can hear and the blind can see.
q0g5JAFFqPo_sentence_638.wav,He was blind in one eye. They say love is blind. Kindness is the language which the deaf can hear and the blind can see.
q0g5JAFFqPo_sentence_654.wav,I'd like to have the gift wrapped.
q0g5JAFFqPo_sentence_659.wav,The situation got steadily worse.
q0g5JAFFqPo_sentence_665.wav,The cup was presented to the winning team's captain.
q0g5JAFFqPo_sentence_700.wav,Let's play hide and seek.
q0g5JAFFqPo_sentence_704.wav,"Somebody threw a brick at my window, said"
q0g5JAFFqPo_sentence_708.wav,Giving advice to her is like talking to a brick wall. She just won't listen.
q0g5JAFFqPo_sentence_709.wav,Somebody threw a brick at my window.
q0g5JAFFqPo_sentence_722.wav,The teacher stressed the importance of taking notes.
q0g5JAFFqPo_sentence_746.wav,A football team consists of 11 players.
q0g5JAFFqPo_sentence_767.wav,He is very thorough about everything.
q0g5JAFFqPo_sentence_780.wav,The paint was still sticky.
q0g5JAFFqPo_sentence_791.wav,Please hold the camera steadily.
q0g5JAFFqPo_sentence_829.wav,How can you justify your behavior?
q0g5JAFFqPo_sentence_830.wav,You don't have to justify your decision.
q0g5JAFFqPo_sentence_850.wav,His book became an object of criticism.
q0g5JAFFqPo_sentence_852.wav,Don't be so sensitive to criticism.
qH5cnyKSL9w_sentence_018.wav,I'll keep my lips sealed.
qH5cnyKSL9w_sentence_070.wav,"If you don't like your seat, I'll trade with you."
qH5cnyKSL9w_sentence_079.wav,This machine saves us a lot of labor.
qH5cnyKSL9w_sentence_095.wav,He couldn't escape his father's shadow.
qH5cnyKSL9w_sentence_098.wav,Yoga is very healthy for both body and spirit.
qH5cnyKSL9w_sentence_104.wav,He still has a curious and youthful spirit.
qH5cnyKSL9w_sentence_120.wav,We have to respect local customs.
qH5cnyKSL9w_sentence_232.wav,She looked enthusiastic and capable.
qH5cnyKSL9w_sentence_245.wav,Here are some tips for headache relief.
qH5cnyKSL9w_sentence_251.wav,Rapidly.
qH5cnyKSL9w_sentence_261.wav,His daughter is growing up rapidly.
qH5cnyKSL9w_sentence_277.wav,Foundation.
qH5cnyKSL9w_sentence_280.wav,They established a foundation to help patients with cancer.
qH5cnyKSL9w_sentence_314.wav,Beautifully.
qH5cnyKSL9w_sentence_317.wav,"The water was beautifully cool,"
qH5cnyKSL9w_sentence_357.wav,"Let the past make you better, not bitter."
qH5cnyKSL9w_sentence_362.wav,He had a bitter experience.
qH5cnyKSL9w_sentence_436.wav,Sh barrier.
qH5cnyKSL9w_sentence_437.wav,The greatest barrier to success is the fear of failure.
qH5cnyKSL9w_sentence_482.wav,he is ashamed of his son's conduct.
qH5cnyKSL9w_sentence_509.wav,Alphabetically.
qH5cnyKSL9w_sentence_534.wav,"Roughly speaking, there are about thirty people in the bus."
qH5cnyKSL9w_sentence_581.wav,She told them briefly what happened.
qH5cnyKSL9w_sentence_584.wav,cycle.
qH5cnyKSL9w_sentence_591.wav,Every product has a life cycle.
qH5cnyKSL9w_sentence_606.wav,Boot.
qH5cnyKSL9w_sentence_611.wav,That boots are too expensive.
qH5cnyKSL9w_sentence_612.wav,She has just bought new boots.
qH5cnyKSL9w_sentence_622.wav,We must adapt our plan to these new circumstances and
qH5cnyKSL9w_sentence_635.wav,"I should have got a better price for the car, but I'm not much of a business man."
qH5cnyKSL9w_sentence_637.wav,I should substantial.
qH5cnyKSL9w_sentence_651.wav,I lost my son about a decade ago.
qH5cnyKSL9w_sentence_653.wav,Conduct.
qH5cnyKSL9w_sentence_668.wav,Old people are usually more conservative than young people.
qH5cnyKSL9w_sentence_694.wav,My joke amused everyone.
qH5cnyKSL9w_sentence_697.wav,Behaviour.
qH5cnyKSL9w_sentence_723.wav,Personality
qH5cnyKSL9w_sentence_729.wav,His wife has a strong personality.
qH5cnyKSL9w_sentence_734.wav,Her questions about my private life embarrassed me.
qH5cnyKSL9w_sentence_748.wav,We must compete with the local stores in price.
qH5cnyKSL9w_sentence_766.wav,"Usually, I cycle or get the bus to work."
qH5cnyKSL9w_sentence_776.wav,Protection.
qH5cnyKSL9w_sentence_778.wav,I don't need your protection.
qH5cnyKSL9w_sentence_780.wav,The witness was placed under police protection.
qH5cnyKSL9w_sentence_826.wav,"Are you asleep? No, I'm awake."
qH5cnyKSL9w_sentence_847.wav,I really appreciate his contribution for this work.
qH5cnyKSL9w_sentence_852.wav,That organization depends on voluntary contributions.
qH5cnyKSL9w_sentence_856.wav,The names are arranged alphabetically.
qH5cnyKSL9w_sentence_898.wav,Revise.
qH5cnyKSL9w_sentence_900.wav,I think we need to revise our plan.
qH5cnyKSL9w_sentence_901.wav,A revised edition of the book was published last month.
qH5cnyKSL9w_sentence_902.wav,Can you please revise this essay?
rRE4l40V9rQ_sentence_007.wav,Method
rRE4l40V9rQ_sentence_012.wav,I tried many different methods.
rRE4l40V9rQ_sentence_023.wav,I asked James to buy some bread.
rRE4l40V9rQ_sentence_037.wav,Color.
rRE4l40V9rQ_sentence_038.wav,Purple is my favorite color.
rRE4l40V9rQ_sentence_040.wav,Do you know what color she likes?
rRE4l40V9rQ_sentence_085.wav,He is considered an expert in his field.
rRE4l40V9rQ_sentence_098.wav,"With the exception of him, nobody else came to the party."
rRE4l40V9rQ_sentence_100.wav,Countryside.
rRE4l40V9rQ_sentence_103.wav,He loves to hike in the quiet countryside.
rRE4l40V9rQ_sentence_119.wav,Derek.
rRE4l40V9rQ_sentence_154.wav,The doctors couldn't determine the cause of death.
rRE4l40V9rQ_sentence_164.wav,Arm.
rRE4l40V9rQ_sentence_170.wav,He has a tattoo on his right arm.
rRE4l40V9rQ_sentence_182.wav,Our discussion was interrupted by a phone call.
rRE4l40V9rQ_sentence_195.wav,Hope is not a strategy.
rRE4l40V9rQ_sentence_196.wav,What's your strategy for losing weight?
rRE4l40V9rQ_sentence_207.wav,"Excuse me, who are you?"
rRE4l40V9rQ_sentence_274.wav,What's your favorite domestic beer?
rRE4l40V9rQ_sentence_332.wav,I don't think you fully understand the consequences of your action.
rRE4l40V9rQ_sentence_359.wav,I crossed the river by boat.
rRE4l40V9rQ_sentence_415.wav,Do not open any mail marked confidential.
rRE4l40V9rQ_sentence_453.wav,Do you have any employees who speak French?
rRE4l40V9rQ_sentence_456.wav,We spend all day at the beach.
rRE4l40V9rQ_sentence_464.wav,"In fact, he can't swim well."
rRE4l40V9rQ_sentence_481.wav,Bye. He'll finish the job by to morrow.
rvjLZBOi-I8_sentence_060.wav,I like collecting gold and silver coins.
rvjLZBOi-I8_sentence_105.wav,He has a job with good prospects.
rvjLZBOi-I8_sentence_116.wav,He tried desperately to get her attention.
rvjLZBOi-I8_sentence_133.wav,He is now working as a chemist in an institute.
rvjLZBOi-I8_sentence_134.wav,His father is a chemist.
rvjLZBOi-I8_sentence_145.wav,"You're wrong, she said with absolute certainty."
rvjLZBOi-I8_sentence_156.wav,"Sadly, I did not pass the exam."
rvjLZBOi-I8_sentence_181.wav,He is leaning against the rail.
rvjLZBOi-I8_sentence_186.wav,I will travel by rail.
rvjLZBOi-I8_sentence_189.wav,My husband and I have a joint bank account.
rvjLZBOi-I8_sentence_195.wav,Passenger.
rvjLZBOi-I8_sentence_197.wav,How many passengers are there on the bus?
rvjLZBOi-I8_sentence_203.wav,Retirement.
rvjLZBOi-I8_sentence_205.wav,I have eight years left until retirement.
rvjLZBOi-I8_sentence_206.wav,I'm looking forward to retirement.
rvjLZBOi-I8_sentence_214.wav,Independence
rvjLZBOi-I8_sentence_217.wav,Nothing is more precious than independence and freedom.
rvjLZBOi-I8_sentence_218.wav,Today is Independence Day.
rvjLZBOi-I8_sentence_219.wav,Ambition.
rvjLZBOi-I8_sentence_229.wav,His job application has been rejected.
rvjLZBOi-I8_sentence_231.wav,Application
rvjLZBOi-I8_sentence_237.wav,May I have an application form in Vietnamese?
rvjLZBOi-I8_sentence_251.wav,Disadvantage
rvjLZBOi-I8_sentence_253.wav,Each plant has its own advantages and disadvantages.
rvjLZBOi-I8_sentence_261.wav,He described his new invention to me.
rvjLZBOi-I8_sentence_263.wav,"Final exams are coming up, so I'm very busy."
rvjLZBOi-I8_sentence_271.wav,"I must pass this exam, no matter what."
rvjLZBOi-I8_sentence_300.wav,June.
rvjLZBOi-I8_sentence_301.wav,"I was born on june 9th, 1986."
rvjLZBOi-I8_sentence_302.wav,We will get married in June.
rvjLZBOi-I8_sentence_303.wav,I was rely.
rvjLZBOi-I8_sentence_309.wav,He's a man you can rely on.
rvjLZBOi-I8_sentence_314.wav,Retired.
rvjLZBOi-I8_sentence_320.wav,He's a retired doctor.
rvjLZBOi-I8_sentence_321.wav,"As far as I know, he is retired."
rvjLZBOi-I8_sentence_330.wav,I declined his invitation to dinner.
rvjLZBOi-I8_sentence_340.wav,I found her extremely irritating.
rvjLZBOi-I8_sentence_342.wav,Giant
rvjLZBOi-I8_sentence_346.wav,The company has been a giant in the toy industry.
rvjLZBOi-I8_sentence_353.wav,Revolution
rvjLZBOi-I8_sentence_354.wav,A revolution in information technology is taking place.
rvjLZBOi-I8_sentence_355.wav,We should start a revolution.
rvjLZBOi-I8_sentence_367.wav,"If you're sick, you should stay home to avoid infecting other people in the office."
rvjLZBOi-I8_sentence_376.wav,Attack.
rvjLZBOi-I8_sentence_377.wav,He died after a serious heart attack.
rvjLZBOi-I8_sentence_378.wav,The man attacked him with a knife.
rvjLZBOi-I8_sentence_379.wav,He was attacked by a dog.
rvjLZBOi-I8_sentence_380.wav,itself.
rvjLZBOi-I8_sentence_381.wav,The cat is licking itself.
rvjLZBOi-I8_sentence_382.wav,The pain will go away by itself within a few days.
rvjLZBOi-I8_sentence_383.wav,Unfair.
rvjLZBOi-I8_sentence_384.wav,Life is unfair.
rvjLZBOi-I8_sentence_387.wav,It was an unfair exam.
rvjLZBOi-I8_sentence_388.wav,Swimming.
rvjLZBOi-I8_sentence_389.wav,Swimming is a good form of exercise.
rvjLZBOi-I8_sentence_390.wav,Swimming is not allowed here.
rvjLZBOi-I8_sentence_391.wav,We have a swimming race today.
rvjLZBOi-I8_sentence_392.wav,Swimming efficient.
rvjLZBOi-I8_sentence_398.wav,I need to be more efficient at work.
rvjLZBOi-I8_sentence_400.wav,Transfer
rvjLZBOi-I8_sentence_404.wav,Transfer.
rvjLZBOi-I8_sentence_406.wav,The patient was transferred to another hospital.
rvjLZBOi-I8_sentence_410.wav,She was transferred to the head office in Ho Chi Minh City.
rvjLZBOi-I8_sentence_419.wav,String
rvjLZBOi-I8_sentence_420.wav,How much is that string of pearls?
rvjLZBOi-I8_sentence_424.wav,He tied the packages together with string.
rvjLZBOi-I8_sentence_435.wav,Don't forget to attach your photo to the application form.
rvjLZBOi-I8_sentence_438.wav,Praise.
rvjLZBOi-I8_sentence_440.wav,He received a lot of praise for his efforts.
rvjLZBOi-I8_sentence_446.wav,I don't need your praise.
rvjLZBOi-I8_sentence_457.wav,Phase
rvjLZBOi-I8_sentence_492.wav,Upon
rvjLZBOi-I8_sentence_527.wav,Efficient.
rvjLZBOi-I8_sentence_541.wav,I want to keep my room as neat as possible.
rvjLZBOi-I8_sentence_590.wav,Phase 1 is complete.
rvjLZBOi-I8_sentence_599.wav,She told the children an amusing story.
rvjLZBOi-I8_sentence_633.wav,He acknowledges that he was defeated.
rvjLZBOi-I8_sentence_634.wav,The defeat completely crushed him.
rvjLZBOi-I8_sentence_643.wav,Each watch comes with a certificate of authenticity.
rvjLZBOi-I8_sentence_651.wav,He's a giant compared to you.
rvjLZBOi-I8_sentence_659.wav,It seems that your computer was infected by a virus.
rvjLZBOi-I8_sentence_695.wav,Prospect.
rvjLZBOi-I8_sentence_697.wav,I'm very excited at the prospect of seeing her again.
rvjLZBOi-I8_sentence_710.wav,"There used to be a mental hospital here, but"
rvjLZBOi-I8_sentence_767.wav,The meeting is held annually.
rvjLZBOi-I8_sentence_771.wav,Northern.
rvjLZBOi-I8_sentence_775.wav,The capital Hanoi is in northern Vietnam.
rvjLZBOi-I8_sentence_776.wav,She speaks northern accent.
rvjLZBOi-I8_sentence_783.wav,"He has such a weird beard, said"
rvjLZBOi-I8_sentence_790.wav,The floor is covered with a thick carpet.
rvjLZBOi-I8_sentence_809.wav,The girl screamed when she saw the flames.
rvjLZBOi-I8_sentence_812.wav,The destruction of the ozone layer affects the environment.
rvjLZBOi-I8_sentence_813.wav,We are trying to save the building from destruction.
rvjLZBOi-I8_sentence_822.wav,I found her very amusing.
rvjLZBOi-I8_sentence_851.wav,You can't rely on his help.
rvjLZBOi-I8_sentence_874.wav,We need a leader with vision and experience.
rvjLZBOi-I8_sentence_893.wav,I'm keen on cooking.
rvjLZBOi-I8_sentence_938.wav,We praised him for his wonderful performance.
rvjLZBOi-I8_sentence_982.wav,Climbing.
rvjLZBOi-I8_sentence_983.wav,He goes climbing nearly every weekend.
rvjLZBOi-I8_sentence_987.wav,Some animals are very good at climbing.
rvjLZBOi-I8_sentence_988.wav,He loves camping and climbing.
rvjLZBOi-I8_sentence_989.wav,Mouse
rvjLZBOi-I8_sentence_990.wav,Is the mouse dead or alive?
rvjLZBOi-I8_sentence_991.wav,My cat killed this mouse.
sTgtFzcpy6M_sentence_016.wav,Your room is a mess.
sTgtFzcpy6M_sentence_024.wav,He claimed to be the most.
sTgtFzcpy6M_sentence_025.wav,Most people think I'm crazy.
sTgtFzcpy6M_sentence_030.wav,This is the most difficult book I have ever read.
sTgtFzcpy6M_sentence_054.wav,They refuse to admit defeat.
sTgtFzcpy6M_sentence_085.wav,He is one of our most frequent customers.
sTgtFzcpy6M_sentence_115.wav,No one can separate them.
sTgtFzcpy6M_sentence_164.wav,I'm going to tear down this wall.
sTgtFzcpy6M_sentence_172.wav,"All of a sudden, all the lights went out."
sTgtFzcpy6M_sentence_210.wav,That disease is incurable.
sTgtFzcpy6M_sentence_215.wav,Stress can have a negative impact on your health.
sTgtFzcpy6M_sentence_255.wav,Carry.
sTgtFzcpy6M_sentence_268.wav,We will divide class into two teams.
sTgtFzcpy6M_sentence_272.wav,I am a member of the basketball team.
sTgtFzcpy6M_sentence_302.wav,Public speaking is the number one fear of the majority of people.
sTgtFzcpy6M_sentence_315.wav,I am interested in music.
sTgtFzcpy6M_sentence_319.wav,Why are you so interested?
sTgtFzcpy6M_sentence_345.wav,Can you show me another example?
sTgtFzcpy6M_sentence_358.wav,I was amazed at his courage.
sTgtFzcpy6M_sentence_361.wav,I borrowed a large amount of money from her.
sTgtFzcpy6M_sentence_372.wav,I am familiar with the way he asks questions.
sTgtFzcpy6M_sentence_378.wav,I haven't seen him since last year.
sTgtFzcpy6M_sentence_405.wav,Will you accept my invitation?
sTgtFzcpy6M_sentence_411.wav,She found beauty in everything.
sTgtFzcpy6M_sentence_419.wav,The doctor examined him and took his temperature.
sTgtFzcpy6M_sentence_486.wav,I am able to swim across the river.
sTgtFzcpy6M_sentence_513.wav,The population of this city is decreasing every year.
sTgtFzcpy6M_sentence_522.wav,My hobby is collecting old bottles.
sTgtFzcpy6M_sentence_529.wav,The equipment is relatively cheap and simple to use.
sdf_678alCI_sentence_022.wav,Everyone recognized him as a brilliant scientist.
sdf_678alCI_sentence_042.wav,We must try to conserve our natural resources.
sdf_678alCI_sentence_100.wav,What a pity.
sdf_678alCI_sentence_126.wav,Her eyes were red and swollen from crying.
sdf_678alCI_sentence_127.wav,Her face is swollen.
sdf_678alCI_sentence_133.wav,What time does that contest start?
sdf_678alCI_sentence_134.wav,contest.
sdf_678alCI_sentence_138.wav,I entered a speech contest.
sdf_678alCI_sentence_146.wav,What's your favorite local restaurant?
sdf_678alCI_sentence_165.wav,I'm not trying to cheat you.
sdf_678alCI_sentence_198.wav,Remember to take off your hat before entering the classroom.
sdf_678alCI_sentence_240.wav,It's your turn to take out the garbage.
sdf_678alCI_sentence_241.wav,This movie is pure garbage.
sdf_678alCI_sentence_255.wav,Environmental.
sdf_678alCI_sentence_282.wav,channel.
sdf_678alCI_sentence_285.wav,They have just published a new television channel.
sdf_678alCI_sentence_288.wav,What is on VTV3 channel?
sdf_678alCI_sentence_290.wav,The kids are watching cartoons on the Disney Channel.
sdf_678alCI_sentence_302.wav,"No pain, no gain."
sdf_678alCI_sentence_306.wav,Some people gain weight when they stop smoking.
sdf_678alCI_sentence_309.wav,Farmer
sdf_678alCI_sentence_311.wav,My grandmother was a farmer.
sdf_678alCI_sentence_313.wav,Farmer.
sdf_678alCI_sentence_319.wav,She borrowed a saw from the farmer.
sdf_678alCI_sentence_343.wav,The boy looks confused when he sees his parents at the door of his classroom.
sdf_678alCI_sentence_368.wav,I've come up with a brilliant idea.
sdf_678alCI_sentence_386.wav,This institute was established in 2004.
sdf_678alCI_sentence_391.wav,The hotel offers a wide range of facilities.
sdf_678alCI_sentence_406.wav,Environmental pollution is causing abnormal weather conditions.
sdf_678alCI_sentence_412.wav,Session
sdf_678alCI_sentence_457.wav,I bought eggs and milk from a farmer.
sdf_678alCI_sentence_469.wav,Their business is expanding rapidly.
sdf_678alCI_sentence_477.wav,He made me confused.
sdf_678alCI_sentence_491.wav,She gave a brilliant performance.
sdf_678alCI_sentence_502.wav,I haven't retained much of what I learned.
sdf_678alCI_sentence_536.wav,The boy kicked the ball to me.
sdf_678alCI_sentence_545.wav,His wife kicked him out of the house.
sdf_678alCI_sentence_591.wav,Take off.
tAgsbxzQJ9I_sentence_013.wav,I reject.
tAgsbxzQJ9I_sentence_014.wav,My plan was rejected.
tAgsbxzQJ9I_sentence_024.wav,I maximum.
tAgsbxzQJ9I_sentence_025.wav,That's the maximum speed.
tAgsbxzQJ9I_sentence_032.wav,"To tell the truth, I don't really like him."
tAgsbxzQJ9I_sentence_033.wav,I want you pencil.
tAgsbxzQJ9I_sentence_045.wav,We had a wonderful weekend.
tAgsbxzQJ9I_sentence_046.wav,Have a nice weekend. Message.
tAgsbxzQJ9I_sentence_050.wav,Throw
tAgsbxzQJ9I_sentence_051.wav,Who threw a stone at my dog?
tAgsbxzQJ9I_sentence_059.wav,Here are some common mistakes when booking a flight.
tAgsbxzQJ9I_sentence_064.wav,How is they?
tAgsbxzQJ9I_sentence_067.wav,Do you know when they will arrive?
tAgsbxzQJ9I_sentence_068.wav,What wait.
tAgsbxzQJ9I_sentence_072.wav,Wait without.
tAgsbxzQJ9I_sentence_073.wav,You can't leave the country without a passport.
tAgsbxzQJ9I_sentence_075.wav,She left accommodation.
tAgsbxzQJ9I_sentence_089.wav,You are no longer welcome here.
tAgsbxzQJ9I_sentence_090.wav,Thank you. See ya.
tAgsbxzQJ9I_sentence_101.wav,"His debts amount to$2,000."
tAgsbxzQJ9I_sentence_104.wav,Can you show it to me on the map?
tAgsbxzQJ9I_sentence_110.wav,T account.
tAgsbxzQJ9I_sentence_113.wav,Here's my account number.
tAgsbxzQJ9I_sentence_114.wav,They don't have a bank account.
tAgsbxzQJ9I_sentence_128.wav,What do you spend most of your time doing?
tAgsbxzQJ9I_sentence_158.wav,The boy rowing the boat is a friend of mine.
tAgsbxzQJ9I_sentence_168.wav,Can I claim?
tAgsbxzQJ9I_sentence_182.wav,Let me ask you a simple question.
tAgsbxzQJ9I_sentence_183.wav,There's a simple solution to this problem.
tAgsbxzQJ9I_sentence_185.wav,Even a child can understand the book.
tAgsbxzQJ9I_sentence_197.wav,I can't figure out how to open this suitcase.
tAgsbxzQJ9I_sentence_198.wav,Where's my suitcase?
tAgsbxzQJ9I_sentence_204.wav,Don't touch month.
tAgsbxzQJ9I_sentence_210.wav,Please empty the garbage more often.
tAgsbxzQJ9I_sentence_215.wav,comfortable.
tAgsbxzQJ9I_sentence_216.wav,I hope you'll be comfortable here.
tAgsbxzQJ9I_sentence_236.wav,Is there an elevator in the building?
tAgsbxzQJ9I_sentence_237.wav,Have you ever been stuck in an elevator?
tAgsbxzQJ9I_sentence_242.wav,I'm not very good at drawing.
tAgsbxzQJ9I_sentence_243.wav,She made a drawing of the house.
tAgsbxzQJ9I_sentence_244.wav,Reasonable.
tAgsbxzQJ9I_sentence_245.wav,This sounds reasonable.
tAgsbxzQJ9I_sentence_246.wav,That's a reasonable price.
tAgsbxzQJ9I_sentence_250.wav,I'm sure there's a reasonable explanation for this.
tAgsbxzQJ9I_sentence_252.wav,I don't think it's fair.
tAgsbxzQJ9I_sentence_275.wav,He insulted me without any reason.
tAgsbxzQJ9I_sentence_285.wav,Do you still collect stamps?
tAgsbxzQJ9I_sentence_293.wav,These flowers have a unique smell.
tAgsbxzQJ9I_sentence_294.wav,Everyone is unique in their own way.
tAgsbxzQJ9I_sentence_303.wav,especially when children are concerned.
tAgsbxzQJ9I_sentence_319.wav,I am interested in studying German culture.
tAgsbxzQJ9I_sentence_325.wav,Same-sex marriage is legal here.
tAgsbxzQJ9I_sentence_330.wav,They cut out all the sex scenes.
tAgsbxzQJ9I_sentence_335.wav,It's in form.
tAgsbxzQJ9I_sentence_353.wav,I'm in charge of the sales department.
tAgsbxzQJ9I_sentence_355.wav,This is virtually.
tAgsbxzQJ9I_sentence_381.wav,Can you give me an explanation?
tAgsbxzQJ9I_sentence_391.wav,Is that a recent photo of you?
tAgsbxzQJ9I_sentence_396.wav,I arrive.
tAgsbxzQJ9I_sentence_403.wav,"Waiter, waitress."
tAgsbxzQJ9I_sentence_404.wav,She is a waitress.
tAgsbxzQJ9I_sentence_407.wav,See patient.
tAgsbxzQJ9I_sentence_411.wav,Master
tAgsbxzQJ9I_sentence_423.wav,Only you can give me that feeling.
tAgsbxzQJ9I_sentence_431.wav,Who is that beautiful woman?
tAgsbxzQJ9I_sentence_434.wav,He has got cancer.
tAgsbxzQJ9I_sentence_440.wav,Urgent.
tAgsbxzQJ9I_sentence_442.wav,I have an urgent message for him.
tAgsbxzQJ9I_sentence_444.wav,There is an urgent need for water.
tAgsbxzQJ9I_sentence_445.wav,Area
tAgsbxzQJ9I_sentence_456.wav,Can I use your pencil?
tAgsbxzQJ9I_sentence_468.wav,I like the way you talk.
tAgsbxzQJ9I_sentence_470.wav,I am on my way to work.
tAgsbxzQJ9I_sentence_474.wav,Impact
tAgsbxzQJ9I_sentence_487.wav,Need any help? No thanks. I can manage.
tAgsbxzQJ9I_sentence_488.wav,He manages a small team.
tAgsbxzQJ9I_sentence_499.wav,Japan Countryside
tAgsbxzQJ9I_sentence_508.wav,"There are many kinds of books, novels, comics, etc in this library."
tAgsbxzQJ9I_sentence_515.wav,The boy rowing the boat is a friend of mine. I crossed the river by boat.
tAgsbxzQJ9I_sentence_525.wav,You are the master of your own destiny.
tAgsbxzQJ9I_sentence_527.wav,The dog saved its master's life.
tAgsbxzQJ9I_sentence_541.wav,Please don't be
tAgsbxzQJ9I_sentence_548.wav,It's an insult.
tAgsbxzQJ9I_sentence_577.wav,You need to vary the diet.
tAgsbxzQJ9I_sentence_585.wav,"Personally, I prefer the second option."
tAgsbxzQJ9I_sentence_590.wav,I will personally visit you.
tAgsbxzQJ9I_sentence_591.wav,Impact.
tAgsbxzQJ9I_sentence_605.wav,Don't look at me that way.
tAgsbxzQJ9I_sentence_623.wav,Take this medicine after meals.
tAgsbxzQJ9I_sentence_649.wav,Belief
tAgsbxzQJ9I_sentence_650.wav,"His belief in God gave him hope during difficult times, and"
tAgsbxzQJ9I_sentence_679.wav,Is it convenient for you if I come at 2 PM?
tAgsbxzQJ9I_sentence_685.wav,I couldn't help laughing.
tAgsbxzQJ9I_sentence_686.wav,It's afternoon.
tAgsbxzQJ9I_sentence_687.wav,I have a lot of things to do this afternoon.
tAgsbxzQJ9I_sentence_689.wav,Are you ready for this afternoon's meeting?
tAgsbxzQJ9I_sentence_708.wav,Glasses.
tAgsbxzQJ9I_sentence_712.wav,Everything is a blur when I take my glasses off.
tAgsbxzQJ9I_sentence_714.wav,He eventually found a job that he liked.
tAgsbxzQJ9I_sentence_715.wav,"Eventually, he changed his mind."
tAgsbxzQJ9I_sentence_716.wav,The pain will eventually go away.
tAgsbxzQJ9I_sentence_724.wav,Interesting.
tAgsbxzQJ9I_sentence_725.wav,What an interesting book.
tAgsbxzQJ9I_sentence_740.wav,He is extremely shy.
tAgsbxzQJ9I_sentence_754.wav,I'm not interested in sport.
tAgsbxzQJ9I_sentence_768.wav,He's likely to be late.
tAgsbxzQJ9I_sentence_776.wav,I will consider all possibilities.
tAgsbxzQJ9I_sentence_780.wav,There's a possibility that what he said is true.
tAgsbxzQJ9I_sentence_793.wav,His parents won't allow him to stay out late.
tAgsbxzQJ9I_sentence_795.wav,Smoking is not allowed in this area.
tAgsbxzQJ9I_sentence_796.wav,Give.
tAgsbxzQJ9I_sentence_801.wav,Could you do me a favour?
tAgsbxzQJ9I_sentence_807.wav,Please list your previous jobs in the past three years.
tAgsbxzQJ9I_sentence_809.wav,Iron.
tAgsbxzQJ9I_sentence_811.wav,Is this made of iron?
tAgsbxzQJ9I_sentence_812.wav,I'm wondering if I need to iron my shirt.
tAgsbxzQJ9I_sentence_813.wav,Iron
tAgsbxzQJ9I_sentence_815.wav,Can I borrow your iron?
tAgsbxzQJ9I_sentence_818.wav,He has short curly hair.
tAgsbxzQJ9I_sentence_822.wav,Don't wear that short skirt anymore. It's too sexy.
tAgsbxzQJ9I_sentence_824.wav,Estimate
tAgsbxzQJ9I_sentence_838.wav,You don't have to we.
tAgsbxzQJ9I_sentence_843.wav,I always read the sports section first.
tAgsbxzQJ9I_sentence_855.wav,I was born in a small village.
tAgsbxzQJ9I_sentence_858.wav,I master.
tAgsbxzQJ9I_sentence_867.wav,I like to master English.
tAgsbxzQJ9I_sentence_876.wav,It's the repetition of affirmations that leads to belief.
tAgsbxzQJ9I_sentence_885.wav,Belief creates the actual fact.
tAgsbxzQJ9I_sentence_889.wav,Put.
tAgsbxzQJ9I_sentence_893.wav,Don't put it on my desk bath He took an early bath
tAgsbxzQJ9I_sentence_894.wav,I was in the bath when you rang.
tAgsbxzQJ9I_sentence_896.wav,He took an early bath.
tAgsbxzQJ9I_sentence_898.wav,He takes a cold bath every morning.
tAgsbxzQJ9I_sentence_900.wav,I am a slow runner.
tAgsbxzQJ9I_sentence_904.wav,Instruction.
tAgsbxzQJ9I_sentence_908.wav,You should normal.
tAgsbxzQJ9I_sentence_909.wav,It's normal to feel tired after such a long trip.
tAgsbxzQJ9I_sentence_915.wav,Somehow I can't trust him.
tAgsbxzQJ9I_sentence_926.wav,I need some coloured pencils.
tAgsbxzQJ9I_sentence_946.wav,It's extremely cold today.
tAgsbxzQJ9I_sentence_955.wav,Are you allergic to any medicine?
td7W9lJknM0_sentence_010.wav,He is in the hospital recovering from a drug overdose.
td7W9lJknM0_sentence_014.wav,Do you want me to take care of your dog?
td7W9lJknM0_sentence_015.wav,What do you feed your dog?
td7W9lJknM0_sentence_045.wav,It was a traditional ceremony.
td7W9lJknM0_sentence_049.wav,Exact.
td7W9lJknM0_sentence_067.wav,The future depends on what we do in the present.
td7W9lJknM0_sentence_098.wav,The district is known for a beautiful scenery.
td7W9lJknM0_sentence_107.wav,I always fly business class.
td7W9lJknM0_sentence_109.wav,Sometimes I wish I could fly.
td7W9lJknM0_sentence_120.wav,The sound came from that direction.
td7W9lJknM0_sentence_148.wav,Do you have a pair of scissors?
td7W9lJknM0_sentence_152.wav,I bought a pair of scissors.
td7W9lJknM0_sentence_165.wav,"Somebody, someone"
td7W9lJknM0_sentence_184.wav,Cary.
td7W9lJknM0_sentence_190.wav,I always carry a bottle of mineral water with me.
td7W9lJknM0_sentence_194.wav,He looked at me with a strange expression.
td7W9lJknM0_sentence_214.wav,Favorite.
td7W9lJknM0_sentence_221.wav,Summer is my favorite season.
td7W9lJknM0_sentence_237.wav,One day delivery will cost an additional$9.99.
td7W9lJknM0_sentence_253.wav,Dinner.
td7W9lJknM0_sentence_257.wav,Have you had dinner yet?
td7W9lJknM0_sentence_258.wav,They were in the middle of dinner when I called.
td7W9lJknM0_sentence_259.wav,Where are we going for dinner?
td7W9lJknM0_sentence_261.wav,She is connected with that company.
td7W9lJknM0_sentence_270.wav,Connect the two cables together.
td7W9lJknM0_sentence_271.wav,Tree
td7W9lJknM0_sentence_273.wav,Can you climb up that tree?
td7W9lJknM0_sentence_278.wav,What would you like to drink?
td7W9lJknM0_sentence_279.wav,She advised him not to drink too much.
td7W9lJknM0_sentence_282.wav,That was so dark that night.
td7W9lJknM0_sentence_283.wav,Are you afraid of the dark?
td7W9lJknM0_sentence_291.wav,Direction.
td7W9lJknM0_sentence_300.wav,Please follow the nurse's directions.
td7W9lJknM0_sentence_302.wav,Service.
td7W9lJknM0_sentence_303.wav,Please call Customer Service for help.
td7W9lJknM0_sentence_312.wav,We guarantee excellent service.
td7W9lJknM0_sentence_314.wav,I don't want to work under these conditions.
td7W9lJknM0_sentence_320.wav,The house was in poor condition.
td7W9lJknM0_sentence_324.wav,Dad.
td7W9lJknM0_sentence_331.wav,"In my opinion, he is correct."
td7W9lJknM0_sentence_338.wav,That's perfectly natural.
td7W9lJknM0_sentence_344.wav,Your email will be forwarded to my manager.
td7W9lJknM0_sentence_346.wav,I'm looking forward to hearing from you.
td7W9lJknM0_sentence_350.wav,She took a small step forward.
td7W9lJknM0_sentence_352.wav,Twice.
td7W9lJknM0_sentence_356.wav,I don't know him well. I've only met him twice.
td7W9lJknM0_sentence_357.wav,They go there twice a week.
td7W9lJknM0_sentence_375.wav,You're going to be fine.
td7W9lJknM0_sentence_388.wav,The team was divided into smaller groups.
td7W9lJknM0_sentence_415.wav,The leaves are turning red.
td7W9lJknM0_sentence_416.wav,Why is your eye red?
td7W9lJknM0_sentence_429.wav,Heavy.
td7W9lJknM0_sentence_430.wav,I was caught in heavy traffic.
td7W9lJknM0_sentence_432.wav,We couldn't go out because of the heavy rain.
td7W9lJknM0_sentence_450.wav,There is a letter for you from your mother.
td7W9lJknM0_sentence_455.wav,Your letter made me happy.
td7W9lJknM0_sentence_461.wav,S independent.
td7W9lJknM0_sentence_462.wav,She's a smart and independent girl.
td7W9lJknM0_sentence_478.wav,His writing is impossible to read.
td7W9lJknM0_sentence_520.wav,Kitchen.
td7W9lJknM0_sentence_529.wav,Little.
td7W9lJknM0_sentence_534.wav,Can I stay a little longer?
td7W9lJknM0_sentence_535.wav,We need a little more time.
td7W9lJknM0_sentence_541.wav,She picked a flower for her mother.
td7W9lJknM0_sentence_569.wav,He tried to hide his anxiety.
td7W9lJknM0_sentence_575.wav,Do you think he is a good driver?
td7W9lJknM0_sentence_578.wav,I am in a good mood.
td7W9lJknM0_sentence_586.wav,He doesn't look like a professor.
td7W9lJknM0_sentence_591.wav,My brother is a professor.
td7W9lJknM0_sentence_609.wav,"She advised him to see a lawyer, so he did."
td7W9lJknM0_sentence_612.wav,She had double.
td7W9lJknM0_sentence_628.wav,I can't hear you.
td7W9lJknM0_sentence_642.wav,How heavy is your suitcase?
td7W9lJknM0_sentence_657.wav,I saw it in a magazine.
td7W9lJknM0_sentence_658.wav,It's a weekly magazine.
td7W9lJknM0_sentence_659.wav,What's your favorite magazine?
td7W9lJknM0_sentence_663.wav,He won entirely.
td7W9lJknM0_sentence_664.wav,My opinion is entirely different from yours.
td7W9lJknM0_sentence_694.wav,Professor
td7W9lJknM0_sentence_702.wav,He's a professor at the National University.
td7W9lJknM0_sentence_704.wav,My double.
td7W9lJknM0_sentence_723.wav,I will lend you a pen.
td7W9lJknM0_sentence_738.wav,What are they hiding?
td7W9lJknM0_sentence_760.wav,I invited my neighbors to dinner.
td7W9lJknM0_sentence_763.wav,The question is under discussion.
td7W9lJknM0_sentence_769.wav,I see no reason to continue this discussion.
td7W9lJknM0_sentence_774.wav,How many options do we have?
td7W9lJknM0_sentence_776.wav,We must consider all options.
td7W9lJknM0_sentence_800.wav,He is an active member of the club.
td7W9lJknM0_sentence_836.wav,I'm looking for a private English teacher.
td7W9lJknM0_sentence_862.wav,I learned a valuable lesson today.
td7W9lJknM0_sentence_868.wav,Uncle
td7W9lJknM0_sentence_873.wav,The hotel is run by his uncle.
td7W9lJknM0_sentence_880.wav,I would like to meet him.
td7W9lJknM0_sentence_882.wav,Responsibility.
td7W9lJknM0_sentence_885.wav,Take 100% responsibility for your life.
td7W9lJknM0_sentence_890.wav,Friday.
td7W9lJknM0_sentence_892.wav,I need your answer by Friday.
td7W9lJknM0_sentence_898.wav,The meeting was put off until next Friday.
td7W9lJknM0_sentence_914.wav,Where did loss?
td7W9lJknM0_sentence_917.wav,His death is a great loss.
td7W9lJknM0_sentence_933.wav,We can either eat now or after the show. It's up to you.
vqMjAXiY44g_sentence_005.wav,I want more detailed information.
vqMjAXiY44g_sentence_006.wav,Please show me your detailed plan.
vqMjAXiY44g_sentence_026.wav,Everyone knows each other and there is no need for a formal introduction.
vqMjAXiY44g_sentence_036.wav,I'll never forget your kindness.
vqMjAXiY44g_sentence_045.wav,I'll never meet him.
vqMjAXiY44g_sentence_078.wav,He had a frugal meal of bread and cheese.
vqMjAXiY44g_sentence_1002.wav,Don't you want to go out?
vqMjAXiY44g_sentence_1008.wav,It turned out I was right.
vqMjAXiY44g_sentence_1021.wav,I've lost my job.
vqMjAXiY44g_sentence_128.wav,I returned the book to the library.
vqMjAXiY44g_sentence_143.wav,Street.
vqMjAXiY44g_sentence_144.wav,The bank is just across the street.
vqMjAXiY44g_sentence_154.wav,Stand.
vqMjAXiY44g_sentence_175.wav,"Winners are not people who never fail, but people who never quit."
vqMjAXiY44g_sentence_180.wav,Lock.
vqMjAXiY44g_sentence_189.wav,"Don't take it seriously, I'm just joking."
vqMjAXiY44g_sentence_215.wav,I forgot to lock the door.
vqMjAXiY44g_sentence_286.wav,Please select one item from the list below.
vqMjAXiY44g_sentence_302.wav,Japan is to the east of China.
vqMjAXiY44g_sentence_394.wav,Women tend to live longer than men.
vqMjAXiY44g_sentence_396.wav,Your question is not relevant to the problem.
vqMjAXiY44g_sentence_407.wav,It's a basic human right.
vqMjAXiY44g_sentence_431.wav,I have been working as a teaching assistant for several years.
vqMjAXiY44g_sentence_432.wav,I am looking for an assistant.
vqMjAXiY44g_sentence_449.wav,She is indeed a lovely girl.
vqMjAXiY44g_sentence_450.wav,A friend in need is a friend indeed.
vqMjAXiY44g_sentence_465.wav,Her books have been translated into twenty-four languages.
vqMjAXiY44g_sentence_531.wav,Is there any bread left? We have barely enough bread for breakfast. Bread.
vqMjAXiY44g_sentence_549.wav,The title is right at the top of the page.
vqMjAXiY44g_sentence_593.wav,Is it possible to get there by bus?
vqMjAXiY44g_sentence_597.wav,How is that possible?
vqMjAXiY44g_sentence_615.wav,We missed the opening of her speech.
vqMjAXiY44g_sentence_626.wav,Why is everyone staring at me?
vqMjAXiY44g_sentence_631.wav,Did you go out last night?
vqMjAXiY44g_sentence_696.wav,She needs to face reality.
vqMjAXiY44g_sentence_728.wav,Do you like running?
vqMjAXiY44g_sentence_744.wav,She lives at the top of the hill.
vqMjAXiY44g_sentence_764.wav,It was the most exciting holiday I've ever had.
vqMjAXiY44g_sentence_769.wav,It was an exciting game.
vqMjAXiY44g_sentence_772.wav,Reading.
vqMjAXiY44g_sentence_778.wav,It w long.
vqMjAXiY44g_sentence_799.wav,He's friendly with everyone in his class.
vqMjAXiY44g_sentence_801.wav,He missed the last train.
vqMjAXiY44g_sentence_836.wav,The reality is that we can't afford to buy a house.
vqMjAXiY44g_sentence_853.wav,There is a nice park in the center of the town.
vqMjAXiY44g_sentence_855.wav,Children like to be the center of attention.
vqMjAXiY44g_sentence_865.wav,"Is there anything wrong? No, everything's fine."
vqMjAXiY44g_sentence_882.wav,Why don't you take your coat off?
vqMjAXiY44g_sentence_892.wav,Explanation.
vqMjAXiY44g_sentence_913.wav,Fixed cost should be kept to a minimum.
vqMjAXiY44g_sentence_920.wav,She went out to buy some food.
vqMjAXiY44g_sentence_981.wav,I just want to take a quick look.
w9FIqvip19Y_sentence_006.wav,"We provide breakfast and dinner, but you need to make your own arrangements for lunch."
w9FIqvip19Y_sentence_033.wav,His books have become classics.
w9FIqvip19Y_sentence_034.wav,He owns a classic novel.
w9FIqvip19Y_sentence_035.wav,I was very impressed with the quality of classic car that I saw at the show.
w9FIqvip19Y_sentence_052.wav,I used to work at an electronics store.
w9FIqvip19Y_sentence_055.wav,You should get your eyes examined.
w9FIqvip19Y_sentence_084.wav,The car struck the tree.
w9FIqvip19Y_sentence_120.wav,Beer
w9FIqvip19Y_sentence_121.wav,I went to drink a beer with friends.
w9FIqvip19Y_sentence_122.wav,Don't drink beer before going to bed. We had several bottles of beer left.
w9FIqvip19Y_sentence_127.wav,Chairwoman.
w9FIqvip19Y_sentence_131.wav,Combine.
w9FIqvip19Y_sentence_134.wav,Combined.
w9FIqvip19Y_sentence_135.wav,He combined two ideas into one.
w9FIqvip19Y_sentence_138.wav,He makes more money than all the rest of us combined.
w9FIqvip19Y_sentence_150.wav,carelessly.
w9FIqvip19Y_sentence_151.wav,She drove home carelessly because she was drunk.
w9FIqvip19Y_sentence_152.wav,My brother cleans his room carelessly.
w9FIqvip19Y_sentence_164.wav,Split.
w9FIqvip19Y_sentence_165.wav,Let's split the bill.
w9FIqvip19Y_sentence_170.wav,The teacher split the class into small groups.
w9FIqvip19Y_sentence_176.wav,He left without saying goodbye.
w9FIqvip19Y_sentence_177.wav,I think it's time for me to say goodbye.
w9FIqvip19Y_sentence_178.wav,Goodbye. See you later.
w9FIqvip19Y_sentence_179.wav,He let collapse.
w9FIqvip19Y_sentence_187.wav,The roof collapsed on top of me.
w9FIqvip19Y_sentence_198.wav,Satisfaction.
w9FIqvip19Y_sentence_205.wav,I get a lot of satisfaction from my work.
w9FIqvip19Y_sentence_209.wav,Routine
w9FIqvip19Y_sentence_222.wav,Baggage
w9FIqvip19Y_sentence_224.wav,My baggage is missing.
w9FIqvip19Y_sentence_233.wav,Funeral
w9FIqvip19Y_sentence_239.wav,Many people attended his funeral.
w9FIqvip19Y_sentence_240.wav,Her funeral will be held on Friday.
w9FIqvip19Y_sentence_281.wav,You are an extraordinary woman.
w9FIqvip19Y_sentence_289.wav,He is an athlete with extraordinary speed.
w9FIqvip19Y_sentence_316.wav,Pilot
w9FIqvip19Y_sentence_317.wav,My dream is to become a pilot.
w9FIqvip19Y_sentence_318.wav,I have a friend who is a pilot.
w9FIqvip19Y_sentence_319.wav,I want to be a pilot when I grow up.
w9FIqvip19Y_sentence_329.wav,Election
w9FIqvip19Y_sentence_339.wav,This morning I woke up with an upset stomach.
w9FIqvip19Y_sentence_340.wav,Stomach.
w9FIqvip19Y_sentence_343.wav,You shouldn't exercise with a full stomach.
w9FIqvip19Y_sentence_361.wav,Elbow.
w9FIqvip19Y_sentence_364.wav,My elbow really hurts. I think I should go to the hospital.
w9FIqvip19Y_sentence_365.wav,Take your elbows off the table.
w9FIqvip19Y_sentence_366.wav,Float.
w9FIqvip19Y_sentence_379.wav,"Hurry up, I said impatiently. We have only an hour left."
w9FIqvip19Y_sentence_395.wav,Essay
w9FIqvip19Y_sentence_400.wav,I have to write an essay about a movie.
w9FIqvip19Y_sentence_405.wav,She spent a lot of time writing her essay.
w9FIqvip19Y_sentence_407.wav,Where can I pick up my baggage?
w9FIqvip19Y_sentence_441.wav,aggressive.
w9FIqvip19Y_sentence_445.wav,He gets aggressive when he's drunk.
w9FIqvip19Y_sentence_488.wav,He demanded a 50-50 split in the profits.
w9FIqvip19Y_sentence_492.wav,imply.
w9FIqvip19Y_sentence_518.wav,Customer satisfaction is our number one priority.
w9FIqvip19Y_sentence_523.wav,You'd better examine the contract carefully before signing.
w9FIqvip19Y_sentence_532.wav,This is a steep hill. Be careful.
w9FIqvip19Y_sentence_560.wav,They are very disgusted with their boss.
w9FIqvip19Y_sentence_574.wav,I am getting tired of the daily routine.
w9FIqvip19Y_sentence_581.wav,There is a telephone pole in front of the school.
w9FIqvip19Y_sentence_586.wav,Impatiently.
w9FIqvip19Y_sentence_597.wav,Salt helps to preserve food from decay.
w9FIqvip19Y_sentence_638.wav,Computer is an electronic device.
w9FIqvip19Y_sentence_649.wav,"Wood floats, but iron sinks."
w9FIqvip19Y_sentence_650.wav,Temporarily
w9FIqvip19Y_sentence_661.wav,Please help me with this heavy baggage.
w9FIqvip19Y_sentence_678.wav,His essay was concise and to the point.
w9FIqvip19Y_sentence_704.wav,Silence implies consent.
w9FIqvip19Y_sentence_712.wav,We're disgusted by his bad manners.
w9FIqvip19Y_sentence_734.wav,impatiently.
w9FIqvip19Y_sentence_772.wav,I can't predict what will happen.
w9FIqvip19Y_sentence_776.wav,Sales are predicted to be the same as last year.
w9FIqvip19Y_sentence_779.wav,The store is temporarily closed for renovations.
w9FIqvip19Y_sentence_797.wav,Is there any possibility that he'll win the election?
w9FIqvip19Y_sentence_798.wav,He defeated his opponent in the election.
w9FIqvip19Y_sentence_803.wav,It strikes me that nobody is willing to help.
w9FIqvip19Y_sentence_809.wav,Stranger
w9FIqvip19Y_sentence_811.wav,She treats me like a stranger.
w9FIqvip19Y_sentence_812.wav,He is a complete stranger to me.
w9FIqvip19Y_sentence_814.wav,desert.
w9FIqvip19Y_sentence_822.wav,They lost their way in the desert and died of thirst.
w9FIqvip19Y_sentence_823.wav,Crossing that desert is dangerous.
w9FIqvip19Y_sentence_824.wav,We got lost in the desert with no water or food.
w9FIqvip19Y_sentence_825.wav,Prison.
w9FIqvip19Y_sentence_826.wav,he will end up in prison.
w9FIqvip19Y_sentence_828.wav,There used to be a prison here.
w9FIqvip19Y_sentence_830.wav,She is in prison awaiting trial.
w9FIqvip19Y_sentence_832.wav,Awake.
w9FIqvip19Y_sentence_834.wav,She was awoken by the noise.
w9FIqvip19Y_sentence_835.wav,I awoke several times during the night.
w9FIqvip19Y_sentence_837.wav,Are you still awake?
w9FIqvip19Y_sentence_856.wav,"A lot of my friends were there, John and Mary for instance."
w9FIqvip19Y_sentence_868.wav,Stop dragging your heels.
w9FIqvip19Y_sentence_870.wav,Heel.
w9FIqvip19Y_sentence_902.wav,Register.
w9FIqvip19Y_sentence_907.wav,The car was registered under my name.
wucc1NAphz4_sentence_040.wav,Do you think we can find someone to replace him?
wucc1NAphz4_sentence_1004.wav,Maybe he'll come. Maybe he won't.
wucc1NAphz4_sentence_1036.wav,You're asking the wrong question.
wucc1NAphz4_sentence_1037.wav,It is wrong to tell a lie.
wucc1NAphz4_sentence_1045.wav,Are you looking for anyone in particular?
wucc1NAphz4_sentence_1082.wav,What's your favorite novel?
wucc1NAphz4_sentence_1089.wav,"Don't worry, it's not important."
wucc1NAphz4_sentence_109.wav,The patient got better little by little.
wucc1NAphz4_sentence_112.wav,I'm not a patient person.
wucc1NAphz4_sentence_144.wav,The sun has disappeared behind a cloud.
wucc1NAphz4_sentence_156.wav,I'll make the decision on my own.
wucc1NAphz4_sentence_159.wav,Have you made a decision yet?
wucc1NAphz4_sentence_162.wav,Have you school?
wucc1NAphz4_sentence_211.wav,They don't get along together.
wucc1NAphz4_sentence_268.wav,She quickly opened the door.
wucc1NAphz4_sentence_269.wav,We need to do this quickly.
wucc1NAphz4_sentence_278.wav,He has been dead for ten years.
wucc1NAphz4_sentence_288.wav,Are you jealous of me?
wucc1NAphz4_sentence_362.wav,My apartment is near here.
wucc1NAphz4_sentence_373.wav,This coffee is too bitter.
wucc1NAphz4_sentence_385.wav,We managed to get there on time.
wucc1NAphz4_sentence_396.wav,Success depends mostly on effort.
wucc1NAphz4_sentence_432.wav,How long will this cold weather continue?
wucc1NAphz4_sentence_435.wav,I'll be with you as soon as I finish this job.
wucc1NAphz4_sentence_437.wav,I have to finish my homework by tomorrow.
wucc1NAphz4_sentence_443.wav,"Hurry up, otherwise you'll be late for school."
wucc1NAphz4_sentence_447.wav,That explanation is unlikely to be true.
wucc1NAphz4_sentence_497.wav,She leaned on my shoulder.
wucc1NAphz4_sentence_511.wav,Coffee
wucc1NAphz4_sentence_522.wav,She looks like her mother.
wucc1NAphz4_sentence_560.wav,That house is ugly.
wucc1NAphz4_sentence_597.wav,I'd like to become a doctor.
wucc1NAphz4_sentence_603.wav,He used to smoke two packs of cigarettes a day.
wucc1NAphz4_sentence_606.wav,Please accept my sincere apologies.
wucc1NAphz4_sentence_611.wav,I don't think he is sincere.
wucc1NAphz4_sentence_639.wav,Knock on the door before you enter the room.
wucc1NAphz4_sentence_644.wav,They won't allow us to enter the garden.
wucc1NAphz4_sentence_659.wav,Please light a candle.
wucc1NAphz4_sentence_686.wav,Speak slowly and clearly.
wucc1NAphz4_sentence_697.wav,He rarely gets angry.
wucc1NAphz4_sentence_705.wav,That company went bankrupt.
wucc1NAphz4_sentence_714.wav,I have confidence in his abilities.
wucc1NAphz4_sentence_728.wav,Her anxiety was apparent to everyone.
wucc1NAphz4_sentence_747.wav,He pointed to a spot beyond the trees.
wucc1NAphz4_sentence_750.wav,Divorce is becoming more common nowadays.
wucc1NAphz4_sentence_777.wav,It's absolutely impossible.
wucc1NAphz4_sentence_778.wav,We have absolutely nothing in common.
wucc1NAphz4_sentence_817.wav,Extremely.
wucc1NAphz4_sentence_820.wav,This is an extremely important point.
wucc1NAphz4_sentence_831.wav,Broad. The valley is three miles long and half a mile broad. The company has a broad range of experience. The room is very broad.
wucc1NAphz4_sentence_857.wav,It really annoys me when people forget to say thank you.
wucc1NAphz4_sentence_871.wav,It's useless trying to change her mind.
wucc1NAphz4_sentence_905.wav,Do you think I'm ugly?
wucc1NAphz4_sentence_914.wav,I owe you a sincere apology.
wucc1NAphz4_sentence_936.wav,How far is the next gas station?
wucc1NAphz4_sentence_956.wav,I rarely stay at home on Sundays.
wucc1NAphz4_sentence_973.wav,His wife's death was a great blow to him.
wucc1NAphz4_sentence_984.wav,Prices will continue to rise.
xRFTtFcL6ZM_sentence_010.wav,I have a friend whose father is a famous doctor.
xRFTtFcL6ZM_sentence_021.wav,Her father has been an alcoholic for many years.
xRFTtFcL6ZM_sentence_024.wav,Vocabulary.
xRFTtFcL6ZM_sentence_038.wav,Do you know the old lady at the gate?
xRFTtFcL6ZM_sentence_042.wav,"May I have your attention, ladies and gentlemen."
xRFTtFcL6ZM_sentence_053.wav,This is the best restaurant in town.
xRFTtFcL6ZM_sentence_079.wav,"When you blame others, you give up your power to change."
xRFTtFcL6ZM_sentence_110.wav,This book isn't worth reading.
xRFTtFcL6ZM_sentence_131.wav,I'll see you next Monday.
xRFTtFcL6ZM_sentence_171.wav,He seems to know us.
xRFTtFcL6ZM_sentence_173.wav,Are you sure you don't want to go with us?
xRFTtFcL6ZM_sentence_180.wav,You have a beautiful smile.
xRFTtFcL6ZM_sentence_183.wav,Can you ride a horse?
xRFTtFcL6ZM_sentence_185.wav,I'll give you a ride home.
xRFTtFcL6ZM_sentence_193.wav,There is a small lake in front of my house.
xRFTtFcL6ZM_sentence_197.wav,I'm proud to be a part of this project.
xRFTtFcL6ZM_sentence_210.wav,Word
xRFTtFcL6ZM_sentence_214.wav,How do you spell that word?
xRFTtFcL6ZM_sentence_229.wav,Paper.
xRFTtFcL6ZM_sentence_238.wav,Most skin cancers are curable.
xRFTtFcL6ZM_sentence_247.wav,Fever is highly contagious.
xRFTtFcL6ZM_sentence_275.wav,I don't enjoy travelling in large groups.
xRFTtFcL6ZM_sentence_308.wav,You don't have to pay attention to what he says.
xRFTtFcL6ZM_sentence_309.wav,Buck
xRFTtFcL6ZM_sentence_313.wav,He's writing a book about his experiences.
xRFTtFcL6ZM_sentence_325.wav,It's a pleasure to be here.
xRFTtFcL6ZM_sentence_326.wav,Thank you for your help. It's my pleasure.
xRFTtFcL6ZM_sentence_327.wav,It's been a pleasure working with you.
xRFTtFcL6ZM_sentence_332.wav,I was asked to open the gate.
xRFTtFcL6ZM_sentence_344.wav,BISNESS Are you seriously thinking about starting your own business? He is in the oil business.
xRFTtFcL6ZM_sentence_347.wav,He is in the oil business.
xRFTtFcL6ZM_sentence_348.wav,Flight.
xRFTtFcL6ZM_sentence_350.wav,All flights have been cancelled because of fog.
xRFTtFcL6ZM_sentence_364.wav,Please don't waste water.
xRFTtFcL6ZM_sentence_368.wav,Some of my friends can speak English very well.
xRFTtFcL6ZM_sentence_377.wav,It would be a shame to give up now.
xRFTtFcL6ZM_sentence_391.wav,We're almost there.
xRFTtFcL6ZM_sentence_393.wav,They have lived there for ten years.
xRFTtFcL6ZM_sentence_404.wav,He is a man of wealth and power.
xRFTtFcL6ZM_sentence_407.wav,Do you have any soft drinks?
xRFTtFcL6ZM_sentence_415.wav,What is your greatest weakness?
xRFTtFcL6ZM_sentence_417.wav,Do you know your strengths and weaknesses?
xRFTtFcL6ZM_sentence_420.wav,I'm feeling embarrassed right now.
xRFTtFcL6ZM_sentence_431.wav,Yes.
xRFTtFcL6ZM_sentence_432.wav,"Yes, you're absolutely right."
xRFTtFcL6ZM_sentence_450.wav,I'm pretty sure you will succeed.
xRFTtFcL6ZM_sentence_453.wav,Female
xRFTtFcL6ZM_sentence_467.wav,She is a friend of theirs.
xRFTtFcL6ZM_sentence_471.wav,I have neither time nor money for that.
xRFTtFcL6ZM_sentence_480.wav,I want to spend more time with my family.
xRFTtFcL6ZM_sentence_481.wav,There are five people in my family.
xRFTtFcL6ZM_sentence_485.wav,He gave me a brief outline of the plan.
xRFTtFcL6ZM_sentence_489.wav,Meeting
xRFTtFcL6ZM_sentence_490.wav,He didn't attend the meeting.
xRFTtFcL6ZM_sentence_495.wav,The meeting was postponed.
xRFTtFcL6ZM_sentence_503.wav,Step.
xRFTtFcL6ZM_sentence_504.wav,He took a step towards the door.
xRFTtFcL6ZM_sentence_506.wav,She stepped aside to let them pass.
xRFTtFcL6ZM_sentence_512.wav,The job requires special training.
xRFTtFcL6ZM_sentence_523.wav,I bet you wish he'd come here to talk to you. I'll bet you fifteen dollars you won't find a single scratch.
xRFTtFcL6ZM_sentence_525.wav,I bet you wish he'd come here to talk to you. Fly.
xRFTtFcL6ZM_sentence_534.wav,"List the name, age, and sex of each person in your family."
xRFTtFcL6ZM_sentence_539.wav,Successfully.
xRFTtFcL6ZM_sentence_540.wav,Your email has been sent successfully.
xRFTtFcL6ZM_sentence_545.wav,I successfully passed the exam.
xqyaKzZX__4_sentence_004.wav,I'm under so much pressure now.
xqyaKzZX__4_sentence_013.wav,Do you know when he will come?
xqyaKzZX__4_sentence_019.wav,Ticket.
xqyaKzZX__4_sentence_030.wav,I have a job interview today at 2.30.
xqyaKzZX__4_sentence_031.wav,How was the interview?
xqyaKzZX__4_sentence_033.wav,Young.
xqyaKzZX__4_sentence_036.wav,She looks very young.
xqyaKzZX__4_sentence_041.wav,Are you still at the office?
xqyaKzZX__4_sentence_043.wav,I easily found his office.
xqyaKzZX__4_sentence_047.wav,Please limit your presentation to 30 minutes.
xqyaKzZX__4_sentence_068.wav,We use a lot of water every day.
xqyaKzZX__4_sentence_076.wav,It's a very effective solution.
xqyaKzZX__4_sentence_102.wav,I bought this dress at a low price.
xqyaKzZX__4_sentence_103.wav,Please speak in a low voice.
xqyaKzZX__4_sentence_108.wav,I believe that you will overcome this challenge.
xqyaKzZX__4_sentence_112.wav,There is a crowd of women around him.
xqyaKzZX__4_sentence_117.wav,The boy was lost in the crowd.
xqyaKzZX__4_sentence_139.wav,Bus. I sometimes go to school by bus. She advised him to walk instead of taking a bus. Where's the nearest bus stop? I sometimes go to school by bus. She advised him to walk instead of taking a bus. Where's the nearest bus stop? Sentence.
xqyaKzZX__4_sentence_143.wav,Make a sentence with this word.
xqyaKzZX__4_sentence_188.wav,She is trying to complete her homework.
xqyaKzZX__4_sentence_192.wav,He will go home right after completing his work.
xqyaKzZX__4_sentence_202.wav,Would anyone like more coffee?
xqyaKzZX__4_sentence_210.wav,I need absolute silence when I'm working.
xqyaKzZX__4_sentence_227.wav,The storm didn't cause any damage.
xqyaKzZX__4_sentence_239.wav,This book is suitable for beginners.
xqyaKzZX__4_sentence_245.wav,I ran out of breath.
xqyaKzZX__4_sentence_257.wav,He begins the day with some exercises.
xqyaKzZX__4_sentence_263.wav,I feel happy when I'm with you.
xqyaKzZX__4_sentence_264.wav,"He's rich, but he's not happy."
xqyaKzZX__4_sentence_267.wav,Give
xqyaKzZX__4_sentence_271.wav,"Come on, give me a chance."
xqyaKzZX__4_sentence_272.wav,I advised him to give up smoking.
xqyaKzZX__4_sentence_282.wav,Who's your favorite writer?
xqyaKzZX__4_sentence_285.wav,This is a restricted area.
xqyaKzZX__4_sentence_290.wav,That is outside my area of expertise.
xqyaKzZX__4_sentence_291.wav,Them.
xqyaKzZX__4_sentence_296.wav,Easily.
xqyaKzZX__4_sentence_305.wav,I have a lot of things to do today.
xqyaKzZX__4_sentence_321.wav,I think he's a great man.
xqyaKzZX__4_sentence_375.wav,This is a very time-consuming task.
xqyaKzZX__4_sentence_381.wav,Vietnam is a friendly country.
xqyaKzZX__4_sentence_382.wav,Your father seems very friendly.
xqyaKzZX__4_sentence_415.wav,Old.
xqyaKzZX__4_sentence_417.wav,How old is your father?
xqyaKzZX__4_sentence_419.wav,Who is that old woman?
xqyaKzZX__4_sentence_421.wav,How old do you think I am?
xqyaKzZX__4_sentence_425.wav,Could you please tell me again why you are late?
xqyaKzZX__4_sentence_432.wav,He lives in that yellow house.
xqyaKzZX__4_sentence_433.wav,My favorite color is yellow.
xqyaKzZX__4_sentence_436.wav,That's the building where my dad works.
xqyaKzZX__4_sentence_437.wav,"You don't know my dad, do you?"
xqyaKzZX__4_sentence_438.wav,My mom is two years younger than my dad.
xqyaKzZX__4_sentence_447.wav,She was very surprised when she heard the news.
xqyaKzZX__4_sentence_456.wav,We grow vegetables in our garden.
xqyaKzZX__4_sentence_459.wav,Can you deliver it to my house?
xqyaKzZX__4_sentence_460.wav,We can deliver it this evening.
xqyaKzZX__4_sentence_471.wav,His room is twice as large as mine.
xqyaKzZX__4_sentence_474.wav,I borrowed this book from him.
xqyaKzZX__4_sentence_479.wav,Sunday
xqyaKzZX__4_sentence_504.wav,They're not sure if they could provide accommodation for the whole group.
xqyaKzZX__4_sentence_527.wav,It's a big grass.
xqyaKzZX__4_sentence_532.wav,Metal
xqyaKzZX__4_sentence_544.wav,We apologize for the mistake and promise that it won't happen again.
xqyaKzZX__4_sentence_553.wav,Wedding.
yW9sxTNzvIQ_sentence_040.wav,He didn't have the courage to try it again.
yW9sxTNzvIQ_sentence_051.wav,It's important to keep your body in good condition.
yW9sxTNzvIQ_sentence_059.wav,"The sign said Private Property, Keep Out."
yW9sxTNzvIQ_sentence_065.wav,You must attach this label to your suitcase.
yW9sxTNzvIQ_sentence_072.wav,We received a flood of phone calls yesterday.
yW9sxTNzvIQ_sentence_076.wav,Many roads and fields were flooded.
yW9sxTNzvIQ_sentence_120.wav,"The challenges are daunting, but we can overcome them."
yW9sxTNzvIQ_sentence_128.wav,"Although he's nearly 80, he is still very active."
yW9sxTNzvIQ_sentence_130.wav,You need to be more active.
yW9sxTNzvIQ_sentence_147.wav,"I have to lose weight, so I'm on a diet."
yW9sxTNzvIQ_sentence_151.wav,Today is a national holiday.
yW9sxTNzvIQ_sentence_156.wav,Don't ever mention his name again.
yW9sxTNzvIQ_sentence_198.wav,They're related to each other.
yW9sxTNzvIQ_sentence_212.wav,I have nothing to hide.
yW9sxTNzvIQ_sentence_213.wav,He hid in an abandoned building.
yW9sxTNzvIQ_sentence_216.wav,At least I tried to do something.
yW9sxTNzvIQ_sentence_226.wav,You'll pass a bank on the way to the station.
yW9sxTNzvIQ_sentence_232.wav,I paused at the door and looked back.
yW9sxTNzvIQ_sentence_256.wav,"He sat at his desk all morning, but he didn't write much."
yW9sxTNzvIQ_sentence_302.wav,Chapter
yW9sxTNzvIQ_sentence_303.wav,This book is divided into 25 chapters.
yW9sxTNzvIQ_sentence_310.wav,You need to communicate your ideas more effectively.
yW9sxTNzvIQ_sentence_343.wav,How do you feel about it?
yW9sxTNzvIQ_sentence_352.wav,Approval.
yW9sxTNzvIQ_sentence_355.wav,I asked for their approval.
yW9sxTNzvIQ_sentence_361.wav,Stress is a very serious problem in today's society.
yW9sxTNzvIQ_sentence_362.wav,Recommend
yW9sxTNzvIQ_sentence_366.wav,A friend recommended this restaurant.
yW9sxTNzvIQ_sentence_367.wav,Can you recommend a good hotel?
yW9sxTNzvIQ_sentence_372.wav,Do you really want to drop out of school?
yW9sxTNzvIQ_sentence_404.wav,Our current revenues are certainly lower than anticipated.
yW9sxTNzvIQ_sentence_422.wav,The band always draws a large crowd.
yW9sxTNzvIQ_sentence_432.wav,Their marriage broke up last year.
yW9sxTNzvIQ_sentence_436.wav,"You can set the table. Meanwhile, I'll start making dinner."
yW9sxTNzvIQ_sentence_451.wav,She's decided not to accept the job.
yW9sxTNzvIQ_sentence_455.wav,They stared at me with wide eyes.
yW9sxTNzvIQ_sentence_472.wav,We don't want to create any new problems.
yW9sxTNzvIQ_sentence_478.wav,He has trouble remembering names.
yY0BaDXBSbk_sentence_000.wav,Significant.
yY0BaDXBSbk_sentence_017.wav,You're starting to annoy me.
yY0BaDXBSbk_sentence_050.wav,My desire is to help you with this problem.
yY0BaDXBSbk_sentence_077.wav,Stand aside and let these people pass.
yY0BaDXBSbk_sentence_078.wav,He took me aside to give me some advice.
yY0BaDXBSbk_sentence_107.wav,He is very humorous.
yY0BaDXBSbk_sentence_108.wav,What are your favorite humorous movies?
yY0BaDXBSbk_sentence_112.wav,We value our customers.
yY0BaDXBSbk_sentence_129.wav,We went down to the valley.
yY0BaDXBSbk_sentence_161.wav,I couldn't go out because of the snow.
yY0BaDXBSbk_sentence_164.wav,She finished the job with ease.
yY0BaDXBSbk_sentence_167.wav,Give me something to ease the pain.
yY0BaDXBSbk_sentence_174.wav,Give me a chance to prove it.
yY0BaDXBSbk_sentence_176.wav,I know you're lying. Prove it.
yY0BaDXBSbk_sentence_180.wav,This doesn't prove anything.
yY0BaDXBSbk_sentence_183.wav,The road ahead was blocked. Go ahead with your story.
yY0BaDXBSbk_sentence_193.wav,I will be there in fifteen minutes.
yY0BaDXBSbk_sentence_257.wav,She jumped for joy at the news.
yY0BaDXBSbk_sentence_267.wav,She's eating an apple.
yY0BaDXBSbk_sentence_282.wav,"None of these books are worth reading, but"
yY0BaDXBSbk_sentence_289.wav,Who remind?
yY0BaDXBSbk_sentence_297.wav,Please remind me to call John at 8 a.m.
yY0BaDXBSbk_sentence_301.wav,Is there a flight in the morning?
yY0BaDXBSbk_sentence_311.wav,She has already left the office.
yY0BaDXBSbk_sentence_312.wav,Heavy brain.
yY0BaDXBSbk_sentence_313.wav,The brain is the center of the nervous system.
yY0BaDXBSbk_sentence_314.wav,Brain
yY0BaDXBSbk_sentence_326.wav,I don't see any significant difference.
yY0BaDXBSbk_sentence_333.wav,I'd like to be a dentist in the future.
yY0BaDXBSbk_sentence_343.wav,Apartment
yY0BaDXBSbk_sentence_376.wav,I'm afraid that I might make you angry.
yY0BaDXBSbk_sentence_392.wav,There were no empty seats on the bus.
yY0BaDXBSbk_sentence_398.wav,"I must say, I'm a bit disappointed."
yY0BaDXBSbk_sentence_399.wav,"The less you know about him, the less disappointed you are."
yY0BaDXBSbk_sentence_431.wav,Yesterday they fired seven employees.
yY0BaDXBSbk_sentence_476.wav,Remind me to give this to him.
yY0BaDXBSbk_sentence_523.wav,Two-thirds of the employees of this company are engineers.
yY0BaDXBSbk_sentence_533.wav,There's just one tiny problem.
yY0BaDXBSbk_sentence_534.wav,This insect is tiny but very dangerous.
yY0BaDXBSbk_sentence_564.wav,How did you solve the problem?
yY0BaDXBSbk_sentence_571.wav,It seems that she has a tendency to exaggerate things.
yY0BaDXBSbk_sentence_597.wav,He pretended not to hear me.
yY0BaDXBSbk_sentence_606.wav,Follow.
yY0BaDXBSbk_sentence_610.wav,You need to follow your mother's advice.
yY0BaDXBSbk_sentence_662.wav,Factor.
yY0BaDXBSbk_sentence_672.wav,Bottle
yY0BaDXBSbk_sentence_673.wav,Please open the bottle. I think I'll start with a bottle of beer.
yY0BaDXBSbk_sentence_694.wav,Disappointed.
yY0BaDXBSbk_sentence_711.wav,"My father wants me to be an engineer, said"
yY0BaDXBSbk_sentence_719.wav,His bicycle is in rusty condition.
yY0BaDXBSbk_sentence_778.wav,Do you think that dress suits her?
yY0BaDXBSbk_sentence_817.wav,Poverty was the greatest motivating factor in my life.
yY0BaDXBSbk_sentence_821.wav,Please sit down.
yY0BaDXBSbk_sentence_926.wav,I never thought it'd be this hard to choose a color to paint the kitchen.
yY0BaDXBSbk_sentence_946.wav,This sentence has various meanings.
yY0BaDXBSbk_sentence_966.wav,He runs as fast as you.
yY0BaDXBSbk_sentence_971.wav,You're speaking a little too fast for me. Would you speak a little more slowly?
yY0BaDXBSbk_sentence_979.wav,I respect your opinion.
yY0BaDXBSbk_sentence_988.wav,The children pretended to be asleep.
yzQdKLHuq4Y_sentence_047.wav,A mysterious young woman is living next door.
yzQdKLHuq4Y_sentence_077.wav,Spread the map on the table.
yzQdKLHuq4Y_sentence_094.wav,She speaks English with a Vietnamese accent.
yzQdKLHuq4Y_sentence_110.wav,"I'm not sure, she responded."
yzQdKLHuq4Y_sentence_166.wav,She deliberately ignored me on the street.
yzQdKLHuq4Y_sentence_170.wav,"When it comes to music, everyone has their own preferences."
yzQdKLHuq4Y_sentence_233.wav,What do you infer from her refusal?
yzQdKLHuq4Y_sentence_236.wav,He took her silence as a refusal.
yzQdKLHuq4Y_sentence_247.wav,There's a slight difference between them.
yzQdKLHuq4Y_sentence_252.wav,I have a slight fever.
yzQdKLHuq4Y_sentence_257.wav,I'd like to improve my English pronunciation.
yzQdKLHuq4Y_sentence_258.wav,Your pronunciation is excellent.
yzQdKLHuq4Y_sentence_261.wav,Working.
yzQdKLHuq4Y_sentence_262.wav,They had to work in poor working conditions.
yzQdKLHuq4Y_sentence_263.wav,She spent most of her working life as a teacher.
yzQdKLHuq4Y_sentence_266.wav,"I'm sorry, I'm partly responsible for it."
yzQdKLHuq4Y_sentence_289.wav,He publicly apologised for his comments.
yzQdKLHuq4Y_sentence_295.wav,Rude.
yzQdKLHuq4Y_sentence_302.wav,Satisfy.
yzQdKLHuq4Y_sentence_311.wav,It's impossible to satisfy everyone.
yzQdKLHuq4Y_sentence_312.wav,Does that answer satisfy you?
yzQdKLHuq4Y_sentence_326.wav,Uniform.
yzQdKLHuq4Y_sentence_327.wav,I hate this uniform.
yzQdKLHuq4Y_sentence_328.wav,Employees are required to wear uniforms.
yzQdKLHuq4Y_sentence_329.wav,I pepper.
yzQdKLHuq4Y_sentence_334.wav,Region
yzQdKLHuq4Y_sentence_338.wav,This region has changed significantly since 2010.
yzQdKLHuq4Y_sentence_339.wav,The river flooded the entire region.
yzQdKLHuq4Y_sentence_368.wav,Her life is full of pain and suffering.
yzQdKLHuq4Y_sentence_373.wav,My broken arm took several weeks to heal.
yzQdKLHuq4Y_sentence_399.wav,he managed to secure a good job.
yzQdKLHuq4Y_sentence_475.wav,He is a rude person.
yzQdKLHuq4Y_sentence_515.wav,This account has been banned forever.
yzQdKLHuq4Y_sentence_535.wav,Time heals all wounds.
yzQdKLHuq4Y_sentence_548.wav,Alcohol depresses the nervous system.
yzQdKLHuq4Y_sentence_584.wav,Indoor.
yzQdKLHuq4Y_sentence_585.wav,Do you have an indoor swimming pool?
yzQdKLHuq4Y_sentence_586.wav,He doesn't like indoor activities.
yzQdKLHuq4Y_sentence_587.wav,Do you engineering?
yzQdKLHuq4Y_sentence_598.wav,Fork.
yzQdKLHuq4Y_sentence_600.wav,How many more forks do you need?
yzQdKLHuq4Y_sentence_601.wav,Pork.
yzQdKLHuq4Y_sentence_602.wav,"We usually eat with a knife, fork, and spoon."
yzQdKLHuq4Y_sentence_649.wav,Consumer.
yzQdKLHuq4Y_sentence_661.wav,Enthusiastic.
yzQdKLHuq4Y_sentence_680.wav,Pink.
yzQdKLHuq4Y_sentence_681.wav,My favourite colour is pink.
yzQdKLHuq4Y_sentence_682.wav,She painted the wall pink.
yzQdKLHuq4Y_sentence_683.wav,Who is the girl in the pink dress?
yzQdKLHuq4Y_sentence_684.wav,My analysis.
yzQdKLHuq4Y_sentence_713.wav,She was transported to a local hospital.
yzQdKLHuq4Y_sentence_721.wav,His bike is his only means of transport.
yzQdKLHuq4Y_sentence_739.wav,Failure didn't depress him.
yzQdKLHuq4Y_sentence_781.wav,The rumor spread quickly.
yzQdKLHuq4Y_sentence_804.wav,He has a southern accent.
yzQdKLHuq4Y_sentence_821.wav,"I asked him his name, but he didn't respond."
yzQdKLHuq4Y_sentence_830.wav,I woke up with a slight headache.
yzQdKLHuq4Y_sentence_855.wav,It's a problem that requires careful analysis.
yzQdKLHuq4Y_sentence_868.wav,A bus transported us from the airport to the hotel.
yzQdKLHuq4Y_sentence_879.wav,Everybody wants recognition and respect.
yzQdKLHuq4Y_sentence_888.wav,Why are you so rude to your mother?
yzQdKLHuq4Y_sentence_889.wav,I didn't mean to be rude to you.
zKdouMbQMMY_sentence_010.wav,I hardly know where to begin.
zKdouMbQMMY_sentence_011.wav,"Unfortunately, I hardly speak any French."
zKdouMbQMMY_sentence_028.wav,He was a guest speaker at the conference.
zKdouMbQMMY_sentence_053.wav,Words often have several meanings.
zKdouMbQMMY_sentence_068.wav,"I'd like to paint the room a different color, just as an experiment."
zKdouMbQMMY_sentence_078.wav,Our kids don't want to live in the countryside.
zKdouMbQMMY_sentence_084.wav,We need to find an effective method.
zKdouMbQMMY_sentence_167.wav,I estimate that we'll need two days to finish the work.
zKdouMbQMMY_sentence_178.wav,I fully understand your concerns.
zKdouMbQMMY_sentence_199.wav,My general impression is that it is very good.
zKdouMbQMMY_sentence_214.wav,We want to help you because you deserve it.
zKdouMbQMMY_sentence_229.wav,She personally replied to my letter.
zKdouMbQMMY_sentence_270.wav,She kept working even though she was tired.
zKdouMbQMMY_sentence_274.wav,"Though it was late, we decided to go."
zKdouMbQMMY_sentence_281.wav,He is a potential leader.
zKdouMbQMMY_sentence_288.wav,"The beach is within walking distance of my house, replied."
zKdouMbQMMY_sentence_289.wav,The beach is crowded on holidays.
zKdouMbQMMY_sentence_304.wav,What's the matter with you?
zKdouMbQMMY_sentence_308.wav,"No matter what he says, don't trust him."
zKdouMbQMMY_sentence_309.wav,Fear
zKdouMbQMMY_sentence_316.wav,Belief.
zKdouMbQMMY_sentence_380.wav,"For your own safety, just stay here."
zKdouMbQMMY_sentence_394.wav,My father is busy getting ready for his trip.
zKdouMbQMMY_sentence_399.wav,You are not allowed to enter this room.
zKdouMbQMMY_sentence_408.wav,They chose her instead of me.
zKdouMbQMMY_sentence_420.wav,You should brush your teeth twice a day.
zKdouMbQMMY_sentence_463.wav,She lay down on the bed and cried.
zKdouMbQMMY_sentence_488.wav,I would like to try it.
zKdouMbQMMY_sentence_492.wav,Would you like to have lunch with me?
zOsZ6doLPs0_sentence_014.wav,Foreign.
zOsZ6doLPs0_sentence_018.wav,Learning a foreign language is interesting.
zOsZ6doLPs0_sentence_035.wav,He has a tendency to look on the dark side of things.
zOsZ6doLPs0_sentence_083.wav,Can you recommend a good dentist?
zOsZ6doLPs0_sentence_084.wav,I have a dentist appointment at 2.30 p.m.
zOsZ6doLPs0_sentence_130.wav,"She leaves her bedroom window open, however cold it is."
zOsZ6doLPs0_sentence_137.wav,She looked at him with a smile on her face.
zOsZ6doLPs0_sentence_142.wav,Will you meet our demands?
zOsZ6doLPs0_sentence_154.wav,I didn't get a straight answer from him.
zOsZ6doLPs0_sentence_158.wav,She was here just a minute ago.
zOsZ6doLPs0_sentence_162.wav,I met my girlfriend three years ago.
zOsZ6doLPs0_sentence_183.wav,I'd like some more coffee.
zOsZ6doLPs0_sentence_184.wav,Environment.
zOsZ6doLPs0_sentence_192.wav,What time did you go to bed?
zOsZ6doLPs0_sentence_197.wav,"We put the children to bed early,"
zOsZ6doLPs0_sentence_219.wav,Drunk driving is a serious problem.
zOsZ6doLPs0_sentence_227.wav,I enjoy feeding the pigeons.
zOsZ6doLPs0_sentence_283.wav,I think you should wear a tie.
zOsZ6doLPs0_sentence_293.wav,Are you seriously thinking about divorce?
zOsZ6doLPs0_sentence_365.wav,May I ask you a favor?
zOsZ6doLPs0_sentence_376.wav,I want to be more independent.
zOsZ6doLPs0_sentence_401.wav,"Obviously, we don't want to spend too much money."
zOsZ6doLPs0_sentence_422.wav,I'll tell you a secret.
zOsZ6doLPs0_sentence_424.wav,I revealed the secret to him.
zOsZ6doLPs0_sentence_453.wav,He couldn't hide his anger at us.
zOsZ6doLPs0_sentence_462.wav,What style of furniture would you like?
zOsZ6doLPs0_sentence_465.wav,I can't unfortunately. I have to work.
zOsZ6doLPs0_sentence_483.wav,We need to pay over a thousand dollars in tax.
zOsZ6doLPs0_sentence_502.wav,Translate the following sentences into English.
zOsZ6doLPs0_sentence_537.wav,He is a very kind and generous man.
zOsZ6doLPs0_sentence_544.wav,I can walk home. Don't be silly. It's too far.
zOsZ6doLPs0_sentence_545.wav,Afford
zOsZ6doLPs0_sentence_549.wav,Can we afford a new car?
zOsZ6doLPs0_sentence_578.wav,I'd rather stay at home than go out.
zOsZ6doLPs0_sentence_585.wav,Social
zOsZ6doLPs0_sentence_587.wav,The increase in suicides has become a serious social problem.
zOsZ6doLPs0_sentence_590.wav,Story
zOsZ6doLPs0_sentence_592.wav,I've heard this story before.
zOsZ6doLPs0_sentence_593.wav,Where did you hear that story?
zOsZ6doLPs0_sentence_637.wav,In form
zOsZ6doLPs0_sentence_638.wav,Who should I inform?
zOsZ6doLPs0_sentence_645.wav,He told me the story of his life.
zOsZ6doLPs0_sentence_666.wav,He is my uncle.
zOsZ6doLPs0_sentence_673.wav,We all admire your courage.
zOsZ6doLPs0_sentence_685.wav,There's nothing left to say.
zOsZ6doLPs0_sentence_687.wav,She has nothing in common with him.
zOsZ6doLPs0_sentence_689.wav,Neighbor
zOsZ6doLPs0_sentence_701.wav,She looked so beautiful in white.
zOsZ6doLPs0_sentence_702.wav,He said I was the most beautiful woman he'd ever seen.
zOsZ6doLPs0_sentence_704.wav,"It's going to be a beautiful day, Sarah said. Including"
zOsZ6doLPs0_sentence_711.wav,I remember virtually everything he said.
zOsZ6doLPs0_sentence_757.wav,He has no interest in science.
zOsZ6doLPs0_sentence_760.wav,We're studying physical science.
zOsZ6doLPs0_sentence_764.wav,She's a famous movie star.
zOsZ6doLPs0_sentence_790.wav,I will wait until you arrive.
zOsZ6doLPs0_sentence_794.wav,We arrived home at six o'clock.
zOsZ6doLPs0_sentence_795.wav,The train from Bangkok is now arriving.
zOsZ6doLPs0_sentence_801.wav,She advised me to give up smoking.
zOsZ6doLPs0_sentence_819.wav,Do you agree with me that we should leave now?
zOsZ6doLPs0_sentence_821.wav,He didn't agree to my proposal.
zOsZ6doLPs0_sentence_847.wav,D crease.
zOsZ6doLPs0_sentence_869.wav,I have no desire to stay here.
zOsZ6doLPs0_sentence_874.wav,The club charges an annual fee of$50.
zOsZ6doLPs0_sentence_875.wav,His annual income is over one hundred fifty thousand dollars.
zOsZ6doLPs0_sentence_883.wav,Hand.
zOsZ6doLPs0_sentence_903.wav,He has worked there for the past few months.
zOsZ6doLPs0_sentence_906.wav,He is able to speak ten languages.
zOsZ6doLPs0_sentence_913.wav,"His annual income is more than$100,000."
zOsZ6doLPs0_sentence_925.wav,She got bored with staring out of the window.
zOsZ6doLPs0_sentence_930.wav,Suddenly
zOsZ6doLPs0_sentence_933.wav,It all happened so suddenly.
zOsZ6doLPs0_sentence_952.wav,Can you reduce the price a little bit?
zOsZ6doLPs0_sentence_962.wav,It isn't polite to interrupt people when they're talking.
zOsZ6doLPs0_sentence_976.wav,Turn right at the next intersection.
zOsZ6doLPs0_sentence_979.wav,The doctor advised me to take a complete rest.
zOsZ6doLPs0_sentence_988.wav,This story is based on facts.
zdGXA7pw_iw_sentence_060.wav,I'm so excited to see her after such a long time.
zdGXA7pw_iw_sentence_086.wav,I can assure you that you won't be disappointed.
zdGXA7pw_iw_sentence_106.wav,I didn't mean to interrupt your conversation.
zdGXA7pw_iw_sentence_127.wav,She deserves a reward for her efforts.
zdGXA7pw_iw_sentence_129.wav,Well known.
zdGXA7pw_iw_sentence_216.wav,He's always making excuses for being late.
zdGXA7pw_iw_sentence_219.wav,Rent.
zdGXA7pw_iw_sentence_270.wav,Meaning.
zdGXA7pw_iw_sentence_280.wav,Let's go out now and eat afterwards.
zdGXA7pw_iw_sentence_283.wav,I really appreciate your kindness.
zdGXA7pw_iw_sentence_287.wav,She takes my kindness for granted.
zdGXA7pw_iw_sentence_294.wav,I need to hire a new secretary.
zdGXA7pw_iw_sentence_298.wav,She is a brilliant public speaker.
zdGXA7pw_iw_sentence_299.wav,You speak English like a native speaker.
zdGXA7pw_iw_sentence_327.wav,"He is an extremely intelligent person, almost a genius."
zdGXA7pw_iw_sentence_336.wav,Outside.
zdGXA7pw_iw_sentence_337.wav,The outside of the house needs painting.
zdGXA7pw_iw_sentence_341.wav,They're waiting outside.
zdGXA7pw_iw_sentence_344.wav,I guess it's going to rain.
zdGXA7pw_iw_sentence_346.wav,My guess is that it will be fine tomorrow.
zdGXA7pw_iw_sentence_356.wav,This matter is very urgent.
zdGXA7pw_iw_sentence_368.wav,Do you want to race?
zdGXA7pw_iw_sentence_373.wav,I didn't see any familiar faces at the party.
zdGXA7pw_iw_sentence_376.wav,Experience
zdGXA7pw_iw_sentence_379.wav,I don't have as much experience as you.
zdGXA7pw_iw_sentence_388.wav,Responsibility
zdGXA7pw_iw_sentence_389.wav,I take full responsibility for this.
zdGXA7pw_iw_sentence_393.wav,"This isn't my responsibility, it's yours."
zdGXA7pw_iw_sentence_404.wav,"She isn't kind to him. In fact, she's not kind to anyone."
zdGXA7pw_iw_sentence_405.wav,What kind of wine do you have?
zdGXA7pw_iw_sentence_416.wav,Floor.
zdGXA7pw_iw_sentence_417.wav,I don't mind sleeping on the floor.
zdGXA7pw_iw_sentence_422.wav,How many floors does this building have?
zdGXA7pw_iw_sentence_435.wav,Final.
zdGXA7pw_iw_sentence_436.wav,I have one final question for you.
zdGXA7pw_iw_sentence_441.wav,What is your final decision?
zdGXA7pw_iw_sentence_445.wav,This is my favorite t-shirt.
zdGXA7pw_iw_sentence_451.wav,I plan to pursue a career in international finance.
zdGXA7pw_iw_sentence_466.wav,Try.
zdGXA7pw_iw_sentence_470.wav,I think that we should try again.
zdGXA7pw_iw_sentence_476.wav,"Hand me that book, please."
zdGXA7pw_iw_sentence_484.wav,I'm the owner of this restaurant.
