source_audio_path,en_source_text,vi_translation,cefr_level
-qyZgVdUmgI_sentence_005.wav,Sudden.,Bất ngờ.,A2
-qyZgVdUmgI_sentence_010.wav,His death was very sudden.,Cái chết của ông ấy rất đột ngột.,A2
-qyZgVdUmgI_sentence_031.wav,Hope.,Hy vọng.,A1
-qyZgVdUmgI_sentence_038.wav,Plain.,Bình thường.,A2
-qyZgVdUmgI_sentence_040.wav,I want to make a model plane.,Tôi muốn làm một mô hình máy bay.,A1
-qyZgVdUmgI_sentence_042.wav,Can I carry this on the plane?,Tôi mang cái này lên máy bay được không?,A1
-qyZgVdUmgI_sentence_045.wav,Hair.,Tóc.,A1
-qyZgVdUmgI_sentence_050.wav,I need to get a haircut.,Tôi cần cắt tóc.,A1
-qyZgVdUmgI_sentence_052.wav,War,Chiến tranh,A1
-qyZgVdUmgI_sentence_053.wav,The two countries are at war.,Hai nước đang có chiến tranh.,A2
-qyZgVdUmgI_sentence_054.wav,He was killed in the war.,Ông ấy đã bị giết trong chiến tranh.,A2
-qyZgVdUmgI_sentence_059.wav,What time will you leave the office?,Mấy giờ anh rời văn phòng?,A1
-qyZgVdUmgI_sentence_065.wav,You should read the instructions carefully.,Bạn nên đọc hướng dẫn cẩn thận.,A1
-qyZgVdUmgI_sentence_066.wav,Did you read the instructions?,Anh đã đọc hướng dẫn chưa?,A1
-qyZgVdUmgI_sentence_067.wav,"I did everything according to your instructions, and","Tôi đã làm mọi thứ theo chỉ dẫn của anh, và",A2
-qyZgVdUmgI_sentence_072.wav,Why do you hesitate?,Sao anh lại do dự?,A1
-qyZgVdUmgI_sentence_073.wav,Don't hesitate to ask me any questions.,Đừng ngần ngại hỏi tôi bất cứ câu hỏi nào.,A1
-qyZgVdUmgI_sentence_083.wav,Scale,Phóng,A2
-qyZgVdUmgI_sentence_095.wav,Root.,Root.,A1
-qyZgVdUmgI_sentence_107.wav,Ice.,Đá.,A1
-qyZgVdUmgI_sentence_110.wav,The ice is melting.,Băng đang tan.,A1
-qyZgVdUmgI_sentence_119.wav,Friend,Bạn,A1
-qyZgVdUmgI_sentence_121.wav,I have a friend whose father is a teacher.,Tôi có một người bạn có cha là giáo viên.,A2
-qyZgVdUmgI_sentence_123.wav,He is an old friend of mine.,Anh ấy là bạn cũ của tôi.,A2
-qyZgVdUmgI_sentence_125.wav,I'd like you to meet my friends.,Tôi muốn giới thiệu với các bạn tôi.,A1
-qyZgVdUmgI_sentence_133.wav,Hers.,Của cô ấy.,A1
-qyZgVdUmgI_sentence_143.wav,Maybe.,Có thể.,A1
-qyZgVdUmgI_sentence_145.wav,Are you going to sell your house? Maybe.,Anh định bán nhà à?,A1
-qyZgVdUmgI_sentence_151.wav,Set.,Đặt.,A1
-qyZgVdUmgI_sentence_158.wav,Far.,Xa.,A1
-qyZgVdUmgI_sentence_172.wav,Hobby,Đồ chơi,A2
-qyZgVdUmgI_sentence_179.wav,Available.,Có sẵn.,A2
-qyZgVdUmgI_sentence_186.wav,Fat.,Mập.,A2
-qyZgVdUmgI_sentence_189.wav,"My uncle is thin, but my aunt is fat.","Chú tôi gầy, nhưng dì tôi thì mập.",A2
-qyZgVdUmgI_sentence_200.wav,Home.,Nhà.,A1
-qyZgVdUmgI_sentence_206.wav,She advised him to go home early.,Cô ấy khuyên anh ta về nhà sớm.,A2
-qyZgVdUmgI_sentence_219.wav,Mistake,Sai lầm,A1
-qyZgVdUmgI_sentence_220.wav,We all make mistakes.,Chúng ta đều phạm sai lầm.,A1
-qyZgVdUmgI_sentence_222.wav,I took his umbrella by mistake.,Tôi lấy nhầm cây dù của anh ta.,A2
-qyZgVdUmgI_sentence_238.wav,Less.,Ít hơn.,A1
-qyZgVdUmgI_sentence_239.wav,You'll get there in less than ten minutes.,Anh sẽ tới đó trong chưa đầy 10 phút.,A2
-qyZgVdUmgI_sentence_245.wav,Former,Trước đây,A2
-qyZgVdUmgI_sentence_257.wav,Shape.,Hình dạng.,A1
-qyZgVdUmgI_sentence_268.wav,He will get nowhere with his plans.,Kế hoạch của hắn sẽ chẳng đi đến đâu.,A2
-qyZgVdUmgI_sentence_276.wav,Pupil,Học sinh,A2
-qyZgVdUmgI_sentence_281.wav,After.,Sau đó.,A1
-qyZgVdUmgI_sentence_283.wav,Please look after my luggage for a minute.,Xin hãy trông hành lý của tôi một chút.,A1
-qyZgVdUmgI_sentence_285.wav,Can we talk about this after lunch?,Chúng ta có thể nói chuyện này sau bữa trưa không?,A1
-qyZgVdUmgI_sentence_288.wav,No.,Không.,A1
-qyZgVdUmgI_sentence_291.wav,"As far as I know, he's never come on time.","Theo như tôi biết, anh ta không bao giờ đến đúng giờ.",A2
-qyZgVdUmgI_sentence_292.wav,Do you know what time it is?,Anh có biết mấy giờ rồi không?,A1
-qyZgVdUmgI_sentence_295.wav,Check.,Kiểm tra.,A1
-qyZgVdUmgI_sentence_299.wav,Customs officers have the right to check all luggages.,Hải quan có quyền kiểm tra hành lý.,A2
-qyZgVdUmgI_sentence_305.wav,Month.,Tháng.,A2
-qyZgVdUmgI_sentence_309.wav,I'll be very busy next month.,Tháng sau tôi sẽ rất bận rộn.,A2
-qyZgVdUmgI_sentence_312.wav,Other,Khác,A2
-qyZgVdUmgI_sentence_333.wav,Oh.,Oh.,A1
-qyZgVdUmgI_sentence_336.wav,I owe you an apology.,Tôi nợ anh một lời xin lỗi.,A1
-qyZgVdUmgI_sentence_340.wav,Gather.,Tập hợp.,A1
-qyZgVdUmgI_sentence_347.wav,Solution.,Giải pháp.,A1
-qyZgVdUmgI_sentence_348.wav,Every problem has a solution.,Mọi vấn đề đều có giải pháp.,A2
-qyZgVdUmgI_sentence_354.wav,Hmm.,Hmm.,A1
-qyZgVdUmgI_sentence_356.wav,How did you get to know her?,Làm sao anh biết cô ấy?,A1
-qyZgVdUmgI_sentence_361.wav,Account.,Tài khoản.,A1
-qyZgVdUmgI_sentence_363.wav,She has a lot of money in her savings account.,Cô ấy có rất nhiều tiền trong tài khoản tiết kiệm.,A2
-qyZgVdUmgI_sentence_368.wav,Large.,Lớn.,A2
-qyZgVdUmgI_sentence_370.wav,Do you have a larger size?,Anh có cỡ lớn hơn không?,A1
-qyZgVdUmgI_sentence_371.wav,There used to be a large park here.,Từng có một công viên lớn ở đây.,A2
-qyZgVdUmgI_sentence_373.wav,Salt.,Muối.,A1
-qyZgVdUmgI_sentence_380.wav,Famous.,Nổi tiếng.,A1
-qyZgVdUmgI_sentence_381.wav,She is a famous singer.,Cô ấy là một ca sĩ nổi tiếng.,A1
-qyZgVdUmgI_sentence_386.wav,He is eager to be famous.,Anh ấy rất muốn được nổi tiếng.,A2
-qyZgVdUmgI_sentence_387.wav,Drink.,Uống đi.,A1
-qyZgVdUmgI_sentence_388.wav,Let me buy you a drink.,Để tôi mời anh một ly.,A1
-qyZgVdUmgI_sentence_394.wav,Inside,Bên trong,A1
-qyZgVdUmgI_sentence_398.wav,Can we go Saturday?,Thứ Bảy chúng ta đi được không?,A1
-qyZgVdUmgI_sentence_399.wav,Today is Saturday.,Hôm nay là thứ Bảy.,A1
-qyZgVdUmgI_sentence_407.wav,Do you have medical insurance?,Anh có bảo hiểm y tế không?,A1
-qyZgVdUmgI_sentence_412.wav,Believe.,Tin tưởng.,A1
-qyZgVdUmgI_sentence_419.wav,This building is government property.,Toà nhà này là tài sản của chính phủ.,A2
-qyZgVdUmgI_sentence_427.wav,Satisfied.,Hài lòng.,A1
-qyZgVdUmgI_sentence_429.wav,Are you satisfied with your salary?,Bạn có hài lòng với mức lương của mình không?,A2
-qyZgVdUmgI_sentence_434.wav,Reject.,Từ chối.,A1
-qyZgVdUmgI_sentence_441.wav,Crazy.,Điên rồi.,A1
-qyZgVdUmgI_sentence_444.wav,I realize that this may sound crazy.,Tôi nhận ra rằng điều này nghe có vẻ điên rồ.,A1
-qyZgVdUmgI_sentence_445.wav,But I think I've fallen in love with your younger sister.,Nhưng tôi nghĩ tôi đã yêu em gái của anh.,A1
-qyZgVdUmgI_sentence_446.wav,Variety.,Sự đa dạng.,A2
-qyZgVdUmgI_sentence_451.wav,Receipt.,Biên lai.,A2
-qyZgVdUmgI_sentence_452.wav,"Can I have a receipt, please?",Cho tôi một hoá đơn được không?,A2
-qyZgVdUmgI_sentence_458.wav,Priority,Ưu tiên,A1
-qyZgVdUmgI_sentence_459.wav,Family is my number one priority.,Gia đình là ưu tiên hàng đầu của tôi.,A2
-qyZgVdUmgI_sentence_472.wav,Storm,Bão,A1
-qyZgVdUmgI_sentence_473.wav,There is going to be a storm.,Sẽ có một cơn bão.,A1
-qyZgVdUmgI_sentence_474.wav,The storm caused a lot of damage.,Cơn bão gây ra rất nhiều thiệt hại.,A2
-qyZgVdUmgI_sentence_477.wav,Idea.,Ý tưởng.,A1
-qyZgVdUmgI_sentence_479.wav,Do you have a better idea?,Anh có ý nào hay hơn không?,A1
-qyZgVdUmgI_sentence_481.wav,That's a good idea.,Đó là một ý hay.,A1
-qyZgVdUmgI_sentence_491.wav,Important.,Quan trọng.,A1
-qyZgVdUmgI_sentence_498.wav,Reets,& Quay lại,A2
-qyZgVdUmgI_sentence_505.wav,Otherwise,Nếu không,A2
-qyZgVdUmgI_sentence_510.wav,What?,Cái gì?,A1
-qyZgVdUmgI_sentence_511.wav,What time is it?,Mấy giờ rồi nhỉ?,A1
-qyZgVdUmgI_sentence_512.wav,What are you doing?,Anh đang làm gì vậy?,A1
-qyZgVdUmgI_sentence_517.wav,Obvious.,Rõ ràng.,A1
-qyZgVdUmgI_sentence_524.wav,Prevent.,Ngăn chặn.,A1
-qyZgVdUmgI_sentence_531.wav,guy.,""" Tôi không biết. "" '",A1
-qyZgVdUmgI_sentence_533.wav,I don't get along with that guy.,Tôi không hòa thuận với gã đó.,A2
-qyZgVdUmgI_sentence_534.wav,That guy annoys me.,Gã đó làm tôi khó chịu.,A1
-qyZgVdUmgI_sentence_538.wav,Reserve.,Dự trữ.,A1
-qyZgVdUmgI_sentence_547.wav,It's a rare disease.,Đó là một bệnh hiếm gặp.,A2
-qyZgVdUmgI_sentence_550.wav,Value.,Giá trị.,A1
-qyZgVdUmgI_sentence_557.wav,Catch.,Bắt.,A1
-qyZgVdUmgI_sentence_564.wav,Truck.,Lái xe.,A1
-xuEvpBrgTE_sentence_012.wav,Arrival,Đến nơi,A1
-xuEvpBrgTE_sentence_013.wav,I informed her of my arrival.,Tôi đã báo cho cô ấy biết.,A2
-xuEvpBrgTE_sentence_025.wav,What is the meaning of life?,Ý nghĩa của cuộc sống là gì?,A2
-xuEvpBrgTE_sentence_033.wav,Occur.,Tồn tại.,A2
-xuEvpBrgTE_sentence_035.wav,Something unexpected occurred.,Có chuyện bất ngờ xảy ra.,A2
-xuEvpBrgTE_sentence_038.wav,Ashore,Xa-mơ-riName,A2
-xuEvpBrgTE_sentence_057.wav,Tooth.,Răng.,A1
-xuEvpBrgTE_sentence_058.wav,Which tooth hurts?,Răng nào đau?,A2
-xuEvpBrgTE_sentence_068.wav,I can't express my feelings.,Tôi không thể bày tỏ cảm xúc của mình.,A2
-xuEvpBrgTE_sentence_139.wav,Mad.,Mad.,A1
-xuEvpBrgTE_sentence_141.wav,Why are you mad at me?,Sao anh lại giận em?,A1
-xuEvpBrgTE_sentence_190.wav,Can I assist you in any way?,Tôi có thể giúp gì cho anh không?,A2
-xuEvpBrgTE_sentence_203.wav,Lift.,Nhấc.,A1
-xuEvpBrgTE_sentence_221.wav,What is the advantage of this technique over traditional techniques?,Lợi thế của kỹ thuật này so với các kỹ thuật truyền thống là gì?,A2
-xuEvpBrgTE_sentence_224.wav,Unknown.,Không rõ.,A2
-xuEvpBrgTE_sentence_231.wav,Arrange.,Sắp xếp.,A1
-xuEvpBrgTE_sentence_237.wav,"We met at six, as arranged.","Chúng ta gặp nhau lúc 6 giờ, như đã sắp xếp.",A2
-xuEvpBrgTE_sentence_259.wav,Future.,Tương lai.,A1
-xuEvpBrgTE_sentence_262.wav,The best way to predict the future is to create it.,Cách tốt nhất để dự đoán tương lai là tạo ra nó.,B1
-xuEvpBrgTE_sentence_280.wav,I didn't notice anything suspicious.,Tôi không nhận thấy bất cứ điều gì đáng ngờ.,A2
-xuEvpBrgTE_sentence_285.wav,Excuse,Xin lỗi,A1
-xuEvpBrgTE_sentence_292.wav,Shout.,Hét lên.,A1
-xuEvpBrgTE_sentence_295.wav,"He shouted, Get out.","Hắn hét lên, Cút ra.",A1
-xuEvpBrgTE_sentence_296.wav,Stop shouting and listen.,Đừng la hét nữa và nghe đây.,A1
-xuEvpBrgTE_sentence_301.wav,Secretary,Thư ký,A1
-xuEvpBrgTE_sentence_308.wav,Answer.,Trả lời.,A1
-xuEvpBrgTE_sentence_325.wav,Afterwards.,Sau đó.,A2
-xuEvpBrgTE_sentence_329.wav,Shortly afterwards I met her again.,Không lâu sau đó tôi gặp lại cô ấy.,A2
-xuEvpBrgTE_sentence_330.wav,Man.,Man.,A1
-xuEvpBrgTE_sentence_331.wav,He is a good looking young man.,Anh ta là một chàng trai trẻ đẹp trai.,A1
-xuEvpBrgTE_sentence_332.wav,Who is that man?,Người đàn ông đó là ai?,A1
-xuEvpBrgTE_sentence_341.wav,Experience is required for this job.,Kinh nghiệm là cần thiết cho công việc này.,A2
-xuEvpBrgTE_sentence_344.wav,Totally.,Hoàn toàn đúng.,A1
-xuEvpBrgTE_sentence_348.wav,It's totally up to you.,Hoàn toàn tuỳ thuộc vào anh.,A1
-xuEvpBrgTE_sentence_351.wav,Dare.,Hãy thách thức.,A1
-xuEvpBrgTE_sentence_358.wav,Kindness.,Tử tế.,A1
-xuEvpBrgTE_sentence_361.wav,Thank you for your kindness.,Cảm ơn vì lòng tốt của anh.,A1
-xuEvpBrgTE_sentence_365.wav,Alone.,Một mình.,A1
-xuEvpBrgTE_sentence_372.wav,Intelligent.,Thông minh.,A1
-xuEvpBrgTE_sentence_377.wav,Even.,Thậm chí.,A1
-xuEvpBrgTE_sentence_391.wav,disappointed.,) Tôi không muốn làm phiền ông.,A2
-xuEvpBrgTE_sentence_392.wav,He seemed disappointed at the results.,Ông dường như thất vọng với kết quả.,A2
-xuEvpBrgTE_sentence_405.wav,Develop.,Phát triển.,A1
-xuEvpBrgTE_sentence_419.wav,Beef.,Thịt bò.,A1
-xuEvpBrgTE_sentence_420.wav,She ordered a plate of beef.,Cô ấy gọi một đĩa thịt bò.,A1
-xuEvpBrgTE_sentence_421.wav,Would you like some more beef? She ordered a plate of beef. Would you like some more beef?,Cô có muốn thêm thịt bò không? Cô gọi một đĩa thịt bò. Cô có muốn thêm thịt bò không?,A2
-xuEvpBrgTE_sentence_422.wav,Heart.,Trái tim.,A1
-xuEvpBrgTE_sentence_423.wav,He's alive. His heart is still beating.,"Anh ấy còn sống, tim vẫn đập.",A1
-xuEvpBrgTE_sentence_427.wav,Measure.,Thước đo.,A1
-xuEvpBrgTE_sentence_429.wav,We want to measure your blood pressure.,Chúng tôi muốn đo huyết áp của bạn.,A2
-xuEvpBrgTE_sentence_430.wav,It can't be measured with money.,Nó không thể đo bằng tiền.,A2
-xuEvpBrgTE_sentence_432.wav,Half.,Một nửa.,A1
-xuEvpBrgTE_sentence_435.wav,She made me wait for half an hour.,Cô ấy bắt tôi chờ nửa tiếng.,A2
-xuEvpBrgTE_sentence_436.wav,I can do it in half the time.,Tôi có thể làm điều đó trong một nửa thời gian.,A2
-xuEvpBrgTE_sentence_437.wav,Half the work is already finished.,Một nửa công việc đã hoàn thành.,A2
-xuEvpBrgTE_sentence_439.wav,Fast.,Nhanh.,A1
-xuEvpBrgTE_sentence_441.wav,She didn't run fast enough to catch the bus.,Cô ấy chạy không đủ nhanh để bắt kịp xe buýt.,A2
-xuEvpBrgTE_sentence_446.wav,Careful.,Cẩn thận.,A1
-xuEvpBrgTE_sentence_449.wav,Be careful.,Hãy cẩn thận.,A1
-xuEvpBrgTE_sentence_451.wav,Please be careful that you don't break this vase.,Xin hãy cẩn thận đừng làm vỡ bình hoa này.,A1
-xuEvpBrgTE_sentence_452.wav,I begged him to be more careful.,Tôi đã cầu xin anh ta cẩn thận hơn.,A1
-xuEvpBrgTE_sentence_454.wav,There's broken glass on the floor.,Có mảnh kính vỡ trên sàn.,A1
-xuEvpBrgTE_sentence_455.wav,Circle.,Tròn.,A1
-xuEvpBrgTE_sentence_461.wav,She drew a circle on a piece of paper with a pencil.,Cô vẽ một vòng tròn trên một mảnh giấy bằng bút chì.,A2
-xuEvpBrgTE_sentence_462.wav,Handle,Xử lý,A1
-xuEvpBrgTE_sentence_466.wav,Can you handle it?,Anh có thể xử lý được không?,A1
-xuEvpBrgTE_sentence_469.wav,You.,Bạn.,A1
-xuEvpBrgTE_sentence_471.wav,Where are you from?,Anh từ đâu đến?,A1
-xuEvpBrgTE_sentence_472.wav,Are you new here?,Anh là người mới à?,A1
-xuEvpBrgTE_sentence_476.wav,Glasses,Kính,A1
-xuEvpBrgTE_sentence_478.wav,He put on his glasses and began to read.,Nó đeo kính vào và bắt đầu đọc.,A2
-xuEvpBrgTE_sentence_479.wav,"Take off your glasses, please.",Làm ơn bỏ kính ra.,A1
-xuEvpBrgTE_sentence_483.wav,Have.,Có.,A1
-xuEvpBrgTE_sentence_484.wav,I have to leave now.,Tôi phải đi ngay.,A1
-xuEvpBrgTE_sentence_490.wav,Park.,Park.,A1
-xuEvpBrgTE_sentence_491.wav,Would you like to go for a walk in the park?,Anh có muốn đi dạo trong công viên không?,A1
-xuEvpBrgTE_sentence_493.wav,May I park my car here?,Tôi đỗ xe ở đây được không?,A1
-xuEvpBrgTE_sentence_495.wav,The park is open to everybody.,Công viên mở cửa cho mọi người.,A1
-xuEvpBrgTE_sentence_497.wav,Midnight.,Nửa đêm.,A1
-xuEvpBrgTE_sentence_502.wav,Remind.,Nhắc nhở.,A1
-xuEvpBrgTE_sentence_505.wav,This picture reminds me of my childhood.,Bức ảnh này nhắc tôi nhớ về tuổi thơ của mình.,A1
-xuEvpBrgTE_sentence_509.wav,Paint.,Sơn.,A1
-xuEvpBrgTE_sentence_512.wav,"If I were you, I would paint it blue.","Nếu tôi là anh, tôi sẽ sơn nó màu xanh.",A1
-xuEvpBrgTE_sentence_514.wav,Don't touch the wet paint.,Đừng chạm vào sơn ướt.,A1
-xuEvpBrgTE_sentence_516.wav,Perfect.,Hoàn hảo.,A1
-xuEvpBrgTE_sentence_520.wav,"Well I'm sorry, but nobody's perfect.","Tôi xin lỗi, nhưng không ai hoàn hảo cả.",A1
-xuEvpBrgTE_sentence_521.wav,Today is the perfect day for a picnic.,Hôm nay là ngày hoàn hảo cho một chuyến dã ngoại.,A1
-xuEvpBrgTE_sentence_523.wav,Outside,Bên ngoài,A1
-yljNBUV0cw_sentence_000.wav,Continuous.,Liên tục.,A2
-yljNBUV0cw_sentence_008.wav,I couldn't walk to school because of continuous rain.,Tôi không thể đi bộ đến trường vì mưa liên tục.,A2
-yljNBUV0cw_sentence_016.wav,He openly admitted his mistake.,Ông ta đã công khai thừa nhận sai lầm của mình.,A2
-yljNBUV0cw_sentence_024.wav,I sincerely sympathize with these unfortunate people.,Tôi thành thật thông cảm với những người không may này.,A2
-yljNBUV0cw_sentence_027.wav,Joint.,Khớp.,A2
-yljNBUV0cw_sentence_028.wav,They agreed on a joint statement.,Họ đã đồng ý về một tuyên bố chung.,A2
-yljNBUV0cw_sentence_038.wav,Congress.,Quốc hội.,A2
-yljNBUV0cw_sentence_049.wav,conference.,Hội nghị.,A2
-yljNBUV0cw_sentence_068.wav,What's the difference between religion and philosophy?,Sự khác nhau giữa tôn giáo và triết học là gì?,A2
-yljNBUV0cw_sentence_091.wav,How?,Bằng cách nào?,A1
-yljNBUV0cw_sentence_105.wav,You have a great imagination.,Anh có trí tưởng tượng tuyệt vời.,A1
-yljNBUV0cw_sentence_107.wav,Extreme.,Cực đoan.,A2
-yljNBUV0cw_sentence_113.wav,They are living in extreme poverty.,Họ đang sống trong nghèo đói cùng cực.,A2
-yljNBUV0cw_sentence_115.wav,damp.,Bạn có thể dùng khăn giấy ướt để lau khô.,A2
-yljNBUV0cw_sentence_130.wav,Absorb.,Hấp thụ.,A1
-yljNBUV0cw_sentence_141.wav,The game is designed primarily for children.,Trò chơi được thiết kế chủ yếu cho trẻ em.,A2
-yljNBUV0cw_sentence_143.wav,I'm only the substitute teacher.,Tôi chỉ là giáo viên thay thế.,A1
-yljNBUV0cw_sentence_146.wav,Substitute.,Thay thế.,A2
-yljNBUV0cw_sentence_161.wav,A point.,Một điểm.,A1
-yljNBUV0cw_sentence_163.wav,I've been appointed to help you.,Tôi được chỉ định để giúp anh.,A2
-yljNBUV0cw_sentence_172.wav,complex.,"Bạn có thể tìm thấy những người có cùng sở thích với bạn, nhưng họ không phải là những người duy nhất có thể giúp bạn.",A2
-yljNBUV0cw_sentence_175.wav,Complex.,Phức tạp.,A2
-yljNBUV0cw_sentence_204.wav,Facility,Cơ sở,A1
-yljNBUV0cw_sentence_205.wav,Our university has excellent sports facilities.,Trường đại học của chúng tôi có cơ sở thể thao tuyệt vời.,A2
-yljNBUV0cw_sentence_208.wav,We can make use of these facilities.,Chúng ta có thể tận dụng những tiện nghi này.,A2
-yljNBUV0cw_sentence_209.wav,February,Tháng Hai,A2
-yljNBUV0cw_sentence_210.wav,February 14th is Valentine's Day.,14 tháng 2 là ngày Valentine.,A1
-yljNBUV0cw_sentence_211.wav,We had a short vacation in February.,Chúng tôi có một kỳ nghỉ ngắn vào tháng Hai.,A2
-yljNBUV0cw_sentence_212.wav,Bunch,Bó,A1
-yljNBUV0cw_sentence_224.wav,Your friends are all just a bunch of nobodies.,Bạn của anh chỉ là một đám vô danh tiểu tốt.,A2
-yljNBUV0cw_sentence_227.wav,Accidentally.,Sự ngẫu nhiên.,A2
-yljNBUV0cw_sentence_230.wav,I accidentally stepped on her foot.,Tôi vô tình giẫm lên chân cô ấy.,A1
-yljNBUV0cw_sentence_242.wav,She first met him at a conference in Boston.,Lần đầu tiên cô gặp anh ta tại một hội nghị ở Boston.,A2
-yljNBUV0cw_sentence_254.wav,Mal,Mal,A1
-yljNBUV0cw_sentence_262.wav,Let's go to the mall.,Hãy đi đến trung tâm mua sắm.,A1
-yljNBUV0cw_sentence_281.wav,Printer.,Máy in.,A1
-yljNBUV0cw_sentence_282.wav,I bought this printer yesterday.,Hôm qua tôi mua cái máy in này.,A1
-yljNBUV0cw_sentence_284.wav,Where is the printer?,Máy in ở đâu?,A1
-yljNBUV0cw_sentence_287.wav,Where is loyal?,Lòng trung thành ở đâu?,A2
-yljNBUV0cw_sentence_291.wav,Moyle,Moyle,A1
-yljNBUV0cw_sentence_292.wav,She's a loyal friend of mine.,Cô ấy là bạn trung thành của tôi.,A2
-yljNBUV0cw_sentence_298.wav,Kindly.,Vui vẻ.,A1
-yljNBUV0cw_sentence_300.wav,Kindly leave me alone.,Vui lòng để tôi yên.,A1
-yljNBUV0cw_sentence_304.wav,She kindly listened to my request.,Cô ấy đã nghe lời thỉnh cầu của tôi.,A2
-yljNBUV0cw_sentence_314.wav,Credit.,Tín dụng.,A1
-yljNBUV0cw_sentence_323.wav,They appointed him manager.,Họ bổ nhiệm ông quản lý.,A2
-yljNBUV0cw_sentence_333.wav,Infection.,Nhiễm trùng.,A2
-yljNBUV0cw_sentence_335.wav,We're trying to prevent the infection from spreading.,Chúng tôi đang cố ngăn chặn sự lây lan của bệnh.,A2
-yljNBUV0cw_sentence_341.wav,Jewelry,Trang sức,A1
-yljNBUV0cw_sentence_349.wav,Zone,Vùng,A2
-yljNBUV0cw_sentence_351.wav,Do not drive too fast in a school zone.,Không lái xe quá nhanh trong khu vực trường học.,A1
-yljNBUV0cw_sentence_357.wav,Lash.,Lash.,A1
-yljNBUV0cw_sentence_365.wav,crowded.,đông đúc.,A2
-yljNBUV0cw_sentence_370.wav,The shop was crowded with young people.,Cửa hàng đông đúc với những người trẻ tuổi.,A2
-yljNBUV0cw_sentence_372.wav,Tom was stuck in a crowded elevator.,Tom bị kẹt trong một thang máy đông đúc.,A2
-yljNBUV0cw_sentence_374.wav,The train was so crowded that I had to stand all the way.,Tàu đông quá nên tôi phải đứng suốt đường.,A2
-yljNBUV0cw_sentence_376.wav,Treatment.,Điều trị.,A1
-yljNBUV0cw_sentence_382.wav,She is responding well to treatment.,Cô ấy đang đáp ứng tốt với điều trị.,A2
-yljNBUV0cw_sentence_406.wav,Conference.,Hội nghị.,A2
-yljNBUV0cw_sentence_434.wav,Keen.,Keen.,A1
-yljNBUV0cw_sentence_445.wav,Philosophy,TRIẾT LÝ,A1
-yljNBUV0cw_sentence_459.wav,Is there a mall near here?,Có trung tâm thương mại nào gần đây không?,A1
-yljNBUV0cw_sentence_464.wav,Certificate.,Chứng nhận.,A1
-yljNBUV0cw_sentence_474.wav,Wise.,Thông minh.,A1
-yljNBUV0cw_sentence_482.wav,He is a wise man.,Ông ấy là một người thông thái.,A1
-yljNBUV0cw_sentence_489.wav,Firm.,Độ chắc chắn.,A1
-yljNBUV0cw_sentence_532.wav,Don't fall into his trap.,Đừng rơi vào bẫy của hắn.,A1
-yljNBUV0cw_sentence_542.wav,Coach.,Huấn luyện viên.,A1
-yljNBUV0cw_sentence_551.wav,This team is trained by a good coach.,Đội bóng này được huấn luyện bởi một huấn luyện viên giỏi.,A2
-yljNBUV0cw_sentence_564.wav,Prior.,Prior.,A2
-yljNBUV0cw_sentence_565.wav,The contract was cancelled without prior notice.,Hợp đồng đã bị hủy bỏ mà không có thông báo trước.,B1
-yljNBUV0cw_sentence_583.wav,I saw her accidentally on the way here.,Tôi tình cờ thấy cô ấy trên đường đến đây.,A2
-yljNBUV0cw_sentence_608.wav,Cope with.,Đối phó với.,B1
-yljNBUV0cw_sentence_613.wav,He didn't have enough experience to cope with the problem.,Anh ta không có đủ kinh nghiệm để đối phó với vấn đề.,B1
-yljNBUV0cw_sentence_621.wav,"If the printer has a paper jam, see page 15 for help.","Nếu máy in bị kẹt giấy, bạn có thể xem thêm trên mạng để được hướng dẫn.",A2
-yljNBUV0cw_sentence_625.wav,Whipped desperately.,Tuyệt vọng.,A2
-yljNBUV0cw_sentence_649.wav,Cardboard.,Bìa các-tông.,A2
-yljNBUV0cw_sentence_657.wav,Concentration.,Tập trung.,A1
-yljNBUV0cw_sentence_662.wav,Grandchild,Chắt,A2
-yljNBUV0cw_sentence_663.wav,He showed me the book he bought for his grandchild.,Ông ấy cho tôi xem cuốn sách ông ấy mua cho cháu.,A2
-yljNBUV0cw_sentence_666.wav,They have two grandchildren.,Họ có hai đứa cháu.,A2
-yljNBUV0cw_sentence_667.wav,Dominate.,Thống trị.,A1
-yljNBUV0cw_sentence_681.wav,Most of the credit for our success goes to you.,Phần lớn công lao cho thành công của chúng tôi là nhờ anh.,A2
-yljNBUV0cw_sentence_717.wav,Winning is secondary. We play just for fun.,"Chiến thắng chỉ là thứ yếu, chúng ta chơi cho vui.",A2
-yljNBUV0cw_sentence_721.wav,Solid.,Chắc chắn.,A1
-yljNBUV0cw_sentence_726.wav,differently.,Bạn có thể tìm hiểu thêm về cách thức mà bạn có thể sử dụng để cải thiện sự tự tin của bản thân.,A2
-yljNBUV0cw_sentence_727.wav,"The two words are spelled differently, but pronounced the same.","Hai từ này được đánh vần khác nhau, nhưng phát âm giống nhau.",A2
-yljNBUV0cw_sentence_728.wav,He sings the song differently each time.,Mỗi lần anh hát một bài khác nhau.,A2
-yljNBUV0cw_sentence_729.wav,I now view life differently than I used to.,Giờ đây tôi nhìn cuộc sống khác với trước đây.,A2
-yljNBUV0cw_sentence_730.wav,The two work chain.,Hai chuỗi công việc.,A1
-yljNBUV0cw_sentence_733.wav,She chained her bicycle to the railings.,Cô xích xe đạp của mình vào lan can.,A2
-yljNBUV0cw_sentence_734.wav,Chain.,Dây chuyền.,A1
-yljNBUV0cw_sentence_739.wav,Is the dog chained?,Con chó bị xích à?,A1
-yljNBUV0cw_sentence_742.wav,I've worked for this firm for years.,Tôi đã làm việc cho công ty này nhiều năm rồi.,A2
-yljNBUV0cw_sentence_744.wav,I have a firm belief in his innocence.,Tôi tin chắc là anh ta vô tội.,A2
-yljNBUV0cw_sentence_752.wav,Imagination,Trí tưởng tượng,A1
-yljNBUV0cw_sentence_760.wav,Bush,Bush,A2
-yljNBUV0cw_sentence_761.wav,The cat slowly approached the bush where the mouse was hiding. We have a beautiful rose bush growing just outside our front door.,Con mèo từ từ tiến đến bụi cây nơi con chuột đang ẩn nấp. Chúng tôi có một bụi hồng xinh đẹp mọc ngay bên ngoài cửa trước.,A2
-yljNBUV0cw_sentence_763.wav,The cat slowly approached the bush where the mouse was hiding.,Con mèo từ từ tiến đến bụi cây nơi con chuột đang ẩn nấp.,A2
-yljNBUV0cw_sentence_796.wav,Umbrella,Ô,A1
-yljNBUV0cw_sentence_797.wav,You shouldn't go out in the rain without an umbrella.,Bạn không nên ra ngoài trời mưa mà không che ô.,A2
-yljNBUV0cw_sentence_800.wav,Umbrella.,Ô dù.,A1
-yljNBUV0cw_sentence_803.wav,Can I borrow your umbrella?,Tôi mượn ô của anh được không?,A1
-yljNBUV0cw_sentence_805.wav,I'm afraid I took your umbrella by mistake.,Tôi e là tôi đã lấy nhầm cây dù của anh.,A2
-yljNBUV0cw_sentence_815.wav,Leader.,Lãnh đạo.,A1
-yljNBUV0cw_sentence_819.wav,The average person must drink at least a liter of water every day.,Một người trung bình phải uống ít nhất một lít nước mỗi ngày.,A2
-yljNBUV0cw_sentence_831.wav,Preserve.,Bảo tồn.,A1
-yljNBUV0cw_sentence_833.wav,We will do everything to preserve our national heritage.,Chúng tôi sẽ làm mọi thứ để bảo tồn di sản quốc gia.,A2
-yljNBUV0cw_sentence_849.wav,The coach accused us of not doing our best.,Huấn luyện viên buộc tội chúng tôi không cố gắng hết sức.,A2
-yljNBUV0cw_sentence_850.wav,She liked tennis and became a tennis coach.,Cô thích quần vợt và trở thành một huấn luyện viên quần vợt.,A2
-yljNBUV0cw_sentence_861.wav,Illustrate.,Minh họa.,A1
-yljNBUV0cw_sentence_907.wav,"It is damp and cold today, isn't it?","Hôm nay trời ẩm và lạnh, phải không?",A2
-yljNBUV0cw_sentence_917.wav,Cheerfully.,Vui vẻ.,A2
-yljNBUV0cw_sentence_921.wav,He was whistling cheerfully.,Ông huýt sáo vui vẻ.,A2
-yljNBUV0cw_sentence_923.wav,She told the story cheerfully.,Cô ấy kể chuyện một cách vui vẻ.,A2
08jDwfm9LcA_sentence_008.wav,Destruction.,Huỷ diệt.,A1
08jDwfm9LcA_sentence_016.wav,Vision,Tầm nhìn,A1
08jDwfm9LcA_sentence_030.wav,It is impossible to resolve the conflict.,Không thể giải quyết xung đột.,A2
08jDwfm9LcA_sentence_031.wav,There is a great conflict between religion and science.,Có một xung đột lớn giữa tôn giáo và khoa học.,A2
08jDwfm9LcA_sentence_049.wav,She is an efficient and reliable assistant.,Cô ấy là một trợ lý hiệu quả và đáng tin cậy.,A2
08jDwfm9LcA_sentence_058.wav,Annually.,Hàng năm.,A2
08jDwfm9LcA_sentence_060.wav,The conference will take place annually.,Hội nghị sẽ diễn ra hàng năm.,B1
08jDwfm9LcA_sentence_063.wav,Thick.,Dày.,A2
08jDwfm9LcA_sentence_065.wav,His eyebrows were thick and bushy.,Lông mày của ông ta rậm rạp và rậm rạp.,A2
08jDwfm9LcA_sentence_068.wav,How thick are the walls?,Tường dày bao nhiêu?,A1
08jDwfm9LcA_sentence_071.wav,Meat.,Thịt.,A2
08jDwfm9LcA_sentence_073.wav,I expect a neat answer to this question.,Tôi mong đợi một câu trả lời rõ ràng cho câu hỏi này.,A2
08jDwfm9LcA_sentence_079.wav,Decline,Decline (từ ),A2
08jDwfm9LcA_sentence_109.wav,Beard,Râu,A2
08jDwfm9LcA_sentence_125.wav,Flame,LửaName,A1
08jDwfm9LcA_sentence_130.wav,Defeat.,Thua.,B1
08jDwfm9LcA_sentence_152.wav,Invention,Sáng chế,A2
08jDwfm9LcA_sentence_158.wav,Television is a great invention.,Truyền hình là một phát minh vĩ đại.,A2
08jDwfm9LcA_sentence_177.wav,I couldn't resist the temptation to call her.,Tôi không thể cưỡng lại được cám dỗ gọi cho cô ấy.,A2
08jDwfm9LcA_sentence_187.wav,Exam,Thi,A1
08jDwfm9LcA_sentence_194.wav,He is busy preparing for the examination.,Anh ấy đang bận chuẩn bị cho kỳ thi.,A2
08jDwfm9LcA_sentence_201.wav,Moral,Đạo đức,A2
08jDwfm9LcA_sentence_205.wav,He is a very moral person.,Anh ấy là một người rất đạo đức.,A1
08jDwfm9LcA_sentence_217.wav,"In fact,","Thực tế,",A2
08jDwfm9LcA_sentence_227.wav,He was infected with AIDS.,Anh ta bị nhiễm AIDS.,A1
08jDwfm9LcA_sentence_230.wav,You'd better act upon his advice.,Tốt hơn là anh nên nghe theo lời khuyên của ổng.,A2
08jDwfm9LcA_sentence_232.wav,You can rely upon him.,Anh có thể tin tưởng anh ta.,A2
08jDwfm9LcA_sentence_247.wav,Phase.,Giai đoạn.,A2
08jDwfm9LcA_sentence_252.wav,She's going through a difficult phase.,Cô ấy đang trải qua giai đoạn khó khăn.,A2
08jDwfm9LcA_sentence_266.wav,Agency.,Cơ quan.,A2
08jDwfm9LcA_sentence_268.wav,He works for a big advertising agency.,Anh ta làm việc cho một công ty quảng cáo lớn.,A2
08jDwfm9LcA_sentence_272.wav,Flow.,Dòng chảy.,A1
08jDwfm9LcA_sentence_277.wav,The river flows through the city.,Dòng sông chảy qua thành phố.,A2
08jDwfm9LcA_sentence_278.wav,We have a cash flow problem.,Chúng ta có vấn đề về dòng tiền.,A2
08jDwfm9LcA_sentence_282.wav,France is in Western Europe.,Pháp ở Tây Âu.,A2
08jDwfm9LcA_sentence_285.wav,Bird,Chim,A1
08jDwfm9LcA_sentence_286.wav,He shot at the bird but missed.,Anh ta bắn vào con chim nhưng trượt.,A2
08jDwfm9LcA_sentence_287.wav,I see a bird on the roof. Tuesday.,Tôi thấy một con chim trên mái nhà vào thứ ba.,A1
08jDwfm9LcA_sentence_288.wav,Are you free on Tuesday?,Thứ ba anh rảnh chứ?,A1
08jDwfm9LcA_sentence_290.wav,Don't forget the meeting on Tuesday.,Đừng quên cuộc họp vào thứ ba.,A1
08jDwfm9LcA_sentence_291.wav,comfort.,"Bạn có thể tìm thấy một số loại thuốc kê đơn có tác dụng giảm đau, giảm đau, giảm đau và giảm đau do viêm.",A1
08jDwfm9LcA_sentence_292.wav,"She tried to comfort him, but he kept crying.","Bà cố an ủi anh, nhưng anh cứ khóc mãi.",A2
08jDwfm9LcA_sentence_297.wav,My uncle now lives in comfort.,Chú tôi giờ sống thoải mái.,A2
08jDwfm9LcA_sentence_302.wav,Violent.,Bạo lực.,A1
08jDwfm9LcA_sentence_306.wav,I'm not a violent person.,Tôi không phải là người bạo lực.,A1
08jDwfm9LcA_sentence_309.wav,Sheet.,Tờ.,A2
08jDwfm9LcA_sentence_314.wav,Please give me a sheet of paper.,Làm ơn cho tôi một tờ giấy.,A1
08jDwfm9LcA_sentence_320.wav,Thickness.,Độ dày.,A2
08jDwfm9LcA_sentence_328.wav,Physically,Về mặt thể chất,A1
08jDwfm9LcA_sentence_329.wav,"Generally speaking, men are physically stronger than women.","Nói chung, nam giới có thể chất mạnh mẽ hơn phụ nữ.",A2
08jDwfm9LcA_sentence_336.wav,Vote.,Bỏ phiếu.,A1
08jDwfm9LcA_sentence_340.wav,Do you really want to vote for him?,Anh có thực sự muốn bầu cho anh ta không?,A2
08jDwfm9LcA_sentence_341.wav,I didn't vote in the last election.,Tôi đã không bỏ phiếu trong cuộc bầu cử trước.,A2
08jDwfm9LcA_sentence_344.wav,Counter.,Phản công.,A1
08jDwfm9LcA_sentence_346.wav,Please pick up your ticket at the counter.,Xin hãy lấy vé ở quầy.,A2
08jDwfm9LcA_sentence_347.wav,Please come to the counter at least an hour before your flight.,Xin hãy đến quầy ít nhất một tiếng trước chuyến bay.,A2
08jDwfm9LcA_sentence_356.wav,There was an unpleasant smell in the room.,Có một mùi khó chịu trong phòng.,A2
08jDwfm9LcA_sentence_362.wav,The weather is so unpleasant.,Thời tiết thật khó chịu.,A1
08jDwfm9LcA_sentence_363.wav,Insert.,Chèn.,A2
08jDwfm9LcA_sentence_365.wav,Please insert your card.,Xin hãy nhét thẻ vào.,A1
08jDwfm9LcA_sentence_371.wav,Advance.,Tiến lên.,A1
08jDwfm9LcA_sentence_382.wav,Pride,Sự kiêu hãnh,A1
08jDwfm9LcA_sentence_393.wav,Version,Phiên bản,A2
08jDwfm9LcA_sentence_401.wav,Loose.,Loose.,A1
08jDwfm9LcA_sentence_409.wav,Throughout,Xuyên suốt,A2
08jDwfm9LcA_sentence_410.wav,The museum is open daily throughout the year.,Bảo tàng mở cửa hàng ngày trong suốt cả năm.,A2
08jDwfm9LcA_sentence_412.wav,Have you looked throughout the house?,Anh đã tìm khắp nhà chưa?,A1
08jDwfm9LcA_sentence_420.wav,Do.,Làm.,A1
08jDwfm9LcA_sentence_428.wav,My rent is due today.,Hôm nay là hạn trả tiền thuê nhà.,A1
08jDwfm9LcA_sentence_429.wav,He failed due to lack of money.,Ông thất bại vì thiếu tiền.,A2
08jDwfm9LcA_sentence_431.wav,Underneath,Bên dưới,A1
08jDwfm9LcA_sentence_437.wav,I found the key underneath the mat.,Tôi tìm thấy chìa khoá dưới tấm thảm.,A1
08jDwfm9LcA_sentence_449.wav,I'm only trying to comfort you.,Tôi chỉ cố an ủi cô thôi.,A2
08jDwfm9LcA_sentence_450.wav,Threat.,Mối đe dọa.,A2
08jDwfm9LcA_sentence_458.wav,Seed.,Hạt giống.,A1
08jDwfm9LcA_sentence_459.wav,It takes about three days for the seeds to sprout.,Hạt sẽ nảy mầm trong khoảng 3 ngày.,A2
08jDwfm9LcA_sentence_461.wav,Seed,Hạt giống,A1
08jDwfm9LcA_sentence_465.wav,How many seeds are there in a packet?,Có bao nhiêu hạt trong một gói?,A2
08jDwfm9LcA_sentence_475.wav,It was obvious that they acted wrongly.,Rõ ràng là họ đã hành động sai.,A2
08jDwfm9LcA_sentence_477.wav,Wrongly.,Sai lầm.,A2
08jDwfm9LcA_sentence_488.wav,Are you threatening me?,Anh đang đe doạ tôi đấy à?,A1
08jDwfm9LcA_sentence_493.wav,Spite.,Oán.,A2
08jDwfm9LcA_sentence_507.wav,Superior.,Superior.,A2
08jDwfm9LcA_sentence_514.wav,There is no evidence to support such a theory.,Không có bằng chứng để hỗ trợ một lý thuyết như vậy.,B1
08jDwfm9LcA_sentence_515.wav,Theory,Lý thuyết,A1
08jDwfm9LcA_sentence_532.wav,Silver,BạcName,A1
08jDwfm9LcA_sentence_536.wav,He won a silver medal.,Anh ta đã giành được huy chương bạc.,A1
08jDwfm9LcA_sentence_537.wav,My mother gave me a silver chain.,Mẹ tôi cho tôi một sợi xích bạc.,A1
08jDwfm9LcA_sentence_538.wav,It was made of silver.,Nó được làm bằng bạc.,A1
08jDwfm9LcA_sentence_539.wav,Upside down.,Lộn ngược.,A1
08jDwfm9LcA_sentence_543.wav,"Look, that picture is upside down. You hung it the wrong way.","Nhìn xem, bức tranh đó bị treo ngược, anh treo nhầm hướng rồi.",A1
08jDwfm9LcA_sentence_544.wav,SAC,SAC,A2
08jDwfm9LcA_sentence_548.wav,What's in the sack?,Cái gì trong túi thế?,A1
08jDwfm9LcA_sentence_552.wav,Symbol,Ký hiệu,A1
08jDwfm9LcA_sentence_556.wav,I don't know what this symbol stands for. It stands for strength and integrity.,Tôi không biết biểu tượng này đại diện cho cái gì. Nó đại diện cho sức mạnh và sự chính trực.,A2
08jDwfm9LcA_sentence_563.wav,Do I need to pay in advance?,Tôi có cần trả trước không?,A2
08jDwfm9LcA_sentence_570.wav,Do I twist?,Tôi có vặn người không?,A1
08jDwfm9LcA_sentence_571.wav,You're twisting the truth.,Anh đang bóp méo sự thật.,A1
08jDwfm9LcA_sentence_578.wav,Scent.,Hương thơm.,A1
08jDwfm9LcA_sentence_579.wav,He was paid 40 cents an hour.,Anh ta được trả 40 cent một giờ.,A2
08jDwfm9LcA_sentence_585.wav,She saved every cent possible.,Cô ấy đã tiết kiệm từng xu có thể.,A2
08jDwfm9LcA_sentence_586.wav,Peaceful.,Bình yên.,A1
08jDwfm9LcA_sentence_587.wav,The park is so peaceful and quiet.,Công viên rất yên bình và tĩnh lặng.,A1
08jDwfm9LcA_sentence_590.wav,He had a peaceful life.,Ông ấy có một cuộc sống yên bình.,A1
08jDwfm9LcA_sentence_591.wav,Deny,Từ chối,A1
08jDwfm9LcA_sentence_602.wav,Tunnel.,Đường hầm.,A1
08jDwfm9LcA_sentence_605.wav,The train passed through the tunnel.,Đoàn tàu đi qua đường hầm.,A2
08jDwfm9LcA_sentence_607.wav,Cookie,Cookie,A1
08jDwfm9LcA_sentence_608.wav,Could you save me a couple of cookies?,Anh có thể để dành cho tôi vài cái bánh quy không?,A1
08jDwfm9LcA_sentence_609.wav,"Even though there were many cookies on the dish, I only ate three.","Mặc dù có rất nhiều bánh quy trên đĩa, tôi chỉ ăn có ba cái.",A2
08jDwfm9LcA_sentence_614.wav,How many cookies did you eat?,Bạn đã ăn bao nhiêu cái bánh quy?,A1
08jDwfm9LcA_sentence_615.wav,Swallow.,Nuốt xuống.,A1
08jDwfm9LcA_sentence_621.wav,"Swallow it, don't chew it.","Nuốt xuống, đừng nhai.",A1
08jDwfm9LcA_sentence_623.wav,My throat hurts when I swallow.,Cổ họng tôi đau khi nuốt.,A2
08jDwfm9LcA_sentence_632.wav,Awkward.,Bất tiện.,A1
08jDwfm9LcA_sentence_659.wav,Impose,Đặt,A1
08jDwfm9LcA_sentence_698.wav,I don't find him physically attractive.,Tôi không thấy anh ta hấp dẫn về thể chất.,A2
08jDwfm9LcA_sentence_704.wav,He is jealous and full of spite.,Hắn ghen tuông và đầy thù hận.,A2
08jDwfm9LcA_sentence_708.wav,"In spite of the rain, I went out.","Mặc dù trời mưa, tôi vẫn ra ngoài.",A2
08jDwfm9LcA_sentence_711.wav,Mm.,Mm.,A2
08jDwfm9LcA_sentence_715.wav,Bargain.,Mại dối.,A1
08jDwfm9LcA_sentence_717.wav,Yeah.,Vâng.,A1
08jDwfm9LcA_sentence_728.wav,Please change the sheets on the bed.,Xin hãy thay ga trải giường.,A1
08jDwfm9LcA_sentence_745.wav,Amusing.,Thú vị.,A2
08jDwfm9LcA_sentence_750.wav,What an amusing situation.,Đúng là một tình huống thú vị.,A1
08jDwfm9LcA_sentence_761.wav,Where's the checkout counter?,Quầy tính tiền ở đâu?,A1
08jDwfm9LcA_sentence_772.wav,This tooth is loose.,Cái răng này bị lỏng.,A1
08jDwfm9LcA_sentence_773.wav,Please be careful not to let the dog loose.,Xin hãy cẩn thận đừng thả con chó ra.,A2
08jDwfm9LcA_sentence_792.wav,Euro,Euro,A1
08jDwfm9LcA_sentence_793.wav,These shoes cost three hundred Euros.,Đôi giày này giá 300 Euro.,A2
08jDwfm9LcA_sentence_794.wav,How much is he asking for? A thousand Euros.,Hắn đòi bao nhiêu? 1000 Euro.,A2
08jDwfm9LcA_sentence_795.wav,Can you give me a Euro?,Anh có thể cho tôi một đồng Euro không?,A1
08jDwfm9LcA_sentence_796.wav,Severely.,Rất nghiêm khắc.,A1
08jDwfm9LcA_sentence_813.wav,I take pride in my work.,Tôi tự hào về công việc của mình.,A1
08jDwfm9LcA_sentence_814.wav,You are my pride.,Em là niềm tự hào của anh.,A1
08jDwfm9LcA_sentence_815.wav,She took too much pride in her appearance.,Cô ta quá tự hào về ngoại hình của mình.,A2
08jDwfm9LcA_sentence_823.wav,Post.,Đăng.,A2
08jDwfm9LcA_sentence_835.wav,Decline.,Từ chối.,A2
08jDwfm9LcA_sentence_856.wav,He lived a moral life.,Ông sống một cuộc sống đạo đức.,A2
08jDwfm9LcA_sentence_862.wav,Your threats don't frighten me.,Lời đe dọa của anh không làm tôi sợ.,A2
08jDwfm9LcA_sentence_876.wav,Our trip was cancelled due to the heavy snow.,Chuyến đi của chúng tôi bị huỷ do tuyết rơi dày.,A2
08jDwfm9LcA_sentence_890.wav,The house was in flames.,Ngôi nhà bị cháy.,A1
08jDwfm9LcA_sentence_891.wav,Flame.,Ngọn lửa.,A1
08jDwfm9LcA_sentence_904.wav,He threatened to make it public.,Hắn doạ sẽ công khai chuyện này.,A2
08jDwfm9LcA_sentence_906.wav,The attackers threatened him with a gun.,Những kẻ tấn công đe doạ anh ta bằng súng.,A2
08jDwfm9LcA_sentence_907.wav,Impose.,Áp đặt.,A1
08jDwfm9LcA_sentence_917.wav,"I can't imagine you with a beard, she finally said.","Tôi không thể tưởng tượng nổi cô có râu, cuối cùng cô ấy nói.",A2
08jDwfm9LcA_sentence_926.wav,There are a number of different theories about the cause of the disease.,Có một số lý thuyết khác nhau về nguyên nhân gây bệnh.,A2
08jDwfm9LcA_sentence_936.wav,You can't defeat him without my help.,Ngươi không thể đánh bại hắn mà không có ta giúp.,A2
08jDwfm9LcA_sentence_939.wav,Resist.,Cưỡng lại.,A1
08jDwfm9LcA_sentence_950.wav,Bargain Have you forgotten our bargain?,Mày quên thoả thuận của chúng ta rồi sao?,A2
08jDwfm9LcA_sentence_960.wav,Have you forgotten our bargain?,Anh quên thoả thuận của chúng ta rồi sao?,A2
08jDwfm9LcA_sentence_971.wav,I bought a large sack of potatoes.,Tôi mua một bao khoai tây lớn.,A1
08jDwfm9LcA_sentence_972.wav,Physics.,Vật lý.,A1
08jDwfm9LcA_sentence_984.wav,We face the prospect of having to start all over again.,Chúng ta đối mặt với viễn cảnh phải bắt đầu lại từ đầu.,A2
0ZSnWMoz0pY_sentence_017.wav,Opposite.,Đối.,A2
0ZSnWMoz0pY_sentence_034.wav,Sharp.,Sharp.,A1
0ZSnWMoz0pY_sentence_060.wav,Do you have an appointment with him?,Anh có hẹn với anh ta không?,A1
0ZSnWMoz0pY_sentence_063.wav,I'll call the restaurant and make a reservation.,Tôi sẽ gọi cho nhà hàng và đặt chỗ trước.,A2
0ZSnWMoz0pY_sentence_086.wav,TORDS,BIÊN BẢN,A2
0ZSnWMoz0pY_sentence_090.wav,My attitude towards him has changed.,Thái độ của tôi đối với anh ta đã thay đổi.,A2
0ZSnWMoz0pY_sentence_100.wav,Habit.,Thói quen.,A2
0ZSnWMoz0pY_sentence_119.wav,You owe me one hundred dollars.,Anh nợ tôi 100 đô.,A1
0ZSnWMoz0pY_sentence_121.wav,How much do I owe you?,Tôi nợ anh bao nhiêu?,A1
0ZSnWMoz0pY_sentence_132.wav,Are you available at 9 p.m.?,Anh có rảnh lúc 9 giờ tối không?,A2
0ZSnWMoz0pY_sentence_133.wav,What payment options are available?,Có những lựa chọn thanh toán nào?,A2
0ZSnWMoz0pY_sentence_134.wav,This is the only room available.,Đây là phòng duy nhất còn trống.,A1
0ZSnWMoz0pY_sentence_144.wav,I was greatly influenced by my parents.,Tôi bị ảnh hưởng rất nhiều bởi cha mẹ mình.,A2
0ZSnWMoz0pY_sentence_149.wav,I'm out of shape.,Tôi không còn khoẻ nữa.,A1
0ZSnWMoz0pY_sentence_152.wav,Negative.,Không.,A1
0ZSnWMoz0pY_sentence_160.wav,Don't add too much salt.,Không cho quá nhiều muối.,A1
0ZSnWMoz0pY_sentence_166.wav,Polite.,Lịch sự.,A1
0ZSnWMoz0pY_sentence_181.wav,Did you double check these figures?,Anh đã kiểm tra lại số liệu chưa?,A1
0ZSnWMoz0pY_sentence_198.wav,At Adventure.,Tại Adventure.,A1
0ZSnWMoz0pY_sentence_217.wav,I set a goal to lose 3kg by the end of the year.,Tôi đặt mục tiêu giảm 3kg vào cuối năm.,A2
0ZSnWMoz0pY_sentence_229.wav,Discount.,Giảm giá.,A1
0ZSnWMoz0pY_sentence_236.wav,Property.,Tài sản.,A1
0ZSnWMoz0pY_sentence_293.wav,You can't prevent him from drinking.,Anh không thể ngăn anh ta uống rượu.,A2
0ZSnWMoz0pY_sentence_300.wav,REATS,NHỮNG LỜI THỨ NHẤT,A2
0ZSnWMoz0pY_sentence_306.wav,I hope this letter reaches you.,Hy vọng lá thư này đến tay anh.,A2
0ZSnWMoz0pY_sentence_325.wav,How fast can you type?,Bạn có thể gõ nhanh đến mức nào?,A2
0ZSnWMoz0pY_sentence_334.wav,My boss rejected the budget for this project.,Sếp tôi từ chối ngân sách cho dự án này.,A2
0ZSnWMoz0pY_sentence_336.wav,Lot.,Rất nhiều.,A1
0ZSnWMoz0pY_sentence_337.wav,She has a lot of money.,Cô ấy có rất nhiều tiền.,A1
0ZSnWMoz0pY_sentence_338.wav,Get some more cake. There's lots left.,"Lấy thêm bánh đi, còn nhiều lắm.",A1
0ZSnWMoz0pY_sentence_339.wav,We use a lot of water.,Chúng tôi dùng rất nhiều nước.,A1
0ZSnWMoz0pY_sentence_343.wav,Reduce.,Giảm.,A2
0ZSnWMoz0pY_sentence_345.wav,I think karaoke is good for reducing stress.,Tôi nghĩ karaoke rất tốt để giảm căng thẳng.,A2
0ZSnWMoz0pY_sentence_346.wav,We are trying to reduce our debt.,Chúng tôi đang cố gắng giảm nợ.,A2
0ZSnWMoz0pY_sentence_350.wav,Busy. I'll be very busy next month.,"Bận lắm, tháng sau tôi sẽ rất bận.",A2
0ZSnWMoz0pY_sentence_357.wav,Replace.,Thay thế.,A2
0ZSnWMoz0pY_sentence_358.wav,He was hired to replace the previous manager.,Ông được thuê để thay thế người quản lý trước đó.,A2
0ZSnWMoz0pY_sentence_364.wav,Remarkable.,Thật đáng kinh ngạc.,A2
0ZSnWMoz0pY_sentence_371.wav,Rain.,Mưa.,A1
0ZSnWMoz0pY_sentence_372.wav,Is it raining?,Trời mưa à?,A1
0ZSnWMoz0pY_sentence_378.wav,Stressed.,Căng thẳng.,A1
0ZSnWMoz0pY_sentence_379.wav,I feel very stressed and tired.,Tôi cảm thấy rất căng thẳng và mệt mỏi.,A1
0ZSnWMoz0pY_sentence_383.wav,Sky,Bầu trời,A1
0ZSnWMoz0pY_sentence_386.wav,Do you know why the sky is blue?,Anh có biết tại sao bầu trời lại xanh không?,A1
0ZSnWMoz0pY_sentence_387.wav,The sky is full of stars.,Bầu trời đầy sao.,A1
0ZSnWMoz0pY_sentence_390.wav,I,I,A1
0ZSnWMoz0pY_sentence_395.wav,She looked me right in the eye.,Cô ấy nhìn thẳng vào mắt tôi.,A2
0ZSnWMoz0pY_sentence_397.wav,Show,Hiện,A1
0ZSnWMoz0pY_sentence_398.wav,Show me an example.,Cho tôi một ví dụ.,A1
0ZSnWMoz0pY_sentence_407.wav,What's the problem here?,Có vấn đề gì ở đây?,A2
0ZSnWMoz0pY_sentence_408.wav,I can't solve this problem.,Tôi không thể giải quyết vấn đề này.,A1
0ZSnWMoz0pY_sentence_409.wav,Let me know if you have any problems.,Nếu có vấn đề gì thì báo cho tôi.,A2
0ZSnWMoz0pY_sentence_411.wav,Solve.,Giải phương trình.,A1
0ZSnWMoz0pY_sentence_412.wav,I can't figure out how to solve this problem.,Tôi không thể tìm ra cách giải quyết vấn đề này.,A2
0ZSnWMoz0pY_sentence_418.wav,Another,Một,A1
0ZSnWMoz0pY_sentence_423.wav,I have another question for you.,Tôi có một câu hỏi khác cho anh.,A1
0ZSnWMoz0pY_sentence_432.wav,People,Người,A1
0ZSnWMoz0pY_sentence_433.wav,Thousands of people were there.,Hàng ngàn người đã ở đó.,A1
0ZSnWMoz0pY_sentence_439.wav,Performance.,Hiệu suất.,A2
0ZSnWMoz0pY_sentence_446.wav,design.,Thiết kế.,A1
0ZSnWMoz0pY_sentence_449.wav,The hotel was designed by a Japanese architect.,Khách sạn được thiết kế bởi một kiến trúc sư người Nhật.,A2
0ZSnWMoz0pY_sentence_451.wav,This desk is designed for children.,Bàn này được thiết kế cho trẻ em.,A2
0ZSnWMoz0pY_sentence_460.wav,Simple.,Đơn giản.,A1
0ZSnWMoz0pY_sentence_461.wav,It's a very simple idea.,Đó là một ý tưởng rất đơn giản.,A2
0ZSnWMoz0pY_sentence_467.wav,Produce.,Sản phẩm.,A1
0ZSnWMoz0pY_sentence_472.wav,Ever.,Không bao giờ.,A1
0ZSnWMoz0pY_sentence_484.wav,Body.,Cơ thể.,A1
0ZSnWMoz0pY_sentence_486.wav,My whole body is sore.,Cả người tôi đau nhức.,A1
0ZSnWMoz0pY_sentence_491.wav,Sun,Mặt trời,A1
0ZSnWMoz0pY_sentence_496.wav,I'm proud of my son.,Tôi tự hào về con trai tôi.,A1
0ZSnWMoz0pY_sentence_498.wav,Fridge,Tủ lạnh,A1
0ZSnWMoz0pY_sentence_499.wav,Do we have milk in the fridge?,Chúng ta có sữa trong tủ lạnh không?,A1
0ZSnWMoz0pY_sentence_506.wav,I have an emergency situation.,Tôi có một tình huống khẩn cấp.,A1
0ZSnWMoz0pY_sentence_512.wav,Prepare.,Chuẩn bị.,A1
0ZSnWMoz0pY_sentence_513.wav,A hotel room is being prepared for them.,Một phòng khách sạn đang được chuẩn bị cho họ.,A2
0ZSnWMoz0pY_sentence_517.wav,Is everything prepared?,Mọi thứ đã chuẩn bị xong chưa?,A1
0ZSnWMoz0pY_sentence_518.wav,She is busy preparing for the trip.,Cô ấy đang bận chuẩn bị cho chuyến đi.,A2
0ZSnWMoz0pY_sentence_519.wav,School.,Trường học.,A1
0ZSnWMoz0pY_sentence_526.wav,thing.,""" Tôi không muốn nói chuyện với anh về chuyện đó. "" '",A1
0ZSnWMoz0pY_sentence_528.wav,I have a lot of things to do.,Tôi có rất nhiều việc phải làm.,A1
0ZSnWMoz0pY_sentence_529.wav,Let's do one thing at a time.,Hãy làm từng việc một.,A2
0ZSnWMoz0pY_sentence_538.wav,I think I deserve a raise.,Tôi nghĩ tôi xứng đáng được tăng lương.,A1
0ZSnWMoz0pY_sentence_540.wav,Worker.,Người lao động.,A1
0ZSnWMoz0pY_sentence_541.wav,He is a very hard worker.,Anh ấy là một người làm việc chăm chỉ.,A1
0ZSnWMoz0pY_sentence_542.wav,The company is planning to hire fifty workers.,Công ty đang lên kế hoạch thuê 50 công nhân.,A2
0sq7LD45Kmg_sentence_010.wav,"Although he's young, he's an outstanding doctor.","Mặc dù còn trẻ, nhưng anh ấy là một bác sĩ xuất sắc.",A2
0sq7LD45Kmg_sentence_012.wav,Tune.,Chỉnh dây.,A1
0sq7LD45Kmg_sentence_015.wav,She sings out of tune.,Cô ấy hát lạc tông.,A2
0sq7LD45Kmg_sentence_025.wav,We must respect individual liberty.,Chúng ta phải tôn trọng tự do cá nhân.,A2
0sq7LD45Kmg_sentence_026.wav,Individual.,Cá nhân.,A2
0sq7LD45Kmg_sentence_031.wav,Suffer.,Chịu đựng.,A1
0sq7LD45Kmg_sentence_050.wav,Thoroughly.,Hoàn toàn bình tĩnh.,A1
0sq7LD45Kmg_sentence_061.wav,Discovery.,Khám phá.,A2
0sq7LD45Kmg_sentence_065.wav,Discover it.,Khám phá nó.,A1
0sq7LD45Kmg_sentence_066.wav,It was the greatest discovery in human history.,Đó là khám phá vĩ đại nhất trong lịch sử loài người.,A2
0sq7LD45Kmg_sentence_084.wav,camp.,) Tôi không biết.,A1
0sq7LD45Kmg_sentence_094.wav,"He walked into the camp, unarmed.","Anh ta bước vào trại, không mang vũ khí.",A2
0sq7LD45Kmg_sentence_098.wav,Bound,Đóng kết,A2
0sq7LD45Kmg_sentence_114.wav,Acknowledge.,Thừa nhận.,A2
0sq7LD45Kmg_sentence_119.wav,She acknowledged that she couldn't speak English.,Cô ấy thừa nhận rằng cô ấy không thể nói tiếng Anh.,A2
0sq7LD45Kmg_sentence_121.wav,Convince.,Hãy thuyết phục.,A1
0sq7LD45Kmg_sentence_132.wav,Distinguish.,Phân biệt.,A2
0sq7LD45Kmg_sentence_146.wav,Identify,Nhận diện,A1
0sq7LD45Kmg_sentence_175.wav,Basis,Cơ sở,A2
0sq7LD45Kmg_sentence_194.wav,Comment.,Ghi chú.,A1
0sq7LD45Kmg_sentence_220.wav,Series,Chuỗi,A2
0sq7LD45Kmg_sentence_231.wav,Painting,Vẽ tranh,A1
0sq7LD45Kmg_sentence_238.wav,Figure,Hình vẽ,A1
0sq7LD45Kmg_sentence_279.wav,Sensible.,Nhạy cảm.,A1
0sq7LD45Kmg_sentence_327.wav,We got thoroughly wet in the rain.,Chúng tôi đã bị ướt hoàn toàn trong mưa.,A2
0sq7LD45Kmg_sentence_342.wav,He is bound to fail.,Hắn sẽ thất bại thôi.,A2
0sq7LD45Kmg_sentence_348.wav,Crown.,Crown.,A1
0sq7LD45Kmg_sentence_369.wav,Crime.,Tội phạm.,A2
0sq7LD45Kmg_sentence_384.wav,You need to tune your guitar to make it sound better.,Bạn cần chỉnh dây đàn để làm cho nó nghe hay hơn.,A2
0sq7LD45Kmg_sentence_390.wav,Identify.,Xác định.,A1
0sq7LD45Kmg_sentence_398.wav,Untidy.,Không ngăn nắp.,A2
0sq7LD45Kmg_sentence_408.wav,He is an untidy person and cannot keep his room clean.,Anh ta là người bừa bộn và không thể giữ phòng sạch sẽ.,A2
0sq7LD45Kmg_sentence_409.wav,Unexpected.,Không ngờ.,A2
0sq7LD45Kmg_sentence_418.wav,I encountered some unexpected problems.,Tôi gặp phải một số vấn đề không mong đợi.,A2
0sq7LD45Kmg_sentence_420.wav,Shallow,Nông,A2
0sq7LD45Kmg_sentence_424.wav,The water here is very shallow.,Nước ở đây rất nông.,A2
0sq7LD45Kmg_sentence_425.wav,I don't like his shallow personality.,Tôi không thích tính cách nông cạn của anh ta.,A2
0sq7LD45Kmg_sentence_428.wav,Climb.,Trèo lên.,A1
0sq7LD45Kmg_sentence_429.wav,The air became colder as they climbed higher.,Không khí trở nên lạnh hơn khi chúng leo lên cao hơn.,A2
0sq7LD45Kmg_sentence_435.wav,The boy climbed over the wall.,Thằng bé trèo qua tường.,A2
0sq7LD45Kmg_sentence_439.wav,Visible.,Rõ ràng.,A2
0sq7LD45Kmg_sentence_441.wav,There is no visible danger.,Không có nguy hiểm nào rõ ràng.,A1
0sq7LD45Kmg_sentence_445.wav,It's completely visible.,Nó hoàn toàn có thể nhìn thấy được.,A1
0sq7LD45Kmg_sentence_451.wav,Drag.,Kéo.,A1
0sq7LD45Kmg_sentence_461.wav,Celebrate.,Ăn mừng.,A1
0sq7LD45Kmg_sentence_468.wav,Closet.,Kho quần áo.,A1
0sq7LD45Kmg_sentence_477.wav,There's someone hiding in the closet.,Có ai đó đang trốn trong tủ.,A1
0sq7LD45Kmg_sentence_507.wav,You should never go out with untidy hair.,Bạn không nên ra ngoài với mái tóc rối bù.,A2
0sq7LD45Kmg_sentence_513.wav,Bound.,Bound.,A1
0sq7LD45Kmg_sentence_520.wav,Tiring.,Mệt mỏi.,A2
0sq7LD45Kmg_sentence_526.wav,It's a very tiring job.,Đó là một công việc rất mệt mỏi.,A2
0sq7LD45Kmg_sentence_528.wav,Inevitably.,Chắc chắn rồi.,A2
0sq7LD45Kmg_sentence_539.wav,Consequence,Kết quả,A2
0sq7LD45Kmg_sentence_544.wav,It's the consequence of your laziness.,Đó là hậu quả của sự lười biếng của anh.,B1
0sq7LD45Kmg_sentence_550.wav,Visible,Hiển thị,A1
0sq7LD45Kmg_sentence_559.wav,That was a confusing question.,Đó là một câu hỏi khó hiểu.,A2
0sq7LD45Kmg_sentence_594.wav,Perform.,Biểu diễn.,A1
0sq7LD45Kmg_sentence_597.wav,Camp.,Trại hè.,A1
0sq7LD45Kmg_sentence_598.wav,Let's go back to camp. It's getting dark.,"Quay lại trại thôi, trời đang tối.",A2
1CxAyEHcKHE_sentence_026.wav,community.,cộng đồng.,A1
1CxAyEHcKHE_sentence_028.wav,The students volunteered for community service.,Các sinh viên tình nguyện phục vụ cộng đồng.,A1
1CxAyEHcKHE_sentence_033.wav,Screw.,Screw.,A1
1CxAyEHcKHE_sentence_036.wav,You just screwed up everything.,Anh đã làm hỏng mọi thứ.,A1
1CxAyEHcKHE_sentence_039.wav,The bookcase is screwed to the wall.,Tủ sách được gắn chặt vào tường.,A2
1CxAyEHcKHE_sentence_045.wav,I had a relaxing evening with my friends.,Tôi đã có một buổi tối thư giãn với bạn bè.,A1
1CxAyEHcKHE_sentence_055.wav,constantly.,Bạn có thể tìm kiếm các trang web cung cấp thông tin về các loại thuốc này.,A1
1CxAyEHcKHE_sentence_066.wav,Standard,Chuẩn,A2
1CxAyEHcKHE_sentence_067.wav,You need to lower your standards.,Anh cần hạ thấp tiêu chuẩn của mình.,A1
1CxAyEHcKHE_sentence_073.wav,His work is not up to our standards.,Công việc của anh ta không đạt tiêu chuẩn của chúng ta.,A2
1CxAyEHcKHE_sentence_088.wav,Crack.,Rắc.,A1
1CxAyEHcKHE_sentence_095.wav,That board has cracked in the sun.,Ván trượt đã nứt dưới ánh mặt trời.,A2
1CxAyEHcKHE_sentence_096.wav,Don't put boiling water in the glass or it will crack.,"Đừng cho nước sôi vào cốc, nếu không cốc sẽ bị nứt.",A2
1CxAyEHcKHE_sentence_097.wav,There is a crack in the glass.,Có một vết nứt trên kính.,A1
1CxAyEHcKHE_sentence_106.wav,This dish has an unusual flavor.,Món ăn này có hương vị khác thường.,A2
1CxAyEHcKHE_sentence_113.wav,My grandmother left us a great fortune.,Bà tôi để lại cho chúng tôi một gia tài lớn.,A2
1CxAyEHcKHE_sentence_122.wav,Regular.,Thường xuyên.,A1
1CxAyEHcKHE_sentence_123.wav,Is there a regular bus service to the town?,Có dịch vụ xe buýt thường xuyên đến thị trấn không?,A2
1CxAyEHcKHE_sentence_144.wav,Rhythm,Nhịp điệu,A1
1CxAyEHcKHE_sentence_147.wav,Crucial.,Quan trọng.,A2
1CxAyEHcKHE_sentence_155.wav,Gap.,Khoảng trống.,A2
1CxAyEHcKHE_sentence_163.wav,Character.,Tính cách.,A2
1CxAyEHcKHE_sentence_185.wav,Command.,Chỉ huy.,A1
1CxAyEHcKHE_sentence_196.wav,Curve,Đường cong,A1
1CxAyEHcKHE_sentence_205.wav,That's a dangerous curve.,Đó là một đường cong nguy hiểm.,A2
1CxAyEHcKHE_sentence_206.wav,There have been many accidents there.,Có rất nhiều tai nạn ở đó.,A2
1CxAyEHcKHE_sentence_209.wav,The first day at school depressed me.,Ngày đầu tiên đến trường làm tôi chán nản.,A2
1CxAyEHcKHE_sentence_221.wav,The word is constantly changing.,Từ ngữ liên tục thay đổi.,A2
1CxAyEHcKHE_sentence_226.wav,He is constantly provoking me.,Hắn cứ chọc tức tôi hoài.,A2
1CxAyEHcKHE_sentence_229.wav,Relaxing.,Thư giãn đi.,A1
1CxAyEHcKHE_sentence_240.wav,Biology,Sinh học,A1
1CxAyEHcKHE_sentence_245.wav,Biology is one of his favorite subjects.,Sinh học là môn học yêu thích của ông.,A2
1CxAyEHcKHE_sentence_249.wav,I never liked biology.,Tôi chưa bao giờ thích sinh học.,A1
1CxAyEHcKHE_sentence_250.wav,I asked him to give my biology book back to me because he had borrowed it for a week.,Tôi nhờ anh ấy trả lại cuốn sách sinh học vì anh ấy đã mượn nó một tuần.,A2
1CxAyEHcKHE_sentence_252.wav,The proposals are still under consideration.,Các đề xuất vẫn đang được xem xét.,A2
1CxAyEHcKHE_sentence_253.wav,We'll take that into consideration.,Chúng tôi sẽ xem xét điều đó.,A2
1CxAyEHcKHE_sentence_262.wav,Roof.,Mái nhà.,A1
1CxAyEHcKHE_sentence_270.wav,I see a bird on the roof.,Tôi thấy một con chim trên mái nhà.,A1
1CxAyEHcKHE_sentence_273.wav,Dancer.,Vũ công.,A2
1CxAyEHcKHE_sentence_275.wav,He wants to be the best dancer in his class.,Cậu ấy muốn trở thành vũ công giỏi nhất lớp.,A2
1CxAyEHcKHE_sentence_276.wav,Glove.,Găng tay.,A1
1CxAyEHcKHE_sentence_277.wav,My father bought a new pair of gloves yesterday.,Hôm qua cha tôi đã mua một đôi găng tay mới.,A2
1CxAyEHcKHE_sentence_278.wav,These gloves are too small for me.,Đôi găng này quá nhỏ so với tôi.,A2
1CxAyEHcKHE_sentence_279.wav,I put my gloves on inside out by mistake.,Tôi đã vô tình đeo găng tay từ trong ra ngoài.,A2
1CxAyEHcKHE_sentence_280.wav,Cure.,Thuốc chữa.,A1
1CxAyEHcKHE_sentence_291.wav,Regulation,Điều 11. Quy định,A1
1CxAyEHcKHE_sentence_302.wav,You're embarrassing them.,Anh đang làm họ xấu hổ.,A1
1CxAyEHcKHE_sentence_307.wav,Confront.,Đối chất.,A1
1CxAyEHcKHE_sentence_310.wav,Confront,Đối thoại,A1
1CxAyEHcKHE_sentence_324.wav,Nuclear weapons are the most dangerous weapons on Earth.,Vũ khí hạt nhân là vũ khí nguy hiểm nhất trên Trái Đất.,A2
1CxAyEHcKHE_sentence_341.wav,Your analysis of the situation is accurate.,Phân tích tình hình của anh rất chính xác.,A2
1CxAyEHcKHE_sentence_347.wav,False.,Sai lầm.,A1
1CxAyEHcKHE_sentence_355.wav,Cousin,Họ hàng,A1
1CxAyEHcKHE_sentence_361.wav,He went to stay with his cousin.,Anh ta đến ở với em họ.,A1
1CxAyEHcKHE_sentence_362.wav,I have a cousin who is a lawyer.,Tôi có một người em họ là luật sư.,A2
1CxAyEHcKHE_sentence_368.wav,Bar.,Bar.,A1
1CxAyEHcKHE_sentence_369.wav,He bought an orange and a bar of chocolate. The bar is closed until further notice.,Anh ta mua một quả cam và một thanh sô cô la.,A2
1CxAyEHcKHE_sentence_371.wav,Formula.,Công thức.,A1
1CxAyEHcKHE_sentence_377.wav,This has proven to be a winning formula.,Đây đã được chứng minh là một công thức chiến thắng.,A2
1CxAyEHcKHE_sentence_379.wav,Commit.,Nhấn Commit (Chơi).,A1
1CxAyEHcKHE_sentence_395.wav,Awkwardly.,Bối rối.,A2
1CxAyEHcKHE_sentence_402.wav,The advertisement will appear in five magazines.,Quảng cáo sẽ xuất hiện trên năm tạp chí.,A2
1CxAyEHcKHE_sentence_409.wav,Crush.,Crush.,A1
1CxAyEHcKHE_sentence_416.wav,Formal.,Trang trọng.,A2
1CxAyEHcKHE_sentence_435.wav,Cough.,Ho.,A1
1CxAyEHcKHE_sentence_436.wav,Do you have any cough medicine?,Anh có thuốc ho không?,A1
1CxAyEHcKHE_sentence_437.wav,The baby has been coughing all night.,Đứa bé ho suốt đêm.,A2
1CxAyEHcKHE_sentence_440.wav,Teaching.,Dạy học.,A1
1CxAyEHcKHE_sentence_441.wav,He has a lot of teaching experience.,Ông có rất nhiều kinh nghiệm giảng dạy.,A2
1CxAyEHcKHE_sentence_442.wav,He's always wanted to go into teaching.,Anh ấy luôn muốn đi dạy.,A1
1CxAyEHcKHE_sentence_443.wav,He destroy.,Hắn phá huỷ.,A1
1CxAyEHcKHE_sentence_446.wav,An earthquake destroyed the building.,Một trận động đất đã phá hủy tòa nhà.,A2
1CxAyEHcKHE_sentence_447.wav,Destroy.,Hủy bỏ.,A1
1CxAyEHcKHE_sentence_454.wav,Worn.,Quần áo bị mòn.,A2
1CxAyEHcKHE_sentence_455.wav,Why didn't you warn me?,Sao anh không cảnh báo tôi?,A1
1CxAyEHcKHE_sentence_456.wav,Don't say I didn't warn you.,Đừng nói là tôi không cảnh báo anh.,A2
1CxAyEHcKHE_sentence_464.wav,He warned us not to enter the room.,Ông ấy đã cảnh báo chúng ta không được vào phòng.,A2
1CxAyEHcKHE_sentence_469.wav,Frightened.,Sợ hãi.,A1
1CxAyEHcKHE_sentence_476.wav,Elderly,Người cao tuổi,A1
1CxAyEHcKHE_sentence_480.wav,Elderly.,Người cao tuổi.,A1
1CxAyEHcKHE_sentence_482.wav,She takes care of many elderly people.,Bà chăm sóc nhiều người già.,A1
1CxAyEHcKHE_sentence_483.wav,He gave his seat to an elderly lady.,Ông nhường chỗ cho một bà lão.,A2
1CxAyEHcKHE_sentence_484.wav,These seats are reserved for elderly guests.,Những chỗ ngồi này được dành riêng cho khách cao tuổi.,A2
1CxAyEHcKHE_sentence_493.wav,I'm glad we're all in agreement about that.,Tôi mừng là chúng ta đều đồng ý về điều đó.,A2
1CxAyEHcKHE_sentence_494.wav,We have already reached an agreement.,Chúng ta đã đạt được một thoả thuận.,A2
1CxAyEHcKHE_sentence_496.wav,The airport can handle large numbers of travelers.,Sân bay có thể xử lý số lượng lớn khách du lịch.,A2
1CxAyEHcKHE_sentence_502.wav,He is busy chatting with fellow travelers.,Anh ta đang bận tán gẫu với những người bạn đồng hành.,A2
1CxAyEHcKHE_sentence_503.wav,"Better, best.","Tốt hơn, tốt nhất.",A1
1CxAyEHcKHE_sentence_504.wav,I'm better at drawing than Alice.,Tôi vẽ giỏi hơn Alice.,A2
1CxAyEHcKHE_sentence_505.wav,"His leg was getting better. She always wants to be the best at everything,",Chân anh ta đang dần hồi phục.,A2
1CxAyEHcKHE_sentence_512.wav,She listed her favorite restaurants in order of preference.,Cô liệt kê các nhà hàng yêu thích của mình theo thứ tự ưu tiên.,A2
1CxAyEHcKHE_sentence_517.wav,Clap.,Vỗ tay.,A1
1CxAyEHcKHE_sentence_519.wav,The crowd was clapping and cheering.,Đám đông vỗ tay và cổ vũ.,A2
1CxAyEHcKHE_sentence_528.wav,Issue.,Vấn đề.,A2
1CxAyEHcKHE_sentence_546.wav,Emphasis,Nhấn mạnh,A1
1CxAyEHcKHE_sentence_573.wav,breast. She crossed her arms over her breasts.,) Em có thể đi với anh không?,A2
1CxAyEHcKHE_sentence_575.wav,Breast,Vú,A1
1CxAyEHcKHE_sentence_591.wav,Diagram.,Sơ đồ.,A1
1CxAyEHcKHE_sentence_597.wav,Would you like me to draw you a diagram of the system?,Ông có muốn tôi vẽ sơ đồ hệ thống cho ông không?,A2
1CxAyEHcKHE_sentence_599.wav,Origin,Nguồn gốc,A2
1CxAyEHcKHE_sentence_600.wav,Do you know the origin of this tradition?,Anh có biết nguồn gốc của truyền thống này không?,A2
1CxAyEHcKHE_sentence_604.wav,I don't know the origin of the rumour.,Tôi không biết nguồn gốc của tin đồn.,A2
1CxAyEHcKHE_sentence_607.wav,Device.,Thiết bị.,A1
1CxAyEHcKHE_sentence_608.wav,The device will be in production by the end of the year.,Thiết bị này sẽ được sản xuất vào cuối năm nay.,A2
1CxAyEHcKHE_sentence_614.wav,All these devices are unreliable.,Tất cả các thiết bị này đều không đáng tin cậy.,A2
1CxAyEHcKHE_sentence_618.wav,Extensive.,Mở rộng.,A2
1CxAyEHcKHE_sentence_630.wav,Capacity.,Sức chứa.,A2
1CxAyEHcKHE_sentence_636.wav,This work deserted.,Công trình này bị bỏ hoang.,A2
1CxAyEHcKHE_sentence_644.wav,Agreement.,Thỏa thuận.,A1
1Hk4z0OkyyM_sentence_020.wav,Don't move.,Đừng cử động.,A1
1Hk4z0OkyyM_sentence_024.wav,She went to the market to buy fresh vegetables.,Cô ấy đi chợ mua rau tươi.,A2
1Hk4z0OkyyM_sentence_035.wav,How are you?,Bạn khỏe không?,A1
1Hk4z0OkyyM_sentence_038.wav,Child.,Con.,A1
1Hk4z0OkyyM_sentence_049.wav,Event,Sự kiện,A2
1Hk4z0OkyyM_sentence_054.wav,dollar.,- Đồng đô la. ',A1
1Hk4z0OkyyM_sentence_061.wav,Can I borrow$300?,Tôi mượn 300 đô được không?,A1
1Hk4z0OkyyM_sentence_063.wav,I bag.,Tôi túi.,A1
1Hk4z0OkyyM_sentence_066.wav,Bag.,Túi.,A1
1Hk4z0OkyyM_sentence_072.wav,Sleep.,Ngủ.,A1
1Hk4z0OkyyM_sentence_074.wav,"I was tired, but I couldn't sleep.","Tôi mệt, nhưng không ngủ được.",A1
1Hk4z0OkyyM_sentence_091.wav,I smell something awful in this room.,Tôi ngửi thấy mùi gì đó kinh khủng trong căn phòng này.,A1
1Hk4z0OkyyM_sentence_098.wav,Morning.,Buổi sáng.,A1
1Hk4z0OkyyM_sentence_1006.wav,Quick.,Nhanh lên.,A1
1Hk4z0OkyyM_sentence_1017.wav,Seem,Seem,A1
1Hk4z0OkyyM_sentence_1028.wav,company.,) Tôi không biết.,A2
1Hk4z0OkyyM_sentence_1035.wav,The company is managed by my older brother.,Công ty được quản lý bởi anh trai tôi.,A2
1Hk4z0OkyyM_sentence_1058.wav,Pain.,Đau.,A1
1Hk4z0OkyyM_sentence_1075.wav,Are you sure it's safe here?,Anh có chắc ở đây an toàn không?,A1
1Hk4z0OkyyM_sentence_1078.wav,Safe.,An toàn.,A1
1Hk4z0OkyyM_sentence_116.wav,Somewhere.,Đâu đó.,A1
1Hk4z0OkyyM_sentence_131.wav,There is a spoon missing.,Thiếu một cái thìa.,A1
1Hk4z0OkyyM_sentence_141.wav,I shouldn't have done that. I'm sorry.,Đáng lẽ tôi không nên làm vậy.,A1
1Hk4z0OkyyM_sentence_146.wav,Coat.,Bộ lông.,A1
1Hk4z0OkyyM_sentence_148.wav,May I try it on?,Tôi mặc thử được không?,A1
1Hk4z0OkyyM_sentence_156.wav,May I try.,Tôi có thể thử.,A2
1Hk4z0OkyyM_sentence_160.wav,Results,Kết quả,A2
1Hk4z0OkyyM_sentence_165.wav,Are you satisfied with the result?,Bạn có hài lòng với kết quả không?,A2
1Hk4z0OkyyM_sentence_168.wav,Minimum.,Tối thiểu.,A2
1Hk4z0OkyyM_sentence_169.wav,What are your minimum requirements for the job?,Yêu cầu tối thiểu của bạn cho công việc là gì?,A2
1Hk4z0OkyyM_sentence_176.wav,Food.,Thức ăn.,A1
1Hk4z0OkyyM_sentence_188.wav,I can't eat this food. It tastes awful.,"Tôi không thể ăn thứ này, nó có vị rất tệ.",A1
1Hk4z0OkyyM_sentence_192.wav,Have you?,Bạn có?,A1
1Hk4z0OkyyM_sentence_196.wav,Explanation,Giải thích,A1
1Hk4z0OkyyM_sentence_215.wav,Drunk.,Say xỉn.,A1
1Hk4z0OkyyM_sentence_216.wav,I don't like being around drunk people.,Tôi không thích ở gần những người say.,A1
1Hk4z0OkyyM_sentence_217.wav,She was so drunk that she could barely walk.,Cô ấy say đến nỗi không đi nổi.,A2
1Hk4z0OkyyM_sentence_223.wav,Fun.,Vui vẻ.,A1
1Hk4z0OkyyM_sentence_253.wav,Lose.,Thua.,A1
1Hk4z0OkyyM_sentence_258.wav,She really wants to lose weight.,Cô ấy rất muốn giảm cân.,A1
1Hk4z0OkyyM_sentence_270.wav,"Clearly, you're not interested.",Rõ ràng là anh không quan tâm.,A2
1Hk4z0OkyyM_sentence_281.wav,I didn't know he was a drug addict.,Tôi không biết anh ta là một con nghiện.,A2
1Hk4z0OkyyM_sentence_286.wav,Out.,Ra ngoài.,A1
1Hk4z0OkyyM_sentence_288.wav,May I go out for a walk?,Tôi có thể đi dạo không?,A1
1Hk4z0OkyyM_sentence_297.wav,Useful.,Hữu ích.,A2
1Hk4z0OkyyM_sentence_302.wav,Swimming is a very useful skill.,Bơi lội là một kỹ năng rất hữu ích.,A2
1Hk4z0OkyyM_sentence_307.wav,She gave me approve.,Cô ấy cho phép tôi.,A2
1Hk4z0OkyyM_sentence_311.wav,Approve.,Chấp thuận.,A1
1Hk4z0OkyyM_sentence_320.wav,You may spend a maximum of$100 per day.,Bạn có thể chi tối đa 2 triệu đồng mỗi ngày.,A2
1Hk4z0OkyyM_sentence_344.wav,How long did you stay there?,Anh ở đó bao lâu?,A1
1Hk4z0OkyyM_sentence_352.wav,How far is it to the airport?,Còn bao xa nữa thì tới sân bay?,A2
1Hk4z0OkyyM_sentence_361.wav,Fresh.,Tươi mới.,A1
1Hk4z0OkyyM_sentence_386.wav,Where is your bag?,Túi của anh đâu?,A1
1Hk4z0OkyyM_sentence_406.wav,Come and see me once in a while.,Thỉnh thoảng hãy đến gặp tôi.,A1
1Hk4z0OkyyM_sentence_437.wav,Awful.,Kinh khủng.,A1
1Hk4z0OkyyM_sentence_451.wav,Minimum,Tối thiểu,A1
1Hk4z0OkyyM_sentence_459.wav,Missing.,Thiếu.,A2
1Hk4z0OkyyM_sentence_467.wav,Please wake me up at six tomorrow morning.,Làm ơn đánh thức tôi dậy lúc 6 giờ sáng mai.,A1
1Hk4z0OkyyM_sentence_488.wav,I've seen him somewhere before.,Tôi đã thấy hắn ở đâu đó rồi.,A2
1Hk4z0OkyyM_sentence_492.wav,Let's go somewhere quiet.,Hãy đi đâu đó yên tĩnh.,A1
1Hk4z0OkyyM_sentence_494.wav,Especially,Đặc biệt,A1
1Hk4z0OkyyM_sentence_499.wav,I feel especially good today.,Hôm nay tôi cảm thấy rất vui.,A1
1Hk4z0OkyyM_sentence_506.wav,He chooses a seat facing the door.,Anh ta chọn một chỗ ngồi đối diện với cánh cửa.,A2
1Hk4z0OkyyM_sentence_509.wav,Choose.,Lựa chọn.,A1
1Hk4z0OkyyM_sentence_516.wav,True.,Đúng vậy.,A1
1Hk4z0OkyyM_sentence_531.wav,Extra.,Thêm.,A1
1Hk4z0OkyyM_sentence_538.wav,Equal.,Bình đẳng.,A1
1Hk4z0OkyyM_sentence_541.wav,She divided the pie into three equal parts.,Cô chia chiếc bánh thành ba phần bằng nhau.,A2
1Hk4z0OkyyM_sentence_547.wav,One plus two equals three.,Một cộng hai bằng ba.,A1
1Hk4z0OkyyM_sentence_582.wav,I want to sleep a little more.,Tôi muốn ngủ thêm một chút.,A1
1Hk4z0OkyyM_sentence_595.wav,This problem seems difficult.,Vấn đề này có vẻ khó khăn.,A2
1Hk4z0OkyyM_sentence_600.wav,It seems very interesting.,Có vẻ rất thú vị.,A1
1Hk4z0OkyyM_sentence_620.wav,It's obvious that she lied.,Rõ ràng là cô ta nói dối.,A1
1Hk4z0OkyyM_sentence_644.wav,Fruit.,Trái cây.,A1
1Hk4z0OkyyM_sentence_651.wav,Do you want some fruit juice?,Anh muốn uống nước trái cây không?,A1
1Hk4z0OkyyM_sentence_652.wav,What's the name of this fruit?,Tên của loại trái cây này là gì?,A2
1Hk4z0OkyyM_sentence_658.wav,Clearly things have changed in the last six weeks.,Rõ ràng là mọi thứ đã thay đổi trong sáu tuần qua.,A2
1Hk4z0OkyyM_sentence_666.wav,Stay.,Ở lại.,A1
1Hk4z0OkyyM_sentence_677.wav,Daughter.,Con gái.,A1
1Hk4z0OkyyM_sentence_683.wav,"He married his boss's daughter, didn't he?","Anh ta cưới con gái của sếp, phải không?",A2
1Hk4z0OkyyM_sentence_708.wav,Drug,Thuốc,A1
1Hk4z0OkyyM_sentence_715.wav,Clock.,Đồng hồ.,A1
1Hk4z0OkyyM_sentence_735.wav,We will do our best.,Chúng tôi sẽ cố hết sức.,A1
1Hk4z0OkyyM_sentence_737.wav,Our teacher looks very young.,Thầy của chúng ta trông rất trẻ.,A1
1Hk4z0OkyyM_sentence_738.wav,Hour.,Giờ.,A2
1Hk4z0OkyyM_sentence_752.wav,"People have short memories, they soon forget.","Người ta có trí nhớ ngắn hạn, họ sẽ sớm quên.",A2
1Hk4z0OkyyM_sentence_753.wav,Bridge,Cầu,A1
1Hk4z0OkyyM_sentence_764.wav,Sorry.,Xin lỗi.,A1
1Hk4z0OkyyM_sentence_791.wav,Aspect,Hình thể,A2
1Hk4z0OkyyM_sentence_807.wav,Once.,Một lần.,A1
1Hk4z0OkyyM_sentence_813.wav,He cleans his car once a week.,Anh ta lau xe mỗi tuần một lần.,A2
1Hk4z0OkyyM_sentence_822.wav,Dollar.,Một đô la.,A1
1Hk4z0OkyyM_sentence_829.wav,Attend,Tham dự,A1
1Hk4z0OkyyM_sentence_838.wav,I just want to let you know that I can't attend your party.,Tôi chỉ muốn cho anh biết là tôi không thể tham dự bữa tiệc của anh.,A2
1Hk4z0OkyyM_sentence_846.wav,"Finally, they approved the proposal.","Cuối cùng, họ đã chấp thuận đề xuất.",A2
1Hk4z0OkyyM_sentence_852.wav,Approved.,Được chấp thuận.,A1
1Hk4z0OkyyM_sentence_898.wav,This book is especially difficult to read.,Cuốn sách này đặc biệt khó đọc.,A2
1Hk4z0OkyyM_sentence_905.wav,He's scared of heights.,Nó sợ độ cao.,A1
1Hk4z0OkyyM_sentence_907.wav,She is scared of going out alone.,Cô ấy sợ đi ra ngoài một mình.,A1
1Hk4z0OkyyM_sentence_918.wav,I don't think that rumor is true.,Tôi không nghĩ tin đồn đó là thật.,A2
1Hk4z0OkyyM_sentence_920.wav,It is too good to be true.,Nó quá tốt để là sự thật.,A1
1Hk4z0OkyyM_sentence_929.wav,We are all equal here.,Tất cả chúng ta đều bình đẳng ở đây.,A1
1Hk4z0OkyyM_sentence_932.wav,Move.,Di chuyển.,A1
1Hk4z0OkyyM_sentence_945.wav,There are so many versions to choose from.,Có rất nhiều phiên bản để lựa chọn.,A2
1Hk4z0OkyyM_sentence_954.wav,Maximum.,Tối đa.,A1
1Hk4z0OkyyM_sentence_961.wav,There's something wrong here. It's not my bag.,"Có gì đó không ổn ở đây, không phải túi của tôi.",A2
1Hk4z0OkyyM_sentence_979.wav,Opportunity.,Cơ hội.,A2
1Hk4z0OkyyM_sentence_989.wav,Do you know the missing words?,Anh có biết những từ bị thiếu không?,A1
1RIdJ5ZspdU_sentence_026.wav,closely.,Bạn có thể dùng khăn giấy hoặc khăn giấy ướt để lau khô tóc.,A1
1RIdJ5ZspdU_sentence_035.wav,This point deserves special emphasis.,Điểm này cần được nhấn mạnh đặc biệt.,A2
1RIdJ5ZspdU_sentence_049.wav,Traveler,Du kháchName,A2
1RIdJ5ZspdU_sentence_103.wav,Explore.,Khám phá.,A1
1RIdJ5ZspdU_sentence_108.wav,He enjoys exploring remote areas.,Anh thích khám phá những vùng xa xôi hẻo lánh.,A2
1RIdJ5ZspdU_sentence_115.wav,It's worth exploring.,Nó đáng để khám phá.,A1
1RIdJ5ZspdU_sentence_135.wav,You can't teach an old dog new tricks.,Bạn không thể dạy một con chó già những trò mới.,A2
1RIdJ5ZspdU_sentence_138.wav,Naturally.,Đương nhiên.,A1
1RIdJ5ZspdU_sentence_157.wav,Cash.,Tiền mặt.,A1
1RIdJ5ZspdU_sentence_158.wav,She was always short of cash.,Cô ấy luôn thiếu tiền mặt.,A2
1RIdJ5ZspdU_sentence_159.wav,Don't let your business run out of cash.,Đừng để doanh nghiệp của bạn cạn kiệt tiền mặt.,A2
1RIdJ5ZspdU_sentence_170.wav,Border,Biên,A2
1RIdJ5ZspdU_sentence_171.wav,The train crosses the border between France and Spain.,Đoàn tàu băng qua biên giới giữa Pháp và Tây Ban Nha.,A2
1RIdJ5ZspdU_sentence_173.wav,Vietnam and Cambodia share a long border.,Việt Nam và Campuchia có chung một biên giới dài.,A2
1RIdJ5ZspdU_sentence_179.wav,"Russia is the biggest country in the world, but China actually has longer land borders.","Nga là nước lớn nhất thế giới, nhưng Trung Quốc thực sự có biên giới đất liền dài hơn.",A2
1RIdJ5ZspdU_sentence_209.wav,He placed emphasis on the importance of education.,Ông nhấn mạnh vào tầm quan trọng của giáo dục.,A2
1RIdJ5ZspdU_sentence_221.wav,You owe me$99 altogether.,Anh nợ tôi 99 đô.,A2
1RIdJ5ZspdU_sentence_230.wav,Living.,Sống.,A1
1RIdJ5ZspdU_sentence_233.wav,I can't imagine living like that.,Tôi không thể tưởng tượng được sống như vậy.,A2
1RIdJ5ZspdU_sentence_234.wav,I don't know what he does for a living.,Tôi không biết hắn làm gì để kiếm sống.,A2
1RIdJ5ZspdU_sentence_235.wav,Formal education will make you a living. Self education will make you a fortune.,Giáo dục chính quy sẽ giúp bạn kiếm sống. Giáo dục bản thân sẽ giúp bạn giàu có.,A2
1RIdJ5ZspdU_sentence_239.wav,Next week is going to be a relaxing week.,Tuần tới sẽ là một tuần thư giãn.,A1
1RIdJ5ZspdU_sentence_292.wav,Communication,Giao tiếp,A1
1RIdJ5ZspdU_sentence_300.wav,Gesture is another way of communication.,Cử chỉ là một cách giao tiếp khác.,A2
1RIdJ5ZspdU_sentence_330.wav,Please tighten all the screws.,Xin hãy siết chặt tất cả các vít.,A1
1RIdJ5ZspdU_sentence_344.wav,"Naturally, I get upset when things go wrong.","Tất nhiên, tôi sẽ bực mình khi mọi chuyện không như ý muốn.",A2
1RIdJ5ZspdU_sentence_347.wav,Her hair is naturally curly.,Tóc cô ấy xoăn tự nhiên.,A2
1RIdJ5ZspdU_sentence_362.wav,Dramatic.,Kịch tính.,A2
1RIdJ5ZspdU_sentence_367.wav,Sore,Đau,A2
1RIdJ5ZspdU_sentence_391.wav,Unconscious.,Bất tỉnh.,A1
1RIdJ5ZspdU_sentence_399.wav,Advertise.,Quảng cáo.,A2
1RIdJ5ZspdU_sentence_403.wav,"If you want to attract more customers, try advertising in the local paper.","Nếu muốn thu hút nhiều khách hàng hơn, bạn có thể thử quảng cáo trên báo địa phương.",A2
1RIdJ5ZspdU_sentence_406.wav,Ban,Cấm,A1
1RIdJ5ZspdU_sentence_417.wav,guard.,) Tôi không biết.,A1
1RIdJ5ZspdU_sentence_418.wav,He is a prison guard.,Hắn là một cai ngục.,A1
1RIdJ5ZspdU_sentence_419.wav,How many guards are there?,Có bao nhiêu lính gác?,A1
1RIdJ5ZspdU_sentence_425.wav,Steam.,Hơi nước.,A2
1RIdJ5ZspdU_sentence_426.wav,The hotel has a steam room and a massage room.,Khách sạn có phòng xông hơi và phòng mát xa.,A2
1RIdJ5ZspdU_sentence_427.wav,"Be careful, the steam from the pot is hot.","Cẩn thận, hơi nước trong nồi quá nóng.",A2
1RIdJ5ZspdU_sentence_433.wav,Attract.,Hấp dẫn.,A1
1RIdJ5ZspdU_sentence_435.wav,What first attracted me to him was his sense of humour.,Điều đầu tiên thu hút tôi là khiếu hài hước của anh ấy.,A2
1RIdJ5ZspdU_sentence_440.wav,The museum attracts visitors from all over the world.,Bảo tàng thu hút du khách từ khắp nơi trên thế giới.,A2
1RIdJ5ZspdU_sentence_441.wav,Her dress attracted everyone's attention at the party.,Trang phục của cô thu hút sự chú ý của mọi người tại bữa tiệc.,A2
1RIdJ5ZspdU_sentence_452.wav,Leading.,Dẫn đầu.,A2
1RIdJ5ZspdU_sentence_454.wav,He is the leading candidate for the job.,Anh ta là ứng cử viên hàng đầu cho vị trí này.,A2
1RIdJ5ZspdU_sentence_456.wav,She is the leading expert in her field.,Cô ấy là chuyên gia hàng đầu trong lĩnh vực của mình.,A2
1RIdJ5ZspdU_sentence_468.wav,Achievement,Thành tích,A2
1RIdJ5ZspdU_sentence_471.wav,What do you consider your greatest achievement?,Bạn coi thành tựu lớn nhất của mình là gì?,A2
1RIdJ5ZspdU_sentence_494.wav,Adopt.,Nhận nuôi.,A1
1RIdJ5ZspdU_sentence_519.wav,I have a sore throat.,Tôi bị đau họng.,A2
1RIdJ5ZspdU_sentence_570.wav,She seemed unconscious of my presence.,Cô ấy dường như không nhận ra sự hiện diện của tôi.,A2
1RIdJ5ZspdU_sentence_596.wav,Technique.,Kỹ thuật.,A2
1RIdJ5ZspdU_sentence_602.wav,Techniques.,Kỹ thuật.,A2
1RIdJ5ZspdU_sentence_619.wav,"The path to success is to take massive, determined action.",Con đường dẫn đến thành công là hành động quyết liệt và có quy mô lớn.,B1
1RIdJ5ZspdU_sentence_649.wav,There is an urgent need for better communication.,Có một nhu cầu cấp thiết về giao tiếp tốt hơn.,A2
1RIdJ5ZspdU_sentence_665.wav,Do you feel secure in your job?,Bạn có cảm thấy an toàn trong công việc?,A1
1RIdJ5ZspdU_sentence_678.wav,Extensive,Mở rộng,A2
1RIdJ5ZspdU_sentence_682.wav,Her knowledge of world history is extensive.,Kiến thức của bà về lịch sử thế giới rất phong phú.,A2
1cHYKOqk6_I_sentence_001.wav,Everyone has a birth certificate.,Ai cũng có giấy khai sinh.,A1
1cHYKOqk6_I_sentence_010.wav,The room filled with cardboard boxes.,Căn phòng đầy những hộp các tông.,A2
1cHYKOqk6_I_sentence_050.wav,Secondary,Thứ cấp,A2
1cHYKOqk6_I_sentence_083.wav,I need three liters of water.,Tôi cần 3 lít nước.,A1
1cHYKOqk6_I_sentence_087.wav,Openly.,Công khai.,A1
1cHYKOqk6_I_sentence_102.wav,How long does it take to walk from here to the city hall?,Mất bao lâu để đi bộ từ đây đến toà thị chính?,A2
1cHYKOqk6_I_sentence_133.wav,I accidentally deleted the file.,Tôi vô tình xoá tập tin.,A1
1cHYKOqk6_I_sentence_148.wav,desperately.,Một cách tuyệt vọng.,A1
1cHYKOqk6_I_sentence_164.wav,Clean the window with a damp cloth.,Lau cửa sổ bằng khăn ẩm.,A1
1cHYKOqk6_I_sentence_166.wav,The damp weather affects his health.,Thời tiết ẩm ướt ảnh hưởng đến sức khoẻ của anh ta.,A2
1cHYKOqk6_I_sentence_212.wav,How did she cope with the problem?,Cô ấy đã đối phó với vấn đề như thế nào?,A2
1cHYKOqk6_I_sentence_227.wav,He has an important position in the firm.,Anh ta có một vị trí quan trọng trong công ty.,A2
1cHYKOqk6_I_sentence_241.wav,It's morning here in my time zone.,Giờ là buổi sáng ở múi giờ của tôi.,A2
1cHYKOqk6_I_sentence_299.wav,Penny,Penny,A1
1cHYKOqk6_I_sentence_303.wav,"The hotel was expensive, but it was worth every penny.","Khách sạn rất đắt tiền, nhưng nó đáng giá từng xu.",A2
1cHYKOqk6_I_sentence_306.wav,"When you're trying to save money, every penny counts.","Khi bạn đang cố gắng tiết kiệm tiền, mỗi xu đều có giá trị.",A2
1cHYKOqk6_I_sentence_324.wav,We desperately need more money to help fund our project.,Chúng tôi rất cần tiền để tài trợ cho dự án.,A2
1cHYKOqk6_I_sentence_334.wav,Stream.,Luồng.,A1
1cHYKOqk6_I_sentence_347.wav,Mr.,Ông,A1
1cHYKOqk6_I_sentence_350.wav,"Thank you, Mr. Chairman.","Cảm ơn, ngài Chủ tịch.",A2
1cHYKOqk6_I_sentence_351.wav,"It's an honor to meet you here, Mr. President.","Rất vinh dự được gặp ngài ở đây, thưa Tổng thống.",A2
1cHYKOqk6_I_sentence_354.wav,Absolute.,Tuyệt đối.,A2
1cHYKOqk6_I_sentence_365.wav,Pure.,Tinh khiết.,A1
1cHYKOqk6_I_sentence_366.wav,Is this pure gold?,Đây là vàng nguyên chất à?,A1
1cHYKOqk6_I_sentence_373.wav,Carpet.,Thảm.,A1
1cHYKOqk6_I_sentence_376.wav,How do you remove red wine stains from your carpet?,Làm thế nào để tẩy vết rượu vang đỏ trên thảm?,A2
1cHYKOqk6_I_sentence_378.wav,The floor was covered with carpet.,Sàn nhà được phủ thảm.,A2
1cHYKOqk6_I_sentence_379.wav,I have to buy a new carpet for this room.,Tôi phải mua một tấm thảm mới cho căn phòng này.,A1
1cHYKOqk6_I_sentence_381.wav,Nature,Tự nhiên,A1
1cHYKOqk6_I_sentence_384.wav,He is lazy by nature.,Anh ta lười biếng.,A2
1cHYKOqk6_I_sentence_386.wav,coin.,""" Tôi không muốn nói chuyện với anh về chuyện này. "" '",A1
1cHYKOqk6_I_sentence_396.wav,The boy threw the coin through the window.,Thằng bé ném đồng xu qua cửa sổ.,A2
1cHYKOqk6_I_sentence_419.wav,"She doesn't earn much, but she loves her job nevertheless.","Cô ấy không kiếm được nhiều, nhưng cô ấy vẫn yêu công việc của mình.",A2
1cHYKOqk6_I_sentence_427.wav,He usually uses credit cards instead of cash.,Anh ta thường sử dụng thẻ tín dụng thay vì tiền mặt.,A2
1cHYKOqk6_I_sentence_428.wav,Suited.,Phù hợp.,A2
1cHYKOqk6_I_sentence_429.wav,I don't think she is suited for the job.,Tôi không nghĩ cô ấy phù hợp với công việc.,A2
1cHYKOqk6_I_sentence_436.wav,Prime Minister.,Thủ tướng Chính phủ.,A1
1cHYKOqk6_I_sentence_438.wav,He is the Prime Minister of our country.,Ông ấy là Thủ tướng của đất nước chúng ta.,A2
1cHYKOqk6_I_sentence_442.wav,I had an interview with the Prime Minister this morning.,Tôi có cuộc phỏng vấn với Thủ tướng sáng nay.,A2
1cHYKOqk6_I_sentence_445.wav,Good tradition should be preserved.,Truyền thống tốt nên được giữ gìn.,A2
1cHYKOqk6_I_sentence_456.wav,His ambition is to become a great scientist.,Tham vọng của anh là trở thành một nhà khoa học vĩ đại.,A2
1cHYKOqk6_I_sentence_459.wav,She finally achieved her ambition of becoming a famous writer.,Cuối cùng bà đã đạt được tham vọng trở thành một nhà văn nổi tiếng.,A2
1cHYKOqk6_I_sentence_460.wav,Royal,Hoàng gia,A1
1cHYKOqk6_I_sentence_461.wav,The royal palace was built in the 17th century.,Cung điện hoàng gia được xây dựng vào thế kỷ 17.,A2
1cHYKOqk6_I_sentence_470.wav,Where can we cross the stream?,Chúng ta có thể băng qua dòng suối ở đâu?,A2
1cHYKOqk6_I_sentence_486.wav,I have absolute trust in her.,Tôi hoàn toàn tin tưởng cô ấy.,A1
1cHYKOqk6_I_sentence_490.wav,What you said is absolute nonsense.,Những gì anh nói hoàn toàn vô nghĩa.,A2
1cHYKOqk6_I_sentence_492.wav,Style,Kiểu dáng,A2
1cHYKOqk6_I_sentence_497.wav,I like your style.,Tôi thích phong cách của anh.,A1
1cHYKOqk6_I_sentence_499.wav,What style of furniture do you like?,Bạn thích kiểu nội thất nào?,A1
1cHYKOqk6_I_sentence_501.wav,She shook her head sadly.,Cô lắc đầu buồn bã.,A2
1cHYKOqk6_I_sentence_511.wav,Soldier,Người lính,A1
1cHYKOqk6_I_sentence_517.wav,This song has a slow rhythm.,Bài hát này có nhịp điệu chậm.,A2
1cHYKOqk6_I_sentence_540.wav,Poor.,Nghèo.,A1
1cHYKOqk6_I_sentence_542.wav,He carefully poured the water into her glass.,Anh cẩn thận rót nước vào ly của cô.,A2
1cHYKOqk6_I_sentence_548.wav,Pour water into the bucket.,Đổ nước vào xô.,A1
1cHYKOqk6_I_sentence_550.wav,Could you please pour me some tea?,Anh có thể rót cho tôi một tách trà không?,A1
1cHYKOqk6_I_sentence_567.wav,Chemist.,Nhà hóa học.,A2
1cHYKOqk6_I_sentence_572.wav,Chemist,Nhà hoá học,A1
1cHYKOqk6_I_sentence_612.wav,I can resist everything but temptation.,Tôi có thể chống lại mọi thứ trừ cám dỗ.,A2
1cHYKOqk6_I_sentence_618.wav,This box is made of cardboard.,Cái hộp này làm bằng bìa các tông.,A2
1cHYKOqk6_I_sentence_625.wav,Irritating.,Vô cảm.,A2
1cHYKOqk6_I_sentence_629.wav,He's an irritating child.,Nó là một đứa trẻ khó chịu.,A2
1cHYKOqk6_I_sentence_637.wav,Dogs have a keen sense of smell.,Chó có khứu giác rất nhạy bén.,A2
1cHYKOqk6_I_sentence_641.wav,Lamp.,Đèn.,A1
1cHYKOqk6_I_sentence_644.wav,I need a new table lamp.,Tôi cần một cái đèn bàn mới.,A1
1cHYKOqk6_I_sentence_645.wav,Please turn off the lamp.,Làm ơn tắt đèn đi.,A1
1cHYKOqk6_I_sentence_646.wav,Radio,Vô tuyến,A1
1cHYKOqk6_I_sentence_649.wav,Do you mind if I turn on the radio?,Anh có phiền nếu tôi bật radio lên không?,A1
1cHYKOqk6_I_sentence_660.wav,She's growing carrots and potatoes in her garden.,Bà ấy trồng cà rốt và khoai tây trong vườn.,A2
1cHYKOqk6_I_sentence_661.wav,I like fried potatoes.,Tôi thích khoai tây chiên.,A1
1cHYKOqk6_I_sentence_662.wav,Potato,Tây-ban-nhaName,A1
1cHYKOqk6_I_sentence_666.wav,I need to buy some potatoes.,Tôi cần mua ít khoai tây.,A1
1cHYKOqk6_I_sentence_681.wav,Make as many photocopies as you need.,Tạo càng nhiều bản sao chép càng tốt.,A2
1cHYKOqk6_I_sentence_683.wav,Make as many photo cop rely.,Khiến càng nhiều cảnh sát hình ảnh phải tin tưởng.,A2
1cHYKOqk6_I_sentence_687.wav,Rely.,Dựa vào nhau.,A1
1cHYKOqk6_I_sentence_694.wav,September,Tháng Chín,A2
1cHYKOqk6_I_sentence_696.wav,We will go abroad in September.,Chúng ta sẽ ra nước ngoài vào tháng 9.,A1
1cHYKOqk6_I_sentence_697.wav,Today is September 1st.,Hôm nay là ngày 1 tháng 9.,A1
1cHYKOqk6_I_sentence_701.wav,concentration.,"Bạn có thể tập trung vào một điều gì đó, chẳng hạn như tập trung vào một vật nào đó, hoặc tập trung vào một điều gì đó khác.",A1
1cHYKOqk6_I_sentence_702.wav,I really appreciate his concentration.,Tôi rất cảm kích sự tập trung của anh ấy.,A1
1cHYKOqk6_I_sentence_714.wav,She opened her purse and took out a coin.,Cô mở ví và lấy ra một đồng xu.,A2
1cHYKOqk6_I_sentence_717.wav,Envelope.,Phong bì.,A1
1cHYKOqk6_I_sentence_718.wav,What's in the envelope?,Có gì trong phong bì?,A1
1cHYKOqk6_I_sentence_719.wav,Who gave you this envelope?,Ai đưa cho anh cái phong bì này?,A1
1cHYKOqk6_I_sentence_720.wav,Did you put a stamp on the envelope?,Anh có dán tem lên phong bì không?,A1
1cHYKOqk6_I_sentence_721.wav,Envelope,Phong bì,A1
1cHYKOqk6_I_sentence_728.wav,Ruler.,Thước.,A1
1cHYKOqk6_I_sentence_732.wav,He shaves with an electric razor every morning.,Sáng nào anh ta cũng cạo râu bằng dao cạo điện.,A2
1cHYKOqk6_I_sentence_734.wav,Electric.,Điện.,A2
1cHYKOqk6_I_sentence_738.wav,My brother bought an electric guitar yesterday.,Hôm qua anh trai tôi mua một cây guitar điện.,A2
1cHYKOqk6_I_sentence_777.wav,Shower,TắmName,A1
1cHYKOqk6_I_sentence_778.wav,I need to take a shower.,Tôi cần đi tắm.,A1
1cHYKOqk6_I_sentence_783.wav,I haven't taken a shower in three days.,Tôi đã không tắm trong ba ngày.,A1
1cHYKOqk6_I_sentence_800.wav,Damp.,Ẩm thấp.,A2
1cHYKOqk6_I_sentence_817.wav,Who could resist an offer like that?,Ai có thể từ chối một đề nghị như vậy?,A2
1cHYKOqk6_I_sentence_843.wav,Mental,Trí tuệ,A1
1cHYKOqk6_I_sentence_847.wav,I am suffering from physical and mental exhaustion.,Tôi đang chịu đựng sự kiệt quệ về thể chất và tinh thần.,A2
1cHYKOqk6_I_sentence_859.wav,Sadly.,Đáng buồn thay.,A2
1cHYKOqk6_I_sentence_900.wav,He wants to become a chemist.,Anh ấy muốn trở thành một nhà hoá học.,A1
1cHYKOqk6_I_sentence_911.wav,You can rely on me to keep your secret.,Anh có thể tin tưởng tôi giữ bí mật cho anh.,A2
1cHYKOqk6_I_sentence_934.wav,"At our company, the retirement age is sixty.","Ở công ty chúng tôi, tuổi nghỉ hưu là 60.",A2
2-_pGODolUY_sentence_000.wav,Drop.,Thả.,A1
2-_pGODolUY_sentence_007.wav,Condition,Điều kiện,A2
2-_pGODolUY_sentence_020.wav,Old habits are hard to break.,Thói quen cũ rất khó bỏ.,A2
2-_pGODolUY_sentence_021.wav,direct.,"Nếu bạn không thể tìm được người yêu, hãy tìm đến họ.",A1
2-_pGODolUY_sentence_046.wav,The population is increasing rapidly.,Dân số đang tăng nhanh chóng.,A2
2-_pGODolUY_sentence_052.wav,Attach.,Gắn vào.,A2
2-_pGODolUY_sentence_059.wav,Opinion,Ý kiến,A2
2-_pGODolUY_sentence_060.wav,I agree with your opinion.,Tôi đồng ý với ý kiến của anh.,A2
2-_pGODolUY_sentence_068.wav,It seems that all my efforts are useless.,Có vẻ như tất cả nỗ lực của tôi đều vô ích.,A2
2-_pGODolUY_sentence_069.wav,It's useless to argue with an idiot.,Tranh cãi với một thằng ngốc là vô ích.,A2
2-_pGODolUY_sentence_073.wav,Prefer.,Thích.,A1
2-_pGODolUY_sentence_075.wav,"Which do you prefer, apples or bananas?","Bạn thích loại nào hơn, táo hay chuối?",A2
2-_pGODolUY_sentence_080.wav,themselves.,Bạn có thể tự mình làm điều này.,A1
2-_pGODolUY_sentence_084.wav,They don't want to do it themselves.,Họ không muốn tự mình làm.,A2
2-_pGODolUY_sentence_087.wav,Forward.,Tiến lên.,A1
28wOHb8a6F4_sentence_003.wav,Don't ever do that.,Đừng bao giờ làm vậy.,A1
28wOHb8a6F4_sentence_008.wav,Have you ever donated blood?,Anh đã bao giờ hiến máu chưa?,A1
28wOHb8a6F4_sentence_009.wav,Have you ever given money to a beggar?,Anh đã bao giờ đưa tiền cho một kẻ ăn xin chưa?,A2
28wOHb8a6F4_sentence_011.wav,Least.,Ít nhất.,A1
28wOHb8a6F4_sentence_012.wav,"He's the best teacher, even though he has the least experience.","Ông ấy là người thầy tốt nhất, mặc dù ông ấy có ít kinh nghiệm nhất.",A2
28wOHb8a6F4_sentence_014.wav,I read at least one book every month.,Tôi đọc ít nhất một cuốn sách mỗi tháng.,A1
28wOHb8a6F4_sentence_022.wav,Girl.,Cô gái.,A1
28wOHb8a6F4_sentence_023.wav,She used to be a very shy girl.,Cô ấy từng là một cô gái rất nhút nhát.,A2
28wOHb8a6F4_sentence_026.wav,Burn.,Bỏng.,A1
28wOHb8a6F4_sentence_031.wav,Funny.,Buồn cười.,A1
28wOHb8a6F4_sentence_044.wav,Bring I'll bring it to you to morrow.,"Mang nó tới, ngày mai tôi sẽ mang tới cho anh.",A2
28wOHb8a6F4_sentence_056.wav,Ending.,Kết thúc.,A1
28wOHb8a6F4_sentence_059.wav,Sad.,Buồn.,A1
28wOHb8a6F4_sentence_069.wav,G early.,G sớm.,A2
28wOHb8a6F4_sentence_073.wav,Act.,Hành động.,A1
28wOHb8a6F4_sentence_077.wav,Evening.,Buổi tối.,A1
28wOHb8a6F4_sentence_081.wav,Ideal.,Lý tưởng.,A2
28wOHb8a6F4_sentence_084.wav,This island has an ideal climate.,Hòn đảo này có khí hậu lý tưởng.,A2
28wOHb8a6F4_sentence_089.wav,Describe your ideal breakfast.,Mô tả bữa sáng lý tưởng.,A2
28wOHb8a6F4_sentence_095.wav,She still loves him even though he doesn't love her anymore.,Cô ấy vẫn yêu anh ta mặc dù anh ta không còn yêu cô ấy nữa.,A2
28wOHb8a6F4_sentence_1002.wav,Tired.,Mệt mỏi.,A1
28wOHb8a6F4_sentence_1009.wav,Finger.,Ngón tay.,A1
28wOHb8a6F4_sentence_1012.wav,She pointed her finger at the fridge.,Cô chỉ tay vào tủ lạnh.,A2
28wOHb8a6F4_sentence_1016.wav,Ability,Khả năng,A1
28wOHb8a6F4_sentence_1039.wav,I went to the drugstore to buy some cough medicine.,Tôi đã đến hiệu thuốc để mua thuốc ho.,A2
28wOHb8a6F4_sentence_1045.wav,Option,Tùy chọn,A2
28wOHb8a6F4_sentence_1052.wav,Relationship.,Mối quan hệ.,A2
28wOHb8a6F4_sentence_1058.wav,Are you in a relationship?,Bạn đang có một mối quan hệ tình cảm?,A1
28wOHb8a6F4_sentence_1059.wav,Fly.,Bay.,A1
28wOHb8a6F4_sentence_1064.wav,How long does it take to fly from Hanoi to Bangkok?,Mất bao lâu để bay từ Hà Nội đến Bangkok?,A2
28wOHb8a6F4_sentence_1068.wav,Who broke the window?,Ai đã phá cửa sổ?,A1
28wOHb8a6F4_sentence_1073.wav,Sign.,Ký.,A1
28wOHb8a6F4_sentence_1084.wav,Worth.,Đáng giá.,A2
28wOHb8a6F4_sentence_127.wav,"Excuse me, I dropped my chopsticks.","Xin lỗi, tôi làm rơi đũa.",A1
28wOHb8a6F4_sentence_137.wav,Himself.,Chính mình.,A1
28wOHb8a6F4_sentence_138.wav,He can't take care of himself.,Anh ta không thể tự chăm sóc bản thân.,A2
28wOHb8a6F4_sentence_140.wav,She advised him not to go there by himself.,Cô khuyên anh ta không nên tự mình đến đó.,A2
28wOHb8a6F4_sentence_141.wav,Egg.,Trứng.,A1
28wOHb8a6F4_sentence_142.wav,Eggs go bad quickly in the summer.,Trứng sẽ nhanh hỏng vào mùa hè.,A2
28wOHb8a6F4_sentence_148.wav,"How do you like your eggs done, boiled or fried?","Bạn thích trứng chín, luộc hay chiên như thế nào?",A2
28wOHb8a6F4_sentence_149.wav,Who?,Ai?,A1
28wOHb8a6F4_sentence_150.wav,Do you know who he is?,Anh biết hắn là ai không?,A1
28wOHb8a6F4_sentence_152.wav,Who else came to the party?,Còn ai khác đến dự tiệc?,A1
28wOHb8a6F4_sentence_154.wav,Who less?,Ai ít hơn?,A1
28wOHb8a6F4_sentence_157.wav,My mother is less patient than my father.,Mẹ tôi không kiên nhẫn bằng cha tôi.,A2
28wOHb8a6F4_sentence_162.wav,Would you like meeting?,Anh có muốn gặp không?,A1
28wOHb8a6F4_sentence_169.wav,Control.,Kiểm soát.,A1
28wOHb8a6F4_sentence_174.wav,Nobody can control us.,Không ai có thể điều khiển chúng ta.,A1
28wOHb8a6F4_sentence_175.wav,He couldn't control his anger.,Anh không thể kiểm soát cơn giận của mình.,A2
28wOHb8a6F4_sentence_182.wav,She considered his offer carefully.,Nàng cân nhắc lời đề nghị của anh ta một cách cẩn thận.,A2
28wOHb8a6F4_sentence_184.wav,She urged him to drive carefully.,Cô giục anh lái xe cẩn thận.,A2
28wOHb8a6F4_sentence_185.wav,Complaint,Khiếu nại,A2
28wOHb8a6F4_sentence_186.wav,I'm sick of listening to your complaints.,Tôi phát ốm vì nghe anh phàn nàn rồi.,A2
28wOHb8a6F4_sentence_189.wav,Complaint.,Khiếu nại.,A2
28wOHb8a6F4_sentence_208.wav,Money,Tiền,A1
28wOHb8a6F4_sentence_212.wav,Ah.,Ah.,A1
28wOHb8a6F4_sentence_216.wav,Connect.,Kết nối.,A1
28wOHb8a6F4_sentence_218.wav,The village is connected with our town by a bridge.,Ngôi làng được kết nối với thị trấn của chúng tôi bằng một cây cầu.,A2
28wOHb8a6F4_sentence_227.wav,Enough.,Đủ rồi.,A1
28wOHb8a6F4_sentence_231.wav,Bedroom.,Phòng ngủ.,A1
28wOHb8a6F4_sentence_232.wav,My bedroom is just above.,Phòng ngủ của tôi ở ngay trên kia.,A1
28wOHb8a6F4_sentence_250.wav,That restaurant serves excellent food.,Nhà hàng đó phục vụ đồ ăn tuyệt vời.,A1
28wOHb8a6F4_sentence_262.wav,Anywhere.,Bất cứ nơi nào.,A1
28wOHb8a6F4_sentence_266.wav,Understand.,Hiểu.,A1
28wOHb8a6F4_sentence_270.wav,Try,Thử,A1
28wOHb8a6F4_sentence_273.wav,"I don't know whether I can do it, but I'm going to try.","Tôi không biết liệu tôi có thể làm được không, nhưng tôi sẽ cố.",A1
28wOHb8a6F4_sentence_274.wav,I create.,Tôi sáng tạo.,A2
28wOHb8a6F4_sentence_278.wav,Create.,Tạo dựng.,A1
28wOHb8a6F4_sentence_283.wav,What kind of games do you create?,Bạn tạo ra loại trò chơi nào?,A2
28wOHb8a6F4_sentence_285.wav,Improvement.,Cải thiện.,A2
28wOHb8a6F4_sentence_297.wav,We run out of water.,Chúng ta hết nước rồi.,A1
28wOHb8a6F4_sentence_298.wav,I go for a run every morning.,Tôi đi chạy mỗi sáng.,A1
28wOHb8a6F4_sentence_299.wav,Mix.,Trộn.,A1
28wOHb8a6F4_sentence_303.wav,You can't mix oil with water.,Bạn không thể trộn dầu với nước.,A2
28wOHb8a6F4_sentence_318.wav,Regularly.,Thường xuyên.,A2
28wOHb8a6F4_sentence_330.wav,I'm looking for a house with a large kitchen.,Tôi đang tìm một ngôi nhà có một cái bếp lớn.,A2
28wOHb8a6F4_sentence_333.wav,Get forward.,Tiến lên phía trước.,A1
28wOHb8a6F4_sentence_338.wav,Do you know what to do if there's a fire in the building?,Anh có biết phải làm gì nếu có hỏa hoạn trong tòa nhà không?,A2
28wOHb8a6F4_sentence_340.wav,"In case of fire, push this button.","Trong trường hợp có hoả hoạn, hãy nhấn nút này.",A2
28wOHb8a6F4_sentence_348.wav,He will quickly,Anh ấy sẽ nhanh thôi.,A1
28wOHb8a6F4_sentence_355.wav,Airport.,Sân bay.,A2
28wOHb8a6F4_sentence_366.wav,Sexual.,Tình dục.,A2
28wOHb8a6F4_sentence_370.wav,She is a victim of sexual abuse.,Cô là nạn nhân của lạm dụng tình dục.,A2
28wOHb8a6F4_sentence_378.wav,Animal,Động vật,A1
28wOHb8a6F4_sentence_379.wav,"I love animals, especially dogs.","Tôi yêu động vật, đặc biệt là chó.",A1
28wOHb8a6F4_sentence_381.wav,I somewhere.,Tôi ở đâu đó.,A1
28wOHb8a6F4_sentence_384.wav,Do you want to go somewhere?,Em có muốn đi đâu không?,A1
28wOHb8a6F4_sentence_385.wav,I've seen him s pleased.,Tôi thấy hắn hài lòng.,A2
28wOHb8a6F4_sentence_391.wav,She was very pleased with her exam results.,Cô ấy rất hài lòng với kết quả thi cử của mình.,A2
28wOHb8a6F4_sentence_398.wav,Mood.,Tâm trạng.,A1
28wOHb8a6F4_sentence_403.wav,I'm in a bad mood.,Tôi đang có tâm trạng không tốt.,A1
28wOHb8a6F4_sentence_405.wav,Quiet.,Yên tĩnh.,A1
28wOHb8a6F4_sentence_420.wav,Engage.,Tiếp cận.,A1
28wOHb8a6F4_sentence_422.wav,He is engaged to my younger sister.,Anh ấy đã đính hôn với em gái tôi.,A2
28wOHb8a6F4_sentence_428.wav,End.,Kết thúc.,A1
28wOHb8a6F4_sentence_433.wav,I never imagined we'd end up like this.,Tôi chưa bao giờ tưởng tượng chúng ta sẽ kết thúc như thế này.,A2
28wOHb8a6F4_sentence_453.wav,He gets mad very easily.,Anh ta rất dễ nổi giận.,A2
28wOHb8a6F4_sentence_463.wav,Late.,Muộn rồi.,A1
28wOHb8a6F4_sentence_464.wav,Better late than never.,Trễ còn hơn không bao giờ.,A2
28wOHb8a6F4_sentence_471.wav,Just,Chỉ cần,A1
28wOHb8a6F4_sentence_473.wav,I'm just looking around.,Tôi chỉ nhìn quanh thôi.,A1
28wOHb8a6F4_sentence_474.wav,My house is just across the street.,Nhà tôi ở ngay bên kia đường.,A1
28wOHb8a6F4_sentence_475.wav,He's good.,Anh ấy giỏi.,A1
28wOHb8a6F4_sentence_478.wav,Are you good at cooking?,Anh nấu ăn giỏi không?,A1
28wOHb8a6F4_sentence_493.wav,Driver,Trình điều khiển,A1
28wOHb8a6F4_sentence_495.wav,My father is a bus driver.,Cha tôi là một tài xế xe buýt.,A2
28wOHb8a6F4_sentence_496.wav,I used to dream about becoming a race car driver.,Tôi từng mơ trở thành một tay đua xe.,A2
28wOHb8a6F4_sentence_497.wav,Part.,Phần.,A1
28wOHb8a6F4_sentence_502.wav,Powerful.,Mạnh mẽ.,A1
28wOHb8a6F4_sentence_509.wav,Doctor,Bác sĩ,A1
28wOHb8a6F4_sentence_513.wav,Right.,Đúng rồi.,A1
28wOHb8a6F4_sentence_514.wav,I think you're right.,Tôi nghĩ là anh đúng.,A1
28wOHb8a6F4_sentence_515.wav,"I'm sorry, I'm busy right now.","Xin lỗi, tôi đang bận.",A1
28wOHb8a6F4_sentence_517.wav,Conversation,Đối thoại,A1
28wOHb8a6F4_sentence_518.wav,I'm having a conversation with a friend.,Tôi đang nói chuyện với một người bạn.,A1
28wOHb8a6F4_sentence_529.wav,Is he married?,Anh ấy đã kết hôn chưa?,A1
28wOHb8a6F4_sentence_532.wav,Absolutely.,Chắc chắn rồi.,A1
28wOHb8a6F4_sentence_542.wav,Are you absolutely certain about this?,Anh có chắc chắn về điều này không?,A1
28wOHb8a6F4_sentence_544.wav,Give me another example.,Cho tôi một ví dụ khác.,A1
28wOHb8a6F4_sentence_549.wav,We will discuss this again on another occasion.,Chúng ta sẽ thảo luận lại chuyện này vào dịp khác.,A2
28wOHb8a6F4_sentence_550.wav,Art.,Nghệ thuật.,A1
28wOHb8a6F4_sentence_552.wav,What's your favorite kind of art?,Loại hình nghệ thuật yêu thích của bạn là gì?,A1
28wOHb8a6F4_sentence_557.wav,Personal.,Cá nhân.,A2
28wOHb8a6F4_sentence_558.wav,May I ask you a personal question?,Tôi có thể hỏi anh một câu riêng tư không?,A2
28wOHb8a6F4_sentence_567.wav,"From personal experience, I know it's true.","Từ kinh nghiệm cá nhân, tôi biết đó là sự thật.",A2
28wOHb8a6F4_sentence_568.wav,Forget.,Quên đi.,A1
28wOHb8a6F4_sentence_572.wav,Note,Ghi chú,A2
28wOHb8a6F4_sentence_573.wav,She wrote a note to remind herself about the appointment.,Cô ấy viết một bức thư để nhắc nhở bản thân về cuộc hẹn.,A2
28wOHb8a6F4_sentence_574.wav,You must take notes carefully.,Anh phải ghi chép cẩn thận.,A1
28wOHb8a6F4_sentence_578.wav,Let's meet for a drink after work.,Gặp nhau uống nước sau giờ làm nhé.,A1
28wOHb8a6F4_sentence_579.wav,Nice laugh.,Cười đẹp.,A1
28wOHb8a6F4_sentence_584.wav,Equipment.,Trang thiết bị.,A1
28wOHb8a6F4_sentence_604.wav,Thank you very much for your hospitality.,Cám ơn rất nhiều vì lòng hiếu khách.,A2
28wOHb8a6F4_sentence_611.wav,Thoreau.,Thoreau.,B1
28wOHb8a6F4_sentence_614.wav,Don't throw away this magazine. I haven't read it yet.,"Đừng vứt tạp chí này đi, tôi chưa đọc nó.",A1
28wOHb8a6F4_sentence_615.wav,Who nowhere?,Ai không nơi?,A2
28wOHb8a6F4_sentence_632.wav,Thanks.,Cảm ơn.,A1
28wOHb8a6F4_sentence_633.wav,I don't know how to express my thanks.,Tôi không biết phải nói lời cảm ơn thế nào.,A2
28wOHb8a6F4_sentence_638.wav,Thanks for your cooperation.,Cảm ơn sự hợp tác của anh.,A1
28wOHb8a6F4_sentence_639.wav,Clearly.,Rõ ràng.,A1
28wOHb8a6F4_sentence_643.wav,Depressed.,Chán nản.,A1
28wOHb8a6F4_sentence_644.wav,She was so depressed that she,Cô ấy đã rất chán nản,A1
28wOHb8a6F4_sentence_651.wav,Dog.,Chó.,A1
28wOHb8a6F4_sentence_660.wav,The dog kept barking all night.,Con chó sủa suốt đêm.,A1
28wOHb8a6F4_sentence_666.wav,She is a very sensitive person.,Cô ấy là một người rất nhạy cảm.,A1
28wOHb8a6F4_sentence_672.wav,I'm very sensitive to cold.,Tôi rất nhạy cảm với cái lạnh.,A2
28wOHb8a6F4_sentence_682.wav,Do you like black cats? The sky was moonless and black.,Bạn có thích mèo đen không? Bầu trời không trăng và tối đen.,A2
28wOHb8a6F4_sentence_683.wav,The walls were black with age and dirt.,Tường tối đen vì tuổi tác và bụi bẩn.,A2
28wOHb8a6F4_sentence_684.wav,Do you like black cats? Black.,Bạn có thích mèo đen không?,A1
28wOHb8a6F4_sentence_685.wav,the sky was moonless and black.,Bầu trời không trăng và tối đen.,A2
28wOHb8a6F4_sentence_686.wav,Kiss.,Hôn.,A1
28wOHb8a6F4_sentence_690.wav,Sh technology.,Sh công nghệ.,B1
28wOHb8a6F4_sentence_694.wav,Technology.,Công nghệ.,A2
28wOHb8a6F4_sentence_696.wav,I am a technology addict.,Tôi là một con nghiện công nghệ.,A2
28wOHb8a6F4_sentence_702.wav,Free.,Miễn phí.,A1
28wOHb8a6F4_sentence_703.wav,What do you do in your free time?,Bạn làm gì khi rảnh rỗi?,A1
28wOHb8a6F4_sentence_704.wav,Are you free tonight?,Tối nay anh rảnh không?,A1
28wOHb8a6F4_sentence_709.wav,Your,Của bạn,A1
28wOHb8a6F4_sentence_710.wav,I admire your courage.,Tôi ngưỡng mộ lòng dũng cảm của anh.,A1
28wOHb8a6F4_sentence_714.wav,I want to borrow your book.,Tôi muốn mượn sách của anh.,A1
28wOHb8a6F4_sentence_717.wav,May,Tháng Năm,A2
28wOHb8a6F4_sentence_721.wav,that may or may not be true.,Điều đó có thể đúng hoặc không.,A2
28wOHb8a6F4_sentence_724.wav,Flower.,Hoa.,A1
28wOHb8a6F4_sentence_735.wav,I have a pain in my foot.,Chân tôi đau quá.,A1
28wOHb8a6F4_sentence_736.wav,Kill.,Giết.,A1
28wOHb8a6F4_sentence_738.wav,"At the moment, I am trying to kill time.","Lúc này, tôi đang cố giết thời gian.",A2
28wOHb8a6F4_sentence_743.wav,Extent,Mở rộng,A2
28wOHb8a6F4_sentence_744.wav,I agree with you to a certain extent.,Tôi đồng ý với anh ở một mức độ nhất định.,A2
28wOHb8a6F4_sentence_748.wav,Together.,Cùng nhau.,A1
28wOHb8a6F4_sentence_752.wav,They don't get a lot normally.,Thường thì họ không nhận được nhiều.,A2
28wOHb8a6F4_sentence_756.wav,Because,Bởi vì,A1
28wOHb8a6F4_sentence_761.wav,Save.,Lưu.,A1
28wOHb8a6F4_sentence_762.wav,Save me some food.,Để dành ít thức ăn cho tôi.,A1
28wOHb8a6F4_sentence_764.wav,I'm trying to save money.,Tôi đang cố tiết kiệm tiền.,A1
28wOHb8a6F4_sentence_765.wav,Drive.,Lái xe.,A1
28wOHb8a6F4_sentence_776.wav,Rays,Tia sáng,A1
28wOHb8a6F4_sentence_777.wav,Please raise your hand if you know the answer.,Xin giơ tay nếu bạn biết câu trả lời.,A2
28wOHb8a6F4_sentence_787.wav,Him.,Anh ta.,A1
28wOHb8a6F4_sentence_792.wav,Towards,Tới,A1
28wOHb8a6F4_sentence_803.wav,Slightly.,Hơi.,A1
28wOHb8a6F4_sentence_809.wav,I'm slightly worried about her.,Tôi hơi lo cho cô ấy.,A1
28wOHb8a6F4_sentence_819.wav,We will deal with this in chapter 11.,Chúng ta sẽ bàn về vấn đề này trong chương 11.,A2
28wOHb8a6F4_sentence_821.wav,Born.,Sinh ra.,A2
28wOHb8a6F4_sentence_825.wav,Learn.,Học hỏi.,A1
28wOHb8a6F4_sentence_843.wav,Lesson,Bài học,A1
28wOHb8a6F4_sentence_851.wav,Both his parents indulged him. Both his parents indulged him.,Cả cha mẹ đều chiều chuộng nó.,A2
28wOHb8a6F4_sentence_852.wav,University,Đại học,A1
28wOHb8a6F4_sentence_854.wav,She graduated from Harvard University.,Cô tốt nghiệp Đại học Harvard.,A2
28wOHb8a6F4_sentence_855.wav,He's a university student.,Anh ta là sinh viên đại học.,A1
28wOHb8a6F4_sentence_860.wav,"Whenever I see it, I think of you.","Bất cứ khi nào tôi thấy nó, tôi nghĩ đến anh.",A2
28wOHb8a6F4_sentence_865.wav,Quantity,Số lượng,A1
28wOHb8a6F4_sentence_866.wav,We import a large quantity of food.,Chúng tôi nhập khẩu một lượng lớn thực phẩm.,A2
28wOHb8a6F4_sentence_868.wav,It's cheaper to buy goods in quantity.,Mua hàng với số lượng lớn sẽ rẻ hơn.,A2
28wOHb8a6F4_sentence_869.wav,We correct.,Chúng tôi sửa.,A1
28wOHb8a6F4_sentence_883.wav,You should eat a variety of fresh fruits and vegetables.,Bạn nên ăn nhiều loại rau củ quả tươi.,A2
28wOHb8a6F4_sentence_884.wav,Point.,Điểm.,A1
28wOHb8a6F4_sentence_889.wav,I agree with you on this point.,Tôi đồng ý với anh về điểm này.,A2
28wOHb8a6F4_sentence_890.wav,I'll get to the point.,Tôi sẽ đi thẳng vào vấn đề.,A2
28wOHb8a6F4_sentence_894.wav,What's the point of doing that?,Làm thế để làm gì?,A2
28wOHb8a6F4_sentence_895.wav,Nah.,Nah.,A1
28wOHb8a6F4_sentence_896.wav,He is studying law at Harvard.,Anh đang học luật tại Harvard.,A2
28wOHb8a6F4_sentence_903.wav,Weekend,Cuối tuần,A1
28wOHb8a6F4_sentence_904.wav,Have a nice weekend.,Chúc cuối tuần vui vẻ.,A1
28wOHb8a6F4_sentence_907.wav,Have a neighbor.,Có hàng xóm.,A1
28wOHb8a6F4_sentence_910.wav,Who are your neighbors?,Hàng xóm của bạn là ai?,A1
28wOHb8a6F4_sentence_918.wav,Luggage,Hành lý,A2
28wOHb8a6F4_sentence_919.wav,Where's your luggage?,Hành lý của anh đâu?,A1
28wOHb8a6F4_sentence_929.wav,Greatly.,Rất tốt.,A2
28wOHb8a6F4_sentence_971.wav,I mail.,Tôi gửi thư.,A1
28wOHb8a6F4_sentence_975.wav,Is that bird male or female?,Đó là chim trống hay chim mái?,A2
28wOHb8a6F4_sentence_976.wav,Statement,Tuyên bố,A1
28wOHb8a6F4_sentence_978.wav,Is that a statement or a question?,Đó là một câu nói hay một câu hỏi?,A2
28wOHb8a6F4_sentence_979.wav,Statement.,Tuyên bố.,A2
28wOHb8a6F4_sentence_995.wav,Derrick.,Derrick.,A1
2F4_bmQcL4Y_sentence_008.wav,Faith.,Niềm tin.,A1
2F4_bmQcL4Y_sentence_036.wav,This company was established in 1930.,Công ty này được thành lập vào năm 1930.,A2
2F4_bmQcL4Y_sentence_041.wav,How long have you been playing the drums?,Anh chơi trống được bao lâu rồi?,A1
2F4_bmQcL4Y_sentence_044.wav,Dram,Dram,A1
2F4_bmQcL4Y_sentence_052.wav,Signal.,Tín hiệu.,A1
2F4_bmQcL4Y_sentence_056.wav,Signal,Tín hiệu,A1
2F4_bmQcL4Y_sentence_057.wav,Stand by for my signal.,Chờ tín hiệu của tôi.,A1
2F4_bmQcL4Y_sentence_071.wav,Harm.,Harm.,A1
2F4_bmQcL4Y_sentence_076.wav,She'll do anything to protect her children from harm.,Cô ấy sẽ làm mọi thứ để bảo vệ con mình khỏi bị tổn hại.,A2
2F4_bmQcL4Y_sentence_090.wav,Charity,Từ thiện,A1
2F4_bmQcL4Y_sentence_095.wav,Discipline.,Kỷ luật.,A1
2F4_bmQcL4Y_sentence_096.wav,Discipline is the bridge between goals and accomplishments.,Kỷ luật là cầu nối giữa mục tiêu và thành tựu.,B1
2F4_bmQcL4Y_sentence_103.wav,Bandage,Băng,A1
2F4_bmQcL4Y_sentence_104.wav,He had a bandage on his arm.,Anh ta có băng trên tay.,A1
2F4_bmQcL4Y_sentence_145.wav,Dissolve the tablet in a glass of water.,Hoà tan viên thuốc trong một cốc nước.,A1
2F4_bmQcL4Y_sentence_152.wav,Crash.,Crash.,A1
2F4_bmQcL4Y_sentence_158.wav,His wife is in the hospital because she was injured in a car crash.,Vợ anh ta đang ở bệnh viện vì cô ấy bị thương trong một vụ tai nạn xe hơi.,A2
2F4_bmQcL4Y_sentence_162.wav,They crashed the party.,Họ phá hỏng bữa tiệc.,A1
2F4_bmQcL4Y_sentence_163.wav,commonly.,"Bạn có thể nói "" Em không biết anh có thể làm gì để giúp em không? "" hoặc "" Em không biết anh có thể làm gì để giúp em không? "".",A2
2F4_bmQcL4Y_sentence_168.wav,Shift workers commonly complain of not getting enough sleep.,Công nhân làm việc theo ca thường phàn nàn về việc không ngủ đủ giấc.,A2
2F4_bmQcL4Y_sentence_177.wav,The Statue of Liberty is located in New York.,Tượng Nữ thần Tự do nằm ở New York.,A2
2F4_bmQcL4Y_sentence_183.wav,This statue is made of wood.,Bức tượng này được làm bằng gỗ.,A2
2F4_bmQcL4Y_sentence_188.wav,Crisis,Khủng hoảng,A1
2cy7Bzp7F9U_sentence_003.wav,you'd better consult the doctor.,Tốt hơn là anh nên hỏi ý kiến bác sĩ.,A1
2cy7Bzp7F9U_sentence_014.wav,Regardless of,Bất kể,A2
2cy7Bzp7F9U_sentence_032.wav,But I'm tied up with extra work these days.,Nhưng dạo này tôi bận làm thêm giờ.,A2
2cy7Bzp7F9U_sentence_034.wav,It's not that I am unwilling to help you.,Không phải là tôi không sẵn lòng giúp anh.,A2
2cy7Bzp7F9U_sentence_047.wav,In terms of,Về mặt,A2
2cy7Bzp7F9U_sentence_058.wav,I can't help suspecting that he is lying.,Tôi không thể không nghi ngờ rằng anh ta đang nói dối.,A2
2cy7Bzp7F9U_sentence_074.wav,It doesn't matter.,Không quan trọng.,A1
2cy7Bzp7F9U_sentence_076.wav,as.,như.,A2
2cy7Bzp7F9U_sentence_077.wav,He is as poor as a church mouse.,Hắn nghèo như một con chuột nhà thờ.,A2
2cy7Bzp7F9U_sentence_078.wav,"He is fit as a fiddle, though he is already seventy.","Ông ấy khoẻ như vâm, mặc dù ông ấy đã 70 tuổi.",A2
2cy7Bzp7F9U_sentence_079.wav,Shelley's father's always as busy as a bee.,Bố của Shelley lúc nào cũng bận rộn như một con ong.,A2
2cy7Bzp7F9U_sentence_080.wav,He in other words,Nói cách khác là anh ta,A2
2cy7Bzp7F9U_sentence_081.wav,They are not telling the truth either.,Họ cũng không nói sự thật.,A1
2cy7Bzp7F9U_sentence_082.wav,or,hoặc,A1
2cy7Bzp7F9U_sentence_083.wav,He is either drunk or mad.,Hắn ta hoặc là say hoặc là điên.,A2
2cy7Bzp7F9U_sentence_084.wav,is either your fault or her fault.,hoặc là lỗi của bạn hoặc của cô ấy.,A2
2cy7Bzp7F9U_sentence_085.wav,Either you are wrong or I am.,Hoặc là anh sai hoặc là tôi sai.,A2
2cy7Bzp7F9U_sentence_089.wav,You're supposed to.,Anh phải làm thế.,A1
2cy7Bzp7F9U_sentence_091.wav,We are supposed to obey the law.,Chúng ta phải tuân theo luật pháp.,A1
2cy7Bzp7F9U_sentence_095.wav,You're supposed to keep that secret.,Anh phải giữ bí mật chứ.,A1
2cy7Bzp7F9U_sentence_096.wav,Keep in mind.,Hãy nhớ rằng.,A1
2cy7Bzp7F9U_sentence_100.wav,Keep by far.,Giữ cho xa.,A1
2cy7Bzp7F9U_sentence_1001.wav,Don't tell him the bad news until he finishes his exam.,Đừng nói cho nó biết tin xấu cho đến khi nó hoàn thành bài kiểm tra.,A2
2cy7Bzp7F9U_sentence_1006.wav,I won't stop shouting until you let me go.,Tôi sẽ không ngừng la hét cho đến khi anh thả tôi ra.,A2
2cy7Bzp7F9U_sentence_103.wav,By far.,Cho đến nay.,A2
2cy7Bzp7F9U_sentence_108.wav,I'm dying to.,Tôi rất muốn.,A1
2cy7Bzp7F9U_sentence_119.wav,He is not only,Anh ấy không chỉ,A2
2cy7Bzp7F9U_sentence_120.wav,But also,Nhưng cũng có thể,A2
2cy7Bzp7F9U_sentence_121.wav,"He is not only humorous, but also patient.","Anh không chỉ hài hước, mà còn kiên nhẫn.",A2
2cy7Bzp7F9U_sentence_122.wav,"He's not only a good leader, but also an eloquent speaker.","Ông không chỉ là một nhà lãnh đạo giỏi, mà còn là một diễn giả hùng hồn.",B1
2cy7Bzp7F9U_sentence_123.wav,"I'm not only going to the party, I'm also going to sing at it.","Tôi không chỉ đến bữa tiệc, tôi còn hát ở đó nữa.",A2
2cy7Bzp7F9U_sentence_124.wav,He is not only humorous. In spite of.,"Anh ta không chỉ hài hước, bất chấp.",A2
2cy7Bzp7F9U_sentence_135.wav,There is something wrong with,Có gì đó không ổn với,A2
2cy7Bzp7F9U_sentence_136.wav,There is something wrong with my it's no use.,"Có gì đó không ổn với tôi, không có ích gì.",A2
2cy7Bzp7F9U_sentence_137.wav,It's no use asking him I'm not used to.,"Hỏi anh ta thì có ích gì đâu, tôi không quen đâu.",A2
2cy7Bzp7F9U_sentence_140.wav,I'm not used to staying up late at night.,Tôi không quen thức khuya.,A2
2cy7Bzp7F9U_sentence_145.wav,I'm not used to drinking coffee without sugar.,Tôi không quen uống cà phê không đường.,A2
2cy7Bzp7F9U_sentence_150.wav,"By the way, he is a difficult person.","Nhân tiện, anh ta là một người khó tính.",A2
2cy7Bzp7F9U_sentence_151.wav,By the way.,Nhân tiện.,A1
2cy7Bzp7F9U_sentence_154.wav,Do you have any change on you?,Anh có tiền lẻ không?,A1
2cy7Bzp7F9U_sentence_156.wav,"By the way, is there a bathroom in the apartment?","Nhân tiện, trong căn hộ có phòng tắm không?",A2
2cy7Bzp7F9U_sentence_160.wav,In addition to,Ngoài ra,A2
2cy7Bzp7F9U_sentence_168.wav,Do you agree?,Bạn có đồng ý không?,A1
2cy7Bzp7F9U_sentence_169.wav,Do you agree that we should start early?,Anh có đồng ý là chúng ta nên bắt đầu sớm không?,A2
2cy7Bzp7F9U_sentence_172.wav,"In general, we are happy with the new apartment.","Nói chung, chúng tôi rất hài lòng với căn hộ mới.",A2
2cy7Bzp7F9U_sentence_176.wav,"In general, men are taller than women.","Nhìn chung, nam giới thường cao hơn nữ giới.",A2
2cy7Bzp7F9U_sentence_178.wav,Don't ever.,Đừng bao giờ.,A1
2cy7Bzp7F9U_sentence_179.wav,Don't ever lose these papers.,Đừng bao giờ làm mất những giấy tờ này.,A1
2cy7Bzp7F9U_sentence_180.wav,They are of great importance to our company.,Chúng rất quan trọng với công ty chúng tôi.,A2
2cy7Bzp7F9U_sentence_181.wav,Don't ever miss a good opportunity.,Đừng bao giờ bỏ lỡ một cơ hội tốt.,A1
2cy7Bzp7F9U_sentence_182.wav,Don't ever arrive late for an interview.,Đừng bao giờ đến muộn buổi phỏng vấn.,A2
2cy7Bzp7F9U_sentence_183.wav,Don't e take advantage of.,Đừng để bị lợi dụng.,A2
2cy7Bzp7F9U_sentence_185.wav,I don't want to take advantage of anyone.,Tôi không muốn lợi dụng ai cả.,A1
2cy7Bzp7F9U_sentence_191.wav,He is so.,Anh ấy là như vậy.,A1
2cy7Bzp7F9U_sentence_192.wav,That.,Đó.,A1
2cy7Bzp7F9U_sentence_193.wav,I was so interested in the film that I went to see it several times.,Tôi đã rất thích bộ phim đó đến nỗi tôi đã xem nó vài lần.,A2
2cy7Bzp7F9U_sentence_194.wav,It's so hot that none of us want to go out.,Trời nóng quá nên không ai muốn ra ngoài.,A2
2cy7Bzp7F9U_sentence_195.wav,He speaks French so well that we think he is a Frenchman.,Hắn nói tiếng Pháp giỏi đến nỗi chúng ta nghĩ hắn là người Pháp.,A2
2cy7Bzp7F9U_sentence_196.wav,I was so interested in the film. I want you to.,"Tôi rất thích bộ phim này, tôi muốn anh làm vậy.",A1
2cy7Bzp7F9U_sentence_198.wav,I want you to tell me the truth.,Tôi muốn anh nói cho tôi sự thật.,A1
2cy7Bzp7F9U_sentence_200.wav,I don't have time to.,Tôi không có thời gian để nói.,A1
2cy7Bzp7F9U_sentence_201.wav,I don't have time to relax.,Tôi không có thời gian để thư giãn.,A1
2cy7Bzp7F9U_sentence_202.wav,I don't have time to explain it in detail.,Tôi không có thời gian để giải thích chi tiết.,A2
2cy7Bzp7F9U_sentence_203.wav,I don't have time to argue with you.,Tôi không có thời gian tranh cãi với anh.,A2
2cy7Bzp7F9U_sentence_204.wav,I don't have time to finish my homework.,Tôi không có thời gian để làm xong bài tập về nhà.,A1
2cy7Bzp7F9U_sentence_207.wav,"Thanks to computers, lots of tasks are now easier.","Nhờ có máy tính, nhiều công việc giờ đây đã trở nên dễ dàng hơn.",A2
2cy7Bzp7F9U_sentence_214.wav,Pay attention to,Chú ý đến,A1
2cy7Bzp7F9U_sentence_218.wav,He whether or not.,Ông có hay không.,A2
2cy7Bzp7F9U_sentence_229.wav,Be careful with.,Hãy cẩn thận với.,A1
2cy7Bzp7F9U_sentence_231.wav,Be careful that you don't catch a cold.,Cẩn thận kẻo bị cảm lạnh.,A1
2cy7Bzp7F9U_sentence_234.wav,Be careful with the wet paint.,Cẩn thận với sơn ướt.,A1
2cy7Bzp7F9U_sentence_245.wav,I'm not sure if that's a good idea.,Tôi không chắc đó có phải là ý hay không.,A2
2cy7Bzp7F9U_sentence_250.wav,I've heard that.,Tôi đã nghe chuyện đó.,A1
2cy7Bzp7F9U_sentence_252.wav,I've heard that you got a new job.,Tôi nghe nói anh có việc mới.,A1
2cy7Bzp7F9U_sentence_254.wav,I've heard that Japanese is a difficult language.,Tôi nghe nói tiếng Nhật là một ngôn ngữ khó.,A2
2cy7Bzp7F9U_sentence_256.wav,I've heard that they're getting married.,Tôi nghe nói họ sắp cưới nhau.,A1
2cy7Bzp7F9U_sentence_257.wav,Prevent,Ngăn chặn,A1
2cy7Bzp7F9U_sentence_258.wav,from,từ,A2
2cy7Bzp7F9U_sentence_276.wav,Keep me informed of.,Hãy báo cho tôi biết.,A1
2cy7Bzp7F9U_sentence_281.wav,I would like to.,Tôi rất muốn.,A1
2cy7Bzp7F9U_sentence_282.wav,I would like to borrow fifty dollars from you.,Tôi muốn mượn anh 50 đô.,A1
2cy7Bzp7F9U_sentence_285.wav,I would like why don't we?,Tôi muốn tại sao chúng ta không?,A1
2cy7Bzp7F9U_sentence_286.wav,Why don't we go dancing?,Sao chúng ta không đi khiêu vũ nhỉ?,A1
2cy7Bzp7F9U_sentence_288.wav,It's nearly lunchtime. Why don't we stop to have a bite to eat?,"Gần đến giờ ăn trưa rồi, sao chúng ta không dừng lại ăn chút gì nhỉ?",A1
2cy7Bzp7F9U_sentence_289.wav,It's my fault w it's my fault we missed the bus.,"Đó là lỗi của tôi, chúng ta đã lỡ chuyến xe buýt.",A1
2cy7Bzp7F9U_sentence_290.wav,It's my fault you didn't get paid on time.,Đó là lỗi của tôi khi anh không được trả lương đúng hạn.,A2
2cy7Bzp7F9U_sentence_291.wav,It's my fault we lost the game.,Đó là lỗi của tôi khi chúng ta thua trận.,A1
2cy7Bzp7F9U_sentence_292.wav,It's my fault. Give up.,Đó là lỗi của tôi.,A1
2cy7Bzp7F9U_sentence_299.wav,As far as I remember.,Theo như tôi nhớ.,A2
2cy7Bzp7F9U_sentence_300.wav,"As far as I can remember, he didn't come home until midnight.","Theo như tôi nhớ, anh ấy không về nhà cho đến nửa đêm.",A2
2cy7Bzp7F9U_sentence_301.wav,"As far as I recollect,","Theo như tôi nhớ được,",A2
2cy7Bzp7F9U_sentence_303.wav,"As far as I recall, they quarreled very often at that time.","Theo như tôi nhớ, họ cãi nhau rất thường xuyên vào thời điểm đó.",B1
2cy7Bzp7F9U_sentence_306.wav,There were few people in the village then.,Lúc đó trong làng có rất ít người.,A2
2cy7Bzp7F9U_sentence_321.wav,He is by far the best student.,Cậu ấy là học sinh giỏi nhất.,A2
2cy7Bzp7F9U_sentence_327.wav,In common.,Tương đồng.,A2
2cy7Bzp7F9U_sentence_332.wav,I have nothing in common with her.,Tôi không có điểm chung nào với cô ta.,A2
2cy7Bzp7F9U_sentence_339.wav,What do you mean by saying that?,Ý anh nói vậy là sao?,A2
2cy7Bzp7F9U_sentence_340.wav,What do you mean by cancelling your performance?,Ý anh là sao khi nói huỷ buổi diễn?,A2
2cy7Bzp7F9U_sentence_343.wav,It's not necessary for you to,Không cần thiết cho anh phải,A2
2cy7Bzp7F9U_sentence_344.wav,It's not necessary for you to do that.,Không cần thiết phải làm thế.,A2
2cy7Bzp7F9U_sentence_345.wav,It's not necessary for you to answer right away.,Không cần thiết phải trả lời ngay.,A2
2cy7Bzp7F9U_sentence_346.wav,It's not necessary for you to attend the meeting.,Anh không cần phải tham dự cuộc họp.,A2
2cy7Bzp7F9U_sentence_347.wav,It's do you mind if?,Anh có phiền không nếu?,A1
2cy7Bzp7F9U_sentence_351.wav,Are you used to?,Anh đã quen với việc đó chưa?,A1
2cy7Bzp7F9U_sentence_354.wav,Are you used to staying up late?,Anh có hay thức khuya không?,A1
2cy7Bzp7F9U_sentence_355.wav,Are you used to using chopsticks?,Anh có quen dùng đũa không?,A2
2cy7Bzp7F9U_sentence_356.wav,Are you used to life here?,Anh đã quen sống ở đây chưa?,A1
2cy7Bzp7F9U_sentence_358.wav,I'm trying to.,Tôi đang cố đây.,A1
2cy7Bzp7F9U_sentence_360.wav,I'm trying to learn English.,Tôi đang cố học tiếng Anh.,A1
2cy7Bzp7F9U_sentence_361.wav,I'm trying to get a job.,Tôi đang cố kiếm việc làm.,A1
2cy7Bzp7F9U_sentence_362.wav,I'm trying to solve the problem.,Tôi đang cố giải quyết vấn đề.,A1
2cy7Bzp7F9U_sentence_363.wav,I I decided to.,Tôi đã quyết định làm thế.,A1
2cy7Bzp7F9U_sentence_364.wav,I've decided to quit my job.,Tôi đã quyết định nghỉ việc.,A1
2cy7Bzp7F9U_sentence_367.wav,They decide how far is it?,Họ quyết định bao xa?,A2
2cy7Bzp7F9U_sentence_368.wav,How far is it from here to the airport?,Từ đây đến sân bay còn bao xa?,A2
2cy7Bzp7F9U_sentence_369.wav,How far is it from here to the next village?,Từ đây đến làng kế bên còn bao xa?,A2
2cy7Bzp7F9U_sentence_372.wav,Hold on.,Chờ chút.,A1
2cy7Bzp7F9U_sentence_374.wav,Hold on tightly to the railing.,Bám chặt vào lan can.,A1
2cy7Bzp7F9U_sentence_377.wav,In detail.,Cụ thể.,A1
2cy7Bzp7F9U_sentence_378.wav,We haven't discussed the matter in detail yet.,Chúng ta chưa thảo luận chi tiết về vấn đề này.,A2
2cy7Bzp7F9U_sentence_379.wav,Please explain your plan in detail.,Xin hãy giải thích kế hoạch của anh một cách chi tiết.,A1
2cy7Bzp7F9U_sentence_380.wav,Please describe in detail what you have seen.,Hãy mô tả chi tiết những gì bạn đã thấy.,A2
2cy7Bzp7F9U_sentence_384.wav,Put on.,Mặc vào.,A1
2cy7Bzp7F9U_sentence_387.wav,"Put your hat on, it's sunny outside.","Đội nón vô, ngoài trời nắng lắm.",A1
2cy7Bzp7F9U_sentence_388.wav,She regardless of,Cô bất kể,A2
2cy7Bzp7F9U_sentence_399.wav,Wake up.,Tỉnh dậy đi.,A1
2cy7Bzp7F9U_sentence_401.wav,What time do you wake up?,Mấy giờ thì anh thức dậy?,A1
2cy7Bzp7F9U_sentence_403.wav,He often wakes up early.,Anh ấy thường dậy sớm.,A2
2cy7Bzp7F9U_sentence_409.wav,I'm amazed at,Tôi ngạc nhiên về,A2
2cy7Bzp7F9U_sentence_424.wav,Makes sense.,Có lý.,A1
2cy7Bzp7F9U_sentence_428.wav,This message doesn't make sense to me.,Tin nhắn này không có ý nghĩa gì với tôi.,A2
2cy7Bzp7F9U_sentence_432.wav,"In terms of salary, that job is fantastic.","Về lương, công việc đó thật tuyệt vời.",A2
2cy7Bzp7F9U_sentence_459.wav,It's not that.,Không phải vậy.,A1
2cy7Bzp7F9U_sentence_480.wav,I can't help thinking about it.,Tôi không thể không nghĩ về nó.,A1
2cy7Bzp7F9U_sentence_485.wav,How dare you speak to me like that?,Sao anh dám nói với tôi như vậy?,A1
2cy7Bzp7F9U_sentence_486.wav,How dare he do that to me?,Sao hắn dám làm thế với tôi?,A1
2cy7Bzp7F9U_sentence_502.wav,Little by little she came to understand the importance of health.,Dần dần bà hiểu được tầm quan trọng của sức khoẻ.,A2
2cy7Bzp7F9U_sentence_506.wav,In case,Trong trường hợp,A2
2cy7Bzp7F9U_sentence_508.wav,"In case of an emergency, push this button.","Trong trường hợp khẩn cấp, hãy nhấn nút này.",A2
2cy7Bzp7F9U_sentence_510.wav,I'm looking for.,Tôi đang tìm đây.,A1
2cy7Bzp7F9U_sentence_511.wav,they are looking for an apartment to rent.,Họ đang tìm một căn hộ để thuê.,A2
2cy7Bzp7F9U_sentence_514.wav,I can hardly believe that.,Tôi không thể tin được.,A1
2cy7Bzp7F9U_sentence_517.wav,I can hardly believe that Paul was put in prison for bribery.,Tôi không thể tin được là Paul đã bị tống vào tù vì tội hối lộ.,A2
2cy7Bzp7F9U_sentence_518.wav,I can hardly believe what I have seen.,Tôi không thể tin được những gì tôi đã thấy.,A1
2cy7Bzp7F9U_sentence_536.wav,I'm not used to.,Tôi không quen với việc đó.,A1
2cy7Bzp7F9U_sentence_538.wav,I'm not used to spicy food.,Tôi không quen ăn đồ cay.,A2
2cy7Bzp7F9U_sentence_541.wav,Thanks to,Cảm ơn,A1
2cy7Bzp7F9U_sentence_569.wav,Put on more clothes before you go out.,Mặc thêm quần áo trước khi ra ngoài.,A1
2cy7Bzp7F9U_sentence_571.wav,Take advantage of,Hãy tận dụng,A1
2cy7Bzp7F9U_sentence_589.wav,But,Nhưng,A1
2cy7Bzp7F9U_sentence_605.wav,I can't help.,Tôi không thể giúp.,A1
2cy7Bzp7F9U_sentence_624.wav,I can hardly believe that he is dead.,Tôi không thể tin là anh ta đã chết.,A1
2cy7Bzp7F9U_sentence_625.wav,He can understand us so well.,Anh ấy có thể hiểu chúng ta rất rõ.,A2
2cy7Bzp7F9U_sentence_633.wav,You'd better get someone to fix it.,Anh nên tìm ai đó sửa nó.,A1
2cy7Bzp7F9U_sentence_644.wav,I'm not sure if.,Tôi không chắc là có.,A1
2cy7Bzp7F9U_sentence_654.wav,In spite of,Mặc dù,A2
2cy7Bzp7F9U_sentence_656.wav,He went to work in spite of his illness.,Ông ấy vẫn đi làm mặc dù bị bệnh.,A2
2cy7Bzp7F9U_sentence_664.wav,He never succeeded in spite of repeated attempts.,Ông không bao giờ thành công mặc dù đã cố gắng nhiều lần.,A2
2cy7Bzp7F9U_sentence_665.wav,It takes.,Nó cần.,A1
2cy7Bzp7F9U_sentence_666.wav,Two,Hai,A1
2cy7Bzp7F9U_sentence_667.wav,It took me an entire afternoon to get there.,Tôi mất cả buổi chiều để đến đó.,A2
2cy7Bzp7F9U_sentence_670.wav,It I can't stand.,Tôi không thể chịu được.,A1
2cy7Bzp7F9U_sentence_674.wav,I count on.,Tôi tin tưởng.,A1
2cy7Bzp7F9U_sentence_686.wav,How dare you?,Sao anh dám?,A1
2cy7Bzp7F9U_sentence_687.wav,How dare you call me fat?,Sao anh dám gọi tôi là béo?,A2
2cy7Bzp7F9U_sentence_697.wav,I'm tired of,Tôi mệt mỏi với,A1
2cy7Bzp7F9U_sentence_698.wav,I'm tired of fighting with you.,Tôi mệt mỏi vì phải chiến đấu với anh rồi.,A1
2cy7Bzp7F9U_sentence_703.wav,I'm sick and tired of his lecture.,Tôi phát ốm và mệt mỏi với bài giảng của ông ấy.,A1
2cy7Bzp7F9U_sentence_704.wav,It's very kind of you to.,Anh thật tốt bụng.,A2
2cy7Bzp7F9U_sentence_706.wav,It's very kind of you to invite me to the party.,Anh thật tốt bụng khi mời tôi đến dự tiệc.,A2
2cy7Bzp7F9U_sentence_707.wav,It's very kind of you to inform us what happened.,Anh thật tốt bụng khi thông báo cho chúng tôi những gì đã xảy ra.,A2
2cy7Bzp7F9U_sentence_708.wav,It's very kind of you to help me.,Anh thật tốt khi giúp tôi.,A2
2cy7Bzp7F9U_sentence_710.wav,It's very kind of you to inform us what little by little,Thật tốt khi anh nói với chúng tôi từng chút một.,A2
2cy7Bzp7F9U_sentence_714.wav,Little by little.,Từng chút một.,A2
2cy7Bzp7F9U_sentence_752.wav,What's the matter with him?,Anh ta bị sao vậy?,A2
2cy7Bzp7F9U_sentence_753.wav,What's the matter with your finger? It's bleeding.,Ngón tay anh bị sao vậy?,A2
2cy7Bzp7F9U_sentence_756.wav,I'm working on a big project.,Tôi đang làm một dự án lớn.,A1
2cy7Bzp7F9U_sentence_757.wav,We're currently working on that problem.,Chúng tôi hiện đang giải quyết vấn đề đó.,A2
2cy7Bzp7F9U_sentence_759.wav,I how come?,Tôi làm thế nào đến?,A1
2cy7Bzp7F9U_sentence_762.wav,How come you got invited and I didn't?,Sao cậu được mời còn tớ thì không?,A2
2cy7Bzp7F9U_sentence_763.wav,How come you know so much about me?,Sao anh biết nhiều về tôi thế?,A1
2cy7Bzp7F9U_sentence_764.wav,How come you are here?,Sao anh lại ở đây?,A1
2cy7Bzp7F9U_sentence_780.wav,For me.,Cho tôi.,A1
2cy7Bzp7F9U_sentence_784.wav,for me.,cho tôi.,A1
2cy7Bzp7F9U_sentence_785.wav,There is nothing as enjoyable as reading a novel on the grass.,Không có gì thú vị hơn là đọc tiểu thuyết trên cỏ.,A2
2cy7Bzp7F9U_sentence_799.wav,You can't count on him for financial help.,Anh không thể trông cậy vào anh ta để được giúp đỡ tài chính.,A2
2cy7Bzp7F9U_sentence_811.wav,We will go there regardless of the weather.,Chúng ta sẽ tới đó bất kể thời tiết thế nào.,A2
2cy7Bzp7F9U_sentence_814.wav,I'll do that regardless of the consequences.,Tôi sẽ làm thế bất chấp hậu quả.,A2
2cy7Bzp7F9U_sentence_820.wav,What's the best way to,Cách tốt nhất để,A2
2cy7Bzp7F9U_sentence_821.wav,What's the best way to lose weight?,Cách tốt nhất để giảm cân là gì?,A1
2cy7Bzp7F9U_sentence_823.wav,What in terms of,Những gì về,A2
2cy7Bzp7F9U_sentence_825.wav,He tends to think of everything in terms of money.,Anh ta có xu hướng nghĩ mọi thứ về tiền bạc.,A2
2cy7Bzp7F9U_sentence_834.wav,It's too bad that you lost your job.,Thật tệ là anh đã mất việc.,A1
2cy7Bzp7F9U_sentence_835.wav,It's too bad that we can't get there on time.,Thật tệ là chúng ta không thể đến đó đúng giờ.,A2
2cy7Bzp7F9U_sentence_839.wav,I'm sorry to.,Tôi rất tiếc.,A1
2cy7Bzp7F9U_sentence_842.wav,I'm sorry to hear that you got a divorce.,Tôi rất tiếc khi nghe tin anh ly dị.,A2
2cy7Bzp7F9U_sentence_876.wav,Check in.,Kiểm tra.,A1
2cy7Bzp7F9U_sentence_880.wav,Please give us prior notice if you need to check in early.,Vui lòng thông báo trước nếu bạn cần đến sớm.,A2
2cy7Bzp7F9U_sentence_884.wav,I used to.,Tôi đã từng.,A1
2cy7Bzp7F9U_sentence_911.wav,I'm dying to buy a new car.,Tôi muốn mua một chiếc xe mới đến chết đi được.,A1
2cy7Bzp7F9U_sentence_912.wav,I'm dying to see you tonight.,Tôi muốn gặp anh chết đi được.,A1
2cy7Bzp7F9U_sentence_915.wav,Let me.,Để tôi.,A1
2cy7Bzp7F9U_sentence_919.wav,Let me buy how long does it take?,"Để tôi hỏi, mất bao lâu?",A2
2cy7Bzp7F9U_sentence_921.wav,How long will it take to build the stadium?,Mất bao lâu để xây dựng sân vận động?,A2
2cy7Bzp7F9U_sentence_929.wav,The point is that we don't know what's happening here.,Vấn đề là chúng ta không biết chuyện gì đang xảy ra ở đây.,A2
2cy7Bzp7F9U_sentence_931.wav,The point is that we need a lot of money.,Vấn đề là chúng ta cần rất nhiều tiền.,A2
2cy7Bzp7F9U_sentence_939.wav,I didn't mean to.,Tôi không cố ý.,A1
2cy7Bzp7F9U_sentence_943.wav,I enough to,Tôi đủ để,A1
2cy7Bzp7F9U_sentence_945.wav,He isn't strong enough to lift that box.,Hắn không đủ mạnh để nhấc cái hộp đó lên.,A2
2cy7Bzp7F9U_sentence_950.wav,I have difficulty.,Tôi gặp khó khăn.,A1
2cy7Bzp7F9U_sentence_951.wav,doing something.,làm gì đó.,A1
2cy7Bzp7F9U_sentence_960.wav,He would rather work all day long than do nothing.,Anh ấy thà làm việc cả ngày còn hơn không làm gì.,A2
2cy7Bzp7F9U_sentence_962.wav,I would rather than,Tôi thà,A1
2cy7Bzp7F9U_sentence_974.wav,We can deal with it.,Chúng ta có thể giải quyết chuyện đó.,A1
2cy7Bzp7F9U_sentence_980.wav,"The more, the more.","Càng nhiều, càng nhiều.",A2
2cy7Bzp7F9U_sentence_981.wav,"The more you put your heart into English, the more you'll be interested in it.","Bạn càng chìm đắm trong tiếng Anh, bạn sẽ càng hứng thú với nó.",B1
2cy7Bzp7F9U_sentence_984.wav,The sooner the better.,Càng sớm càng tốt.,A2
2cy7Bzp7F9U_sentence_986.wav,The more you pay?,Anh trả càng nhiều?,A2
2cy7Bzp7F9U_sentence_987.wav,The more you will gain.,Bạn sẽ nhận được nhiều hơn.,A2
2cy7Bzp7F9U_sentence_989.wav,Hang out.,Đi chơi.,A1
2cy7Bzp7F9U_sentence_990.wav,Would you like to hang out with us?,Anh có muốn đi chơi với chúng tôi không?,A1
3LHgzqb9HRM_sentence_003.wav,This work is above my capacity.,Công việc này vượt quá khả năng của tôi.,A2
3LHgzqb9HRM_sentence_005.wav,He always feels confident about his capacity of drawing.,Anh luôn cảm thấy tự tin về khả năng vẽ của mình.,A2
3LHgzqb9HRM_sentence_024.wav,Typical.,Điển hình.,A2
3LHgzqb9HRM_sentence_035.wav,Pension,Lương hưu,A2
3LHgzqb9HRM_sentence_057.wav,Apparently he doesn't like me.,Rõ ràng là anh ta không thích tôi.,A2
3LHgzqb9HRM_sentence_067.wav,Please open the package.,Xin hãy mở gói hàng.,A1
3LHgzqb9HRM_sentence_069.wav,Publicly.,Công khai.,A1
3LHgzqb9HRM_sentence_074.wav,He publicly insulted me.,Hắn công khai sỉ nhục tôi.,A2
3LHgzqb9HRM_sentence_077.wav,Remark.,Nhận xét.,A2
3LHgzqb9HRM_sentence_081.wav,He made some rude remarks about the food.,Anh ta có vài lời bình phẩm thô lỗ về thức ăn.,A2
3LHgzqb9HRM_sentence_091.wav,Railway,Đường sắt,A1
3LHgzqb9HRM_sentence_130.wav,The population gradually increased.,Dân số dần dần tăng lên.,A2
3LHgzqb9HRM_sentence_133.wav,Purchase.,Mua.,A2
3LHgzqb9HRM_sentence_148.wav,He gave the police a false name and address.,Hắn đã khai với cảnh sát tên và địa chỉ giả.,A2
3LHgzqb9HRM_sentence_152.wav,Thief.,Tên trộm.,A2
3LHgzqb9HRM_sentence_177.wav,Jr.,Jr.,A1
3LHgzqb9HRM_sentence_178.wav,He is a junior colleague.,Anh ấy là đồng nghiệp cấp dưới.,A1
3LHgzqb9HRM_sentence_182.wav,Mineral,KhoángName,A2
3LHgzqb9HRM_sentence_186.wav,"I always carry a bottle of mineral water with me, and","Tôi luôn mang theo một chai nước khoáng, và",A2
3LHgzqb9HRM_sentence_189.wav,"A glass of mineral water, please.",Làm ơn cho một ly nước khoáng.,A1
3LHgzqb9HRM_sentence_190.wav,Visitor.,Lượt truy cập.,A1
3LHgzqb9HRM_sentence_191.wav,There's a visitor waiting for you in the lobby.,Có một vị khách đang chờ anh ở sảnh.,A2
3LHgzqb9HRM_sentence_195.wav,We had some visitors yesterday.,Hôm qua chúng tôi có khách.,A1
3LHgzqb9HRM_sentence_200.wav,The sun is sinking in the west.,Mặt trời đang lặn ở phía tây.,A2
3LHgzqb9HRM_sentence_206.wav,Opponent,Đối thủ,A2
3LHgzqb9HRM_sentence_226.wav,"She crossed her arms over her breasts,","Cô ấy khoanh tay trước ngực,",A2
3LHgzqb9HRM_sentence_227.wav,Breast cancer is the most common type of cancer in the UK.,Ung thư vú là loại ung thư phổ biến nhất ở Anh.,A2
3LHgzqb9HRM_sentence_231.wav,Automatically.,Tự động.,A1
3LHgzqb9HRM_sentence_233.wav,Wisdom does not automatically come with age.,Sự thông thái không tự động đến cùng với tuổi tác.,A2
3LHgzqb9HRM_sentence_234.wav,The door will lock automatically when you go out.,Cửa sẽ tự động khóa khi bạn ra ngoài.,A2
3LHgzqb9HRM_sentence_236.wav,Alternative,Thay thế,A2
3LHgzqb9HRM_sentence_242.wav,There are two alternatives for you to choose from.,Có hai lựa chọn thay thế cho bạn.,A2
3LHgzqb9HRM_sentence_245.wav,I truly believe you can do it.,Tôi thực sự tin rằng bạn có thể làm điều đó.,A1
3LHgzqb9HRM_sentence_264.wav,Disturb.,Làm phiền.,A1
3LHgzqb9HRM_sentence_277.wav,He disappeared without a trace.,Hắn biến mất không một dấu vết.,A2
3LHgzqb9HRM_sentence_279.wav,Trace.,Tìm đường.,A1
3LHgzqb9HRM_sentence_286.wav,Wing.,Cánh.,A1
3LHgzqb9HRM_sentence_289.wav,I wish I had wings to fly.,Ước gì tôi có cánh để bay.,A1
3LHgzqb9HRM_sentence_290.wav,The bird flapped its wings and flew off.,Con chim vỗ cánh và bay đi.,A2
3LHgzqb9HRM_sentence_309.wav,Let me explain it with a diagram.,Để tôi giải thích nó bằng một biểu đồ.,A1
3LHgzqb9HRM_sentence_311.wav,Don't underestimate your opponent.,Đừng đánh giá thấp đối thủ.,A2
3LHgzqb9HRM_sentence_326.wav,Poison.,Thuốc độc.,A1
3LHgzqb9HRM_sentence_327.wav,Some mushrooms contain deadly poisons.,Một số loại nấm có chứa chất độc chết người.,A2
3LHgzqb9HRM_sentence_334.wav,Regard,Regard,A1
3LHgzqb9HRM_sentence_344.wav,Can you sew a button on for me?,Anh may cho tôi một cái khuy được không?,A2
3LHgzqb9HRM_sentence_345.wav,So,Vì vậy,A1
3LHgzqb9HRM_sentence_346.wav,I can sew very well.,Tôi may rất giỏi.,A2
3LHgzqb9HRM_sentence_358.wav,Soul,Linh hồn,A1
3LHgzqb9HRM_sentence_362.wav,We're soulmates.,Chúng ta là bạn tâm giao.,A1
3LHgzqb9HRM_sentence_366.wav,Illegal.,Bất hợp pháp.,A1
3LHgzqb9HRM_sentence_374.wav,I want to become a ballet dancer.,Tôi muốn trở thành một vũ công ba lê.,A1
3LHgzqb9HRM_sentence_377.wav,I will take the wheel.,Tôi sẽ cầm lái.,A1
3LHgzqb9HRM_sentence_379.wav,Wheel,Bánh xe,A1
3LHgzqb9HRM_sentence_383.wav,You don't need to reinvent the wheel.,Bạn không cần phải làm mới bánh xe.,A2
3LHgzqb9HRM_sentence_384.wav,Odd.,Lạ thật.,A1
3LHgzqb9HRM_sentence_392.wav,They're very odd people.,Họ là những người rất kỳ quặc.,A1
3LHgzqb9HRM_sentence_395.wav,Cultural.,Văn hóa.,A2
3LHgzqb9HRM_sentence_399.wav,I think that cultural exchanges are important.,Tôi nghĩ rằng trao đổi văn hoá là quan trọng.,A2
3LHgzqb9HRM_sentence_400.wav,Spicy,Cay,A1
3LHgzqb9HRM_sentence_405.wav,This soup is too spicy for me.,Súp này cay quá với tôi.,A2
3LHgzqb9HRM_sentence_407.wav,Moyle.,Moyle.,A2
3LHgzqb9HRM_sentence_414.wav,He is a loyal customer.,Anh ta là một khách hàng trung thành.,A2
3LHgzqb9HRM_sentence_418.wav,Possess.,Chiếm hữu.,A1
3LHgzqb9HRM_sentence_419.wav,How many cars do you possess?,Anh có bao nhiêu xe?,A1
3LHgzqb9HRM_sentence_425.wav,He possesses a strong voice.,Hắn có một giọng nói mạnh mẽ.,A2
3LHgzqb9HRM_sentence_426.wav,Phrase,Thành ngữ,A2
3LHgzqb9HRM_sentence_430.wav,What is the meaning of this phrase?,Ý nghĩa của cụm từ này là gì?,A2
3LHgzqb9HRM_sentence_435.wav,I really appreciate your willingness to help.,Tôi rất cảm kích sự giúp đỡ của anh.,A1
3LHgzqb9HRM_sentence_436.wav,Willingness.,Sẵn sàng.,A2
3LHgzqb9HRM_sentence_461.wav,Calculate.,Tính toán.,A1
3LHgzqb9HRM_sentence_486.wav,cure.,Bạn có thể dùng thuốc kháng sinh dạng xịt hoặc dạng xịt để điều trị mụn cóc.,A1
3LHgzqb9HRM_sentence_490.wav,Doctors did everything they could to cure him.,Các bác sĩ đã làm mọi thứ có thể để chữa cho anh ta.,A2
3LHgzqb9HRM_sentence_491.wav,Leather.,Chất liệu da.,A2
3LHgzqb9HRM_sentence_496.wav,It's made of leather.,Nó làm bằng da.,A2
3LHgzqb9HRM_sentence_497.wav,He's looking for a leather belt.,Hắn đang tìm một cái thắt lưng da.,A2
3LHgzqb9HRM_sentence_498.wav,Advertisement.,Quảng cáo.,A2
3LHgzqb9HRM_sentence_501.wav,He cut the advertisement out of the newspaper.,Anh ta cắt quảng cáo ra khỏi tờ báo.,A2
3LHgzqb9HRM_sentence_511.wav,Apparently.,Rõ ràng là vậy.,A2
3LHgzqb9HRM_sentence_518.wav,Apparently that's not correct.,Rõ ràng là không đúng.,A2
3LHgzqb9HRM_sentence_539.wav,The car was destroyed in the accident.,Chiếc xe đã bị phá huỷ trong vụ tai nạn.,A2
3LHgzqb9HRM_sentence_556.wav,The following is a summary of our conclusions.,Sau đây là tóm tắt các kết luận của chúng tôi.,A2
3LHgzqb9HRM_sentence_558.wav,Actual.,Thực tế.,A2
3LHgzqb9HRM_sentence_561.wav,How much actual experience do you have?,Bạn có bao nhiêu kinh nghiệm thực tế?,A2
3LHgzqb9HRM_sentence_562.wav,The actual cost was higher than expected.,Chi phí thực tế cao hơn dự kiến.,A2
3LHgzqb9HRM_sentence_564.wav,How much a understanding?,Hiểu nhau đến mức nào?,A2
3LHgzqb9HRM_sentence_567.wav,toy.,đồ chơi.,A1
3LHgzqb9HRM_sentence_569.wav,That factory manufactures toys.,Nhà máy đó sản xuất đồ chơi.,A2
3LHgzqb9HRM_sentence_571.wav,She bought a toy for her child.,Cô ấy mua đồ chơi cho con mình.,A1
3LHgzqb9HRM_sentence_585.wav,Secretly,Bí mật,A1
3LHgzqb9HRM_sentence_586.wav,He secretly showed me her picture.,Hắn bí mật cho tôi xem ảnh của cổ.,A1
3LHgzqb9HRM_sentence_587.wav,They got married secretly.,Họ kết hôn bí mật.,A2
3LHgzqb9HRM_sentence_588.wav,He's victim.,Anh ta là nạn nhân.,A1
3LHgzqb9HRM_sentence_592.wav,Victim,Nạn nhân,A1
3LHgzqb9HRM_sentence_597.wav,How many victims are there?,Có bao nhiêu nạn nhân ở đó?,A1
3LHgzqb9HRM_sentence_625.wav,He expressed his opposition to the new law.,Ông bày tỏ sự phản đối của mình đối với luật mới.,A2
5QFYjqDs43g_sentence_010.wav,We changed our plans because of her late arrival.,Chúng tôi thay đổi kế hoạch vì cô ấy đến muộn.,A2
5QFYjqDs43g_sentence_011.wav,Interested.,Quan tâm.,A2
5QFYjqDs43g_sentence_018.wav,What are you interested in?,Anh quan tâm đến cái gì?,A1
5QFYjqDs43g_sentence_026.wav,Strong economy.,Nền kinh tế mạnh mẽ.,A1
5QFYjqDs43g_sentence_033.wav,We have a strong economy.,Chúng ta có nền kinh tế mạnh.,A1
5QFYjqDs43g_sentence_035.wav,Plan,Kế hoạch,A1
5QFYjqDs43g_sentence_036.wav,Do you have any plans for the summer?,Anh có kế hoạch gì cho mùa hè không?,A1
5QFYjqDs43g_sentence_045.wav,Everything went exactly as planned.,Mọi thứ diễn ra đúng như kế hoạch.,A2
5QFYjqDs43g_sentence_046.wav,Country,Quốc gia,A2
5QFYjqDs43g_sentence_048.wav,Vietnam is my country.,Việt Nam là đất nước của tôi.,A1
5QFYjqDs43g_sentence_051.wav,"Nowadays, more and more people prefer country life to city life.","Ngày nay, ngày càng có nhiều người thích sống ở nông thôn hơn là ở thành thị.",B1
5QFYjqDs43g_sentence_062.wav,Is your father a teacher?,Cha cô là giáo viên à?,A1
5QFYjqDs43g_sentence_063.wav,He is an experienced teacher.,Ông là một giáo viên giàu kinh nghiệm.,A2
5QFYjqDs43g_sentence_065.wav,Is speech,Là lời nói,A1
5QFYjqDs43g_sentence_069.wav,Speech is,Diễn đạt là,A1
5QFYjqDs43g_sentence_072.wav,Have you ever given a speech in English?,Anh đã bao giờ nói chuyện bằng tiếng Anh chưa?,A1
5QFYjqDs43g_sentence_076.wav,Should.,Nên.,A1
5QFYjqDs43g_sentence_077.wav,You should give up smoking.,Anh nên bỏ thuốc lá đi.,A1
5QFYjqDs43g_sentence_078.wav,He should have been more careful.,Đáng lẽ hắn phải cẩn thận hơn.,A1
5QFYjqDs43g_sentence_086.wav,You should tell him the truth.,Anh nên nói sự thật với anh ta.,A1
5QFYjqDs43g_sentence_087.wav,Peace.,Yên bình.,A1
5QFYjqDs43g_sentence_090.wav,I'll save you a piece of cake.,Tôi sẽ để dành cho anh một miếng bánh.,A1
5QFYjqDs43g_sentence_098.wav,Public.,Công khai.,A1
5QFYjqDs43g_sentence_1006.wav,Industry,Công nghiệp,A2
5QFYjqDs43g_sentence_1011.wav,cry.,Bạn có thể khóc.,A1
5QFYjqDs43g_sentence_1013.wav,"As soon as she saw me, she started to cry.","Ngay khi nhìn thấy tôi, cô ấy bắt đầu khóc.",A2
5QFYjqDs43g_sentence_1017.wav,I really feel like crying right now.,Tôi thực sự muốn khóc ngay bây giờ.,A1
5QFYjqDs43g_sentence_1019.wav,I saw many tourists on the beach.,Tôi thấy nhiều khách du lịch trên bãi biển.,A1
5QFYjqDs43g_sentence_1033.wav,Grateful.,Biết ơn.,A1
5QFYjqDs43g_sentence_113.wav,Straight.,Thẳng.,A1
5QFYjqDs43g_sentence_126.wav,Really?,Thật sao?,A1
5QFYjqDs43g_sentence_129.wav,That's a really great idea.,Đó là một ý tưởng tuyệt vời.,A1
5QFYjqDs43g_sentence_137.wav,Land.,Đất.,A2
5QFYjqDs43g_sentence_138.wav,Who owns this land?,Ai sở hữu mảnh đất này?,A2
5QFYjqDs43g_sentence_143.wav,The plane landed safely.,Máy bay đã hạ cánh an toàn.,A2
5QFYjqDs43g_sentence_144.wav,Limit.,Giới hạn.,A2
5QFYjqDs43g_sentence_149.wav,What's the speed limit on this road?,Tốc độ giới hạn trên con đường này là bao nhiêu?,A1
5QFYjqDs43g_sentence_151.wav,Don't let your past limit your future.,Đừng để quá khứ hạn chế tương lai của bạn.,A2
5QFYjqDs43g_sentence_155.wav,Bit.,Một chút.,A1
5QFYjqDs43g_sentence_161.wav,He is getting better bit by bit.,Anh ấy đang dần khoẻ lên.,A2
5QFYjqDs43g_sentence_169.wav,I think it's time for me to get a bit of exercise.,Tôi nghĩ đã đến lúc tôi phải tập thể dục một chút.,A1
5QFYjqDs43g_sentence_171.wav,Past.,Quá khứ.,A2
5QFYjqDs43g_sentence_172.wav,I don't care about your past.,Tôi không quan tâm quá khứ của anh.,A1
5QFYjqDs43g_sentence_173.wav,Don't judge me by my past. I don't live there anymore.,"Đừng phán xét tôi qua quá khứ, tôi không còn sống ở đó nữa.",A2
5QFYjqDs43g_sentence_178.wav,Describe.,Miêu tả.,A1
5QFYjqDs43g_sentence_179.wav,Can you describe it?,Anh có thể mô tả nó không?,A1
5QFYjqDs43g_sentence_189.wav,Economy,Tiết kiệm,A1
5QFYjqDs43g_sentence_192.wav,Our economy depends on agriculture.,Nền kinh tế của chúng ta phụ thuộc vào nông nghiệp.,A2
5QFYjqDs43g_sentence_195.wav,I joined a speech contest.,Tôi tham gia một cuộc thi diễn văn.,A1
5QFYjqDs43g_sentence_197.wav,Speech is the,Lời nói là,A2
5QFYjqDs43g_sentence_220.wav,W Mary.,W Mary.,A1
5QFYjqDs43g_sentence_224.wav,Space,Khoảng trống,A1
5QFYjqDs43g_sentence_228.wav,I need a little more space.,Tôi cần thêm không gian.,A1
5QFYjqDs43g_sentence_230.wav,Is there enough space for my luggage?,Có đủ chỗ cho hành lý của tôi không?,A2
5QFYjqDs43g_sentence_231.wav,Knows.,Biết.,A1
5QFYjqDs43g_sentence_232.wav,Your nose is bleeding.,Mũi của anh đang chảy máu.,A1
5QFYjqDs43g_sentence_233.wav,I can't breathe through my nose.,Tôi không thể thở bằng mũi.,A1
5QFYjqDs43g_sentence_234.wav,You broke my nose.,Anh làm gãy mũi tôi.,A1
5QFYjqDs43g_sentence_243.wav,"If you don't leave right now, I will call security.","Nếu anh không đi ngay, tôi sẽ gọi bảo vệ.",A2
5QFYjqDs43g_sentence_249.wav,Dry.,Sấy khô.,A1
5QFYjqDs43g_sentence_268.wav,Mostly,Hầu hết,A1
5QFYjqDs43g_sentence_270.wav,They are mostly women.,Hầu hết là phụ nữ.,A1
5QFYjqDs43g_sentence_273.wav,Further.,Hơn nữa.,A1
5QFYjqDs43g_sentence_274.wav,"For further information, see page 10.","Để biết thêm thông tin, xem trang 10.",A2
5QFYjqDs43g_sentence_288.wav,"beside He sat beside me in the front seat,","bên cạnh anh ấy ngồi bên cạnh tôi ở ghế trước,",A2
5QFYjqDs43g_sentence_291.wav,Beside.,Bên cạnh.,A2
5QFYjqDs43g_sentence_302.wav,When?,Khi nào?,A1
5QFYjqDs43g_sentence_304.wav,When did you buy it?,Anh mua nó khi nào?,A1
5QFYjqDs43g_sentence_305.wav,When will we arrive?,Khi nào chúng ta đến nơi?,A2
5QFYjqDs43g_sentence_309.wav,Smart.,Thông minh.,A1
5QFYjqDs43g_sentence_312.wav,I think it's the smart thing to do.,Tôi nghĩ đó là một việc làm thông minh.,A1
5QFYjqDs43g_sentence_318.wav,You're the smartest person I know.,Anh là người thông minh nhất mà tôi biết.,A1
5QFYjqDs43g_sentence_320.wav,Market.,Chợ.,A1
5QFYjqDs43g_sentence_321.wav,We buy our fruit and vegetables at the market.,Chúng tôi mua trái cây và rau quả ở chợ.,A2
5QFYjqDs43g_sentence_344.wav,"Ignore it, it's only a rumor.","Bỏ qua đi, đó chỉ là tin đồn thôi.",A1
5QFYjqDs43g_sentence_345.wav,Age,Tuổi,A2
5QFYjqDs43g_sentence_346.wav,She got married at the age of 29.,Cô kết hôn ở tuổi 29.,A2
5QFYjqDs43g_sentence_347.wav,She is about my age.,Cô ấy trạc tuổi tôi.,A1
5QFYjqDs43g_sentence_352.wav,degree.,Bạn có thể tìm hiểu thêm về cách thức để có thể xác định mức độ của vấn đề.,A1
5QFYjqDs43g_sentence_354.wav,She graduated from Cambridge with a degree in law.,Cô tốt nghiệp Cambridge với bằng luật.,A2
5QFYjqDs43g_sentence_363.wav,Speak.,Nói chuyện.,A1
5QFYjqDs43g_sentence_364.wav,I can speak English fluently.,Tôi có thể nói tiếng Anh trôi chảy.,A2
5QFYjqDs43g_sentence_365.wav,Please speak more slowly.,Xin hãy nói chậm lại.,A1
5QFYjqDs43g_sentence_367.wav,I metal.,Tôi là kim loại.,A1
5QFYjqDs43g_sentence_368.wav,Is it made of wood or metal?,Nó làm bằng gỗ hay kim loại?,A2
5QFYjqDs43g_sentence_369.wav,I need a piece of metal.,Tôi cần một miếng kim loại.,A1
5QFYjqDs43g_sentence_370.wav,It's a metal pipe.,Nó là một ống kim loại.,A1
5QFYjqDs43g_sentence_371.wav,Not.,Không.,A1
5QFYjqDs43g_sentence_375.wav,Matter,Vật chất,A1
5QFYjqDs43g_sentence_382.wav,Familiar.,Quen thuộc.,A1
5QFYjqDs43g_sentence_388.wav,Are you familiar with this area?,Anh có quen thuộc với khu vực này không?,A2
5QFYjqDs43g_sentence_389.wav,Beauty.,Vẻ đẹp.,A1
5QFYjqDs43g_sentence_394.wav,Length.,Chiều dài.,A2
5QFYjqDs43g_sentence_396.wav,What is its length?,Chiều dài của nó là gì?,A1
5QFYjqDs43g_sentence_405.wav,"Anyone, anybody.","Bất cứ ai, bất cứ ai.",A1
5QFYjqDs43g_sentence_406.wav,Don't share this with anyone.,Đừng chia sẻ điều này với bất cứ ai.,A1
5QFYjqDs43g_sentence_411.wav,I don't know anyone at the party.,Tôi không quen ai ở bữa tiệc.,A1
5QFYjqDs43g_sentence_412.wav,Merely.,Chỉ đơn thuần.,A2
5QFYjqDs43g_sentence_417.wav,It's nearly impossible.,Gần như là không thể.,A1
5QFYjqDs43g_sentence_418.wav,The parking lot is nearly empty.,Bãi đậu xe gần như trống trơn.,A2
5QFYjqDs43g_sentence_431.wav,That was one of the worst days I've ever experienced.,Đó là một trong những ngày tồi tệ nhất mà tôi từng trải qua.,A2
5QFYjqDs43g_sentence_439.wav,He's the best teacher even though he has the least experience.,Ông ấy là người thầy tốt nhất cho dù ông ấy có ít kinh nghiệm nhất.,A2
5QFYjqDs43g_sentence_445.wav,Security,Bảo mật,A1
5QFYjqDs43g_sentence_447.wav,He is a security guard at the airport.,Anh ta là bảo vệ ở sân bay.,A2
5QFYjqDs43g_sentence_448.wav,She is concerned about job security.,Cô ấy lo lắng về an toàn trong công việc.,A2
5QFYjqDs43g_sentence_452.wav,Pocket.,Pocket.,A1
5QFYjqDs43g_sentence_455.wav,Take your hands out of your pockets.,Bỏ tay ra khỏi túi.,A1
5QFYjqDs43g_sentence_456.wav,Borrow.,Mượn.,A1
5QFYjqDs43g_sentence_457.wav,She advised him not to borrow money from his friends.,Bà khuyên anh không nên vay tiền từ bạn bè.,A2
5QFYjqDs43g_sentence_459.wav,Could I borrow your pen?,Tôi mượn bút của cô được không?,A1
5QFYjqDs43g_sentence_463.wav,down.,"Nếu bạn không thể tìm được một người bạn thân, bạn có thể tìm đến họ.",A1
5QFYjqDs43g_sentence_466.wav,Do you mind if I turn down the TV?,Anh có phiền không nếu tôi vặn nhỏ ti vi?,A1
5QFYjqDs43g_sentence_468.wav,I sat down next to him.,Tôi ngồi xuống cạnh anh ta.,A1
5QFYjqDs43g_sentence_470.wav,Until,Cho đến khi,A2
5QFYjqDs43g_sentence_476.wav,I will wait until you come back.,Tôi sẽ chờ cho đến khi anh quay lại.,A1
5QFYjqDs43g_sentence_482.wav,He crawled on to the bed and lay down beside his mom.,Nó bò lên giường và nằm xuống bên cạnh mẹ.,A2
5QFYjqDs43g_sentence_487.wav,Rumor.,Tin đồn.,A2
5QFYjqDs43g_sentence_496.wav,The rumor turned out to be true.,Tin đồn hoá ra lại là sự thật.,A2
5QFYjqDs43g_sentence_509.wav,Usual.,Thường.,A1
5QFYjqDs43g_sentence_513.wav,"As usual, he was late.","Như thường lệ, anh ta đến muộn.",A2
5QFYjqDs43g_sentence_516.wav,Action.,Diễn.,A1
5QFYjqDs43g_sentence_518.wav,He is a man of action.,Anh ấy là một người đàn ông hành động.,A2
5QFYjqDs43g_sentence_521.wav,She begins to explain her plan of action to the group.,Cô bắt đầu giải thích kế hoạch hành động của mình cho cả nhóm.,A2
5QFYjqDs43g_sentence_526.wav,I take full responsibility for my actions.,Tôi hoàn toàn chịu trách nhiệm cho hành động của mình.,A1
5QFYjqDs43g_sentence_531.wav,"In real conversation, there is no time to think about grammar rules.","Trong cuộc trò chuyện thực tế, bạn không có thời gian để suy nghĩ về quy tắc ngữ pháp.",A2
5QFYjqDs43g_sentence_550.wav,History,Lịch sử,A2
5QFYjqDs43g_sentence_553.wav,She knows a lot about American history.,Cô ấy biết rất nhiều về lịch sử nước Mỹ.,A2
5QFYjqDs43g_sentence_559.wav,He has a lot of books on history.,Ông ấy có rất nhiều sách về lịch sử.,A2
5QFYjqDs43g_sentence_562.wav,Society,Xã hội,A2
5QFYjqDs43g_sentence_579.wav,Give me a piece of paper.,Đưa tôi một tờ giấy.,A1
5QFYjqDs43g_sentence_584.wav,I need a pair of scissors to cut this paper.,Tôi cần một cây kéo để cắt tờ giấy này.,A1
5QFYjqDs43g_sentence_585.wav,Lack.,Thiếu.,A2
5QFYjqDs43g_sentence_596.wav,My.,My.,A1
5QFYjqDs43g_sentence_597.wav,Where's my passport?,Hộ chiếu của tôi đâu?,A1
5QFYjqDs43g_sentence_598.wav,Here's my email address.,Đây là địa chỉ email của tôi.,A1
5QFYjqDs43g_sentence_603.wav,Interview.,Phỏng vấn.,A2
5QFYjqDs43g_sentence_606.wav,I'd like to interview your CEO.,Tôi muốn phỏng vấn CEO của anh.,A2
5QFYjqDs43g_sentence_610.wav,Argue.,Tranh cãi.,A1
5QFYjqDs43g_sentence_632.wav,Saturday,Thứ Bảy,A1
5QFYjqDs43g_sentence_634.wav,I've been here since Saturday.,Tôi đã ở đây từ thứ bảy.,A1
5QFYjqDs43g_sentence_635.wav,Do you have any plans for Saturday?,Anh có kế hoạch gì cho thứ Bảy không?,A1
5QFYjqDs43g_sentence_636.wav,Request.,Yêu cầu.,A2
5QFYjqDs43g_sentence_642.wav,Do you think my request is reasonable?,Anh có nghĩ yêu cầu của tôi là hợp lý không?,A2
5QFYjqDs43g_sentence_643.wav,Failure.,Thất bại.,A2
5QFYjqDs43g_sentence_650.wav,Share.,Chia sẻ.,A1
5QFYjqDs43g_sentence_651.wav,I share a house with four other people.,Tôi ở chung nhà với bốn người khác.,A1
5QFYjqDs43g_sentence_661.wav,Total.,Tổng cộng.,A2
5QFYjqDs43g_sentence_664.wav,What is the total number of students?,Tổng số học sinh là bao nhiêu?,A1
5QFYjqDs43g_sentence_665.wav,The club has a total membership of 300.,Câu lạc bộ có tổng số thành viên là 300.,A2
5QFYjqDs43g_sentence_666.wav,The room was in total darkness.,Căn phòng chìm trong bóng tối mịt mùng.,A2
5QFYjqDs43g_sentence_668.wav,Cell,Tế bào,A1
5QFYjqDs43g_sentence_669.wav,"I sold my car to James for$90,000.",Tôi đã bán xe cho James với giá 90.000 đô.,A2
5QFYjqDs43g_sentence_670.wav,Do you really want to sell your house?,Anh thực sự muốn bán nhà à?,A1
5QFYjqDs43g_sentence_678.wav,Blow.,Thổi.,A1
5QFYjqDs43g_sentence_686.wav,Current.,Hiện tại.,A2
5QFYjqDs43g_sentence_688.wav,The boat is going against the current.,Con thuyền đang ngược dòng.,A2
5QFYjqDs43g_sentence_694.wav,Current,Hiện tại,A1
5QFYjqDs43g_sentence_701.wav,Task.,Nhiệm vụ.,A1
5QFYjqDs43g_sentence_723.wav,"When I was a child, I used to swim in that pond.","Khi tôi còn nhỏ, tôi thường bơi trong cái ao đó.",A2
5QFYjqDs43g_sentence_726.wav,There were a lot of people at the party.,Có rất nhiều người ở bữa tiệc.,A1
5QFYjqDs43g_sentence_727.wav,I can see some people walking across the street.,Tôi có thể thấy vài người đi bộ qua đường.,A1
5QFYjqDs43g_sentence_731.wav,Listen.,Nghe này.,A1
5QFYjqDs43g_sentence_735.wav,Listen carefully to what I say.,Hãy nghe kỹ những gì tôi nói.,A1
5QFYjqDs43g_sentence_737.wav,Do you often listen to audiobooks?,Bạn có thường nghe sách nói không?,A1
5QFYjqDs43g_sentence_744.wav,You'll feel better after a bath.,Tắm xong anh sẽ thấy khá hơn.,A1
5QFYjqDs43g_sentence_745.wav,Thought.,Nghĩ.,A1
5QFYjqDs43g_sentence_748.wav,She was lost in thought.,Cô ấy chìm trong suy nghĩ.,A2
5QFYjqDs43g_sentence_762.wav,Lonely.,Cô đơn.,A1
5QFYjqDs43g_sentence_775.wav,You won't be able to handle this job.,Anh sẽ không thể làm được việc này.,A2
5QFYjqDs43g_sentence_776.wav,How did you handle the situation?,Bạn đã xử lý tình huống như thế nào?,A1
5QFYjqDs43g_sentence_790.wav,I'm very grateful for your help.,Tôi rất biết ơn sự giúp đỡ của anh.,A1
5QFYjqDs43g_sentence_795.wav,Much.,Rất nhiều.,A1
5QFYjqDs43g_sentence_796.wav,Don't eat too much.,Không ăn quá nhiều.,A1
5QFYjqDs43g_sentence_797.wav,Thank you so much for inviting me.,Cảm ơn rất nhiều vì đã mời tôi.,A1
5QFYjqDs43g_sentence_798.wav,How much water do you need?,Bạn cần bao nhiêu nước?,A1
5QFYjqDs43g_sentence_799.wav,Police.,Cảnh sát.,A1
5QFYjqDs43g_sentence_801.wav,Get out of the house or I'll call the police.,Ra khỏi nhà nếu không tôi sẽ gọi cảnh sát.,A1
5QFYjqDs43g_sentence_808.wav,She achieved remarkable results.,Cô đã đạt được những kết quả đáng chú ý.,A2
5QFYjqDs43g_sentence_826.wav,"He is intelligent, but he lacks experience.","Anh ta thông minh, nhưng thiếu kinh nghiệm.",A2
5QFYjqDs43g_sentence_831.wav,Lack of sleep is bad for your health.,Thiếu ngủ có hại cho sức khoẻ.,A2
5QFYjqDs43g_sentence_843.wav,Aye.,Aye.,A1
5QFYjqDs43g_sentence_846.wav,I want you to keep an eye on him.,Tôi muốn anh để mắt tới hắn.,A1
5QFYjqDs43g_sentence_847.wav,You've got beautiful eyes.,Cô có đôi mắt đẹp lắm.,A1
5QFYjqDs43g_sentence_850.wav,Nurse.,Y tá.,A1
5QFYjqDs43g_sentence_852.wav,Her dream is to become a nurse.,Ước mơ của cô là trở thành một y tá.,A2
5QFYjqDs43g_sentence_854.wav,Why do you want to be a nurse?,Tại sao cô muốn làm y tá?,A1
5QFYjqDs43g_sentence_862.wav,Knife.,Dao.,A1
5QFYjqDs43g_sentence_863.wav,May I borrow your knife?,Tôi mượn dao của anh được không?,A1
5QFYjqDs43g_sentence_871.wav,Which?,Cái nào?,A2
5QFYjqDs43g_sentence_875.wav,Which way should I go?,Tôi nên đi đường nào?,A1
5QFYjqDs43g_sentence_876.wav,Can you tell me which tooth hurts?,Anh có thể nói cho tôi cái răng nào đau không?,A2
5QFYjqDs43g_sentence_891.wav,The plane is about to take off.,Máy bay sắp cất cánh rồi.,A1
5QFYjqDs43g_sentence_892.wav,Star,Sao,A1
5QFYjqDs43g_sentence_893.wav,Sirius is the brightest star in the sky.,Sirius là ngôi sao sáng nhất trên bầu trời.,A2
5QFYjqDs43g_sentence_899.wav,Who is your favorite movie star?,Ngôi sao điện ảnh yêu thích của bạn là ai?,A1
5QFYjqDs43g_sentence_903.wav,Door,Cửa,A1
5QFYjqDs43g_sentence_904.wav,The door is over there.,Cửa ở đằng kia.,A1
5QFYjqDs43g_sentence_905.wav,I'd lock the door if I were you.,"Nếu là anh, tôi sẽ khoá cửa.",A1
5QFYjqDs43g_sentence_909.wav,Dinner will be served shortly.,Bữa tối sẽ được phục vụ ngay.,A2
5QFYjqDs43g_sentence_912.wav,She arrived shortly after us.,Cô ta đến ngay sau chúng ta.,A2
5QFYjqDs43g_sentence_922.wav,Busy.,Bận rộn.,A1
5QFYjqDs43g_sentence_929.wav,I'm now very busy writing a book.,Giờ tôi đang rất bận viết sách.,A2
5QFYjqDs43g_sentence_930.wav,Why are you busy today?,Sao hôm nay anh bận vậy?,A1
5QFYjqDs43g_sentence_934.wav,I want to quit my current job.,Tôi muốn bỏ công việc hiện tại.,A1
5QFYjqDs43g_sentence_943.wav,Suddenly.,Đột nhiên.,A1
5QFYjqDs43g_sentence_948.wav,Suddenly it began to rain.,Bỗng nhiên trời bắt đầu mưa.,A1
5QFYjqDs43g_sentence_960.wav,He doesn't have the necessary skills for that task.,Anh ta không có kỹ năng cần thiết cho nhiệm vụ đó.,A2
5QFYjqDs43g_sentence_975.wav,"She has nobody to talk with, but she doesn't feel lonely.","Cô ấy không có ai để nói chuyện, nhưng cô ấy không cảm thấy cô đơn.",A2
5QFYjqDs43g_sentence_995.wav,Compare.,So sánh.,A2
5sDjW_dZj08_sentence_000.wav,Either.,Cả hai.,A2
5sDjW_dZj08_sentence_008.wav,Last.,Cuối cùng.,A1
5sDjW_dZj08_sentence_019.wav,Basic.,Cơ bản.,A1
5sDjW_dZj08_sentence_032.wav,This textbook is very basic.,Cuốn sách này rất cơ bản.,A1
5sDjW_dZj08_sentence_033.wav,My knowledge of physics is pretty basic.,Kiến thức vật lý của tôi khá là cơ bản.,A2
5sDjW_dZj08_sentence_034.wav,Mine.,Của tôi.,A1
5sDjW_dZj08_sentence_035.wav,I changed my mind.,Tôi đã đổi ý.,A1
5sDjW_dZj08_sentence_044.wav,I've never been so embarrassed in my life.,Tôi chưa bao giờ xấu hổ như vậy trong đời.,A1
5sDjW_dZj08_sentence_053.wav,Goal.,Mục tiêu.,A1
5sDjW_dZj08_sentence_054.wav,That's cool.,Thật tuyệt.,A1
5sDjW_dZj08_sentence_056.wav,It's getting cool outside.,Bên ngoài trời đang mát mẻ.,A1
5sDjW_dZj08_sentence_061.wav,Anxious.,Lo lắng.,A1
5sDjW_dZj08_sentence_066.wav,He seems anxious about the meeting.,Anh ta có vẻ lo lắng về cuộc họp.,A2
5sDjW_dZj08_sentence_067.wav,My mother is anxious about my future.,Mẹ tôi lo lắng cho tương lai của tôi.,A2
5sDjW_dZj08_sentence_071.wav,We are anxious about your health.,Chúng tôi lo lắng cho sức khoẻ của anh.,A2
5sDjW_dZj08_sentence_072.wav,Report.,Báo cáo.,A1
5sDjW_dZj08_sentence_073.wav,We live in a beautiful port city.,Chúng ta sống ở một thành phố cảng xinh đẹp.,A2
5sDjW_dZj08_sentence_082.wav,I have a surprise for you.,Tôi có một bất ngờ cho anh.,A1
5sDjW_dZj08_sentence_086.wav,We have a test tomorrow.,Ngày mai chúng ta có bài kiểm tra.,A1
5sDjW_dZj08_sentence_087.wav,Amount.,Số tiền.,A2
5sDjW_dZj08_sentence_099.wav,No amount of money can make up for their loss.,Không có tiền nào bù đắp được tổn thất của họ.,A2
5sDjW_dZj08_sentence_1000.wav,Despite,Mặc dù,A2
5sDjW_dZj08_sentence_1010.wav,He refused to quit despite many obstacles.,Ông từ chối bỏ cuộc bất chấp nhiều trở ngại.,A2
5sDjW_dZj08_sentence_1011.wav,View.,Xem.,A1
5sDjW_dZj08_sentence_1019.wav,World.,Thế giới.,A1
5sDjW_dZj08_sentence_102.wav,Which direction is south?,Hướng nào là hướng nam?,A2
5sDjW_dZj08_sentence_1024.wav,World,Thế giới,A1
5sDjW_dZj08_sentence_104.wav,South,Nam,A1
5sDjW_dZj08_sentence_106.wav,The birds fly south in the winter.,Chim bay về phía nam vào mùa đông.,A2
5sDjW_dZj08_sentence_110.wav,Can you print it out for me?,Cô in ra được không?,A1
5sDjW_dZj08_sentence_113.wav,Print.,In.,A1
5sDjW_dZj08_sentence_115.wav,This book was printed in 2014.,Cuốn sách này được in vào năm 2014.,A2
5sDjW_dZj08_sentence_120.wav,Each card is printed with a different message.,Mỗi thẻ được in với một thông điệp khác nhau.,A2
5sDjW_dZj08_sentence_122.wav,What are you doing here? she said with a tone of surprise.,""" anh làm gì ở đây? "" con bé hỏi với một giọng ngạc nhiên.",A2
5sDjW_dZj08_sentence_133.wav,Level,Mức,A2
5sDjW_dZj08_sentence_138.wav,Soil,Đất,A2
5sDjW_dZj08_sentence_152.wav,Practice.,Luyện tập.,A1
5sDjW_dZj08_sentence_155.wav,He practices yoga daily.,Anh ấy tập yoga hàng ngày.,A2
5sDjW_dZj08_sentence_161.wav,You need to put your ideas into practice.,Bạn cần phải thực hành ý tưởng của mình.,A1
5sDjW_dZj08_sentence_167.wav,Schedule,Lịch trình,A2
5sDjW_dZj08_sentence_169.wav,I have a flexible schedule so I can meet you at any time.,Tôi có lịch làm việc linh hoạt nên có thể gặp anh bất cứ lúc nào.,A2
5sDjW_dZj08_sentence_185.wav,Do you prefer pork or beef? I don't like either.,Anh thích thịt lợn hay thịt bò?,A2
5sDjW_dZj08_sentence_190.wav,Impressive.,Ấn tượng.,A1
5sDjW_dZj08_sentence_195.wav,I think it's very impressive.,Tôi nghĩ nó rất ấn tượng.,A1
5sDjW_dZj08_sentence_198.wav,Running.,Chạy.,A1
5sDjW_dZj08_sentence_215.wav,He is embarrassed by his son's behavior.,Ông xấu hổ bởi hành vi của con trai mình.,A2
5sDjW_dZj08_sentence_224.wav,The service was excellent in every aspect.,Dịch vụ rất tuyệt vời trong mọi khía cạnh.,A2
5sDjW_dZj08_sentence_255.wav,It seems that I could never catch up with you.,Có vẻ như tôi không bao giờ đuổi kịp anh.,A2
5sDjW_dZj08_sentence_256.wav,Quickly.,Nhanh lên.,A1
5sDjW_dZj08_sentence_274.wav,Speed.,Tốc độ.,A1
5sDjW_dZj08_sentence_275.wav,Don't go over the speed limit.,Đừng chạy quá tốc độ cho phép.,A1
5sDjW_dZj08_sentence_279.wav,Grass.,Cỏ.,A1
5sDjW_dZj08_sentence_287.wav,My dog often lies on the grass.,Con chó của tôi thường nằm trên cỏ.,A2
5sDjW_dZj08_sentence_296.wav,I advise her to catch a morning train.,Tôi khuyên cô ấy nên đi tàu sáng.,A2
5sDjW_dZj08_sentence_312.wav,Picture.,Hình ảnh.,A1
5sDjW_dZj08_sentence_317.wav,Could you please take a picture of us?,Anh chụp cho tôi một tấm được không?,A1
5sDjW_dZj08_sentence_319.wav,Secret.,Bí mật.,A1
5sDjW_dZj08_sentence_334.wav,He is a lawyer.,Anh ấy là luật sư.,A1
5sDjW_dZj08_sentence_346.wav,"Our focus is on quality, not quantity.","Chúng ta tập trung vào chất lượng, không phải số lượng.",B1
5sDjW_dZj08_sentence_364.wav,Overcome.,Vượt qua.,A1
5sDjW_dZj08_sentence_376.wav,I'd like to make a statement.,Tôi muốn có một tuyên bố.,A1
5sDjW_dZj08_sentence_383.wav,Full.,Trọn vẹn.,A1
5sDjW_dZj08_sentence_403.wav,He gave an impressive presentation.,Ông đã có một bài thuyết trình ấn tượng.,A1
5sDjW_dZj08_sentence_405.wav,Live.,Sống.,A1
5sDjW_dZj08_sentence_406.wav,I can't live without you.,Anh không thể sống thiếu em.,A1
5sDjW_dZj08_sentence_412.wav,Run.,Chạy.,A1
5sDjW_dZj08_sentence_413.wav,Run as fast as you can.,Chạy nhanh hết sức có thể.,A1
5sDjW_dZj08_sentence_417.wav,We've run out of water.,Chúng ta hết nước rồi.,A1
5sDjW_dZj08_sentence_426.wav,Sensitive.,Nhạy cảm.,A2
5sDjW_dZj08_sentence_437.wav,"But he was sick, but still walked to school. I liked that movie, but he didn't. Original.","Nhưng anh ta bị bệnh, nhưng vẫn đi bộ đến trường.",A2
5sDjW_dZj08_sentence_438.wav,This is an exact copy of the original.,Đây là một bản sao chính xác của bản gốc.,A1
5sDjW_dZj08_sentence_446.wav,Artist,Nghệ sĩ,A2
5sDjW_dZj08_sentence_449.wav,Whoever made this cake is a real artist.,Dù ai làm cái bánh này cũng là một nghệ sĩ thực thụ.,A2
5sDjW_dZj08_sentence_450.wav,He is a talented artist.,Anh ấy là một nghệ sĩ tài năng.,A1
5sDjW_dZj08_sentence_454.wav,Where do you have pain?,Anh bị đau ở đâu?,A1
5sDjW_dZj08_sentence_487.wav,Please keep off the grass.,Xin đừng có chạy trên cỏ.,A1
5sDjW_dZj08_sentence_495.wav,Provide.,Cung cấp.,A1
5sDjW_dZj08_sentence_498.wav,We are here to provide a service for the public.,Chúng tôi ở đây để cung cấp dịch vụ cho công chúng.,A2
5sDjW_dZj08_sentence_504.wav,He has a large family to provide for.,Anh ta có một gia đình lớn để chu cấp.,A2
5sDjW_dZj08_sentence_522.wav,We have to overcome many difficulties.,Chúng ta phải vượt qua nhiều khó khăn.,A2
5sDjW_dZj08_sentence_529.wav,Full,Đầy đủ,A1
5sDjW_dZj08_sentence_538.wav,That book is full of mistakes.,Cuốn sách đó đầy những sai lầm.,A1
5sDjW_dZj08_sentence_546.wav,She is a well-known tattoo artist.,Cô là một nghệ sĩ xăm hình nổi tiếng.,A2
5sDjW_dZj08_sentence_551.wav,herself.,Bạn có thể tự mình làm điều này.,A1
5sDjW_dZj08_sentence_555.wav,She is proud of herself for finishing college.,Cô tự hào về bản thân vì đã học xong đại học.,A1
5sDjW_dZj08_sentence_556.wav,She tried it herself.,Cô ấy đã tự thử.,A1
5sDjW_dZj08_sentence_558.wav,Page,Trang,A2
5sDjW_dZj08_sentence_559.wav,Please refer to page twelve.,Xin hãy xem trang 12.,A2
5sDjW_dZj08_sentence_563.wav,They're flat.,Chúng phẳng.,A1
5sDjW_dZj08_sentence_566.wav,Flat.,Phẳng.,A2
5sDjW_dZj08_sentence_587.wav,Stare.,Nhìn chằm chằm.,A1
5sDjW_dZj08_sentence_593.wav,It's rude to stare at others.,Nhìn chằm chằm vào người khác là bất lịch sự.,A2
5sDjW_dZj08_sentence_598.wav,Tell,Nói,A1
5sDjW_dZj08_sentence_603.wav,Tell me what happened.,Nói cho tôi biết chuyện gì đã xảy ra.,A1
5sDjW_dZj08_sentence_609.wav,Ship.,Tàu.,A1
5sDjW_dZj08_sentence_613.wav,Who owns this ship?,Ai sở hữu con tàu này?,A2
5sDjW_dZj08_sentence_621.wav,We need accommodation for seven adults and two children.,Chúng ta cần chỗ ở cho 7 người lớn và 2 trẻ em.,A2
5sDjW_dZj08_sentence_622.wav,Accommodation.,Điều kiện ăn ở.,A2
5sDjW_dZj08_sentence_629.wav,Could you drive more slowly?,Anh lái chậm hơn được không?,A1
5sDjW_dZj08_sentence_631.wav,Courage.,Can đảm.,A1
5sDjW_dZj08_sentence_634.wav,courage.,Hãy dũng cảm lên.,A1
5sDjW_dZj08_sentence_636.wav,What you need the most now is courage.,Điều anh cần nhất bây giờ là lòng can đảm.,A2
5sDjW_dZj08_sentence_644.wav,I have some powerful friends who can help you.,Tôi có vài người bạn quyền lực có thể giúp anh.,A1
5sDjW_dZj08_sentence_659.wav,Where's the entrance?,Lối vào ở đâu?,A1
5sDjW_dZj08_sentence_661.wav,We are supposed to take off our shoes at the entrance.,Chúng ta phải cởi giày ra ở lối vào.,A2
5sDjW_dZj08_sentence_667.wav,How much is the entrance fee?,Phí vào cửa bao nhiêu?,A2
5sDjW_dZj08_sentence_669.wav,Pass.,Qua.,A1
5sDjW_dZj08_sentence_673.wav,I finally passed that test.,Cuối cùng tôi cũng vượt qua bài kiểm tra đó.,A1
5sDjW_dZj08_sentence_679.wav,Requirement,Yêu cầu,A2
5sDjW_dZj08_sentence_680.wav,"We're sorry, we cannot meet your requirements.","Chúng tôi xin lỗi, chúng tôi không thể đáp ứng yêu cầu của ông.",A2
5sDjW_dZj08_sentence_684.wav,What are your specific requirements?,Yêu cầu cụ thể của bạn là gì?,A1
5sDjW_dZj08_sentence_687.wav,Adults,Người lớn,A1
5sDjW_dZj08_sentence_696.wav,That child talks as if he were an adult.,Đứa trẻ đó nói chuyện như thể nó là người lớn.,A2
5sDjW_dZj08_sentence_698.wav,Effectively.,Hiệu quả.,A2
5sDjW_dZj08_sentence_706.wav,It's important to communicate effectively with others.,Giao tiếp hiệu quả với người khác là điều quan trọng.,A2
5sDjW_dZj08_sentence_707.wav,Many.,Rất nhiều.,A1
5sDjW_dZj08_sentence_708.wav,Do you have many friends?,Anh có nhiều bạn không?,A1
5sDjW_dZj08_sentence_709.wav,How many kids do you have?,Anh có bao nhiêu đứa con?,A1
5sDjW_dZj08_sentence_710.wav,There are many problems to solve.,Có rất nhiều vấn đề cần giải quyết.,A1
5sDjW_dZj08_sentence_714.wav,Two.,Hai.,A1
5sDjW_dZj08_sentence_718.wav,What do you plan report?,Anh định báo cáo gì?,A1
5sDjW_dZj08_sentence_721.wav,I will send you a progress report next week.,Tuần sau tôi sẽ gửi báo cáo tiến độ cho anh.,A2
5sDjW_dZj08_sentence_730.wav,The rear tire of my bicycle is flat.,Lốp xe sau của xe đạp của tôi bị xẹp.,A2
5sDjW_dZj08_sentence_737.wav,How much do you charge to fix a flat tire?,Anh tính bao nhiêu để sửa lốp xe bị xẹp?,A2
5sDjW_dZj08_sentence_738.wav,Although,Mặc dù,A2
5sDjW_dZj08_sentence_742.wav,the entrance fee.,phí vào cửa.,A1
5sDjW_dZj08_sentence_748.wav,Entrance,Lối vào,A1
5sDjW_dZj08_sentence_755.wav,BREAKFAST What time do you usually have breakfast?,BREAKFAST Bạn thường ăn sáng lúc mấy giờ?,A1
5sDjW_dZj08_sentence_757.wav,She never eats much breakfast.,Cô ấy không bao giờ ăn sáng nhiều.,A1
5sDjW_dZj08_sentence_759.wav,What time do you usually have breakfast?,Anh thường ăn sáng lúc mấy giờ?,A1
5sDjW_dZj08_sentence_760.wav,Have you finished breakfast yet?,Ăn sáng xong chưa?,A1
5sDjW_dZj08_sentence_763.wav,Tax,Thuế,A1
5sDjW_dZj08_sentence_764.wav,How much is it including insurance and tax?,Bao nhiêu tiền bao gồm cả bảo hiểm và thuế?,A2
5sDjW_dZj08_sentence_774.wav,Shirt.,Áo.,A1
5sDjW_dZj08_sentence_776.wav,I like that short-sleeved shirt.,Tôi thích cái áo sơ mi ngắn tay đó.,A1
5sDjW_dZj08_sentence_777.wav,I told you I hated that shirt.,Tôi đã nói là tôi ghét cái áo đó.,A1
5sDjW_dZj08_sentence_779.wav,Do you understand what I'm saying?,Anh có hiểu tôi nói gì không?,A1
5sDjW_dZj08_sentence_782.wav,career.,Bạn có thể tìm hiểu thêm về các loại thuốc này.,A2
5sDjW_dZj08_sentence_785.wav,Korea,Hàn QuốcName,A1
5sDjW_dZj08_sentence_797.wav,I despise.,Tôi khinh thường.,A2
5sDjW_dZj08_sentence_812.wav,Usually,Thông thường,A2
5sDjW_dZj08_sentence_816.wav,She usually gets up early.,Cô ấy thường dậy sớm.,A1
5sDjW_dZj08_sentence_817.wav,He usually goes to school on foot.,Nó thường đi bộ đến trường.,A2
5sDjW_dZj08_sentence_819.wav,Owner,Người sở hữu,A2
5sDjW_dZj08_sentence_823.wav,owner,chủ sở hữu,A2
5sDjW_dZj08_sentence_830.wav,Ugly.,Xấu xí.,A1
5sDjW_dZj08_sentence_855.wav,They have been living together for eight years.,Họ đã sống chung với nhau tám năm.,A2
5sDjW_dZj08_sentence_859.wav,Forgive.,Tha thứ.,A1
5sDjW_dZj08_sentence_870.wav,Voice,Giọng nói,A1
5sDjW_dZj08_sentence_874.wav,I am happy to hear your voice.,Tôi rất vui khi nghe giọng anh.,A1
5sDjW_dZj08_sentence_889.wav,Beyond,Ngoài,A2
5sDjW_dZj08_sentence_890.wav,The sea is beyond the hill.,Biển ở phía bên kia ngọn đồi.,A2
5sDjW_dZj08_sentence_897.wav,Science,Khoa học,A1
5sDjW_dZj08_sentence_902.wav,Successful.,Thành công.,A1
5sDjW_dZj08_sentence_908.wav,The experiment was successful.,Thí nghiệm đã thành công.,A1
5sDjW_dZj08_sentence_909.wav,Sincerely,Kính thư,A1
5sDjW_dZj08_sentence_928.wav,Suitable.,Thích hợp.,A2
5sDjW_dZj08_sentence_929.wav,Please note that this program is not suitable for children.,Lưu ý rằng chương trình này không phù hợp với trẻ em.,A2
5sDjW_dZj08_sentence_933.wav,I'm looking for a suitable job.,Tôi đang tìm một công việc phù hợp.,A2
5sDjW_dZj08_sentence_935.wav,Apply.,Áp dụng.,A1
5sDjW_dZj08_sentence_948.wav,This rule applies to all cases.,Quy tắc này áp dụng cho mọi trường hợp.,A2
5sDjW_dZj08_sentence_952.wav,Winter,Mùa đông,A2
5sDjW_dZj08_sentence_956.wav,Her favourite season is the winter.,Mùa yêu thích của nó là mùa đông.,A2
5sDjW_dZj08_sentence_961.wav,Expert.,Chuyên gia.,A1
5sDjW_dZj08_sentence_969.wav,You need to show the interviewers your career objectives.,Bạn cần cho người phỏng vấn thấy mục tiêu nghề nghiệp của bạn.,A2
5sDjW_dZj08_sentence_973.wav,He realized that his acting career was over.,Anh nhận ra rằng sự nghiệp diễn xuất của mình đã kết thúc.,A2
5sDjW_dZj08_sentence_981.wav,As f absolutely.,Như f hoàn toàn.,A2
5sDjW_dZj08_sentence_993.wav,Year.,Năm.,A2
5sDjW_dZj08_sentence_999.wav,She visits him twice a year.,Cô ấy đến thăm anh ta hai lần một năm.,A2
6rHcPgYkDpE_sentence_001.wav,"The program is designed to reform prisoners. She thought she could reform him, but she was wrong.",Chương trình được thiết kế để cải tạo tù nhân. nhưng cô đã sai.,A2
6rHcPgYkDpE_sentence_024.wav,She stared at him with hatred in her eyes.,Nàng nhìn anh với ánh mắt căm ghét.,A2
6rHcPgYkDpE_sentence_035.wav,It is bad manners to talk with your mouth full.,Nói chuyện khi đang đầy bụng là không lịch sự.,A2
6rHcPgYkDpE_sentence_037.wav,Convert.,Chuyển đổi.,A2
6rHcPgYkDpE_sentence_043.wav,We just finished converting one of our bedrooms in our house into a playroom for the children.,Chúng tôi vừa hoàn thành việc chuyển đổi một trong những phòng ngủ trong nhà thành một phòng chơi cho trẻ em.,A2
6rHcPgYkDpE_sentence_056.wav,Confusion.,Sự nhầm lẫn.,A2
6rHcPgYkDpE_sentence_071.wav,Definite.,Chắc chắn rồi.,A2
6rHcPgYkDpE_sentence_072.wav,Give me a definite answer.,Cho tôi một câu trả lời rõ ràng.,A1
6rHcPgYkDpE_sentence_078.wav,Mild.,Nhẹ.,A1
6rHcPgYkDpE_sentence_108.wav,Accuse,Buộc tội,A1
6rHcPgYkDpE_sentence_116.wav,Accuse.,Buộc tội.,A1
6rHcPgYkDpE_sentence_123.wav,Briefly.,Ngắn gọn.,A2
6rHcPgYkDpE_sentence_144.wav,Horn,Kèn,A1
6rHcPgYkDpE_sentence_153.wav,capable.,Có khả năng.,A1
6rHcPgYkDpE_sentence_171.wav,Rapid.,Nhanh chóng.,A1
6rHcPgYkDpE_sentence_190.wav,State.,Bang.,A1
6rHcPgYkDpE_sentence_194.wav,She was in a state of shock.,Cô ấy đã bị sốc.,A2
6rHcPgYkDpE_sentence_203.wav,Don't expose it to the rain.,Đừng để nó tiếp xúc với mưa.,A2
6rHcPgYkDpE_sentence_207.wav,Please pardon the interruption.,Xin thứ lỗi vì đã làm phiền.,A1
6rHcPgYkDpE_sentence_215.wav,I was annoyed at the interruption.,Tôi thấy khó chịu vì bị gián đoạn.,A2
6rHcPgYkDpE_sentence_239.wav,She follows all the latest trends in fashion.,Cô ấy theo đuổi tất cả các xu hướng mới nhất trong thời trang.,A2
6rHcPgYkDpE_sentence_241.wav,Rival,Đối tượng cạnh tranh,A2
6rHcPgYkDpE_sentence_254.wav,Swear.,Hãy thề.,A1
6rHcPgYkDpE_sentence_255.wav,I swear I don't know anything.,Tôi thề là tôi không biết gì hết.,A1
6rHcPgYkDpE_sentence_263.wav,I swear I'm telling the truth.,Tôi thề là tôi nói thật.,A1
6rHcPgYkDpE_sentence_265.wav,Previously.,Trước đây.,A2
6rHcPgYkDpE_sentence_267.wav,"Previously, I worked at a bank.","Trước đây, tôi làm việc tại một ngân hàng.",A2
6rHcPgYkDpE_sentence_268.wav,"Previously, people believed the Earth was flat.","Trước đây, người ta tin rằng Trái đất phẳng.",A2
6rHcPgYkDpE_sentence_270.wav,Outdoors.,Ở ngoài trời.,A2
6rHcPgYkDpE_sentence_273.wav,Concentrate.,Tập trung.,A1
6rHcPgYkDpE_sentence_274.wav,Please concentrate on your work.,Hãy tập trung vào công việc của anh.,A1
6rHcPgYkDpE_sentence_276.wav,Turn off the television.,Tắt tivi.,A1
6rHcPgYkDpE_sentence_277.wav,I can't concentrate.,Tôi không thể tập trung.,A1
6rHcPgYkDpE_sentence_280.wav,You should concentrate on one thing and learn to do it well.,Bạn nên tập trung vào một việc và học cách làm tốt nó.,A2
6rHcPgYkDpE_sentence_290.wav,Steadily,Tiến triển đều,A1
6rHcPgYkDpE_sentence_297.wav,"Roughly translated, it means hurry up.","Nói đại khái là, nhanh lên.",A2
6rHcPgYkDpE_sentence_314.wav,We got stuck in traffic.,Chúng tôi bị kẹt xe.,A2
6rHcPgYkDpE_sentence_316.wav,Stick.,Que.,A1
6rHcPgYkDpE_sentence_321.wav,Tomato.,Cà chua.,A1
6rHcPgYkDpE_sentence_322.wav,Tomato is good for your skin.,Cà chua tốt cho da.,A2
6rHcPgYkDpE_sentence_326.wav,What's the best fertilizer for tomatoes?,Phân bón tốt nhất cho cà chua là gì?,A2
6rHcPgYkDpE_sentence_336.wav,Rap.,Rap.,A1
6rHcPgYkDpE_sentence_355.wav,Expose.,Xuất hiện.,A1
6rHcPgYkDpE_sentence_374.wav,Trend,Xu,A2
6rHcPgYkDpE_sentence_391.wav,That noise is very annoying.,Tiếng ồn đó rất khó chịu.,A1
6rHcPgYkDpE_sentence_394.wav,Annoying.,Phiền phức.,A2
6rHcPgYkDpE_sentence_439.wav,Contrast.,Tương phản.,B1
6rHcPgYkDpE_sentence_443.wav,There was a contrast between light and dark.,Có một sự tương phản giữa sáng và tối.,B1
6rHcPgYkDpE_sentence_444.wav,His actions contrast with his words.,Hành động của anh ta tương phản với lời nói của anh ta.,A2
6rHcPgYkDpE_sentence_455.wav,Generate.,Tạo ra.,A2
6rHcPgYkDpE_sentence_459.wav,We hope to generate some new ideas at the meeting.,Chúng tôi hy vọng sẽ tạo ra một số ý tưởng mới tại cuộc họp.,A2
6rHcPgYkDpE_sentence_460.wav,Stock.,Dự trữ.,A1
6rHcPgYkDpE_sentence_462.wav,"Unfortunately, this book is currently out of stock.","Thật không may, cuốn sách này hiện đang hết hàng.",A2
6rHcPgYkDpE_sentence_465.wav,Jam.,Jam.,A1
6rHcPgYkDpE_sentence_484.wav,Abuse.,Bạo hành.,A2
6rHcPgYkDpE_sentence_492.wav,Many children have been sexually abused.,Nhiều trẻ em đã bị lạm dụng tình dục.,A1
6rHcPgYkDpE_sentence_495.wav,Seek.,Tìm kiếm.,A1
6rHcPgYkDpE_sentence_496.wav,I am seeking a job.,Tôi đang tìm việc làm.,A1
6rHcPgYkDpE_sentence_503.wav,Menu,Trình đơn,A1
6rHcPgYkDpE_sentence_504.wav,"May I have the menu, please?",Cho tôi thực đơn được không?,A2
6rHcPgYkDpE_sentence_505.wav,What's on the menu tonight?,Tối nay có món gì?,A1
6rHcPgYkDpE_sentence_506.wav,Is there anything new on the menu?,Có món gì mới trong thực đơn không?,A1
6rHcPgYkDpE_sentence_523.wav,Till,Till,A2
6rHcPgYkDpE_sentence_541.wav,I forgot to stick a stamp on the envelope.,Tôi quên dán tem lên phong bì.,A2
6rHcPgYkDpE_sentence_549.wav,He glanced up briefly as Connie walked in. She told them briefly what happened.,- Mày có biết là tao không dám nói với mày về vụ này không?,A2
6rHcPgYkDpE_sentence_557.wav,Roughly,Đại khái,A1
6rHcPgYkDpE_sentence_565.wav,Onion,Hành tâyName,A1
6rHcPgYkDpE_sentence_566.wav,I cannot eat onions.,Tôi không thể ăn hành.,A1
6rHcPgYkDpE_sentence_567.wav,I can't stand the smell of onions.,Tôi không thể chịu được mùi hành.,A2
6rHcPgYkDpE_sentence_573.wav,Viruses are much smaller than bacteria.,Virus nhỏ hơn nhiều so với vi khuẩn.,A2
6rHcPgYkDpE_sentence_574.wav,It seems that the computer was infected by a virus.,Có vẻ như máy tính đã bị nhiễm virus.,A2
6rHcPgYkDpE_sentence_581.wav,The rumor has no foundation.,Tin đồn không có cơ sở.,A2
6rHcPgYkDpE_sentence_586.wav,Twin,Đôi,A1
6rHcPgYkDpE_sentence_588.wav,Do you have a twin sister?,Cô có chị em sinh đôi không?,A1
6rHcPgYkDpE_sentence_590.wav,Should I have a fancy fish?,Tôi có nên ăn một con cá ngon không?,A1
6rHcPgYkDpE_sentence_591.wav,What I want you to do now is to paint the fence.,Điều tôi muốn anh làm bây giờ là sơn hàng rào.,A2
6rHcPgYkDpE_sentence_593.wav,He threw a ball over the fence.,Anh ta ném bóng qua hàng rào.,A1
6rHcPgYkDpE_sentence_595.wav,Two children are sitting on the fence.,Hai đứa trẻ đang ngồi trên hàng rào.,A1
6rHcPgYkDpE_sentence_597.wav,Slope.,Dốc.,A2
6rHcPgYkDpE_sentence_602.wav,It's a slippery slope.,Đó là một con dốc trơn trượt.,A2
6rHcPgYkDpE_sentence_609.wav,This machine generates electricity.,Cỗ máy này tạo ra điện.,A2
6rHcPgYkDpE_sentence_624.wav,The two teams have been longtime rivals.,Hai đội đã là đối thủ lâu năm.,A2
6rHcPgYkDpE_sentence_639.wav,Unemployment.,Thất nghiệp.,A2
6rHcPgYkDpE_sentence_642.wav,Unemployment,Thất nghiệp,A2
6rHcPgYkDpE_sentence_678.wav,Everything was in confusion.,Mọi thứ đều rối tung.,A2
6rHcPgYkDpE_sentence_680.wav,I can understand your confusion.,Tôi có thể hiểu sự bối rối của anh.,A1
6rHcPgYkDpE_sentence_683.wav,"To avoid confusion, the teams wore different colors.","Để tránh nhầm lẫn, các đội mặc màu sắc khác nhau.",A2
6rHcPgYkDpE_sentence_736.wav,I quickly adapted myself to my new school.,Tôi nhanh chóng thích nghi với ngôi trường mới.,A2
6rHcPgYkDpE_sentence_738.wav,Adapt.,Thích nghi.,A1
6rHcPgYkDpE_sentence_793.wav,She abused her friend's trust.,Cô ta đã lạm dụng lòng tin của bạn mình.,A2
6rHcPgYkDpE_sentence_802.wav,Publishing.,Xuất bản.,A2
6rHcPgYkDpE_sentence_804.wav,Her sister works for a well-known publishing company.,Chị gái cô làm việc cho một công ty xuất bản nổi tiếng.,A2
6rHcPgYkDpE_sentence_810.wav,Acquire.,Tìm kiếm.,A2
6rHcPgYkDpE_sentence_812.wav,How long will it take to acquire the necessary skills?,Mất bao lâu để có được những kỹ năng cần thiết?,A2
6rHcPgYkDpE_sentence_817.wav,They acquired a large fortune.,Họ đã có được một gia tài lớn.,A2
6rHcPgYkDpE_sentence_821.wav,Spirit,Linh hồnName,A1
6rHcPgYkDpE_sentence_832.wav,According to,Theo,A2
6rHcPgYkDpE_sentence_840.wav,"According to the weather forecast, it will rain tomorrow.","Theo dự báo thời tiết, ngày mai trời sẽ mưa.",A2
6rHcPgYkDpE_sentence_856.wav,Seal,Đóng kín,A1
6rHcPgYkDpE_sentence_878.wav,Ambulance.,Xe cứu thương.,A1
6rHcPgYkDpE_sentence_879.wav,Do you want me to call an ambulance?,Anh có muốn tôi gọi cấp cứu không?,A1
6rHcPgYkDpE_sentence_882.wav,She died before the ambulance arrived.,Cô ấy chết trước khi xe cứu thương đến.,A2
6rHcPgYkDpE_sentence_945.wav,Urban,Đô thị,A1
6rHcPgYkDpE_sentence_955.wav,We were caught in a traffic jam on the way home.,Chúng tôi bị kẹt xe trên đường về nhà.,A2
6rHcPgYkDpE_sentence_956.wav,Do you know how to make strawberry jam?,Anh có biết làm mứt dâu tây không?,A1
6rHcPgYkDpE_sentence_957.wav,Jam,Jam,A1
73xazK1Llhw_sentence_003.wav,Broadly.,Nói chung.,A2
73xazK1Llhw_sentence_031.wav,Health is our most precious possession.,Sức khoẻ là tài sản quý giá nhất của chúng ta.,A2
73xazK1Llhw_sentence_035.wav,The two towns are separated by a river.,Hai thị trấn được ngăn cách bởi một con sông.,A2
73xazK1Llhw_sentence_079.wav,She scrubbed the kitchen floor with a brush.,Cô dùng bàn chải cọ sàn nhà bếp.,A2
73xazK1Llhw_sentence_108.wav,Steady.,Bình tĩnh.,A1
73xazK1Llhw_sentence_110.wav,He finally has a steady job.,Cuối cùng anh ấy cũng có một công việc ổn định.,A1
73xazK1Llhw_sentence_114.wav,We are making slow but steady progress.,Chúng ta đang tiến triển chậm nhưng đều đặn.,A2
73xazK1Llhw_sentence_132.wav,Earthquakes and floods are natural disasters.,Động đất và lũ lụt là thiên tai.,A2
73xazK1Llhw_sentence_148.wav,Annoyed.,Bực mình.,A1
73xazK1Llhw_sentence_169.wav,Interpret.,Biên dịch.,A2
73xazK1Llhw_sentence_201.wav,Apart.,Ngoài.,A1
73xazK1Llhw_sentence_214.wav,Possession,Chiếm hữu,A1
73xazK1Llhw_sentence_233.wav,A fair,Hội chợ,A1
73xazK1Llhw_sentence_255.wav,Yan,Yan,A2
73xazK1Llhw_sentence_258.wav,"It's very late, unimportant.","Muộn rồi, không quan trọng.",B1
73xazK1Llhw_sentence_259.wav,"Relatively speaking, this matter is unimportant.","Nói một cách tương đối, vấn đề này không quan trọng.",B2
73xazK1Llhw_sentence_261.wav,Unimportant.,Không quan trọng.,B2
73xazK1Llhw_sentence_265.wav,Don't worry too much about unimportant things.,Đừng lo lắng quá nhiều về những điều không quan trọng.,A2
73xazK1Llhw_sentence_266.wav,Understanding.,Hiểu.,A2
73xazK1Llhw_sentence_269.wav,She has a full understanding of the subject.,Cô ấy hiểu rõ về chủ đề này.,A2
73xazK1Llhw_sentence_352.wav,Brush your teeth after each meal.,Đánh răng sau mỗi bữa ăn.,A1
73xazK1Llhw_sentence_366.wav,Maintain.,Bảo trì.,A1
73xazK1Llhw_sentence_371.wav,Chemistry.,Hóa học.,A1
73xazK1Llhw_sentence_373.wav,Are you studying chemistry?,Bạn đang học hoá học?,A1
73xazK1Llhw_sentence_375.wav,"When I was at high school, one of my favorite subjects is chemistry.","Khi tôi học trung học, một trong những môn học yêu thích của tôi là hóa học.",A2
73xazK1Llhw_sentence_385.wav,He was permanently banned from the store.,Anh ta bị cấm vĩnh viễn khỏi cửa hàng.,A2
73xazK1Llhw_sentence_409.wav,How is the climate in your country?,Khí hậu ở đất nước bạn thế nào?,A2
73xazK1Llhw_sentence_428.wav,Cream.,Kem.,A1
73xazK1Llhw_sentence_448.wav,This is an unusual situation.,Đây là một tình huống bất thường.,A2
73xazK1Llhw_sentence_450.wav,Delicate.,Mỏng manh.,A2
73xazK1Llhw_sentence_455.wav,That's a delicate problem.,Đó là một vấn đề tế nhị.,A2
73xazK1Llhw_sentence_461.wav,Surprising.,Thật ngạc nhiên.,A2
73xazK1Llhw_sentence_472.wav,Computer,Máy tính,A1
73xazK1Llhw_sentence_473.wav,He likes playing computer games.,Nó thích chơi trò chơi điện tử.,A1
73xazK1Llhw_sentence_474.wav,My father rewarded sewing.,Cha tôi thưởng cho việc may vá.,A2
73xazK1Llhw_sentence_475.wav,She enjoys knitting and sewing.,Cô thích đan và may.,A1
73xazK1Llhw_sentence_476.wav,I am very good at sewing.,Tôi may vá giỏi lắm.,A2
73xazK1Llhw_sentence_477.wav,I bought a new sewing machine.,Tôi mua một cái máy may mới.,A1
73xazK1Llhw_sentence_478.wav,Shelf.,Shelf.,A1
73xazK1Llhw_sentence_504.wav,Expectation.,Kỳ vọng.,A2
73xazK1Llhw_sentence_510.wav,The results were contrary to our expectation.,Kết quả trái với mong đợi của chúng tôi.,B1
73xazK1Llhw_sentence_511.wav,Devote it.,Hãy dâng nó.,A1
73xazK1Llhw_sentence_516.wav,He is a devoted husband.,Anh ấy là một người chồng tận tuỵ.,A2
73xazK1Llhw_sentence_560.wav,She decided to settle permanently in France.,Bà quyết định định cư vĩnh viễn ở Pháp.,A2
73xazK1Llhw_sentence_573.wav,I don't want to be involved in this affair.,Tôi không muốn dính vào vụ này.,A2
73xazK1Llhw_sentence_597.wav,Put this book back on the shelf.,Đặt cuốn sách này lên kệ đi.,A1
73xazK1Llhw_sentence_598.wav,Can you reach the top shelf?,Anh có thể với tới kệ trên cùng không?,A1
73xazK1Llhw_sentence_599.wav,There's a dictionary on that shelf.,Có một cuốn từ điển trên kệ.,A1
73xazK1Llhw_sentence_609.wav,It's not surprising that he doesn't want to go.,Không ngạc nhiên khi anh ta không muốn đi.,A2
73xazK1Llhw_sentence_620.wav,I will try to live up to your expectations.,Tôi sẽ cố gắng sống theo mong đợi của bạn.,A2
73xazK1Llhw_sentence_625.wav,Disaster,Thảm họa,A1
73xazK1Llhw_sentence_640.wav,There is only one interpretation for this sentence.,Chỉ có một cách diễn giải cho câu này.,A2
73xazK1Llhw_sentence_695.wav,She's devoted to her family.,Cô ấy tận tâm với gia đình.,A1
73xazK1Llhw_sentence_716.wav,Representative.,Đại diện.,A2
73xazK1Llhw_sentence_804.wav,Qualified.,Đạt yêu cầu.,A2
73xazK1Llhw_sentence_828.wav,He's been separated from his wife for a year.,Anh ta đã ly thân với vợ một năm.,A2
73xazK1Llhw_sentence_845.wav,Brush your teeth after each meal. She scrubbed the kitchen floor with a brush.,Cô đánh răng sau mỗi bữa ăn. Cô dùng bàn chải cọ sàn bếp.,A2
73xazK1Llhw_sentence_883.wav,Chase.,Chase.,A1
73xazK1Llhw_sentence_885.wav,He is chasing his puppy.,Nó đang đuổi theo con cún của nó.,A1
73xazK1Llhw_sentence_891.wav,Don't chase after fame.,Đừng theo đuổi sự nổi tiếng.,A2
7CmrrThEX3E_sentence_009.wav,Please keep in touch.,Xin hãy giữ liên lạc.,A1
7CmrrThEX3E_sentence_020.wav,Assume.,Giả sử.,A1
7CmrrThEX3E_sentence_023.wav,Assume,Giả sử,A1
7CmrrThEX3E_sentence_054.wav,Knowledge,Kiến thức,A1
7CmrrThEX3E_sentence_060.wav,He has both knowledge and experience.,Anh ấy có kiến thức và kinh nghiệm.,A2
7CmrrThEX3E_sentence_063.wav,The five of us stood in a circle holding hands.,Năm người chúng tôi đứng thành vòng tròn nắm tay nhau.,A2
7CmrrThEX3E_sentence_069.wav,The students are sitting in a circle.,Các học sinh đang ngồi thành vòng tròn.,A1
7CmrrThEX3E_sentence_076.wav,Cloud.,Đám mây.,A2
7CmrrThEX3E_sentence_081.wav,The plane flew above the clouds.,Chiếc máy bay bay trên những đám mây.,A2
7CmrrThEX3E_sentence_092.wav,How much time and energy do you spend on this project?,Bạn dành bao nhiêu thời gian và công sức cho dự án này?,A2
7CmrrThEX3E_sentence_093.wav,Does she have enough energy to take a long trip?,Cô ấy có đủ năng lượng để đi một chuyến dài không?,A2
7CmrrThEX3E_sentence_094.wav,Several.,Vài người.,A1
7CmrrThEX3E_sentence_095.wav,I've read this book several times.,Tôi đã đọc cuốn sách này vài lần.,A1
7CmrrThEX3E_sentence_125.wav,Seriously.,Nghiêm túc đấy.,A1
7CmrrThEX3E_sentence_135.wav,Retire.,Nghỉ hưu.,A1
7CmrrThEX3E_sentence_140.wav,Make.,Làm.,A1
7CmrrThEX3E_sentence_145.wav,Did you make it by yourself?,Anh tự làm được không?,A1
7CmrrThEX3E_sentence_159.wav,They are our potential customers.,Họ là khách hàng tiềm năng của chúng tôi.,A2
7CmrrThEX3E_sentence_164.wav,"Needless to say, health is more important than wealth.","Không cần phải nói, sức khỏe quan trọng hơn sự giàu có.",A2
7CmrrThEX3E_sentence_166.wav,Health,Sức khỏe,A1
7CmrrThEX3E_sentence_184.wav,Inevitable.,Thương vong không thể tránh khỏi.,A2
7CmrrThEX3E_sentence_190.wav,Death is inevitable.,Cái chết là không thể tránh khỏi.,A1
7CmrrThEX3E_sentence_192.wav,While,Trong khi,A2
7CmrrThEX3E_sentence_215.wav,This bread is as hard as a rock.,Bánh mì này cứng như đá.,A2
7CmrrThEX3E_sentence_222.wav,Quit.,Bỏ cuộc.,A1
7CmrrThEX3E_sentence_224.wav,Do you really want to quit your job?,Anh thật sự muốn bỏ việc sao?,A1
7CmrrThEX3E_sentence_225.wav,"Winners never quit, and quitters never win.","Người chiến thắng không bao giờ bỏ cuộc, và người bỏ cuộc không bao giờ thắng.",B1
7CmrrThEX3E_sentence_244.wav,Expense,Chi phí,A2
7CmrrThEX3E_sentence_259.wav,Interrupt.,Gián đoạn.,A1
7CmrrThEX3E_sentence_278.wav,"Sorry, I didn't realize.","Xin lỗi, tôi không nhận ra.",A1
7CmrrThEX3E_sentence_279.wav,Pretty struggle.,Khá là khó khăn.,A2
7CmrrThEX3E_sentence_283.wav,Struggle.,Đấu tranh.,A2
7CmrrThEX3E_sentence_287.wav,The company is struggling for survival.,Công ty đang phải vật lộn để tồn tại.,A2
7CmrrThEX3E_sentence_292.wav,Are you afraid of spiders?,Anh sợ nhện à?,A1
7CmrrThEX3E_sentence_293.wav,I'm afraid I have to go now.,Tôi e là tôi phải đi ngay bây giờ.,A1
7CmrrThEX3E_sentence_301.wav,Acceptable.,Chấp nhận được.,A2
7CmrrThEX3E_sentence_305.wav,We want a solution that is acceptable to all parties.,Chúng tôi muốn một giải pháp được chấp nhận bởi tất cả các bên.,A2
7CmrrThEX3E_sentence_309.wav,Healthy.,Khoẻ mạnh.,A1
7CmrrThEX3E_sentence_317.wav,City.,Thành phố.,A1
7CmrrThEX3E_sentence_319.wav,I will show you around the city.,Tôi sẽ dẫn anh đi vòng quanh thành phố.,A1
7CmrrThEX3E_sentence_320.wav,The bus will take you to the center of the city.,Xe buýt sẽ đưa anh tới trung tâm thành phố.,A2
7CmrrThEX3E_sentence_324.wav,Cut.,Cắt.,A1
7CmrrThEX3E_sentence_342.wav,Play,Phát,A1
7CmrrThEX3E_sentence_344.wav,I haven't got anybody to play with.,Tôi không có ai để chơi cùng cả.,A2
7CmrrThEX3E_sentence_347.wav,Do you want to play cards with us?,Anh có muốn chơi bài với chúng tôi không?,A1
7CmrrThEX3E_sentence_354.wav,Clean.,Dọn dẹp.,A1
7CmrrThEX3E_sentence_356.wav,Did you clean your room today?,Hôm nay anh có dọn phòng không?,A1
7CmrrThEX3E_sentence_361.wav,His clothes were old but clean.,Quần áo của ông đã cũ nhưng sạch sẽ.,A2
7CmrrThEX3E_sentence_365.wav,Mouth.,Miệng.,A1
7CmrrThEX3E_sentence_367.wav,Cover your mouth when you cough or sneeze.,Che miệng khi ho hoặc hắt hơi.,A2
7CmrrThEX3E_sentence_368.wav,What's that in your mouth?,Cái gì trong miệng anh vậy?,A1
7CmrrThEX3E_sentence_378.wav,I took my temperature every six hours.,Tôi đo nhiệt độ 6 tiếng một lần.,A2
7CmrrThEX3E_sentence_395.wav,I visited several foreign countries.,Tôi đã đến thăm nhiều nước khác.,A2
7CmrrThEX3E_sentence_397.wav,Fear.,Sợ hãi.,A1
7CmrrThEX3E_sentence_399.wav,What's your biggest fear?,Nỗi sợ lớn nhất của bạn là gì?,A2
7CmrrThEX3E_sentence_407.wav,My work recently.,Gần đây tôi làm việc.,A1
7CmrrThEX3E_sentence_410.wav,Recently.,Gần đây.,A1
7CmrrThEX3E_sentence_412.wav,I haven't seen them recently.,Gần đây tôi không thấy chúng.,A2
7CmrrThEX3E_sentence_415.wav,Cost.,Chi phí.,A2
7CmrrThEX3E_sentence_426.wav,Work.,Công việc.,A1
7CmrrThEX3E_sentence_429.wav,We appreciate your hard work.,Chúng tôi đánh giá cao sự chăm chỉ của anh.,A1
7CmrrThEX3E_sentence_441.wav,Decide.,Quyết định.,A1
7CmrrThEX3E_sentence_445.wav,She decided to go on vacation.,Cô quyết định đi nghỉ mát.,A1
7CmrrThEX3E_sentence_450.wav,Could I have a word with you?,Tôi có thể nói chuyện với anh một chút được không?,A1
7CmrrThEX3E_sentence_452.wav,Word.,Word.,A1
7CmrrThEX3E_sentence_455.wav,You'd better keep your word.,Tốt hơn là anh nên giữ lời.,A1
7CmrrThEX3E_sentence_474.wav,Form.,Hình thức.,A1
7CmrrThEX3E_sentence_483.wav,What's your intention?,Ý định của anh là gì?,A1
7CmrrThEX3E_sentence_492.wav,Friendly.,Thân thiện.,A1
7CmrrThEX3E_sentence_495.wav,She gave me a friendly smile.,Cô ấy cười thân thiện với tôi.,A1
7CmrrThEX3E_sentence_499.wav,Kind.,Loại.,A1
7CmrrThEX3E_sentence_507.wav,He is very kind.,Anh ấy rất tốt.,A1
7CmrrThEX3E_sentence_510.wav,Shoulder.,Vai.,A1
7CmrrThEX3E_sentence_511.wav,My right shoulder hurts.,Vai phải của tôi đau.,A1
7CmrrThEX3E_sentence_515.wav,She touched him on the shoulder.,Cô chạm vào vai anh.,A2
7CmrrThEX3E_sentence_525.wav,Continue.,Tiếp tục.,A1
7CmrrThEX3E_sentence_534.wav,Difficulty.,Khó khăn.,A2
7CmrrThEX3E_sentence_544.wav,She is studying international relations.,Cô đang học quan hệ quốc tế.,A2
7CmrrThEX3E_sentence_567.wav,Expense.,Chi phí.,A2
7CmrrThEX3E_sentence_577.wav,We're trying to struggle.,Chúng tôi đang cố gắng đấu tranh.,A1
7CmrrThEX3E_sentence_596.wav,You should quit smoking.,Anh nên bỏ thuốc đi.,A1
7CmrrThEX3E_sentence_601.wav,Knowledge is power.,Tri thức là sức mạnh.,A2
7CmrrThEX3E_sentence_621.wav,form.,"Nếu bạn không thể tìm được một người bạn thân, bạn có thể tìm đến họ.",A1
7CmrrThEX3E_sentence_634.wav,"Even though he's very old, he's healthy.","Mặc dù đã rất già, nhưng ông vẫn khoẻ mạnh.",A2
7CmrrThEX3E_sentence_636.wav,I'm not as healthy as I used to be.,Tôi không còn khoẻ mạnh như trước nữa.,A2
7CmrrThEX3E_sentence_664.wav,Play.,Chơi đùa.,A1
7CmrrThEX3E_sentence_676.wav,"Thinking will not overcome fear, but action will.","Suy nghĩ sẽ không vượt qua sợ hãi, nhưng hành động sẽ làm được.",B1
7CmrrThEX3E_sentence_681.wav,My worst fears came true.,Nỗi sợ hãi lớn nhất của tôi đã thành sự thật.,A1
7CmrrThEX3E_sentence_716.wav,What's the average temperature here?,Nhiệt độ trung bình ở đây là bao nhiêu?,A2
7CmrrThEX3E_sentence_720.wav,Energy,Năng lượng,A1
7CmrrThEX3E_sentence_750.wav,in.,"Nếu bạn không thể tìm được một người bạn thân, bạn có thể tìm đến họ.",A1
7CmrrThEX3E_sentence_759.wav,Come in. The door is open.,"Vào đi, cửa mở rồi.",A1
7CmrrThEX3E_sentence_772.wav,Price.,Giá cả.,A2
7CmrrThEX3E_sentence_778.wav,What's the price of this watch?,Giá của cái đồng hồ này là bao nhiêu?,A1
7CmrrThEX3E_sentence_780.wav,Does that price include tax?,Giá đó có bao gồm thuế không?,A2
7CmrrThEX3E_sentence_787.wav,Bed.,Giường.,A1
7CmrrThEX3E_sentence_790.wav,Which bed do you want to use?,Anh muốn dùng giường nào?,A1
7CmrrThEX3E_sentence_799.wav,Become.,Trở thành.,A1
7CmrrThEX3E_sentence_800.wav,A dream doesn't become reality through magic.,Một giấc mơ không trở thành hiện thực thông qua phép màu.,A2
7CmrrThEX3E_sentence_801.wav,She's becoming a nuisance.,Cô ta đang trở thành một mối phiền toái.,A2
7CmrrThEX3E_sentence_802.wav,She wants to become a teacher.,Cô ấy muốn trở thành giáo viên.,A1
7CmrrThEX3E_sentence_830.wav,Nothing.,Không có gì.,A1
7CmrrThEX3E_sentence_841.wav,She has been working here since 2012.,Cô đã làm việc ở đây từ năm 2012.,A2
7CmrrThEX3E_sentence_843.wav,Since,Từ,A1
7CmrrThEX3E_sentence_850.wav,Building,Toà nhà,A1
7CmrrThEX3E_sentence_851.wav,This building is architecturally impressive.,Toà nhà này có kiến trúc ấn tượng.,A2
7CmrrThEX3E_sentence_859.wav,Traffic.,Giao thông.,A1
7CmrrThEX3E_sentence_867.wav,Let me say it in plain English. You're fired.,"Để tôi nói rõ ràng, anh bị sa thải.",A2
7CmrrThEX3E_sentence_896.wav,Terrible.,Kinh khủng.,A1
7CmrrThEX3E_sentence_902.wav,He's got terrible handwriting.,Chữ viết của anh ta tệ lắm.,A2
7CmrrThEX3E_sentence_915.wav,Skin,Da,A1
7CmrrThEX3E_sentence_920.wav,I have a serious skin problem.,Tôi có vấn đề nghiêm trọng về da.,A1
7CmrrThEX3E_sentence_921.wav,It's important to take care of your skin.,Chăm sóc da là điều quan trọng.,A2
7CmrrThEX3E_sentence_922.wav,Plenty.,Nhiều.,A1
7CmrrThEX3E_sentence_928.wav,There's no need to hurry. We have plenty of time.,"Không cần phải vội, chúng ta có nhiều thời gian.",A2
7CmrrThEX3E_sentence_929.wav,She has plenty of money in the bank.,Cô ta có rất nhiều tiền trong ngân hàng.,A2
7CmrrThEX3E_sentence_940.wav,Professional.,Chuyên nghiệp.,A1
7CmrrThEX3E_sentence_950.wav,He emphasized the importance of peace.,Ông nhấn mạnh tầm quan trọng của hoà bình.,A2
7CmrrThEX3E_sentence_952.wav,One day you will realize the importance of saving.,Một ngày nào đó con sẽ nhận ra tầm quan trọng của việc cứu người.,A2
7CmrrThEX3E_sentence_977.wav,He has developed a new system for learning English.,Ông đã phát triển một hệ thống mới để học tiếng Anh.,A2
7kahh2YZLLY_sentence_000.wav,Ply.,Ply.,A2
7kahh2YZLLY_sentence_003.wav,Thanks for your reply.,Cảm ơn vì đã trả lời.,A1
7kahh2YZLLY_sentence_004.wav,Attractive.,Được hướng dẫn.,A1
7kahh2YZLLY_sentence_008.wav,"I like John, but I don't find him physically attractive.","Tôi thích John, nhưng tôi không thấy anh ta hấp dẫn về thể chất.",A2
7kahh2YZLLY_sentence_037.wav,Valid.,Hợp lệ.,A1
7kahh2YZLLY_sentence_051.wav,Teacher.,Cô à.,A1
7kahh2YZLLY_sentence_057.wav,I have been an English teacher for over five years.,Tôi đã là một giáo viên tiếng Anh trong hơn 5 năm.,A1
7kahh2YZLLY_sentence_058.wav,Alive.,Còn sống.,A1
7kahh2YZLLY_sentence_061.wav,We don't know whether he's alive or dead.,Chúng ta không biết anh ta còn sống hay đã chết.,A2
7kahh2YZLLY_sentence_063.wav,Slowly.,Từ từ.,A1
7kahh2YZLLY_sentence_064.wav,Please speak slowly and clearly.,Xin hãy nói chậm rãi và rõ ràng.,A1
7kahh2YZLLY_sentence_069.wav,He is walking very slowly.,Nó đang đi rất chậm.,A1
7kahh2YZLLY_sentence_070.wav,Express.,Hãy thể hiện.,A2
7kahh2YZLLY_sentence_086.wav,Why won't you talk to me?,Sao anh không nói chuyện với tôi?,A1
7kahh2YZLLY_sentence_088.wav,What do you plan to do?,Anh định làm gì?,A1
7kahh2YZLLY_sentence_090.wav,We hope to see you soon.,Chúng tôi hy vọng sẽ sớm gặp lại anh.,A2
7kahh2YZLLY_sentence_091.wav,Student.,Học sinh.,A1
7kahh2YZLLY_sentence_095.wav,She's a student at Harvard University.,Cô ấy là sinh viên Đại học Harvard.,A1
7kahh2YZLLY_sentence_1000.wav,I'm satisfied with everything here.,Tôi hài lòng với mọi thứ ở đây.,A1
7kahh2YZLLY_sentence_1004.wav,She went to the hospital by taxi.,Cô ấy đến bệnh viện bằng taxi.,A2
7kahh2YZLLY_sentence_1006.wav,I advised him to go to the hospital.,Tôi đã khuyên anh ta đến bệnh viện.,A1
7kahh2YZLLY_sentence_1014.wav,Ready.,Sẵn sàng.,A1
7kahh2YZLLY_sentence_1016.wav,Are you ready for the trip?,Anh sẵn sàng cho chuyến đi chưa?,A1
7kahh2YZLLY_sentence_1021.wav,Machine,Máy,A2
7kahh2YZLLY_sentence_1027.wav,I like to buy a washing machine.,Tôi thích mua một cái máy giặt.,A1
7kahh2YZLLY_sentence_1028.wav,Like.,Thích.,A1
7kahh2YZLLY_sentence_1032.wav,Would you like a cup of tea?,Cô muốn uống trà không?,A1
7kahh2YZLLY_sentence_1047.wav,Avoid,Tránh,A1
7kahh2YZLLY_sentence_105.wav,Hi.,Chào.,A1
7kahh2YZLLY_sentence_1055.wav,I saw them walking across the street.,Tôi thấy họ đi qua đường.,A1
7kahh2YZLLY_sentence_1079.wav,First.,Đầu tiên.,A1
7kahh2YZLLY_sentence_1085.wav,Who do you think will come first?,Anh nghĩ ai sẽ đi trước?,A2
7kahh2YZLLY_sentence_1088.wav,"Hurry up, or you'll miss the train.","Nhanh lên, không thì trễ tàu mất.",A2
7kahh2YZLLY_sentence_109.wav,I have high blood pressure.,Tôi bị cao huyết áp.,A1
7kahh2YZLLY_sentence_1100.wav,Essential.,Thiết yếu.,A2
7kahh2YZLLY_sentence_1107.wav,District.,Quận.,A2
7kahh2YZLLY_sentence_134.wav,We have two sons and a daughter.,Chúng tôi có hai con trai và một con gái.,A2
7kahh2YZLLY_sentence_136.wav,Your sons are quite handsome.,Các con trai của ông rất đẹp trai.,A2
7kahh2YZLLY_sentence_140.wav,BORD,BIÊN BẢN,A1
7kahh2YZLLY_sentence_143.wav,I'm bored to death.,Tôi chán muốn chết.,A1
7kahh2YZLLY_sentence_147.wav,Expensive.,Đắt tiền.,A1
7kahh2YZLLY_sentence_152.wav,This book is too expensive.,Cuốn sách này quá mắc.,A1
7kahh2YZLLY_sentence_160.wav,Can I stay up late tonight?,Tối nay con thức khuya được không?,A1
7kahh2YZLLY_sentence_161.wav,Within,Bên trong,A2
7kahh2YZLLY_sentence_168.wav,Message,Thông điệp,A1
7kahh2YZLLY_sentence_173.wav,Can I leave a message?,Tôi để lại lời nhắn được không?,A1
7kahh2YZLLY_sentence_175.wav,It's,Nó là,A1
7kahh2YZLLY_sentence_176.wav,Each region has its own customs.,Mỗi vùng có phong tục riêng.,A2
7kahh2YZLLY_sentence_186.wav,I'm not smarter than you.,Tôi không thông minh hơn anh.,A1
7kahh2YZLLY_sentence_192.wav,Salary,Lương,A2
7kahh2YZLLY_sentence_193.wav,You deserve a higher salary.,Anh xứng đáng được trả lương cao hơn.,A2
7kahh2YZLLY_sentence_199.wav,Suit.,Suit.,A1
7kahh2YZLLY_sentence_235.wav,Uh,Uh,A1
7kahh2YZLLY_sentence_240.wav,Nice to meet you.,Rất vui được gặp anh.,A1
7kahh2YZLLY_sentence_243.wav,Culture.,Văn hóa.,A1
7kahh2YZLLY_sentence_244.wav,"In our culture, it is rude to ask someone how much they earn.","Trong văn hoá của chúng ta, hỏi người khác họ kiếm được bao nhiêu là bất lịch sự.",A2
7kahh2YZLLY_sentence_245.wav,He is familiar with Japanese culture.,Anh quen thuộc với văn hoá Nhật Bản.,A2
7kahh2YZLLY_sentence_257.wav,In form.,Trong hình thức.,A2
7kahh2YZLLY_sentence_266.wav,Do you actually believe that?,Anh thật sự tin điều đó sao?,A1
7kahh2YZLLY_sentence_275.wav,What a lovely girl.,Đúng là một cô gái đáng yêu.,A1
7kahh2YZLLY_sentence_278.wav,about.,) Anh có thể đi với em không?,A1
7kahh2YZLLY_sentence_281.wav,We will arrive at the airport in about ten minutes.,Chúng ta sẽ đến sân bay trong khoảng 10 phút nữa.,A2
7kahh2YZLLY_sentence_285.wav,Both. He can speak both Vietnamese and English very well. Both his parents indulged him. Are both films good? He can speak both Vietnamese and English very well. Both his parents indulged him. Are both films good?,Cả hai. Nó có thể nói cả tiếng Việt và tiếng Anh rất tốt. Cả bố mẹ nó đều chiều nó. Cả hai bộ phim đều hay chứ? Nó có thể nói cả tiếng Việt và tiếng Anh rất tốt. Cả bố mẹ nó đều chiều nó. Cả hai bộ phim đều hay chứ?,B1
7kahh2YZLLY_sentence_286.wav,Sure.,Chắc chắn rồi.,A1
7kahh2YZLLY_sentence_290.wav,Is that John over there? I'm not sure.,Có phải John đằng kia không?,A1
7kahh2YZLLY_sentence_291.wav,Are you sure we haven't met before?,Anh có chắc là chúng ta chưa từng gặp nhau trước đây?,A1
7kahh2YZLLY_sentence_299.wav,Wait until further notice.,Chờ cho đến khi có thông báo mới.,A2
7kahh2YZLLY_sentence_318.wav,You have to eat regularly.,Anh phải ăn thường xuyên.,A1
7kahh2YZLLY_sentence_319.wav,Change.,Thay đổi.,A1
7kahh2YZLLY_sentence_322.wav,Regret.,Hối hận.,A2
7kahh2YZLLY_sentence_325.wav,You are not a tree.,Ngươi không phải là một cái cây.,A1
7kahh2YZLLY_sentence_332.wav,Where?,Ở đâu?,A1
7kahh2YZLLY_sentence_337.wav,I don't know where he is.,Tôi không biết anh ta ở đâu.,A1
7kahh2YZLLY_sentence_348.wav,Hurt.,Đau.,A1
7kahh2YZLLY_sentence_372.wav,"Forgive me, but I don't think you can do it.","Thứ lỗi cho tôi, nhưng tôi không nghĩ là anh làm được.",A1
7kahh2YZLLY_sentence_373.wav,"Forgive your enemies, but never forget their names.","Tha thứ cho kẻ thù, nhưng đừng bao giờ quên tên của chúng.",A2
7kahh2YZLLY_sentence_374.wav,Definitely.,Chắc chắn rồi.,A1
7kahh2YZLLY_sentence_381.wav,Nearby,Gần,A2
7kahh2YZLLY_sentence_393.wav,Machine.,Máy.,A2
7kahh2YZLLY_sentence_394.wav,I can't remember how to use this machine.,Tôi không thể nhớ cách sử dụng cái máy này.,A2
7kahh2YZLLY_sentence_415.wav,Where's the nearest hospital?,Bệnh viện gần nhất ở đâu?,A1
7kahh2YZLLY_sentence_419.wav,Mess,Mess,A1
7kahh2YZLLY_sentence_422.wav,I'm sorry that I missed your call this morning.,Xin lỗi vì đã lỡ cuộc gọi của anh sáng nay.,A1
7kahh2YZLLY_sentence_423.wav,I miss you. I need to see you.,"Anh nhớ em, anh cần gặp em.",A1
7kahh2YZLLY_sentence_433.wav,Water.,Nước.,A1
7kahh2YZLLY_sentence_434.wav,We can't live without water.,Chúng ta không thể sống thiếu nước.,A2
7kahh2YZLLY_sentence_439.wav,I like some more water.,Tôi muốn uống thêm nước.,A1
7kahh2YZLLY_sentence_443.wav,There's no moon tonight.,Tối nay không có trăng.,A1
7kahh2YZLLY_sentence_444.wav,The sun is much bigger than the moon.,Mặt trời lớn hơn mặt trăng nhiều.,A2
7kahh2YZLLY_sentence_455.wav,The car has a flat tire.,Chiếc xe bị xịt lốp.,A1
7kahh2YZLLY_sentence_457.wav,He soon tired of doing the same work every day.,Anh sớm mệt mỏi vì làm cùng một công việc mỗi ngày.,A2
7kahh2YZLLY_sentence_465.wav,The vehicle did not belong to him.,Chiếc xe không phải của anh ta.,A2
7kahh2YZLLY_sentence_473.wav,Stop staring at me like that.,Đừng nhìn chằm chằm vào tôi như thế nữa.,A1
7kahh2YZLLY_sentence_476.wav,Class.,Lớp học.,A1
7kahh2YZLLY_sentence_479.wav,A new Spanish class will be starting next Monday.,Một lớp học tiếng Tây Ban Nha mới sẽ bắt đầu vào thứ Hai tới.,A2
7kahh2YZLLY_sentence_480.wav,He didn't come to English class today.,Hôm nay nó không đến lớp tiếng Anh.,A2
7kahh2YZLLY_sentence_483.wav,Boat.,Thuyền.,A1
7kahh2YZLLY_sentence_488.wav,The accident could have been avoided.,Tai nạn này có thể tránh được.,A2
7kahh2YZLLY_sentence_494.wav,Shy.,Nhút nhát.,A2
7kahh2YZLLY_sentence_515.wav,Specific.,Cụ thể.,A2
7kahh2YZLLY_sentence_536.wav,Weather,Thời tiếtName,A1
7kahh2YZLLY_sentence_545.wav,That's the main gate.,Đó là cổng chính.,A1
7kahh2YZLLY_sentence_555.wav,Ahead.,Phía trước.,A1
7kahh2YZLLY_sentence_562.wav,of,Th3Ethiopian month 11-LongNamePossessive,A1
7kahh2YZLLY_sentence_563.wav,He's a friend of mine.,Anh ấy là bạn tôi.,A1
7kahh2YZLLY_sentence_571.wav,It's a piece of cake.,Dễ như ăn bánh.,A1
7kahh2YZLLY_sentence_573.wav,New.,Mới.,A1
7kahh2YZLLY_sentence_591.wav,We have enough time to get to the airport.,Chúng ta còn đủ thời gian để đến sân bay.,A2
7kahh2YZLLY_sentence_618.wav,Expect.,Mong đợi.,A1
7kahh2YZLLY_sentence_639.wav,What a beautiful ring.,Chiếc nhẫn đẹp quá.,A1
7kahh2YZLLY_sentence_649.wav,Impossible.,Không thể nào.,A1
7kahh2YZLLY_sentence_650.wav,It's impossible for me to be there before 8 p.m.,Tôi không thể đến đó trước 8 giờ tối.,A2
7kahh2YZLLY_sentence_672.wav,Please take off your shoes.,Xin hãy cởi giày ra.,A1
7kahh2YZLLY_sentence_675.wav,Off.,Tắt.,A1
7kahh2YZLLY_sentence_678.wav,Let's get off the bus.,Xuống xe đi.,A1
7kahh2YZLLY_sentence_683.wav,Are there any other questions?,Còn câu hỏi nào khác không?,A1
7kahh2YZLLY_sentence_685.wav,My other sister is a doctor.,Chị gái tôi là bác sĩ.,A2
7kahh2YZLLY_sentence_695.wav,We can solve this problem easily.,Chúng ta có thể giải quyết vấn đề này dễ dàng.,A2
7kahh2YZLLY_sentence_703.wav,Express,Tốc độ,A2
7kahh2YZLLY_sentence_713.wav,There is no hope of his recovery.,Không có hy vọng nào cho sự hồi phục của anh ta.,A2
7kahh2YZLLY_sentence_721.wav,I'm satisfied with my current income.,Tôi hài lòng với thu nhập hiện tại của mình.,A2
7kahh2YZLLY_sentence_727.wav,She gave him an expensive watch.,Cô ấy tặng anh ta một chiếc đồng hồ đắt tiền.,A1
7kahh2YZLLY_sentence_748.wav,"She gets an annual salary of$30,000.",Cô có mức lương hàng năm là 30.000 đô la.,A2
7kahh2YZLLY_sentence_758.wav,We could hear sounds coming from within.,Chúng tôi có thể nghe thấy âm thanh phát ra từ bên trong.,A2
7kahh2YZLLY_sentence_767.wav,There's a message for you.,Có một tin nhắn cho anh.,A1
7kahh2YZLLY_sentence_776.wav,The school was built in the late 1970s.,Trường được xây dựng vào cuối những năm 1970.,A2
7kahh2YZLLY_sentence_780.wav,He's often absent from school.,Nó thường xuyên vắng mặt ở trường.,A2
7kahh2YZLLY_sentence_784.wav,How long has she been absent from school?,Cô ấy vắng mặt ở trường bao lâu rồi?,A1
7kahh2YZLLY_sentence_785.wav,Thin.,Mỏng.,A2
7kahh2YZLLY_sentence_787.wav,"Your uncle is thin, but my aunt is fat.","Chú của con gầy, nhưng dì của ta thì mập.",A2
7kahh2YZLLY_sentence_791.wav,I used to be very thin when I was young.,Hồi nhỏ tôi rất gầy.,A2
7kahh2YZLLY_sentence_792.wav,Board,BảngName,A2
7kahh2YZLLY_sentence_793.wav,After a while I got bored and left.,"Sau một thời gian, tôi thấy chán và bỏ đi.",A2
7kahh2YZLLY_sentence_803.wav,There is some ice in the fridge.,Có ít đá trong tủ lạnh.,A1
7kahh2YZLLY_sentence_810.wav,It's absolutely impossible to do so.,Hoàn toàn không thể làm được.,A2
7kahh2YZLLY_sentence_811.wav,Actually,Thật ra,A1
7kahh2YZLLY_sentence_817.wav,They're not married actually.,Thật ra họ chưa kết hôn.,A2
7kahh2YZLLY_sentence_825.wav,Excellent.,Tuyệt vời.,A1
7kahh2YZLLY_sentence_831.wav,He gave a good speech.,Ông ấy đã có một bài phát biểu tốt.,A1
7kahh2YZLLY_sentence_847.wav,Chair.,Ghế.,A1
7kahh2YZLLY_sentence_851.wav,This chair is too low for me.,Cái ghế này quá thấp so với tôi.,A2
7kahh2YZLLY_sentence_852.wav,There are four chairs in our kitchen.,Có bốn cái ghế trong bếp của chúng ta.,A1
7kahh2YZLLY_sentence_889.wav,Have you informed the police?,Anh đã báo cảnh sát chưa?,A1
7kahh2YZLLY_sentence_894.wav,Cook.,Nấu ăn.,A1
7kahh2YZLLY_sentence_906.wav,Demand.,Nhu cầu.,A1
7kahh2YZLLY_sentence_917.wav,I don't expect you to forgive me.,Tôi không mong anh tha thứ cho tôi.,A1
7kahh2YZLLY_sentence_932.wav,I don't want to wait until tomorrow.,Tôi không muốn đợi đến ngày mai.,A1
7kahh2YZLLY_sentence_949.wav,Why are you burning these pictures?,Sao anh lại đốt những bức ảnh này?,A1
7kahh2YZLLY_sentence_955.wav,But do you know what's even scarier?,Nhưng anh có biết điều gì đáng sợ hơn không?,A2
7kahh2YZLLY_sentence_964.wav,"If you don't like where you are, then change it.","Nếu bạn không thích nơi bạn đang ở, hãy thay đổi nó.",A2
7kahh2YZLLY_sentence_969.wav,The weather forecast says it's going to rain tomorrow.,Dự báo thời tiết nói ngày mai trời sẽ mưa.,A2
7kahh2YZLLY_sentence_973.wav,Appreciate.,Biết ơn.,A1
7kahh2YZLLY_sentence_976.wav,I'd appreciate it if you would turn off the lights.,Tôi sẽ rất biết ơn nếu anh tắt đèn.,A1
7kahh2YZLLY_sentence_977.wav,I really appreciated your help.,Tôi rất cảm kích sự giúp đỡ của anh.,A1
7kahh2YZLLY_sentence_985.wav,Belt.,Thắt lưng.,A1
7kahh2YZLLY_sentence_995.wav,With,Với,A2
90DzeyiIBCw_sentence_082.wav,You will be severely punished if you break the law.,Các người sẽ bị trừng phạt nặng nề nếu phạm luật.,A2
90DzeyiIBCw_sentence_090.wav,Our host offered us a drink.,Chủ nhà mời chúng tôi một ly.,A2
90DzeyiIBCw_sentence_091.wav,Who will host the party?,Ai sẽ chủ trì bữa tiệc?,A2
90DzeyiIBCw_sentence_102.wav,"As I grew older, my health declined.","Khi tôi lớn lên, sức khoẻ của tôi suy giảm.",A2
90DzeyiIBCw_sentence_112.wav,Physics,Vật lý,A1
90DzeyiIBCw_sentence_116.wav,Physics is my favorite subject.,Vật lý là môn học yêu thích của tôi.,A1
90DzeyiIBCw_sentence_120.wav,The sheets are very dirty.,Khăn trải giường rất bẩn.,A1
90DzeyiIBCw_sentence_140.wav,Where's loose?,Chỗ nào bị lỏng?,A1
90DzeyiIBCw_sentence_193.wav,He was wrongly accused of theft.,Ông bị buộc tội ăn cắp một cách sai lầm.,A2
90DzeyiIBCw_sentence_210.wav,He denied knowing anything about it.,Ông phủ nhận không biết gì về nó.,A2
90DzeyiIBCw_sentence_211.wav,We can't deny the fact that he's honest.,Chúng ta không thể phủ nhận sự thật là anh ta trung thực.,A2
90DzeyiIBCw_sentence_212.wav,He neither confirmed nor denied the rumors.,Ông ta không xác nhận cũng không phủ nhận những tin đồn.,B1
90DzeyiIBCw_sentence_215.wav,H diary.,Nhật ký H.,A1
90DzeyiIBCw_sentence_218.wav,It was fun to read my old diary.,Thật vui khi đọc nhật ký cũ của tôi.,A1
90DzeyiIBCw_sentence_219.wav,Diary,Nhật ký,A1
90DzeyiIBCw_sentence_231.wav,"Your grades are adequate, but I think you can do better.","Điểm của cậu khá tốt, nhưng tôi nghĩ cậu có thể làm tốt hơn.",A1
90DzeyiIBCw_sentence_234.wav,Adequate.,Đủ.,A2
90DzeyiIBCw_sentence_241.wav,Consult,Tham khảo,A2
90DzeyiIBCw_sentence_246.wav,You'd better consult the doctor.,Tốt hơn là anh nên hỏi ý kiến bác sĩ.,A1
90DzeyiIBCw_sentence_260.wav,Leaf.,Lá.,A2
90DzeyiIBCw_sentence_264.wav,The trees are coming into leaf.,Những cái cây đang dần dần chuyển sang lá.,A2
90DzeyiIBCw_sentence_267.wav,He wants to turn over a new leaf.,Anh ta muốn thay đổi một lá cờ mới.,A2
90DzeyiIBCw_sentence_275.wav,He is a resident of the United States.,Ông là một cư dân của Hoa Kỳ.,A2
90DzeyiIBCw_sentence_283.wav,She has a good-looking appearance.,Cô ấy có ngoại hình đẹp.,A2
90DzeyiIBCw_sentence_290.wav,Addition,Bổ sung,A2
90DzeyiIBCw_sentence_311.wav,I didn't see anything suspicious.,Tôi không thấy gì đáng ngờ.,A2
90DzeyiIBCw_sentence_315.wav,I shave every morning.,Sáng nào tôi cũng cạo râu.,A1
90DzeyiIBCw_sentence_316.wav,He shaves four times a week.,Ông cạo râu bốn lần một tuần.,A2
90DzeyiIBCw_sentence_317.wav,Shave.,Cạo lông.,A1
90DzeyiIBCw_sentence_322.wav,President,Chủ tịch,A1
90DzeyiIBCw_sentence_323.wav,I like President Obama.,Tôi thích Tổng thống Obama.,A1
90DzeyiIBCw_sentence_324.wav,We elected him president.,Chúng tôi bầu ông ấy làm tổng thống.,A2
90DzeyiIBCw_sentence_325.wav,"Do you have any comment, Mr. President?","Ngài có bình luận gì không, thưa Tổng thống?",A2
90DzeyiIBCw_sentence_330.wav,Spare,Phần rảnh,A1
90DzeyiIBCw_sentence_337.wav,Permit.,Cho phép.,A1
90DzeyiIBCw_sentence_350.wav,We have to abandon the plan.,Chúng ta phải từ bỏ kế hoạch.,A1
90DzeyiIBCw_sentence_355.wav,He abandoned his hope of becoming a doctor.,Anh từ bỏ hy vọng trở thành bác sĩ.,A2
90DzeyiIBCw_sentence_362.wav,Regional.,Khu vực.,A2
90DzeyiIBCw_sentence_363.wav,It's a regional newspaper.,Đó là một tờ báo địa phương.,A2
90DzeyiIBCw_sentence_380.wav,Deposit,Gửi,A1
90DzeyiIBCw_sentence_391.wav,Nicely.,Độc đáo.,A2
90DzeyiIBCw_sentence_409.wav,"That was a bargain indeed, said","Đó quả là một cuộc mặc cả, ông nói.",A2
90DzeyiIBCw_sentence_419.wav,Spider,Nhện,A1
90DzeyiIBCw_sentence_423.wav,I'm afraid of spiders.,Tôi sợ nhện.,A1
90DzeyiIBCw_sentence_424.wav,There's a spider in the bathroom.,Có một con nhện trong phòng tắm.,A1
90DzeyiIBCw_sentence_446.wav,Resident,Cư dân,A1
90DzeyiIBCw_sentence_450.wav,I am a resident of Paris.,Tôi là cư dân của Paris.,A1
90DzeyiIBCw_sentence_454.wav,Insist.,Khăng khăng.,A1
90DzeyiIBCw_sentence_455.wav,She insisted that it was my fault.,Cô ấy khăng khăng đó là lỗi của tôi.,A1
90DzeyiIBCw_sentence_456.wav,He insisted on paying the bill.,Anh ta khăng khăng đòi thanh toán hoá đơn.,A1
90DzeyiIBCw_sentence_476.wav,Hang.,Treo cổ.,A1
90DzeyiIBCw_sentence_477.wav,I helped her hang the picture on the wall.,Tôi đã giúp cô ấy treo bức tranh lên tường.,A1
90DzeyiIBCw_sentence_478.wav,"Hang up your coat, please.",Treo áo khoác lên đi.,A1
90DzeyiIBCw_sentence_490.wav,What do you do in your spare time?,Bạn làm gì trong thời gian rảnh rỗi?,A1
90DzeyiIBCw_sentence_507.wav,Suspicious.,Đáng ngờ.,A1
90DzeyiIBCw_sentence_514.wav,Don't be so suspicious.,Đừng có nghi ngờ thế.,A1
90DzeyiIBCw_sentence_518.wav,Cottage.,Cottage.,A1
90DzeyiIBCw_sentence_519.wav,There are many cottages in this village.,Trong làng này có rất nhiều nhà tranh.,A2
90DzeyiIBCw_sentence_521.wav,They lived in a cottage when they traveled to that town.,Họ sống trong một ngôi nhà nhỏ khi họ đi đến thị trấn đó.,A2
90DzeyiIBCw_sentence_534.wav,She has kept a diary for three years.,Cô đã viết nhật ký trong ba năm.,A1
90DzeyiIBCw_sentence_538.wav,Keeping a diary is a good habit.,Viết nhật ký là một thói quen tốt.,A2
90DzeyiIBCw_sentence_548.wav,Peak.,Đỉnh.,A2
90DzeyiIBCw_sentence_560.wav,Relative.,Tương đối.,A2
90DzeyiIBCw_sentence_565.wav,She is a distant relative of mine.,Cô ấy là họ hàng xa của tôi.,A2
90DzeyiIBCw_sentence_567.wav,Deposit.,Đặt cọc.,A2
90DzeyiIBCw_sentence_568.wav,"She made a deposit of$1,000 last month.",Cô ấy đã đặt cọc 1.000 đô la tháng trước.,A2
90DzeyiIBCw_sentence_578.wav,Nervously.,Lo lắng.,A2
90DzeyiIBCw_sentence_581.wav,He looks around nervously.,Nó lo lắng nhìn quanh.,A2
90DzeyiIBCw_sentence_583.wav,Resort.,Resort.,A2
90DzeyiIBCw_sentence_591.wav,Depth.,Độ sâu.,A2
90DzeyiIBCw_sentence_592.wav,We are measuring the depth of the river.,Chúng tôi đang đo độ sâu của dòng sông.,A2
90DzeyiIBCw_sentence_596.wav,Never test the depth of water with both feet.,Không bao giờ được dùng cả hai chân để kiểm tra độ sâu của nước.,A2
90DzeyiIBCw_sentence_597.wav,He was surprised by the depth of the lake.,Ông ngạc nhiên bởi độ sâu của hồ.,A2
90DzeyiIBCw_sentence_611.wav,Why don't you consult a lawyer?,Sao anh không hỏi luật sư?,A1
90DzeyiIBCw_sentence_634.wav,He's the Minister of Education.,Ông ấy là Bộ trưởng Bộ Giáo dục.,A1
90DzeyiIBCw_sentence_640.wav,Appearance,Diện mạo,A2
90DzeyiIBCw_sentence_642.wav,He was deceived by her innocent appearance.,Anh ta đã bị lừa bởi vẻ ngoài vô tội của cô.,A2
90DzeyiIBCw_sentence_646.wav,She has a good spare.,Cô ấy có một dự phòng tốt.,A2
90DzeyiIBCw_sentence_662.wav,The teacher didn't permit me to leave early.,Thầy giáo không cho phép tôi về sớm.,A2
90DzeyiIBCw_sentence_666.wav,Smoking is not permitted in this area.,Hút thuốc lá không được phép ở khu vực này.,A2
90DzeyiIBCw_sentence_670.wav,I usually feel awkward around strangers.,Tôi thường cảm thấy lúng túng khi ở bên người lạ.,A2
90DzeyiIBCw_sentence_677.wav,The room was nicely furnished.,Căn phòng được trang trí rất đẹp.,A2
90DzeyiIBCw_sentence_679.wav,Declare.,Tuyên bố.,A1
90DzeyiIBCw_sentence_745.wav,Traffic reaches its peak between seven and eight in the morning.,Giao thông đạt đỉnh điểm từ 7 đến 8 giờ sáng.,A2
90DzeyiIBCw_sentence_756.wav,I had to deposit 10% of the price of the house.,Tôi phải đặt cọc 10% giá nhà.,A2
90DzeyiIBCw_sentence_759.wav,I had to resort.,Tôi phải dùng đến.,A1
90DzeyiIBCw_sentence_774.wav,I knocked lightly on the door.,Tôi gõ nhẹ lên cửa.,A2
90DzeyiIBCw_sentence_798.wav,Frighten.,Sợ hãi.,A1
90DzeyiIBCw_sentence_820.wav,She insists the money is hers.,Cô ấy khăng khăng đòi tiền của cô ấy.,A2
90DzeyiIBCw_sentence_821.wav,Host.,Chủ nhà.,A2
90DzeyiIBCw_sentence_853.wav,You'll have to do that elsewhere.,Anh sẽ phải làm điều đó ở nơi khác.,A2
90DzeyiIBCw_sentence_903.wav,There is a cottage beyond the bridge.,Có một ngôi nhà bên kia cây cầu.,A2
90DzeyiIBCw_sentence_928.wav,Flour is the main ingredient in these cakes.,Bột mì là thành phần chính trong các loại bánh này.,A2
90DzeyiIBCw_sentence_929.wav,Ingredient.,Thành phần.,A2
90DzeyiIBCw_sentence_934.wav,Target.,Mục tiêu.,A1
90DzeyiIBCw_sentence_938.wav,Target,Đích,A2
90DzeyiIBCw_sentence_953.wav,Essentially,Về cơ bản,A2
90DzeyiIBCw_sentence_962.wav,The two questions are essentially separate.,Hai câu hỏi này về cơ bản là tách biệt.,A2
90DzeyiIBCw_sentence_975.wav,The food is adequate for the price.,Thức ăn là đủ cho giá cả.,A2
90ycpyNEHgc_sentence_005.wav,The prisoners were set free.,Tù nhân được thả tự do.,A1
90ycpyNEHgc_sentence_018.wav,Along.,Cùng.,A1
90ycpyNEHgc_sentence_024.wav,We walked along the beach.,Chúng tôi đi bộ dọc theo bãi biển.,A1
90ycpyNEHgc_sentence_026.wav,Begin.,Bắt đầu.,A1
90ycpyNEHgc_sentence_064.wav,Away.,Đi xa.,A1
90ycpyNEHgc_sentence_071.wav,Emergency.,Tình trạng khẩn cấp.,A1
90ycpyNEHgc_sentence_072.wav,You should only use this door in an emergency.,Anh chỉ nên dùng cánh cửa này trong trường hợp khẩn cấp.,A2
90ycpyNEHgc_sentence_082.wav,Language,Ngôn ngữ,A1
90ycpyNEHgc_sentence_084.wav,He can speak ten languages.,Anh ta có thể nói 10 thứ tiếng.,A2
90ycpyNEHgc_sentence_085.wav,What's your native language?,Tiếng mẹ đẻ của anh là gì?,A2
90ycpyNEHgc_sentence_089.wav,Couple.,Cặp đôi.,A1
90ycpyNEHgc_sentence_094.wav,They are a newly married couple.,Họ là một cặp vợ chồng mới cưới.,A1
90ycpyNEHgc_sentence_099.wav,Could you lend me your bicycle for a couple of days?,Anh có thể cho tôi mượn xe đạp của anh vài ngày không?,A1
90ycpyNEHgc_sentence_102.wav,He is on the board of directors.,Ông ấy là thành viên ban giám đốc.,A2
90ycpyNEHgc_sentence_104.wav,Director.,Đạo diễn.,A1
90ycpyNEHgc_sentence_109.wav,Who's your favorite movie director?,Đạo diễn phim yêu thích của bạn là ai?,A1
90ycpyNEHgc_sentence_111.wav,They appointed him as a director.,Họ bổ nhiệm ông làm giám đốc.,A2
90ycpyNEHgc_sentence_118.wav,Have you ever driven a sports car?,Anh đã bao giờ lái xe thể thao chưa?,A1
90ycpyNEHgc_sentence_124.wav,You're making a huge mistake.,Anh đang phạm sai lầm lớn đấy.,A1
90ycpyNEHgc_sentence_127.wav,Detailed.,Chi tiết.,A2
90ycpyNEHgc_sentence_136.wav,What are you doing here?,Anh làm gì ở đây?,A1
90ycpyNEHgc_sentence_140.wav,There's nothing to do in this place.,Không có gì để làm ở đây.,A1
90ycpyNEHgc_sentence_141.wav,He does nothing but complain.,Ông ta chẳng làm gì ngoài than phiền.,A2
90ycpyNEHgc_sentence_142.wav,Center,Giữa,A2
90ycpyNEHgc_sentence_146.wav,Cross.,Cross.,A2
90ycpyNEHgc_sentence_156.wav,She helped an old man cross the road.,Cô ấy giúp một ông già băng qua đường.,A2
90ycpyNEHgc_sentence_164.wav,Buying new equipment isn't going to solve your problems.,Mua thiết bị mới sẽ không giải quyết được vấn đề của bạn.,A2
90ycpyNEHgc_sentence_165.wav,Product.,Sản phẩm.,A2
90ycpyNEHgc_sentence_170.wav,It is a brand new product.,Nó là một sản phẩm hoàn toàn mới.,A1
90ycpyNEHgc_sentence_171.wav,This product is made in Vietnam.,Sản phẩm này được sản xuất tại Việt Nam.,A2
90ycpyNEHgc_sentence_172.wav,They love all Apple products.,Họ yêu tất cả các sản phẩm của Apple.,A1
90ycpyNEHgc_sentence_173.wav,East.,Phía Đông.,A2
90ycpyNEHgc_sentence_186.wav,What is your final destination?,Điểm đến cuối cùng của bạn là gì?,A2
90ycpyNEHgc_sentence_202.wav,REATHER.,REATHER.,A2
90ycpyNEHgc_sentence_204.wav,How can I reach you?,Làm sao tôi liên lạc được với anh?,A1
90ycpyNEHgc_sentence_219.wav,I owe you$5. Ignore.,"Tôi nợ anh 5 đô, bỏ qua đi.",A2
90ycpyNEHgc_sentence_223.wav,Ignore.,Phớt lờ.,A1
90ycpyNEHgc_sentence_230.wav,Count.,Đếm.,A1
90ycpyNEHgc_sentence_243.wav,Count the apples in the basket.,Đếm táo trong giỏ.,A1
90ycpyNEHgc_sentence_245.wav,Mean.,Trung bình.,A1
90ycpyNEHgc_sentence_247.wav,What do you mean?,Ý anh là sao?,A1
90ycpyNEHgc_sentence_251.wav,I know what you mean.,Tôi hiểu ý anh.,A1
90ycpyNEHgc_sentence_260.wav,Can we go inside?,Chúng ta vào trong được không?,A1
90ycpyNEHgc_sentence_267.wav,Diet.,Chế độ ăn uống.,A1
90ycpyNEHgc_sentence_278.wav,Abroad.,Ở nước ngoài.,A1
90ycpyNEHgc_sentence_282.wav,Abroad,Ở nước ngoài,A1
90ycpyNEHgc_sentence_289.wav,Certainly.,Chắc chắn rồi.,A1
90ycpyNEHgc_sentence_303.wav,That's certainly one possibility.,Đó chắc chắn là một khả năng.,A2
90ycpyNEHgc_sentence_315.wav,My brother will cook dinner tomorrow.,Ngày mai anh trai tôi sẽ nấu bữa tối.,A1
90ycpyNEHgc_sentence_316.wav,My mom works as a cook at a famous restaurant.,Mẹ tôi làm đầu bếp ở một nhà hàng nổi tiếng.,A2
90ycpyNEHgc_sentence_326.wav,I'm losing patience.,Tôi đang mất kiên nhẫn.,A1
90ycpyNEHgc_sentence_330.wav,Effective.,Hiệu quả.,A1
90ycpyNEHgc_sentence_331.wav,It's a simple but effective technique.,Đây là một kỹ thuật đơn giản nhưng hiệu quả.,A2
90ycpyNEHgc_sentence_336.wav,The new law will be effective from today.,Luật mới sẽ có hiệu lực từ hôm nay.,A2
90ycpyNEHgc_sentence_345.wav,Determined.,Quyết tâm.,A1
90ycpyNEHgc_sentence_357.wav,I know where you were yesterday evening.,Tôi biết cô đã ở đâu tối qua.,A1
90ycpyNEHgc_sentence_363.wav,Open.,Mở ra.,A1
90ycpyNEHgc_sentence_365.wav,I'd like to open a savings account.,Tôi muốn mở một tài khoản tiết kiệm.,A1
90ycpyNEHgc_sentence_366.wav,"Come in, the door is open.","Vào đi, cửa mở rồi.",A1
90ycpyNEHgc_sentence_385.wav,Regarding,Về,A2
90ycpyNEHgc_sentence_396.wav,deserve.,"Bạn có thể nói "" Em rất vui khi được gặp anh.",A1
90ycpyNEHgc_sentence_407.wav,Mother,Mẹ,A1
90ycpyNEHgc_sentence_420.wav,Can you reach the ceiling?,Anh có thể chạm tới trần nhà không?,A1
90ycpyNEHgc_sentence_431.wav,Most car accidents happen because drivers don't pay attention.,Hầu hết tai nạn xe hơi xảy ra bởi vì người lái xe không chú ý.,A2
90ycpyNEHgc_sentence_435.wav,Review,Xem lại,A2
90ycpyNEHgc_sentence_449.wav,The terms of the contract are under review.,Các điều khoản của hợp đồng đang được xem xét.,A2
90ycpyNEHgc_sentence_450.wav,Sharing.,Chia sẻ.,A1
90ycpyNEHgc_sentence_469.wav,He will certainly die if you don't call a doctor.,Anh ta chắc chắn sẽ chết nếu anh không gọi bác sĩ.,A2
90ycpyNEHgc_sentence_472.wav,Tonight.,Tối nay.,A1
90ycpyNEHgc_sentence_474.wav,"It's cold tonight, isn't it?","Tối nay lạnh quá, phải không?",A2
90ycpyNEHgc_sentence_475.wav,Come and see me tonight.,Tối nay hãy đến gặp tôi.,A1
90ycpyNEHgc_sentence_476.wav,Are you attend?,Bạn có tham dự không?,A1
90ycpyNEHgc_sentence_481.wav,She tried to persuade him to attend the meeting.,Cô cố gắng thuyết phục anh ta tham dự cuộc họp.,A2
90ycpyNEHgc_sentence_502.wav,Waste.,Rác.,A1
90ycpyNEHgc_sentence_505.wav,It's just a waste of time.,Chỉ phí thời gian thôi.,A1
90ycpyNEHgc_sentence_511.wav,I don't want to waste your time.,Tôi không muốn làm mất thời gian của anh.,A1
90ycpyNEHgc_sentence_514.wav,You'll have to do it whether you like it or not.,Anh sẽ phải làm dù anh có thích hay không.,A2
90ycpyNEHgc_sentence_515.wav,"I don't know whether I can do it or not, but I'll try.","Tôi không biết tôi có thể làm được hay không, nhưng tôi sẽ cố.",A2
90ycpyNEHgc_sentence_535.wav,Pair.,Hai người.,A2
90ycpyNEHgc_sentence_538.wav,I need a new pair of shoes.,Tôi cần một đôi giày mới.,A1
90ycpyNEHgc_sentence_539.wav,I bought a new pair of glasses.,Tôi đã mua một cặp kính mới.,A1
90ycpyNEHgc_sentence_540.wav,Unemployed.,Thất nghiệp.,A1
90ycpyNEHgc_sentence_546.wav,He is currently unemployed.,Hiện tại anh ta thất nghiệp.,A2
90ycpyNEHgc_sentence_566.wav,I have some questions regarding this matter.,Tôi có vài câu hỏi liên quan đến vấn đề này.,A2
90ycpyNEHgc_sentence_574.wav,I apologize if I hurt your feelings.,Tôi xin lỗi nếu tôi làm tổn thương cảm xúc của bạn.,A1
90ycpyNEHgc_sentence_576.wav,My tooth hurts a lot.,Răng tôi đau lắm.,A1
90ycpyNEHgc_sentence_582.wav,You're hurting my arm.,Anh làm đau tay tôi.,A1
90ycpyNEHgc_sentence_585.wav,Wild,Hoang dã,A1
90ycpyNEHgc_sentence_586.wav,I like wildflowers.,Tôi thích hoa dại.,A1
90ycpyNEHgc_sentence_593.wav,Explain.,Giải thích.,A1
90ycpyNEHgc_sentence_598.wav,Can you explain your answer?,Anh có thể giải thích câu trả lời không?,A1
90ycpyNEHgc_sentence_600.wav,Earn.,Earn.,A1
90ycpyNEHgc_sentence_607.wav,confident.,"Bạn có thể nói, "" Em rất tự tin.",A1
90ycpyNEHgc_sentence_609.wav,She gave me a confident smile.,Cô ấy cười tự tin với tôi.,A2
90ycpyNEHgc_sentence_614.wav,"However,","Tuy nhiên,",A2
90ycpyNEHgc_sentence_617.wav,"She was tired, however, she tried to finish the work.","Tuy nhiên, cô đã mệt mỏi, cô đã cố gắng để hoàn thành công việc.",A2
90ycpyNEHgc_sentence_629.wav,Staff performance is reviewed annually.,Hiệu suất nhân viên được xem xét hàng năm.,B1
90ycpyNEHgc_sentence_638.wav,Introduce.,Giới thiệu.,A1
90ycpyNEHgc_sentence_640.wav,Allow me to introduce myself.,Cho phép tôi tự giới thiệu.,A1
90ycpyNEHgc_sentence_641.wav,"Stand up and introduce yourself, please.",Xin hãy đứng lên và tự giới thiệu.,A2
90ycpyNEHgc_sentence_648.wav,It was much better than I'd expected.,Nó tốt hơn nhiều so với tôi mong đợi.,A2
90ycpyNEHgc_sentence_649.wav,Information,Thông tin,A2
90ycpyNEHgc_sentence_651.wav,"For further information, please contact us.","Để biết thêm thông tin, xin hãy liên hệ với chúng tôi.",A2
90ycpyNEHgc_sentence_657.wav,This information is strictly confidential.,Thông tin này hoàn toàn bí mật.,A2
90ycpyNEHgc_sentence_658.wav,Break.,Ngắt.,A1
90ycpyNEHgc_sentence_661.wav,Let's take a ten minute break.,Nghỉ 10 phút đi.,A1
90ycpyNEHgc_sentence_669.wav,Spend,Chi,A1
90ycpyNEHgc_sentence_677.wav,We're spending too much money.,Chúng ta đang tiêu quá nhiều tiền.,A1
90ycpyNEHgc_sentence_678.wav,I spent a week in the hospital.,Tôi đã ở bệnh viện một tuần.,A1
90ycpyNEHgc_sentence_679.wav,How do you spend your free time?,Bạn sử dụng thời gian rảnh của mình như thế nào?,A1
90ycpyNEHgc_sentence_680.wav,Complete.,Hoàn thành.,A1
90ycpyNEHgc_sentence_684.wav,Have you already completed this task?,Bạn đã hoàn thành nhiệm vụ này chưa?,A1
90ycpyNEHgc_sentence_692.wav,Is anyone else excited about this?,Có ai khác hứng thú với chuyện này không?,A1
90ycpyNEHgc_sentence_736.wav,Finally.,Cuối cùng.,A1
90ycpyNEHgc_sentence_739.wav,"Finally, I found a job.","Cuối cùng, tôi cũng tìm được việc làm.",A1
90ycpyNEHgc_sentence_741.wav,dramatically.,một cách kịch tính.,A2
90ycpyNEHgc_sentence_752.wav,The situation has changed dramatically.,Tình hình đã thay đổi đáng kể.,A2
90ycpyNEHgc_sentence_753.wav,the cost of living increased dramatically.,chi phí sinh hoạt tăng lên đáng kể.,A2
90ycpyNEHgc_sentence_754.wav,Keep.,Giữ.,A1
90ycpyNEHgc_sentence_755.wav,Keep your room clean.,Giữ phòng sạch sẽ.,A1
90ycpyNEHgc_sentence_756.wav,How long can I keep this book?,Tôi có thể giữ cuốn sách này bao lâu?,A1
90ycpyNEHgc_sentence_768.wav,The building was heavily damaged by fire.,Toà nhà bị hư hại nặng nề bởi hoả hoạn.,A2
90ycpyNEHgc_sentence_771.wav,The children ran up the stairs.,Bọn trẻ chạy lên cầu thang.,A1
90ycpyNEHgc_sentence_778.wav,There used to be a store right here.,Trước đây có một cửa hàng ở ngay đây.,A1
90ycpyNEHgc_sentence_783.wav,Sound,Âm thanh,A1
90ycpyNEHgc_sentence_784.wav,She heard the sound of footsteps outside.,Con bé nghe thấy tiếng bước chân bên ngoài.,A2
90ycpyNEHgc_sentence_798.wav,Above,Trên,A1
90ycpyNEHgc_sentence_805.wav,Visit,Thăm,A1
90ycpyNEHgc_sentence_806.wav,My dream is to visit Paris.,Ước mơ của tôi là được tới Paris.,A1
90ycpyNEHgc_sentence_808.wav,May I visit your office tomorrow morning?,Tôi có thể đến văn phòng của anh sáng mai không?,A2
90ycpyNEHgc_sentence_810.wav,Is this your first visit to Vietnam?,Đây là chuyến thăm Việt Nam đầu tiên của anh à?,A2
90ycpyNEHgc_sentence_816.wav,Join.,Tham gia.,A1
90ycpyNEHgc_sentence_817.wav,I'd like to join your group.,Tôi muốn tham gia nhóm của anh.,A1
90ycpyNEHgc_sentence_831.wav,He was injured in the accident.,Anh ta bị thương trong vụ tai nạn.,A2
90ycpyNEHgc_sentence_836.wav,I think it's time for me to take a break.,Tôi nghĩ đã đến lúc tôi phải nghỉ ngơi.,A1
90ycpyNEHgc_sentence_839.wav,When did she break the window?,Cô ấy đập vỡ cửa sổ khi nào?,A1
90ycpyNEHgc_sentence_853.wav,Shopping,Mua sắm,A1
90ycpyNEHgc_sentence_857.wav,Where's the shopping center?,Trung tâm mua sắm ở đâu?,A1
90ycpyNEHgc_sentence_858.wav,Do audience.,Mời khán giả.,A1
90ycpyNEHgc_sentence_862.wav,Audience,Khán giả,A2
90ycpyNEHgc_sentence_864.wav,The audience clapped loudly after his performance.,Khán giả vỗ tay ầm ĩ sau màn trình diễn của anh.,A2
90ycpyNEHgc_sentence_871.wav,We're very excited about the trip.,Chúng tôi rất hào hứng về chuyến đi.,A1
90ycpyNEHgc_sentence_888.wav,Sleep is essential to health.,Giấc ngủ rất cần thiết cho sức khoẻ.,A2
90ycpyNEHgc_sentence_896.wav,The show attracted a large audience.,Chương trình đã thu hút một lượng lớn khán giả.,A2
90ycpyNEHgc_sentence_898.wav,There was only a small audience today.,Hôm nay chỉ có một lượng khán giả nhỏ.,A2
90ycpyNEHgc_sentence_899.wav,Winning.,Chiến thắng.,A1
90ycpyNEHgc_sentence_918.wav,Go.,Đi đi.,A1
90ycpyNEHgc_sentence_920.wav,Do you go to school on foot?,Bạn có đi bộ đến trường không?,A1
90ycpyNEHgc_sentence_921.wav,"I'm tired, let's go home.","Tôi mệt rồi, về nhà thôi.",A1
90ycpyNEHgc_sentence_922.wav,We're interested.,Chúng tôi rất quan tâm.,A1
90ycpyNEHgc_sentence_946.wav,Wh probably.,Có lẽ là.,A1
90ycpyNEHgc_sentence_949.wav,Probable.,Có thể.,A2
90ycpyNEHgc_sentence_950.wav,It is probable that she will come.,Có thể cô ấy sẽ đến.,A2
90ycpyNEHgc_sentence_951.wav,It is probable that he will be back tomorrow.,Có khả năng ngày mai ông ấy sẽ quay lại.,A2
90ycpyNEHgc_sentence_952.wav,Oil.,Dầu.,A1
90ycpyNEHgc_sentence_960.wav,Grocery,& Tạp chí,A1
90ycpyNEHgc_sentence_964.wav,There's a grocery store on this street.,Có một cửa hàng tạp hoá trên phố này.,A1
9MLV1X74KFM_sentence_026.wav,Can you be more specific?,Anh nói cụ thể hơn được không?,A1
9MLV1X74KFM_sentence_062.wav,Settle.,Ổn định.,A1
9MLV1X74KFM_sentence_073.wav,We've got a lot of trouble ahead.,Chúng ta có rất nhiều rắc rối phía trước.,A2
9MLV1X74KFM_sentence_081.wav,Ring.,Ring (Chuông).,A1
9MLV1X74KFM_sentence_1007.wav,Desperate.,Tuyệt vọng.,A1
9MLV1X74KFM_sentence_1026.wav,Driving.,Lái xe.,A1
9MLV1X74KFM_sentence_1030.wav,Please show me your driving license.,Cho tôi xem bằng lái xe.,A1
9MLV1X74KFM_sentence_1041.wav,This book is yours.,Cuốn sách này là của anh.,A1
9MLV1X74KFM_sentence_1049.wav,"As far as I know, he isn't lazy.","Theo như tôi biết, anh ta không lười biếng.",A2
9MLV1X74KFM_sentence_1051.wav,My house is not far from here.,Nhà tôi không xa đây lắm.,A2
9MLV1X74KFM_sentence_1055.wav,What are your hobbies?,Sở thích của bạn là gì?,A1
9MLV1X74KFM_sentence_1061.wav,Glad.,Vui mừng.,A1
9MLV1X74KFM_sentence_1069.wav,I have plenty of time to do this.,Tôi có nhiều thời gian để làm việc này.,A1
9MLV1X74KFM_sentence_1085.wav,We're so close to winning.,Chúng ta sắp thắng rồi.,A2
9MLV1X74KFM_sentence_1086.wav,Fish.,Cá.,A1
9MLV1X74KFM_sentence_1093.wav,Finance.,Tài chính.,A2
9MLV1X74KFM_sentence_1116.wav,It's impossible for me to explain it to you.,Tôi không thể giải thích cho anh được.,A2
9MLV1X74KFM_sentence_1117.wav,Guide,Hướng dẫn,A2
9MLV1X74KFM_sentence_133.wav,Nowhere.,Không đâu cả.,A2
9MLV1X74KFM_sentence_134.wav,I have nowhere else to go.,Tôi không còn nơi nào để đi.,A1
9MLV1X74KFM_sentence_144.wav,The chair is broken.,Cái ghế bị gãy rồi.,A1
9MLV1X74KFM_sentence_189.wav,Can I turn off the TV?,Tôi tắt TV được không?,A1
9MLV1X74KFM_sentence_194.wav,Absent.,Vắng mặt.,A2
9MLV1X74KFM_sentence_210.wav,She gets a high salary.,Cô ấy có mức lương cao.,A2
9MLV1X74KFM_sentence_231.wav,The ticket sold out within a week.,Vé được bán hết trong vòng một tuần.,A2
9MLV1X74KFM_sentence_233.wav,I will come back within a month.,Tôi sẽ quay lại trong vòng một tháng.,A2
9MLV1X74KFM_sentence_246.wav,We cannot exist without food or water.,Chúng ta không thể tồn tại mà không có thức ăn hay nước uống.,A2
9MLV1X74KFM_sentence_255.wav,Lovely.,Lovely.,A1
9MLV1X74KFM_sentence_268.wav,Will it rain tomorrow? I hope not.,Ngày mai trời sẽ mưa chứ?,A2
9MLV1X74KFM_sentence_277.wav,"Frankly speaking, it doesn't suit you.","Nói thẳng ra, nó không hợp với anh.",A2
9MLV1X74KFM_sentence_278.wav,"Cool suit, man.",Bộ đồ đẹp đấy.,A1
9MLV1X74KFM_sentence_287.wav,This is definitely the best way.,Đây chắc chắn là cách tốt nhất.,A1
9MLV1X74KFM_sentence_300.wav,I can't afford to buy an expensive car.,Tôi không đủ tiền để mua một chiếc xe đắt tiền.,A2
9MLV1X74KFM_sentence_304.wav,She has just bought a new belt from the department store.,Cô ấy vừa mua một cái thắt lưng mới ở trung tâm thương mại.,A2
9MLV1X74KFM_sentence_308.wav,I live with my parents.,Tôi sống với bố mẹ.,A1
9MLV1X74KFM_sentence_310.wav,Are you happy with your weight?,Bạn có hài lòng với cân nặng của mình không?,A1
9MLV1X74KFM_sentence_327.wav,Attack is the best form of defense.,Tấn công là cách phòng thủ tốt nhất.,A2
9MLV1X74KFM_sentence_337.wav,Ten houses were burned down last night.,Tối qua 10 ngôi nhà đã bị đốt cháy.,A2
9MLV1X74KFM_sentence_342.wav,We didn't have the right equipment to do the job.,Chúng tôi không có thiết bị phù hợp để làm việc.,A2
9MLV1X74KFM_sentence_348.wav,Every new day is another chance to change your life.,Mỗi ngày mới là một cơ hội khác để thay đổi cuộc sống của bạn.,A2
9MLV1X74KFM_sentence_361.wav,I don't know what actually happened.,Tôi không biết chuyện gì đã thực sự xảy ra.,A1
9MLV1X74KFM_sentence_372.wav,Is there a pharmacy nearby?,Có hiệu thuốc nào gần đây không?,A1
9MLV1X74KFM_sentence_373.wav,"Although she lives nearby, I rarely see her.","Mặc dù cô ấy sống gần đây, nhưng tôi hiếm khi gặp cô ấy.",A2
9MLV1X74KFM_sentence_381.wav,Belong. Where do these things belong? You belong to me.,Những thứ này thuộc về đâu?,A2
9MLV1X74KFM_sentence_406.wav,Do you believe in love at first sight?,Bạn có tin vào tình yêu sét đánh không?,A1
9MLV1X74KFM_sentence_417.wav,We can't offer you a higher salary.,Chúng tôi không thể trả lương cao hơn.,A2
9MLV1X74KFM_sentence_424.wav,There's a bank right across the street.,Có một ngân hàng ngay bên kia đường.,A2
9MLV1X74KFM_sentence_427.wav,"Your offer is very attractive, but I will have to think about it a bit.","Đề nghị của anh rất hấp dẫn, nhưng tôi sẽ phải suy nghĩ một chút.",A2
9MLV1X74KFM_sentence_431.wav,She is a very attractive woman.,Cô ấy là một phụ nữ rất hấp dẫn.,A1
9MLV1X74KFM_sentence_446.wav,I am the happiest man on earth.,Tôi là người hạnh phúc nhất trên trái đất này.,A1
9MLV1X74KFM_sentence_449.wav,Earth.,Trái đất.,A1
9MLV1X74KFM_sentence_451.wav,A clock.,Một chiếc đồng hồ.,A1
9MLV1X74KFM_sentence_456.wav,I'll be back by 10 o'clock.,Tôi sẽ quay lại lúc 10 giờ.,A2
9MLV1X74KFM_sentence_457.wav,I'll see you at 8 o'clock at the meeting room.,Gặp lại anh lúc 8 giờ ở phòng họp.,A2
9MLV1X74KFM_sentence_460.wav,There's enough food for everyone.,Có đủ thức ăn cho tất cả mọi người.,A1
9MLV1X74KFM_sentence_461.wav,Do you have enough money?,Anh có đủ tiền không?,A1
9MLV1X74KFM_sentence_465.wav,Kid.,Nhóc.,A1
9MLV1X74KFM_sentence_467.wav,Are you kidding me?,Anh đùa tôi à?,A1
9MLV1X74KFM_sentence_477.wav,"You are a good cook, aren't you?","Anh nấu ăn giỏi lắm, phải không?",A2
9MLV1X74KFM_sentence_494.wav,"He sat beside me in the front seat,","Anh ấy ngồi cạnh tôi ở ghế trước,",A2
9MLV1X74KFM_sentence_504.wav,Sale,Bán hàng,A1
9MLV1X74KFM_sentence_508.wav,This isn't for sale.,Cái này không phải để bán.,A2
9MLV1X74KFM_sentence_510.wav,Our sales are decreasing.,Doanh số của chúng ta đang giảm.,A2
9MLV1X74KFM_sentence_518.wav,Las,Las,A2
9MLV1X74KFM_sentence_536.wav,I'm glad to hear that.,Tôi rất vui khi nghe vậy.,A1
9MLV1X74KFM_sentence_543.wav,I was deeply impressed with his courage.,Tôi đã rất ấn tượng với lòng dũng cảm của anh ấy.,A2
9MLV1X74KFM_sentence_546.wav,Remain.,Vẫn còn.,A1
9MLV1X74KFM_sentence_551.wav,Anger,Tức giận,A1
9MLV1X74KFM_sentence_559.wav,We have no chance of winning.,Chúng ta không có cơ hội chiến thắng.,A2
9MLV1X74KFM_sentence_563.wav,Then,Sau đó,A1
9MLV1X74KFM_sentence_564.wav,She argued with him and then hit him.,Cô ta cãi nhau với hắn rồi đánh hắn.,A2
9MLV1X74KFM_sentence_565.wav,He writes to his mother every now and then.,Thỉnh thoảng nó viết thư cho mẹ.,A2
9MLV1X74KFM_sentence_566.wav,What did you do then?,Sau đó anh đã làm gì?,A1
9MLV1X74KFM_sentence_572.wav,I'm thirsty. Can you buy me a drink?,"Tôi khát, anh mời tôi một ly được không?",A1
9MLV1X74KFM_sentence_577.wav,Surely.,Chắc chắn rồi.,A1
9MLV1X74KFM_sentence_582.wav,House.,House.,A1
9MLV1X74KFM_sentence_587.wav,I invited him to my house.,Tôi mời anh ta đến nhà tôi.,A1
9MLV1X74KFM_sentence_588.wav,Do you see that house? It's mine.,Thấy ngôi nhà đó không?,A1
9MLV1X74KFM_sentence_593.wav,Can you explain why you dislike him?,Cô có thể giải thích tại sao cô ghét anh ta không?,A1
9MLV1X74KFM_sentence_608.wav,Do you know where he lives?,Anh có biết anh ta sống ở đâu không?,A1
9MLV1X74KFM_sentence_609.wav,We used to live in London.,Chúng tôi từng sống ở London.,A1
9MLV1X74KFM_sentence_615.wav,Don't be so sensitive.,Đừng nhạy cảm thế.,A1
9MLV1X74KFM_sentence_624.wav,Highly.,Rất cao.,A1
9MLV1X74KFM_sentence_628.wav,Start close.,Bắt đầu từ từ.,A1
9MLV1X74KFM_sentence_629.wav,"Be careful, the floor is wet.","Cẩn thận, sàn nhà ướt rồi.",A1
9MLV1X74KFM_sentence_631.wav,Take off your wet clothes.,Cởi quần áo ướt ra.,A1
9MLV1X74KFM_sentence_639.wav,Social.,Xã hội.,A1
9MLV1X74KFM_sentence_651.wav,Following,Theo,A2
9MLV1X74KFM_sentence_652.wav,Answer the following questions.,Trả lời những câu hỏi sau.,A1
9MLV1X74KFM_sentence_675.wav,I must help her at any cost.,Tôi phải giúp cô ấy bằng mọi giá.,A2
9MLV1X74KFM_sentence_677.wav,We shared the cost of the meal.,Chúng tôi chia sẻ chi phí cho bữa ăn.,A2
9MLV1X74KFM_sentence_679.wav,Reading,Đang đọc,A1
9MLV1X74KFM_sentence_687.wav,What a mess.,Thật là một mớ hỗn độn.,A1
9MLV1X74KFM_sentence_692.wav,I need to reduce my expenses.,Tôi cần phải giảm chi phí của tôi.,A2
9MLV1X74KFM_sentence_714.wav,You should go in the opposite direction.,Anh nên đi theo hướng ngược lại.,A1
9MLV1X74KFM_sentence_724.wav,Afford.,Có thể chấp nhận được.,A2
9MLV1X74KFM_sentence_731.wav,More.,Nhiều hơn.,A1
9MLV1X74KFM_sentence_733.wav,Would you like some more cake?,Cô muốn thêm bánh không?,A1
9MLV1X74KFM_sentence_739.wav,The price of gold varies from day to day.,Giá vàng thay đổi theo từng ngày.,A2
9MLV1X74KFM_sentence_743.wav,Favor.,Yêu.,A1
9MLV1X74KFM_sentence_749.wav,How did you earn so much money?,Sao anh kiếm được nhiều tiền thế?,A1
9MLV1X74KFM_sentence_758.wav,I'll show you the car I've just bought.,Tôi sẽ cho anh xem chiếc xe tôi vừa mua.,A1
9MLV1X74KFM_sentence_776.wav,Parent.,Phụ huynh.,A1
9MLV1X74KFM_sentence_777.wav,He's still living with his parents.,Nó vẫn đang sống với bố mẹ.,A1
9MLV1X74KFM_sentence_781.wav,How are your parents?,Bố mẹ cậu sao rồi?,A1
9MLV1X74KFM_sentence_790.wav,Silly.,Ngốc nghếch.,A1
9MLV1X74KFM_sentence_800.wav,She gave me an angry look.,Cô ấy nhìn tôi giận dữ.,A2
9MLV1X74KFM_sentence_810.wav,This door is locked from the inside.,Cửa này được khoá từ bên trong.,A1
9MLV1X74KFM_sentence_818.wav,Response.,Phản ứng.,A2
9MLV1X74KFM_sentence_819.wav,I'm waiting for his response.,Tôi đang chờ phản ứng của anh ta.,A2
9MLV1X74KFM_sentence_825.wav,complicated.,phức tạp.,A1
9MLV1X74KFM_sentence_832.wav,Likely.,Có thể.,A1
9MLV1X74KFM_sentence_833.wav,It's likely that she will succeed.,Có khả năng cô ấy sẽ thành công.,A2
9MLV1X74KFM_sentence_840.wav,She is ready to get married and settle down.,Cô ấy đã sẵn sàng để kết hôn và ổn định cuộc sống.,A2
9MLV1X74KFM_sentence_851.wav,Respect.,Tôn trọng.,A1
9MLV1X74KFM_sentence_858.wav,Strong.,Mạnh mẽ.,A1
9MLV1X74KFM_sentence_863.wav,Please choose a stronger password.,Xin hãy chọn mật khẩu mạnh hơn.,A1
9MLV1X74KFM_sentence_865.wav,Vegetable,Rau,A1
9MLV1X74KFM_sentence_872.wav,Additional,ThêmName,A2
9MLV1X74KFM_sentence_883.wav,Get out of the kitchen.,Ra khỏi bếp đi.,A1
9MLV1X74KFM_sentence_915.wav,Let's go straight to the airport.,Hãy đi thẳng ra sân bay.,A1
9MLV1X74KFM_sentence_926.wav,Do you have any thoughts on the subject?,Anh có suy nghĩ gì về chủ đề này không?,A2
9MLV1X74KFM_sentence_932.wav,Honestly.,Thành thật.,A1
9MLV1X74KFM_sentence_935.wav,"Honestly, I can't remember.","Thật tình, tôi không nhớ.",A1
9MLV1X74KFM_sentence_939.wav,Worse.,Tệ hơn.,A1
9MLV1X74KFM_sentence_940.wav,"Our house is worth about$150,000.",Nhà của chúng tôi trị giá khoảng 150.000 đô.,A2
9MLV1X74KFM_sentence_941.wav,I think it's worth a try.,Tôi nghĩ nó đáng để thử.,A1
9MLV1X74KFM_sentence_946.wav,"Finally,","Cuối cùng,",A1
9MLV1X74KFM_sentence_947.wav,I finally pass the test.,Cuối cùng tôi cũng vượt qua bài kiểm tra.,A1
9MLV1X74KFM_sentence_948.wav,The train finally arrived.,Cuối cùng thì tàu cũng đến nơi.,A1
9MLV1X74KFM_sentence_953.wav,Directly.,Trực tiếp.,A2
9MLV1X74KFM_sentence_957.wav,Why don't you ask him directly?,Sao anh không hỏi thẳng hắn?,A2
9MLV1X74KFM_sentence_965.wav,Sometimes,Đôi khi,A1
9MLV1X74KFM_sentence_969.wav,Sometimed.,Một chút thời gian.,A2
9MLV1X74KFM_sentence_975.wav,Did you buy a round trip ticket?,Anh có mua vé khứ hồi không?,A1
9MLV1X74KFM_sentence_979.wav,I've got some free tickets to the show.,Tôi có vài vé miễn phí đến buổi diễn.,A1
9MLV1X74KFM_sentence_981.wav,Medical,Y tế,A2
9MLV1X74KFM_sentence_985.wav,She's a medical student.,Cô ấy là sinh viên y khoa.,A1
9MLV1X74KFM_sentence_987.wav,I need medical help.,Tôi cần sự giúp đỡ y tế.,A1
9MLV1X74KFM_sentence_994.wav,I have no idea what to do next.,Tôi không biết phải làm gì tiếp theo.,A2
9MLV1X74KFM_sentence_997.wav,I sleep six hours a day on average.,Trung bình tôi ngủ sáu tiếng một ngày.,A2
A9E8K6ffHD8_sentence_000.wav,Remaining.,Còn lại.,A2
A9E8K6ffHD8_sentence_008.wav,The remaining money will be donated to charity.,Số tiền còn lại sẽ được quyên góp cho từ thiện.,A2
A9E8K6ffHD8_sentence_013.wav,His large income enables him to travel abroad every year.,Thu nhập lớn của ông cho phép ông đi du lịch nước ngoài hàng năm.,A2
A9E8K6ffHD8_sentence_015.wav,Enable.,Bật.,A2
A9E8K6ffHD8_sentence_047.wav,Fair.,Công bằng.,A1
A9E8K6ffHD8_sentence_052.wav,Political.,Chính trị.,A2
A9E8K6ffHD8_sentence_068.wav,Anxiously.,Lo lắng.,A2
A9E8K6ffHD8_sentence_072.wav,Her parents waited anxiously for her to come home that night.,Cha mẹ cô lo lắng chờ đợi cô về nhà đêm đó.,A2
A9E8K6ffHD8_sentence_080.wav,Restrict.,Hạn chế.,A1
A9E8K6ffHD8_sentence_105.wav,Error.,Lỗi.,A2
A9E8K6ffHD8_sentence_112.wav,There is an error in this sentence.,Có một lỗi trong câu này.,A2
A9E8K6ffHD8_sentence_135.wav,Youth.,Tuổi trẻ.,A1
A9E8K6ffHD8_sentence_166.wav,Does it?,Có đúng không?,A1
A9E8K6ffHD8_sentence_169.wav,She went to the supermarket and bought a dozen of eggs.,Cô ấy đi siêu thị và mua một tá trứng.,A1
A9E8K6ffHD8_sentence_172.wav,I have a dozen reports to read.,Tôi có cả tá báo cáo cần đọc.,A1
A9E8K6ffHD8_sentence_174.wav,Dozens of students gather there.,Hàng chục sinh viên tập trung ở đó.,A1
A9E8K6ffHD8_sentence_199.wav,Grade.,Cấp.,A1
A9E8K6ffHD8_sentence_204.wav,Industrial.,Công nghiệp.,A2
A9E8K6ffHD8_sentence_205.wav,Japan is an industrial nation.,Nhật Bản là một quốc gia công nghiệp.,A2
A9E8K6ffHD8_sentence_211.wav,This is the biggest industrial park in Vietnam.,Đây là khu công nghiệp lớn nhất ở Việt Nam.,A2
A9E8K6ffHD8_sentence_215.wav,Context.,Ngữ cảnh.,B1
A9E8K6ffHD8_sentence_231.wav,Boil.,Đun sôi nước.,A1
A9E8K6ffHD8_sentence_241.wav,Cruel.,Đồ độc ác.,A2
A9E8K6ffHD8_sentence_245.wav,cruel.,tàn nhẫn.,A2
A9E8K6ffHD8_sentence_256.wav,Cheerful.,Đầy nhiệt.,A1
A9E8K6ffHD8_sentence_263.wav,Poem,THƯ,A1
A9E8K6ffHD8_sentence_265.wav,Who wrote this poem?,Ai đã viết bài thơ này?,A1
A9E8K6ffHD8_sentence_266.wav,What's your favorite poem?,Bài thơ yêu thích của bạn là gì?,A1
A9E8K6ffHD8_sentence_271.wav,His poems are difficult to understand.,Những bài thơ của ông rất khó hiểu.,A2
A9E8K6ffHD8_sentence_274.wav,Timetable.,Thời gian biểu.,A2
A9E8K6ffHD8_sentence_279.wav,We have a busy timetable this week.,Tuần này chúng tôi có một thời gian biểu bận rộn.,A2
A9E8K6ffHD8_sentence_284.wav,Universe,Vũ trụ,A1
A9E8K6ffHD8_sentence_287.wav,Captain,Thuyền trưởng,A1
A9E8K6ffHD8_sentence_291.wav,We elected Tom captain of the team.,Chúng tôi đã bầu Tom làm đội trưởng.,A2
A9E8K6ffHD8_sentence_300.wav,Angle,Góc,A1
A9E8K6ffHD8_sentence_308.wav,Nonsense.,Vô nghĩa.,A1
A9E8K6ffHD8_sentence_309.wav,I don't have time for this nonsense.,Tôi không có thời gian cho chuyện vô nghĩa này.,A1
A9E8K6ffHD8_sentence_314.wav,You're talking nonsense.,Anh đang nói chuyện vô nghĩa.,A1
A9E8K6ffHD8_sentence_315.wav,We aren't here to talk nonsense.,Chúng ta không ở đây để nói chuyện vô nghĩa.,A2
A9E8K6ffHD8_sentence_319.wav,Safely.,An toàn.,A1
A9E8K6ffHD8_sentence_321.wav,We arrived home safely.,Chúng tôi về nhà an toàn.,A2
A9E8K6ffHD8_sentence_322.wav,Please drive safely.,Xin hãy lái xe an toàn.,A1
A9E8K6ffHD8_sentence_326.wav,Item,Mục,A2
A9E8K6ffHD8_sentence_330.wav,Please check all the items on this list.,Xin hãy kiểm tra tất cả các mục trong danh sách này.,A1
A9E8K6ffHD8_sentence_331.wav,I need the following items.,Tôi cần những thứ sau.,A2
A9E8K6ffHD8_sentence_337.wav,She committed her child to her aunt's care.,Cô giao con mình cho dì chăm sóc.,A2
A9E8K6ffHD8_sentence_338.wav,Try it before you commit to a purchase.,Hãy thử trước khi quyết định mua.,A2
A9E8K6ffHD8_sentence_345.wav,There's nothing remaining in the house.,Không còn gì trong nhà.,A2
A9E8K6ffHD8_sentence_346.wav,Only one minute remaining. Hurry up!,Chỉ còn một phút nữa thôi.,A1
A9E8K6ffHD8_sentence_352.wav,The roof was damaged by the storm.,Mái nhà bị hư hại bởi cơn bão.,A2
A9E8K6ffHD8_sentence_361.wav,Cupboard.,Phòng xép.,A1
A9E8K6ffHD8_sentence_363.wav,My mom has just bought a new cupboard.,Mẹ tớ vừa mua tủ mới.,A1
A9E8K6ffHD8_sentence_368.wav,All of the money in the cupboard was stolen.,Tất cả tiền trong tủ đều bị đánh cắp.,A2
A9E8K6ffHD8_sentence_369.wav,She put a box in that cupboard.,Cô ấy để một cái hộp trong tủ.,A1
A9E8K6ffHD8_sentence_383.wav,Ceremony.,Lễ.,A1
A9E8K6ffHD8_sentence_394.wav,Vehicle,Xe,A1
A9E8K6ffHD8_sentence_399.wav,There are always a lot of vehicles on this road.,Lúc nào cũng có nhiều xe trên đường này.,A2
B98K7c1BJ2w_sentence_000.wav,Switch.,Đổi chỗ.,A1
B98K7c1BJ2w_sentence_005.wav,Switch on the light. I can't see anything.,"Bật đèn lên, tôi không thấy gì cả.",A1
B98K7c1BJ2w_sentence_012.wav,It's a politically sensitive issue.,Đó là một vấn đề nhạy cảm về chính trị.,A2
B98K7c1BJ2w_sentence_013.wav,This is politically correct.,Điều này đúng đắn về mặt chính trị.,A1
B98K7c1BJ2w_sentence_015.wav,Politically,Về chính trị,A2
B98K7c1BJ2w_sentence_018.wav,It makes sense politically as well as economically.,Nó có ý nghĩa về mặt chính trị cũng như kinh tế.,A2
B98K7c1BJ2w_sentence_033.wav,Fundamental.,Cơ bản.,A2
B98K7c1BJ2w_sentence_046.wav,Steel,Thép,A1
B98K7c1BJ2w_sentence_048.wav,Last night someone stole my bicycle.,Tối qua có người đã lấy cắp xe đạp của tôi.,A1
B98K7c1BJ2w_sentence_049.wav,My passport has been stolen. What should I do?,"Hộ chiếu của tôi bị đánh cắp, tôi phải làm gì?",A1
B98K7c1BJ2w_sentence_063.wav,The climate here is mild.,Khí hậu ở đây ôn hoà.,A2
B98K7c1BJ2w_sentence_068.wav,"He's screaming, not singing.","Nó la hét, không phải hát.",A2
B98K7c1BJ2w_sentence_079.wav,Spice.,Gia vị.,A1
B98K7c1BJ2w_sentence_108.wav,The program is designed to reform prisoners.,Chương trình được thiết kế để cải cách tù nhân.,A2
B98K7c1BJ2w_sentence_134.wav,The trip will take approximately four hours.,Chuyến đi sẽ mất khoảng bốn tiếng.,A2
B98K7c1BJ2w_sentence_174.wav,They have access to the library.,Họ có quyền vào thư viện.,A1
B98K7c1BJ2w_sentence_213.wav,Brave.,Dũng cảm.,A1
B98K7c1BJ2w_sentence_224.wav,Deaf.,Điếc.,A1
B98K7c1BJ2w_sentence_228.wav,Staff.,Nhân viên.,A1
B98K7c1BJ2w_sentence_239.wav,Scratch.,Scratch.,A1
B98K7c1BJ2w_sentence_242.wav,"Don't worry, it's only a scratch.","Đừng lo, chỉ là vết trầy thôi.",A1
B98K7c1BJ2w_sentence_244.wav,Can you scratch my back?,Anh gãi lưng cho tôi được không?,A1
B98K7c1BJ2w_sentence_246.wav,Civil,Civil,A1
B98K7c1BJ2w_sentence_254.wav,Marketing.,Marketing.,A2
B98K7c1BJ2w_sentence_262.wav,Identity.,Danh tính.,A2
B98K7c1BJ2w_sentence_295.wav,We must keep up the family traditions.,Chúng ta phải giữ truyền thống gia đình.,A1
B98K7c1BJ2w_sentence_361.wav,Miles,Miles,A1
B98K7c1BJ2w_sentence_387.wav,I want you to have a definite plan before you leave.,Tôi muốn anh có một kế hoạch rõ ràng trước khi anh đi.,A2
B98K7c1BJ2w_sentence_397.wav,"Helen Keller was blind, deaf, and","Helen Keller bị mù, điếc và",A2
B98K7c1BJ2w_sentence_403.wav,He went deaf as a result of an accident.,Anh ta bị điếc do tai nạn.,A2
B98K7c1BJ2w_sentence_418.wav,Palace,Cung điện,A1
B98K7c1BJ2w_sentence_419.wav,The king and his family live in the royal palace.,Nhà vua và gia đình sống trong cung điện hoàng gia.,A2
B98K7c1BJ2w_sentence_423.wav,Hatred.,Hận.,A1
B98K7c1BJ2w_sentence_431.wav,Old-fashioned.,Cổ hủ.,A1
B98K7c1BJ2w_sentence_436.wav,Religion,Tôn giáo,A1
B98K7c1BJ2w_sentence_438.wav,Don't talk to me about religion.,Đừng nói với tôi về tôn giáo.,A1
B98K7c1BJ2w_sentence_441.wav,Buddhism is one of the most popular religions in the world.,Phật giáo là một trong những tôn giáo phổ biến nhất trên thế giới.,A2
B98K7c1BJ2w_sentence_443.wav,Is there a conflict between science and religion?,Liệu có một xung đột giữa khoa học và tôn giáo?,A2
B98K7c1BJ2w_sentence_453.wav,"The aircraft is capable of flying 5,000 miles non-stop.",Chiếc máy bay có khả năng bay 5.000 dặm không ngừng.,A2
B98K7c1BJ2w_sentence_523.wav,They failed to get any definite information.,Họ không có được bất kỳ thông tin xác định nào.,A2
B98K7c1BJ2w_sentence_529.wav,What a relief it was only a nightmare.,Thật nhẹ nhõm khi đó chỉ là một cơn ác mộng.,A1
B98K7c1BJ2w_sentence_546.wav,It's bad manners to point at people.,Chỉ vào người khác là không lịch sự.,A2
B98K7c1BJ2w_sentence_562.wav,It's a fairly complicated problem.,Đó là một vấn đề khá phức tạp.,A2
B98K7c1BJ2w_sentence_567.wav,Some of my friends can speak English fairly well.,Một vài người bạn của tôi nói tiếng Anh khá tốt.,A2
B98K7c1BJ2w_sentence_572.wav,I'm quite capable of taking care of myself.,Tôi có khả năng tự chăm sóc cho mình.,A2
B98K7c1BJ2w_sentence_575.wav,Capable.,Có khả năng.,A1
B98K7c1BJ2w_sentence_582.wav,King,Vua,A1
B98K7c1BJ2w_sentence_591.wav,Poisonous.,Độc.,A2
B98K7c1BJ2w_sentence_596.wav,The leaves of this tree are poisonous to most animals.,Lá của cây này độc đối với hầu hết các loài động vật.,A2
B98K7c1BJ2w_sentence_607.wav,Supply,Cung cấp,A2
B98K7c1BJ2w_sentence_620.wav,Relatively.,Tương đối.,A2
B98K7c1BJ2w_sentence_635.wav,Don't touch that switch.,Đừng chạm vào công tắc.,A1
B98K7c1BJ2w_sentence_658.wav,Vast.,Rất lớn.,A2
B98K7c1BJ2w_sentence_666.wav,Reform.,Cải cách.,A1
B98K7c1BJ2w_sentence_677.wav,Interval,Khoảng cách,A1
B98K7c1BJ2w_sentence_691.wav,She deliberately exposed him to danger.,Cô ta cố tình để anh ta gặp nguy hiểm.,A2
CWdJd0sDlOw_sentence_001.wav,Who's going to look after the children while you're away?,Ai sẽ trông chừng bọn trẻ khi anh đi vắng?,A2
CWdJd0sDlOw_sentence_003.wav,Look after.,Chăm sóc.,A1
CWdJd0sDlOw_sentence_030.wav,Hunting is prohibited in national parks.,Săn bắn bị cấm trong các vườn quốc gia.,A2
CWdJd0sDlOw_sentence_042.wav,Delight.,Delight.,A1
CWdJd0sDlOw_sentence_050.wav,Debate.,Tranh luận.,A1
CWdJd0sDlOw_sentence_074.wav,They upset my plan.,Họ phá hỏng kế hoạch của tôi.,A1
CWdJd0sDlOw_sentence_079.wav,Profits have increased significantly over the past few years.,Lợi nhuận đã tăng đáng kể trong vài năm qua.,A2
CWdJd0sDlOw_sentence_088.wav,Urge.,Ham muốn.,A2
CWdJd0sDlOw_sentence_099.wav,Ink.,Mực.,A1
CWdJd0sDlOw_sentence_104.wav,Don't write in red ink.,Đừng viết bằng mực đỏ.,A2
CWdJd0sDlOw_sentence_105.wav,My ballpoint pen just ran out of ink.,Bút bi của tôi hết mực rồi.,A2
CWdJd0sDlOw_sentence_111.wav,Mixed.,Hỗn hợp.,A2
CWdJd0sDlOw_sentence_133.wav,Surprise.,Ngạc nhiên chưa.,A1
CWdJd0sDlOw_sentence_137.wav,Prize.,Giải thưởng.,A2
CWdJd0sDlOw_sentence_139.wav,He deserves the prize.,Anh ta xứng đáng với giải thưởng.,A1
CWdJd0sDlOw_sentence_155.wav,Proceed.,Tiếp tục.,A1
CWdJd0sDlOw_sentence_216.wav,Theme.,Sắc thái.,A1
CWdJd0sDlOw_sentence_253.wav,Conservative.,Bảo thủ.,A2
CWdJd0sDlOw_sentence_270.wav,The meeting dragged on.,Cuộc họp kéo dài.,A2
CWdJd0sDlOw_sentence_280.wav,Promote.,Quảng bá.,A1
CWdJd0sDlOw_sentence_283.wav,The company is promoting a new product.,Công ty đang quảng bá một sản phẩm mới.,A2
CWdJd0sDlOw_sentence_286.wav,She deserves to be promoted.,Cô ấy xứng đáng được thăng chức.,A1
CWdJd0sDlOw_sentence_291.wav,Promotion,Quảng bá,A2
CWdJd0sDlOw_sentence_301.wav,Let's celebrate your promotion.,Hãy ăn mừng việc thăng chức của anh.,A1
CWdJd0sDlOw_sentence_307.wav,Her parents can't help worrying about her injuries.,Cha mẹ cô không thể không lo lắng về vết thương của cô.,A2
CWdJd0sDlOw_sentence_321.wav,continent.,lục địa.,A2
CWdJd0sDlOw_sentence_326.wav,Africa is the poorest continent.,Châu Phi là lục địa nghèo nhất.,A2
CWdJd0sDlOw_sentence_327.wav,Australia is the smallest continent in the world.,Úc là lục địa nhỏ nhất thế giới.,A2
CWdJd0sDlOw_sentence_335.wav,This book is about a king who loses his crown.,Cuốn sách này nói về một vị vua đã mất vương miện.,A2
CWdJd0sDlOw_sentence_355.wav,Emerge.,Nổi bật.,A2
CWdJd0sDlOw_sentence_358.wav,The robber emerged from the darkness.,Tên cướp từ trong bóng tối trồi lên.,A2
CWdJd0sDlOw_sentence_430.wav,Everything proceeds according to plan.,Mọi thứ tiến hành theo kế hoạch.,A2
CWdJd0sDlOw_sentence_436.wav,The measurements must be precise.,Các phép đo phải chính xác.,A2
CWdJd0sDlOw_sentence_454.wav,The old factory has been transformed into an art gallery.,Nhà máy cũ đã được chuyển thành một phòng trưng bày nghệ thuật.,A2
CWdJd0sDlOw_sentence_499.wav,content.,Nội dung.,A1
CWdJd0sDlOw_sentence_517.wav,She has a pleasant voice.,Cô ấy có giọng nói dễ chịu.,A2
CWdJd0sDlOw_sentence_521.wav,Dismiss.,Bãi nhiệm.,A1
CWdJd0sDlOw_sentence_528.wav,The teacher dismissed his class when the bell rang.,Giáo viên cho lớp nghỉ khi chuông reo.,A2
CWdJd0sDlOw_sentence_532.wav,Behave.,Đàng hoàng.,A1
CWdJd0sDlOw_sentence_561.wav,Don't try to be a hero.,Đừng cố gắng trở thành anh hùng.,A1
CWdJd0sDlOw_sentence_563.wav,You g initial.,Bạn g đầu tiên.,A2
CWdJd0sDlOw_sentence_566.wav,Initial,& Đầu,A2
CWdJd0sDlOw_sentence_568.wav,The initial symptoms of the disease are fever and sore throat.,Các triệu chứng ban đầu của bệnh là sốt và đau họng.,B1
CWdJd0sDlOw_sentence_571.wav,Commitment.,Cam kết.,A2
CWdJd0sDlOw_sentence_582.wav,Klein,KleinName,A1
CWdJd0sDlOw_sentence_587.wav,"We decided to climb to 6,000 meters.",Chúng tôi quyết định leo lên 6000 mét.,A2
CWdJd0sDlOw_sentence_590.wav,The police questioned him closely.,Cảnh sát đã thẩm vấn anh ta rất kỹ lưỡng.,A2
CWdJd0sDlOw_sentence_600.wav,Exhibit,Biểu hiện,A2
CWdJd0sDlOw_sentence_602.wav,He hopes to exhibit his paintings in Japan.,Ông hy vọng sẽ triển lãm tranh của mình tại Nhật Bản.,A2
CWdJd0sDlOw_sentence_610.wav,Do not touch the exhibits.,Đừng động vào các vật chứng.,A1
CWdJd0sDlOw_sentence_611.wav,Frame.,Khung.,A1
CWdJd0sDlOw_sentence_614.wav,Frame,Khung,A1
CWdJd0sDlOw_sentence_615.wav,This new bike frame is made of steel.,Khung xe đạp mới này được làm bằng thép.,A2
CWdJd0sDlOw_sentence_618.wav,I need new frames for my glasses.,Tôi cần gọng kính mới.,A1
CWdJd0sDlOw_sentence_619.wav,Relaxed.,Thả lỏng.,A1
CWdJd0sDlOw_sentence_623.wav,I feel relaxed here.,Tôi thấy thoải mái ở đây.,A1
CWdJd0sDlOw_sentence_626.wav,Nothing makes me feel more relaxed than a walk on the beach.,Không có gì làm tôi cảm thấy thư giãn hơn là đi dạo trên bãi biển.,A2
CWdJd0sDlOw_sentence_630.wav,Transform.,Biến đổi.,A1
CWdJd0sDlOw_sentence_654.wav,Hunting,Săn bắn,A1
CWdJd0sDlOw_sentence_658.wav,We're going hunting.,Chúng ta sẽ đi săn.,A1
CWdJd0sDlOw_sentence_663.wav,The dragon is an imaginary creature.,Rồng là một sinh vật tưởng tượng.,A2
CWdJd0sDlOw_sentence_673.wav,Install.,Cài đặt.,A1
CWdJd0sDlOw_sentence_682.wav,Enemy.,Kẻ thù.,A2
CWdJd0sDlOw_sentence_747.wav,Drugstore.,Nhà thuốc.,A1
CWdJd0sDlOw_sentence_751.wav,The drugstore is opposite the hospital.,Nhà thuốc ở đối diện bệnh viện.,A2
CWdJd0sDlOw_sentence_752.wav,Is there a drugstore nearby?,Có hiệu thuốc nào gần đây không?,A1
CWdJd0sDlOw_sentence_759.wav,Authority.,Quyền hạn.,A2
CWdJd0sDlOw_sentence_774.wav,Announce.,Tuyên bố.,A1
CWdJd0sDlOw_sentence_782.wav,Deer.,Hươu.,A1
CWdJd0sDlOw_sentence_786.wav,Dear.,Thân mến.,A1
CWdJd0sDlOw_sentence_792.wav,"Thank you, my dear.","Cảm ơn, cô em.",A1
DOcJti0SfA0_sentence_020.wav,That building has no emergency exit.,Toà nhà đó không có lối thoát hiểm.,A2
DOcJti0SfA0_sentence_025.wav,He has a remarkable memory.,Anh ta có một trí nhớ đáng nể.,A2
DOcJti0SfA0_sentence_035.wav,I have been on a diet for two weeks.,Tôi đã ăn kiêng được hai tuần rồi.,A1
DOcJti0SfA0_sentence_051.wav,That guy has,Anh ta có,A1
DOcJti0SfA0_sentence_053.wav,Who designed that museum?,Ai thiết kế bảo tàng đó?,A2
DOcJti0SfA0_sentence_101.wav,He property.,Ông tài sản.,A1
DOcJti0SfA0_sentence_170.wav,Boring.,Nhàm chán.,A1
DOcJti0SfA0_sentence_200.wav,Disease.,Bệnh tật.,A1
DOcJti0SfA0_sentence_212.wav,Cooking.,Nấu ăn.,A1
DOcJti0SfA0_sentence_214.wav,My mom takes pride in her cooking.,Mẹ tôi rất tự hào về tài nấu nướng của mình.,A2
DOcJti0SfA0_sentence_216.wav,She bought two cooking books.,Cô mua hai cuốn sách nấu ăn.,A1
DOcJti0SfA0_sentence_229.wav,I've heard that sound before.,Tôi đã nghe âm thanh đó trước đây.,A1
DOcJti0SfA0_sentence_236.wav,I am going to apply for a scholarship.,Tôi sẽ xin học bổng.,A1
DOcJti0SfA0_sentence_242.wav,Do you like the book's ending?,Anh có thích kết thúc của cuốn sách không?,A1
DOcJti0SfA0_sentence_243.wav,Not all stories have a happy ending.,Không phải câu chuyện nào cũng có kết thúc có hậu.,A2
DOcJti0SfA0_sentence_258.wav,He passed away yesterday.,Hôm qua ổng đã qua đời.,A2
DOcJti0SfA0_sentence_260.wav,You're probably right.,Có lẽ anh đúng.,A1
DOcJti0SfA0_sentence_269.wav,Suck.,Chán thật.,A1
DOcJti0SfA0_sentence_293.wav,Necessary.,Cần thiết.,A1
DOcJti0SfA0_sentence_294.wav,Is it really necessary?,Có cần thiết không?,A1
DOcJti0SfA0_sentence_307.wav,Complain.,Than phiền.,A1
DOcJti0SfA0_sentence_309.wav,She complained about my low salary.,Cô ấy phàn nàn về mức lương thấp của tôi.,A2
DOcJti0SfA0_sentence_311.wav,That customer came back to complain again.,Khách hàng đó quay lại phàn nàn lần nữa.,A2
DOcJti0SfA0_sentence_313.wav,We have nothing to complain about.,Chúng ta không có gì để phàn nàn.,A2
DOcJti0SfA0_sentence_314.wav,Case.,Case.,A1
DOcJti0SfA0_sentence_315.wav,You're wrong in this case.,Anh đã sai trong trường hợp này.,A2
DOcJti0SfA0_sentence_319.wav,"In any case, I'll call you tomorrow.","Dù sao, ngày mai tôi sẽ gọi cho anh.",A2
DOcJti0SfA0_sentence_320.wav,Take an umbrella with you in case it begins to rain.,Mang theo dù phòng khi trời bắt đầu mưa.,A2
DOcJti0SfA0_sentence_328.wav,Extend.,Mở rộng.,A1
DOcJti0SfA0_sentence_348.wav,"I want to ask her out, but I'm afraid of being rejected.","Tớ muốn mời cô ấy đi chơi, nhưng tớ sợ bị từ chối.",A2
DOcJti0SfA0_sentence_358.wav,Next year's budget has been agreed.,Ngân sách năm tới đã được thoả thuận.,A2
DOcJti0SfA0_sentence_376.wav,I have an idea I'd like to share with you.,Tôi có một ý tưởng muốn chia sẻ với các bạn.,A1
DOcJti0SfA0_sentence_390.wav,I think you should change your eating habits.,Tôi nghĩ anh nên thay đổi thói quen ăn uống.,A1
DOcJti0SfA0_sentence_401.wav,I did it simply for money.,Tôi làm chỉ vì tiền.,A2
DOcJti0SfA0_sentence_408.wav,I need a sharp knife to cut them out.,Tôi cần một con dao sắc để cắt chúng ra.,A1
DOcJti0SfA0_sentence_430.wav,Television.,Truyền hình.,A1
DOcJti0SfA0_sentence_431.wav,"Turn down the television, please.",Làm ơn vặn nhỏ ti vi xuống.,A1
DOcJti0SfA0_sentence_435.wav,Turn off the television. I can't concentrate.,"Tắt tivi đi, tôi không thể tập trung.",A1
DOcJti0SfA0_sentence_436.wav,Is there anything interesting on television tonight?,Tối nay có chương trình gì thú vị không?,A1
DOcJti0SfA0_sentence_442.wav,There is a direct flight from Tokyo to London.,Có một chuyến bay trực tiếp từ Tokyo đến London.,A2
DOcJti0SfA0_sentence_444.wav,Depend.,Depend.,A1
DOcJti0SfA0_sentence_445.wav,How long you stay?,Anh ở lại bao lâu?,A1
DOcJti0SfA0_sentence_450.wav,I don't know. It depends.,"Tôi không biết, còn tùy.",A2
DOcJti0SfA0_sentence_452.wav,Don't depend too much on others.,Đừng phụ thuộc quá nhiều vào người khác.,A2
DOcJti0SfA0_sentence_465.wav,Allow.,Cho phép.,A1
DOcJti0SfA0_sentence_470.wav,His experience allows him to handle different situations easily.,Kinh nghiệm cho phép anh ta xử lý các tình huống khác nhau một cách dễ dàng.,A2
DOcJti0SfA0_sentence_472.wav,Through,Qua,A1
DOcJti0SfA0_sentence_474.wav,He just walked through the door.,Hắn vừa bước qua cửa.,A1
DOcJti0SfA0_sentence_484.wav,Love.,Tình yêu.,A1
DOcJti0SfA0_sentence_487.wav,Do what you love and love what you do.,Làm những gì bạn yêu thích và yêu những gì bạn làm.,A1
DOcJti0SfA0_sentence_488.wav,I'm in love.,Tôi đang yêu.,A1
DOcJti0SfA0_sentence_489.wav,Do you love me?,Anh có yêu em không?,A1
DOcJti0SfA0_sentence_491.wav,Often.,Thường xuyên.,A1
DOcJti0SfA0_sentence_495.wav,We often have lunch together.,Chúng tôi thường ăn trưa cùng nhau.,A1
DOcJti0SfA0_sentence_497.wav,That doesn't happen often.,Điều đó không thường xuyên xảy ra.,A2
DOcJti0SfA0_sentence_505.wav,Talk.,Nói chuyện.,A1
DOcJti0SfA0_sentence_507.wav,The boss would like to have a talk with you.,Ông chủ muốn nói chuyện với anh.,A2
DOcJti0SfA0_sentence_511.wav,You don't have to talk so loud.,Anh không cần phải nói to thế.,A1
DOcJti0SfA0_sentence_512.wav,Hill.,Đồi.,A1
DOcJti0SfA0_sentence_513.wav,He lives at the top of the hill.,Anh ta sống trên đỉnh đồi.,A2
DOcJti0SfA0_sentence_519.wav,Accident.,Tai nạn.,A2
DOcJti0SfA0_sentence_525.wav,We met by accident at the airport.,Chúng tôi gặp nhau tình cờ ở sân bay.,A2
DOcJti0SfA0_sentence_530.wav,How long does it take to get to the port?,Mất bao lâu để tới cảng?,A2
DRNH2LZ7HH0_sentence_004.wav,Monitor,Bộ theo dõi,A1
DRNH2LZ7HH0_sentence_014.wav,He is very enthusiastic about his new job.,Anh ấy rất nhiệt tình với công việc mới của mình.,A2
DRNH2LZ7HH0_sentence_023.wav,Principle.,Nguyên tắc.,A2
DRNH2LZ7HH0_sentence_050.wav,Reverse.,Đảo ngược.,A2
DRNH2LZ7HH0_sentence_056.wav,Can you say the alphabet in reverse order?,Anh có thể nói bảng chữ cái theo thứ tự ngược lại không?,A2
DRNH2LZ7HH0_sentence_070.wav,Undo.,Hoàn tác.,A1
DRNH2LZ7HH0_sentence_073.wav,I can't undo this knot.,Tôi không thể tháo nút thắt này.,A1
DRNH2LZ7HH0_sentence_081.wav,Transport.,Vận tải.,A1
DRNH2LZ7HH0_sentence_110.wav,"Not surprisingly, he didn't come.","Không ngạc nhiên, anh ta không đến.",A2
DRNH2LZ7HH0_sentence_112.wav,Depress.,Trầm cảm.,A2
DRNH2LZ7HH0_sentence_142.wav,Oven,Lò,A1
DRNH2LZ7HH0_sentence_144.wav,Please put this into the microwave oven.,Bỏ cái này vào lò vi sóng.,A1
DRNH2LZ7HH0_sentence_145.wav,Oven.,Lò nướng.,A1
DRNH2LZ7HH0_sentence_148.wav,Take the cake out of the oven.,Lấy bánh ra khỏi lò nướng.,A1
DRNH2LZ7HH0_sentence_150.wav,Shine.,Hãy toả sáng.,A1
DRNH2LZ7HH0_sentence_158.wav,Accurate.,Chính xác.,A2
DRNH2LZ7HH0_sentence_163.wav,He is very accurate in his work.,Anh ấy rất chính xác trong công việc.,A2
DRNH2LZ7HH0_sentence_179.wav,Please shake the bottle before use.,Lắc chai trước khi dùng.,A2
DRNH2LZ7HH0_sentence_188.wav,connection.,kết nối.,A2
DRNH2LZ7HH0_sentence_192.wav,Connection,Kết nối,A1
DRNH2LZ7HH0_sentence_193.wav,He can't do his job without an internet connection.,Anh ta không thể làm việc nếu không có kết nối internet.,A2
DRNH2LZ7HH0_sentence_206.wav,I miss him terribly.,Tôi nhớ anh ấy kinh khủng.,A1
DRNH2LZ7HH0_sentence_225.wav,I can't stretch my arms out.,Tôi không thể duỗi tay ra.,A2
DRNH2LZ7HH0_sentence_248.wav,Stone,Đá,A1
DRNH2LZ7HH0_sentence_249.wav,Some children are throwing stones into the lake.,Vài đứa trẻ đang ném đá xuống hồ.,A1
DRNH2LZ7HH0_sentence_250.wav,The boy picked up a stone and threw it at the dog.,Thằng bé nhặt một hòn đá ném vào con chó.,A2
DRNH2LZ7HH0_sentence_270.wav,Warmth.,Sự ấm áp.,A1
DRNH2LZ7HH0_sentence_275.wav,The sun gives us warmth and light.,Mặt trời cho chúng ta hơi ấm và ánh sáng.,A2
DRNH2LZ7HH0_sentence_278.wav,Sir.,Thưa ngài.,A1
DRNH2LZ7HH0_sentence_279.wav,"Good morning, sir. How can I help you?","Chào buổi sáng, tôi có thể giúp gì cho ngài?",A2
DRNH2LZ7HH0_sentence_280.wav,"Where do you want to go, sir?","Ông muốn đi đâu, thưa ông?",A2
DRNH2LZ7HH0_sentence_281.wav,"Sir, please fill out this form.","Thưa ngài, xin hãy điền vào mẫu này.",A2
DRNH2LZ7HH0_sentence_282.wav,Good morning tidy.,Chào buổi sáng gọn gàng.,A1
DRNH2LZ7HH0_sentence_297.wav,Proof.,Bằng chứng.,A1
DRNH2LZ7HH0_sentence_310.wav,The policemen arrested the thief.,Cảnh sát đã bắt tên trộm.,A2
DRNH2LZ7HH0_sentence_315.wav,Models.,Mô hình.,A1
DRNH2LZ7HH0_sentence_319.wav,Model.,Mô hình.,A1
DRNH2LZ7HH0_sentence_320.wav,Are you a model?,Cô là người mẫu à?,A1
DRNH2LZ7HH0_sentence_334.wav,Mud.,Bùn.,A1
DRNH2LZ7HH0_sentence_340.wav,My car got stuck in the mud.,Xe tôi bị kẹt trong bùn.,A2
DRNH2LZ7HH0_sentence_341.wav,Your boots are covered in mud.,Giầy của anh đầy bùn.,A2
DRNH2LZ7HH0_sentence_342.wav,Nuclear.,Hạt nhân.,A2
DRNH2LZ7HH0_sentence_348.wav,She works for a major Hollywood studio.,Cô làm việc cho một hãng phim lớn của Hollywood.,A2
DRNH2LZ7HH0_sentence_352.wav,He has a recording studio.,Anh ta có một phòng thu âm.,A1
DRNH2LZ7HH0_sentence_387.wav,I don't mind being criticized when I am wrong.,Tôi không ngại bị chỉ trích khi tôi sai.,A2
DRNH2LZ7HH0_sentence_427.wav,It's against my principles.,Nó trái với nguyên tắc của tôi.,A1
DRNH2LZ7HH0_sentence_439.wav,Competitive.,Cạnh tranh.,A2
DRNH2LZ7HH0_sentence_443.wav,They sell high quality products at very competitive prices.,Họ bán các sản phẩm chất lượng cao với giá rất cạnh tranh.,B1
DRNH2LZ7HH0_sentence_444.wav,We offer loans at competitive rates.,Chúng tôi cho vay với lãi suất cạnh tranh.,A2
DRNH2LZ7HH0_sentence_451.wav,This store has the best selection of jewelry in town.,Cửa hàng này có nhiều lựa chọn trang sức tốt nhất trong thành phố.,A2
DRNH2LZ7HH0_sentence_455.wav,Tidy.,Tidy.,A1
DRNH2LZ7HH0_sentence_464.wav,I am tidying up my office.,Tôi đang dọn dẹp văn phòng.,A1
DRNH2LZ7HH0_sentence_467.wav,You can't undo the past.,Bạn không thể đảo ngược quá khứ.,A2
DRNH2LZ7HH0_sentence_480.wav,Merely,Chỉ đơn thuần,A2
DRNH2LZ7HH0_sentence_481.wav,It's merely a joke.,Chỉ là một trò đùa thôi.,A1
DRNH2LZ7HH0_sentence_493.wav,Can you provide any proof of identity?,Anh có thể cung cấp bằng chứng nhận dạng không?,A2
DRNH2LZ7HH0_sentence_508.wav,Models,Mô hình,A1
DRNH2LZ7HH0_sentence_530.wav,Do you take regular exercise?,Bạn có thường xuyên tập thể dục không?,A1
DRNH2LZ7HH0_sentence_566.wav,There is no way to reverse the aging process.,Không có cách nào để đảo ngược quá trình lão hoá tóc.,A2
DRNH2LZ7HH0_sentence_577.wav,Keep your room neat and tidy.,Giữ phòng gọn gàng và ngăn nắp.,A1
DRNH2LZ7HH0_sentence_579.wav,His room is always tidy.,Phòng của anh ấy luôn ngăn nắp.,A1
DRNH2LZ7HH0_sentence_583.wav,Selection,Phần chọn,A2
DRNH2LZ7HH0_sentence_597.wav,Parents should monitor their children's activities.,Cha mẹ nên theo dõi hoạt động của con cái.,A1
DRNH2LZ7HH0_sentence_656.wav,Continuously.,Hơn nữa.,A2
DRNH2LZ7HH0_sentence_658.wav,She continuously talked about her boyfriend.,Cô ấy liên tục nói về bạn trai mình.,A2
DRNH2LZ7HH0_sentence_675.wav,Don't.,Đừng.,A1
DRNH2LZ7HH0_sentence_681.wav,The knife is dull.,Con dao cùn quá.,A1
DRNH2LZ7HH0_sentence_683.wav,Vital,Quan trọng,A2
DRNH2LZ7HH0_sentence_693.wav,You should live up to your principles.,Anh nên sống theo nguyên tắc của mình.,A1
DRNH2LZ7HH0_sentence_699.wav,Sailor,Thủy thủ,A1
DRNH2LZ7HH0_sentence_700.wav,He is a sailor.,Anh ta là một thuỷ thủ.,A1
DRNH2LZ7HH0_sentence_706.wav,I want to be a sailor.,Tôi muốn trở thành một thuỷ thủ.,A1
DRNH2LZ7HH0_sentence_707.wav,Sweep.,Sweep.,A1
DRNH2LZ7HH0_sentence_712.wav,I need to sweep the kitchen.,Tôi cần quét nhà bếp.,A1
DRNH2LZ7HH0_sentence_715.wav,My father is sweeping the garage.,Bố tớ đang quét gara.,A1
DRNH2LZ7HH0_sentence_716.wav,Alphabet.,Chữ cái.,A1
DRNH2LZ7HH0_sentence_730.wav,Demonstrate.,Thể hiện.,A1
DRNH2LZ7HH0_sentence_768.wav,Enormous.,Khổng lồ.,A2
DRNH2LZ7HH0_sentence_777.wav,Stress can have an enormous negative impact on your health.,Căng thẳng có thể tác động tiêu cực đến sức khoẻ của bạn.,B1
DRNH2LZ7HH0_sentence_806.wav,Criticize.,Phê bình.,A2
DRNH2LZ7HH0_sentence_836.wav,She looked surprisingly well.,Cô ấy trông khoẻ một cách đáng ngạc nhiên.,A1
DRNH2LZ7HH0_sentence_839.wav,Doll.,Búp bê.,A1
DRNH2LZ7HH0_sentence_846.wav,There's never a dull moment when you're around.,Không có khoảnh khắc nào là tẻ nhạt khi bạn ở bên cạnh.,A2
DRNH2LZ7HH0_sentence_849.wav,He likes to make model cars.,Anh ấy thích làm xe mô hình.,A1
DRNH2LZ7HH0_sentence_854.wav,That's an obsolete model.,Đó là một mô hình lỗi thời.,A2
DRNH2LZ7HH0_sentence_861.wav,Studio,Phòng thu,A2
DRNH2LZ7HH0_sentence_872.wav,Regular exercise is vital for your health.,Tập thể dục thường xuyên rất quan trọng đối với sức khoẻ.,A2
DRNH2LZ7HH0_sentence_873.wav,It is vital that you follow all safety procedures.,Điều quan trọng là bạn phải tuân thủ mọi quy trình an toàn.,A2
DRNH2LZ7HH0_sentence_901.wav,Selection.,Phần chọn.,A2
DRNH2LZ7HH0_sentence_908.wav,Who is your selection for the next president?,Ai là người được chọn làm Tổng thống tiếp theo?,A2
DRNH2LZ7HH0_sentence_913.wav,Terribly.,Terribly.,A1
DRNH2LZ7HH0_sentence_914.wav,The movie made me feel terribly sad.,Bộ phim làm tôi cảm thấy vô cùng buồn.,A2
DRNH2LZ7HH0_sentence_930.wav,The English alphabet has twenty six letters.,Bảng chữ cái tiếng Anh có hai mươi sáu chữ cái.,A2
DRNH2LZ7HH0_sentence_932.wav,A is the first letter of the alphabet.,A là chữ cái đầu tiên trong bảng chữ cái.,A2
DctCSmHYCWc_sentence_005.wav,Supermarket.,Siêu thị.,A1
DctCSmHYCWc_sentence_012.wav,Herself.,Chính mình.,A1
DctCSmHYCWc_sentence_018.wav,She did it all by herself.,Cô ấy tự làm tất cả.,A2
DctCSmHYCWc_sentence_019.wav,Challenge.,Thách thức.,A1
DctCSmHYCWc_sentence_023.wav,Are you challenging my authority?,Anh đang thách thức quyền lực của tôi?,A2
DctCSmHYCWc_sentence_026.wav,Tomorrow.,Ngày mai.,A1
DctCSmHYCWc_sentence_028.wav,Are you free tomorrow?,Ngày mai anh rảnh không?,A1
DctCSmHYCWc_sentence_030.wav,I'm going to see him tomorrow.,Ngày mai tôi sẽ gặp anh ấy.,A1
DctCSmHYCWc_sentence_032.wav,Tomorrow is my mother's birthday.,Ngày mai là sinh nhật mẹ tôi.,A1
DctCSmHYCWc_sentence_033.wav,Married.,Kết hôn.,A1
DctCSmHYCWc_sentence_039.wav,I want to get married and have children.,Tôi muốn kết hôn và có con.,A1
DctCSmHYCWc_sentence_064.wav,How are you related to him?,Cô có quan hệ gì với anh ta?,A1
DctCSmHYCWc_sentence_072.wav,You're wearing my shoes.,Anh đang đi giày của tôi.,A1
DctCSmHYCWc_sentence_073.wav,Elevator.,Thang máy.,A1
DctCSmHYCWc_sentence_079.wav,Do you know that boy who's crying?,Anh có biết cậu bé đang khóc không?,A1
DctCSmHYCWc_sentence_085.wav,Remember.,Nhớ nhé.,A1
DctCSmHYCWc_sentence_087.wav,"As far as I can remember, I've never been late to a meeting.","Theo như tôi nhớ, tôi chưa bao giờ trễ họp.",A2
DctCSmHYCWc_sentence_088.wav,"I'm sorry, I can't remember your name.","Xin lỗi, tôi không nhớ tên anh.",A1
DctCSmHYCWc_sentence_089.wav,Do you remember me? I used to work with you many years ago.,Anh còn nhớ tôi không? Tôi đã từng làm việc với anh nhiều năm trước.,A2
DctCSmHYCWc_sentence_092.wav,Win.,Thắng.,A1
DctCSmHYCWc_sentence_094.wav,His dream was to win a Nobel Prize.,Ước mơ của ông là giành giải Nobel.,A2
DctCSmHYCWc_sentence_095.wav,She won a gold medal.,Cô đã giành được huy chương vàng.,A1
DctCSmHYCWc_sentence_100.wav,He works in the automobile industry.,Ông làm việc trong ngành công nghiệp ô tô.,A2
DctCSmHYCWc_sentence_103.wav,What is the main industry of the country?,Ngành công nghiệp chính của đất nước là gì?,A2
DctCSmHYCWc_sentence_108.wav,I am now living in Ho Chi Minh City.,Hiện tôi đang sống ở thành phố Hồ Chí Minh.,A2
DctCSmHYCWc_sentence_111.wav,Taste.,Khẩu vị.,A1
DctCSmHYCWc_sentence_115.wav,This fruit doesn't taste good.,Trái này không ngon.,A1
DctCSmHYCWc_sentence_116.wav,Why don't you try a taste of this?,Sao anh không thử nếm thử cái này?,A1
DctCSmHYCWc_sentence_117.wav,This medicine tastes bitter.,Thuốc này có vị đắng.,A2
DctCSmHYCWc_sentence_124.wav,Is this a duty-free shop?,Đây có phải là cửa hàng miễn thuế không?,A1
DctCSmHYCWc_sentence_132.wav,Pencil,Bút chì,A1
DctCSmHYCWc_sentence_137.wav,I think it's time for me to sharpen my pencil.,Tôi nghĩ đã đến lúc tôi mài bút chì.,A2
DctCSmHYCWc_sentence_141.wav,There is no bus service to the station.,Không có dịch vụ xe buýt đến nhà ga.,A2
DctCSmHYCWc_sentence_151.wav,We still have space for one more person.,Chúng ta vẫn còn chỗ cho một người nữa.,A1
DctCSmHYCWc_sentence_154.wav,"I have been living here for ten years, said","Tôi đã sống ở đây mười năm, nói",A2
DctCSmHYCWc_sentence_156.wav,Is there a post office around here?,Có bưu điện ở quanh đây không?,A1
DctCSmHYCWc_sentence_166.wav,They are about to begin a new chapter in their history.,Họ sắp bắt đầu một chương mới trong lịch sử của họ.,A2
DctCSmHYCWc_sentence_167.wav,Cool.,Tuyệt.,A1
DctCSmHYCWc_sentence_169.wav,He tried to keep a cool head.,Nó cố giữ cho cái đầu lạnh.,A1
DctCSmHYCWc_sentence_181.wav,Yesterday.,Hôm qua.,A1
DctCSmHYCWc_sentence_182.wav,Yesterday was my birthday.,Hôm qua là sinh nhật tôi.,A1
DctCSmHYCWc_sentence_187.wav,It rained heavily yesterday afternoon.,Chiều qua trời mưa to.,A2
DctCSmHYCWc_sentence_193.wav,I don't understand what he wants me to do.,Tôi không hiểu ông ta muốn tôi làm gì.,A1
DctCSmHYCWc_sentence_194.wav,I can't understand why he could do such a thing.,Tôi không hiểu sao anh ta có thể làm một việc như vậy.,A2
DctCSmHYCWc_sentence_195.wav,desk.,) Tôi không biết.,A1
DctCSmHYCWc_sentence_200.wav,Hide.,Lẩn trốn.,A1
DctCSmHYCWc_sentence_207.wav,Exchange.,Trao đổi.,A1
DctCSmHYCWc_sentence_210.wav,May I exchange money here?,Tôi đổi tiền ở đây được không?,A2
DctCSmHYCWc_sentence_219.wav,Blood.,Máu.,A1
DctCSmHYCWc_sentence_226.wav,Way.,Way.,A1
DctCSmHYCWc_sentence_236.wav,Our standard charge for a letter is$25.,Giá tiêu chuẩn của chúng tôi cho một lá thư là 25 đô.,A2
DctCSmHYCWc_sentence_238.wav,Who is the person in charge?,Ai là người chịu trách nhiệm?,A2
DctCSmHYCWc_sentence_245.wav,Please take me to this address.,Hãy đưa tôi đến địa chỉ này.,A1
DctCSmHYCWc_sentence_247.wav,Approval,Phê duyệt,A1
DctCSmHYCWc_sentence_251.wav,You should not have done that without my approval.,Anh không nên làm thế mà không có sự đồng ý của tôi.,A2
DctCSmHYCWc_sentence_264.wav,convenient.,Bạn có thể tìm thấy những trang web này ở bất cứ đâu trên mạng.,A1
DctCSmHYCWc_sentence_265.wav,Is it convenient for you if I come at 5 p.m.?,Có tiện cho anh không nếu tôi đến lúc 5 giờ chiều?,A2
DctCSmHYCWc_sentence_269.wav,"If it's convenient, please come here tonight.","Nếu thuận tiện, xin hãy tới đây tối nay.",A2
DctCSmHYCWc_sentence_271.wav,Reveal.,Reveal.,A1
DctCSmHYCWc_sentence_278.wav,Pet.,Thú cưng.,A1
DctCSmHYCWc_sentence_279.wav,Do you have any pets?,Anh có nuôi thú cưng không?,A1
DctCSmHYCWc_sentence_291.wav,What's their purpose?,Mục đích của họ là gì?,A1
DctCSmHYCWc_sentence_292.wav,What's the purpose of your trip?,Mục đích chuyến đi của anh là gì?,A2
DctCSmHYCWc_sentence_300.wav,National,Quốc gia,A2
DctCSmHYCWc_sentence_311.wav,He is a danger to society.,Hắn là mối nguy hiểm cho xã hội.,A2
DctCSmHYCWc_sentence_320.wav,Grammar.,Ngữ pháp.,A2
DctCSmHYCWc_sentence_321.wav,I'm not good at English grammar.,Tôi không giỏi ngữ pháp tiếng Anh.,A2
DctCSmHYCWc_sentence_330.wav,Feel.,Cảm nhận.,A1
DctCSmHYCWc_sentence_339.wav,Do you like black cats? This guy describe.,Bạn có thích mèo đen không?,A2
DctCSmHYCWc_sentence_344.wav,He described exactly what happened.,Anh ta mô tả chính xác những gì đã xảy ra.,A2
DctCSmHYCWc_sentence_346.wav,Wine.,Rượu vang.,A1
DctCSmHYCWc_sentence_352.wav,What's your favorite wine?,Loại rượu vang yêu thích của bạn là gì?,A1
DctCSmHYCWc_sentence_355.wav,We go abroad every summer.,Hè nào chúng tôi cũng ra nước ngoài.,A1
DctCSmHYCWc_sentence_360.wav,Marriage,Hôn nhân,A1
DctCSmHYCWc_sentence_362.wav,Don't ask him any questions about his marriage.,Đừng hỏi anh ấy bất cứ câu hỏi nào về cuộc hôn nhân của anh ấy.,A1
DctCSmHYCWc_sentence_366.wav,This is his second marriage.,Đây là cuộc hôn nhân thứ hai của anh ấy.,A2
DctCSmHYCWc_sentence_367.wav,Wide.,Rộng.,A1
DctCSmHYCWc_sentence_369.wav,We discussed a wide range of topics.,Chúng tôi đã thảo luận rất nhiều chủ đề.,A2
DctCSmHYCWc_sentence_374.wav,Medicine,Y học,A1
DctCSmHYCWc_sentence_381.wav,"Meanwhile,","Trong khi đó,",A2
DctCSmHYCWc_sentence_384.wav,Accept.,Chấp nhận.,A1
DctCSmHYCWc_sentence_403.wav,Draw.,Vẽ.,A1
DctCSmHYCWc_sentence_404.wav,He drew a map.,Anh ta vẽ bản đồ.,A1
DctCSmHYCWc_sentence_410.wav,Line.,Line.,A2
DctCSmHYCWc_sentence_413.wav,Why don't you drop her a line?,Sao anh không thả cho cô ấy một sợi?,A1
DctCSmHYCWc_sentence_427.wav,Trouble.,Rắc rối.,A1
DctCSmHYCWc_sentence_431.wav,I'm sorry I got you into trouble.,Xin lỗi vì đã làm phiền anh.,A1
DctCSmHYCWc_sentence_434.wav,Here,Đây,A1
DctCSmHYCWc_sentence_440.wav,Don't believe everything you hear.,Đừng tin mọi thứ bạn nghe.,A1
DctCSmHYCWc_sentence_441.wav,Guarantee.,Bảo lãnh.,A1
DctCSmHYCWc_sentence_445.wav,There is no guarantee that he'll be back next week.,Không có gì đảm bảo là tuần sau anh ta sẽ quay lại.,A2
DctCSmHYCWc_sentence_455.wav,Repeat.,Lặp lại.,A1
DctCSmHYCWc_sentence_459.wav,He kept repeating the same thing over and over again.,Anh ta cứ lặp đi lặp lại cùng một điều.,A2
DctCSmHYCWc_sentence_460.wav,Could you please repeat what you just said?,Anh có thể nhắc lại những gì anh vừa nói không?,A1
DctCSmHYCWc_sentence_461.wav,"Repeat after me, I promise to do my best.","Nhắc lại đi, tôi hứa sẽ cố hết sức.",A1
DctCSmHYCWc_sentence_464.wav,It sounds crazy.,Nghe có vẻ điên rồ.,A1
DctCSmHYCWc_sentence_469.wav,Extend,Mở rộng,A1
DctCSmHYCWc_sentence_476.wav,Benefit.,Lợi ích.,A1
DctCSmHYCWc_sentence_477.wav,What are some of the health benefits of eating fish?,Một số lợi ích sức khoẻ của việc ăn cá là gì?,A1
DctCSmHYCWc_sentence_492.wav,She's younger than him.,Cô ấy trẻ hơn anh ta.,A1
DctCSmHYCWc_sentence_496.wav,She bought him a camera.,Cô ấy mua cho anh ấy một cái máy ảnh.,A1
DctCSmHYCWc_sentence_497.wav,Say,Nói,A1
DctCSmHYCWc_sentence_498.wav,What did she say?,Cô ấy nói gì?,A1
DctCSmHYCWc_sentence_503.wav,I wonder what he will say.,Không biết ổng sẽ nói gì.,A1
DctCSmHYCWc_sentence_504.wav,Test.,Thử nghiệm.,A1
DctCSmHYCWc_sentence_518.wav,Calm.,Bình tĩnh.,A1
DctCSmHYCWc_sentence_519.wav,She had to keep calm at all costs.,Cô ấy phải giữ bình tĩnh bằng mọi giá.,A2
DctCSmHYCWc_sentence_522.wav,His voice was calm.,Giọng anh bình tĩnh.,A1
DctCSmHYCWc_sentence_523.wav,River.,Sông.,A1
E5MtNtVAgBE_sentence_027.wav,Alternative.,Thay thế.,A2
E5MtNtVAgBE_sentence_032.wav,Stove.,Lò sưởi.,A1
E5MtNtVAgBE_sentence_033.wav,Did you turn off the stove?,Anh tắt bếp chưa?,A1
E5MtNtVAgBE_sentence_047.wav,Stable.,Ổn định.,A1
E5MtNtVAgBE_sentence_054.wav,Battle,Trận chiến,A1
E5MtNtVAgBE_sentence_082.wav,It is not merely a job. It's my passion.,Nó không chỉ đơn thuần là một công việc. Nó là niềm đam mê của tôi.,A2
E5MtNtVAgBE_sentence_090.wav,Brown.,Màu nâu.,A2
E5MtNtVAgBE_sentence_091.wav,She had warm brown eyes.,Cô ấy có đôi mắt nâu ấm áp.,A1
E5MtNtVAgBE_sentence_092.wav,His face was brown from the sun.,Mặt ông ta nâu vì ánh nắng.,A2
E5MtNtVAgBE_sentence_093.wav,His shoes are brown.,Giày của hắn màu nâu.,A2
E5MtNtVAgBE_sentence_097.wav,Represent,Đại diện,A1
E5MtNtVAgBE_sentence_100.wav,The red lines on the map represent railways.,Các đường màu đỏ trên bản đồ đại diện cho đường sắt.,A2
E5MtNtVAgBE_sentence_105.wav,Yesterday I represented my company at the meeting.,Hôm qua tôi đại diện cho công ty của tôi tại cuộc họp.,A2
E5MtNtVAgBE_sentence_113.wav,He pretends to be enthusiastic when his boss is around.,Anh ta giả vờ nhiệt tình khi có sếp ở bên.,A2
E5MtNtVAgBE_sentence_158.wav,The hotel had a grand opening last month.,Khách sạn đã khai trương tháng trước.,A2
E5MtNtVAgBE_sentence_167.wav,critical.,Quan trọng.,A2
E5MtNtVAgBE_sentence_194.wav,Attached.,Gắn.,A2
E5MtNtVAgBE_sentence_198.wav,Please fill out the attached application.,Xin điền vào đơn đính kèm.,A2
E5MtNtVAgBE_sentence_199.wav,Please see the document attached.,Xin xem tài liệu đính kèm.,A2
E5MtNtVAgBE_sentence_212.wav,"He doesn't know how to behave himself,","Anh ta không biết cách cư xử,",A2
E5MtNtVAgBE_sentence_225.wav,That's half the battle.,Đó là một nửa cuộc chiến.,A1
E5MtNtVAgBE_sentence_230.wav,Sock.,Sock.,A1
E5MtNtVAgBE_sentence_231.wav,"Take off your socks, please.",Làm ơn cởi tất ra.,A1
E5MtNtVAgBE_sentence_232.wav,I've got a new pair of socks.,Tôi có một đôi tất mới.,A1
E5MtNtVAgBE_sentence_233.wav,You are wearing your socks inside out.,Cậu đang đi tất từ trong ra ngoài.,A2
E5MtNtVAgBE_sentence_234.wav,Partner.,Cộng sự.,A1
E5MtNtVAgBE_sentence_236.wav,Who is your dance partner?,Ai là bạn nhảy của anh?,A1
E5MtNtVAgBE_sentence_240.wav,He is my business partner.,Anh ta là đối tác kinh doanh của tôi.,A1
E5MtNtVAgBE_sentence_243.wav,My wrist hurts.,Cổ tay tôi đau.,A1
E5MtNtVAgBE_sentence_245.wav,Wrist.,Cổ tay.,A1
E5MtNtVAgBE_sentence_247.wav,I took her by the wrist.,Tôi đã nắm cổ tay cô ấy.,A1
E5MtNtVAgBE_sentence_250.wav,Committee,Uỷ ban,A1
E5MtNtVAgBE_sentence_253.wav,Are you on the committee?,Anh có trong uỷ ban không?,A1
E5MtNtVAgBE_sentence_258.wav,He's the chairman of the committee.,Ông ấy là chủ tịch của uỷ ban.,A1
E5MtNtVAgBE_sentence_259.wav,The government appointed a committee to investigate the accident.,Chính phủ đã chỉ định một ủy ban để điều tra vụ tai nạn.,A2
E5MtNtVAgBE_sentence_272.wav,Violently.,Bằng bạo lực.,A1
E5MtNtVAgBE_sentence_273.wav,He is violently opposed to the proposal.,Ông phản đối kịch liệt đề xuất này.,A2
E5MtNtVAgBE_sentence_274.wav,He violently kicked the garbage can.,Nó đá mạnh vào thùng rác.,A1
E5MtNtVAgBE_sentence_277.wav,Investigate.,Hãy nghiên cứu.,A1
E5MtNtVAgBE_sentence_284.wav,They will investigate the cause of the accident.,Họ sẽ điều tra nguyên nhân của vụ tai nạn.,A2
E5MtNtVAgBE_sentence_285.wav,What are you investigating?,Anh đang điều tra cái gì?,A1
E5MtNtVAgBE_sentence_286.wav,The police are investigating a murder.,Cảnh sát đang điều tra một vụ giết người.,A1
E5MtNtVAgBE_sentence_288.wav,Wage,Tiền công,A1
E5MtNtVAgBE_sentence_292.wav,The company offers competitive wages and good benefits.,Công ty cung cấp mức lương cạnh tranh và lợi ích tốt.,B1
E5MtNtVAgBE_sentence_295.wav,I try to save 10% of my wages each month.,Tôi cố gắng tiết kiệm 10% tiền lương mỗi tháng.,A2
E5MtNtVAgBE_sentence_323.wav,Wonder,Wonder,A1
E5MtNtVAgBE_sentence_328.wav,Don't wander around the park at night.,Đừng đi lang thang trong công viên vào ban đêm.,A1
E5MtNtVAgBE_sentence_329.wav,I wandered around for a while.,Tôi lang thang một lúc.,A1
E5MtNtVAgBE_sentence_331.wav,Uncertain.,Không chắc chắn.,A2
E5MtNtVAgBE_sentence_337.wav,We are still uncertain of the truth.,Chúng ta vẫn chưa chắc chắn về sự thật.,A2
E5MtNtVAgBE_sentence_338.wav,The time of departure is still uncertain.,Thời gian khởi hành vẫn chưa chắc chắn.,A2
E5MtNtVAgBE_sentence_345.wav,"To our surprise, he won the grand prize.","Trước sự ngạc nhiên của chúng tôi, anh ta đã giành được giải thưởng lớn.",A2
E5MtNtVAgBE_sentence_347.wav,Bowl The bowl contains many kinds of candy. The bowl dropped and broke. Put a bowl underneath to catch the overflow.,Bát bát đựng nhiều loại kẹo. Bát rơi xuống và vỡ. Đặt một bát bên dưới để hứng nước.,A2
E5MtNtVAgBE_sentence_351.wav,I need your objective opinion on this.,Tôi cần ý kiến khách quan của anh về việc này.,A2
E5MtNtVAgBE_sentence_352.wav,Objective.,Mục tiêu.,A2
E5MtNtVAgBE_sentence_357.wav,Freeze.,Đứng yên.,A1
E5MtNtVAgBE_sentence_362.wav,"When water freezes, it becomes ice.","Khi nước đóng băng, nó trở thành băng.",A2
E5MtNtVAgBE_sentence_366.wav,She was nearly frozen to death in the snow.,Cô ấy gần như bị đóng băng đến chết trong tuyết.,A2
E5MtNtVAgBE_sentence_367.wav,Please freeze the fish as soon as possible.,Làm ơn đông lạnh cá càng sớm càng tốt.,A2
E5MtNtVAgBE_sentence_368.wav,Uncomfortable.,Không thoải mái.,A1
E5MtNtVAgBE_sentence_369.wav,She looks slightly uncomfortable.,Cô ấy có vẻ hơi khó chịu.,A1
E5MtNtVAgBE_sentence_370.wav,The atmosphere was uncomfortable.,Không khí không được thoải mái lắm.,A1
E5MtNtVAgBE_sentence_371.wav,This chair is uncomfortable.,Cái ghế này không thoải mái.,A1
E5MtNtVAgBE_sentence_372.wav,She l racing.,Cô ấy đang đua.,A2
E5MtNtVAgBE_sentence_373.wav,He's a racing driver.,Anh ta là một tay đua.,A1
E5MtNtVAgBE_sentence_376.wav,I like watching motor racing on television.,Tôi thích xem đua xe trên TV.,A1
E5MtNtVAgBE_sentence_377.wav,Outdoor.,Ngoài trời.,A2
E5MtNtVAgBE_sentence_378.wav,I enjoy outdoor activities.,Tôi thích hoạt động ngoài trời.,A1
E5MtNtVAgBE_sentence_379.wav,It's an outdoor swimming pool.,Nó là một hồ bơi ngoài trời.,A1
E5MtNtVAgBE_sentence_380.wav,Software.,Phần mềm.,A1
E5MtNtVAgBE_sentence_381.wav,My father is a software engineer.,Cha tôi là một kỹ sư phần mềm.,A2
E5MtNtVAgBE_sentence_382.wav,I am installing new software.,Tôi đang cài đặt phần mềm mới.,A1
E5MtNtVAgBE_sentence_394.wav,Launch.,Khởi động.,A1
E5MtNtVAgBE_sentence_400.wav,He is planning to launch his business.,Anh ta đang lên kế hoạch để bắt đầu kinh doanh.,A2
E5MtNtVAgBE_sentence_406.wav,The forest are disappearing at an alarming rate.,Khu rừng đang biến mất với tốc độ đáng báo động.,A2
E5MtNtVAgBE_sentence_409.wav,There is an alarming increase in crime these years.,Có một sự gia tăng đáng báo động về tội phạm trong những năm này.,A2
E5MtNtVAgBE_sentence_410.wav,creature.,Lươi Rìu Xanh vân còn đang ơ trong đâu tôi.,A1
E5MtNtVAgBE_sentence_414.wav,Creature.,Sinh vật.,A1
E5MtNtVAgBE_sentence_417.wav,Humans are the only living creatures that make use of fire.,Con người là sinh vật duy nhất biết sử dụng lửa.,A2
E5MtNtVAgBE_sentence_419.wav,He observed many types of creatures there.,Ông đã quan sát nhiều loại sinh vật ở đó.,A2
E5MtNtVAgBE_sentence_421.wav,Kilometer.,Km.,A2
E5MtNtVAgBE_sentence_422.wav,It's two kilometers from my house to school.,Từ nhà tôi đến trường là hai cây số.,A2
E5MtNtVAgBE_sentence_423.wav,The beach is three kilometers away.,Bãi biển cách đây 3 km.,A2
E5MtNtVAgBE_sentence_424.wav,It's one kilometer long.,Nó dài một km.,A2
E5MtNtVAgBE_sentence_425.wav,It's battle.,Đó là một cuộc chiến.,A1
E5MtNtVAgBE_sentence_436.wav,Preparation.,Chuẩn bị.,A1
E5MtNtVAgBE_sentence_439.wav,Have you finished your preparations for the trip?,Anh đã chuẩn bị xong cho chuyến đi chưa?,A1
E5MtNtVAgBE_sentence_440.wav,Careful preparations are extremely important for success.,Chuẩn bị cẩn thận là cực kỳ quan trọng để thành công.,A2
E5MtNtVAgBE_sentence_444.wav,Swollen.,Sưng.,A2
E5MtNtVAgBE_sentence_449.wav,Pity.,Đáng tiếc.,A1
E5MtNtVAgBE_sentence_471.wav,Cheat.,Ăn gian.,A1
E5MtNtVAgBE_sentence_472.wav,Have you ever cheated on an exam?,Bạn đã bao giờ gian lận trong một kỳ thi chưa?,A1
E5MtNtVAgBE_sentence_482.wav,Restriction.,Giới hạn.,A2
E5MtNtVAgBE_sentence_485.wav,There are no restrictions on the amount of money you can withdraw.,Không có giới hạn nào về số tiền bạn có thể rút.,A2
EFN11jAjXEM_sentence_006.wav,I value our friendship more than anything.,Tôi trân trọng tình bạn của chúng ta hơn bất cứ thứ gì.,A1
EFN11jAjXEM_sentence_040.wav,contain.,chứa.,A1
EFN11jAjXEM_sentence_048.wav,Is there a student discount?,Có giảm giá sinh viên không?,A1
EFN11jAjXEM_sentence_054.wav,We got along well during the trip.,Chúng tôi đã rất hợp nhau trong suốt chuyến đi.,A2
EFN11jAjXEM_sentence_073.wav,I did it pupil.,Tôi đã làm nó đồng tử.,A1
EFN11jAjXEM_sentence_078.wav,Tiny.,Tiny.,A1
EFN11jAjXEM_sentence_084.wav,This insect desire.,Sự ham muốn của côn trùng.,A2
EFN11jAjXEM_sentence_087.wav,Everybody desires happiness.,Ai cũng mong muốn hạnh phúc.,A2
EFN11jAjXEM_sentence_102.wav,It's not my fault.,Không phải lỗi của tôi.,A1
EFN11jAjXEM_sentence_103.wav,"She hit me, not him.","Cô ta đánh tôi, không phải hắn.",A1
EFN11jAjXEM_sentence_105.wav,Emotion.,Cảm xúc.,A1
EFN11jAjXEM_sentence_117.wav,There's nothing funny about it.,Không có gì vui cả.,A1
EFN11jAjXEM_sentence_150.wav,He is walking toward the station.,Anh ta đang đi bộ về phía nhà ga.,A1
EFN11jAjXEM_sentence_160.wav,Amaze.,Thật kinh ngạc.,A2
EFN11jAjXEM_sentence_172.wav,Observe.,Quan sát.,A1
EFN11jAjXEM_sentence_173.wav,I'm just here to observe.,Tôi chỉ ở đây để quan sát.,A2
EFN11jAjXEM_sentence_177.wav,Abel.,Abel.,A1
EFN11jAjXEM_sentence_181.wav,I'm sorry that I wasn't able to call you yesterday.,Xin lỗi vì hôm qua không gọi được cho anh.,A2
EFN11jAjXEM_sentence_202.wav,Please limit your presentation to a maximum of 15 minutes.,Xin giới hạn thời gian thuyết trình của bạn tối đa là 15 phút.,A2
EFN11jAjXEM_sentence_215.wav,Here are some practical ways to save money.,Dưới đây là một số cách thực tế để tiết kiệm tiền.,A2
EFN11jAjXEM_sentence_243.wav,Imagine,Tưởng tượng,A1
EFN11jAjXEM_sentence_255.wav,How many guests did you invite?,Anh đã mời bao nhiêu khách?,A1
EFN11jAjXEM_sentence_257.wav,Collect.,Thu thập.,A1
EFN11jAjXEM_sentence_260.wav,I love collecting stones at the beach.,Tôi thích sưu tầm đá ở bãi biển.,A1
EFN11jAjXEM_sentence_277.wav,I haven't eaten since breakfast.,Tôi đã không ăn gì từ bữa sáng.,A1
EFN11jAjXEM_sentence_294.wav,His story had a profound effect on me.,Câu chuyện của ông đã có một ảnh hưởng sâu sắc đến tôi.,A2
EFN11jAjXEM_sentence_299.wav,Team,Đội,A1
EFN11jAjXEM_sentence_305.wav,He is the captain of the team.,Anh ấy là đội trưởng của đội.,A1
EFN11jAjXEM_sentence_306.wav,Carrie.,Carrie.,A1
EFN11jAjXEM_sentence_312.wav,"This bottle is very heavy, so I can't carry it.","Cái chai này rất nặng, nên tôi không thể mang nó.",A2
EFN11jAjXEM_sentence_341.wav,Can you guess my weight?,Anh có đoán được cân nặng của tôi không?,A1
EFN11jAjXEM_sentence_353.wav,Wonderful.,Tuyệt vời.,A1
EFN11jAjXEM_sentence_361.wav,He introduced me to a pretty girl.,Anh ấy giới thiệu tôi với một cô gái xinh đẹp.,A2
EFN11jAjXEM_sentence_365.wav,I'm pretty sure I can find a good job.,Tôi khá chắc là tôi có thể tìm được một công việc tốt.,A1
EFN11jAjXEM_sentence_391.wav,News,Tin tức,A1
EFN11jAjXEM_sentence_396.wav,Gentle,Nhẹ,A1
EFN11jAjXEM_sentence_399.wav,He is a very gentle person.,Anh ấy là một người rất lịch sự.,A1
EFN11jAjXEM_sentence_408.wav,Member.,Thành viên.,A2
EFN11jAjXEM_sentence_409.wav,How much does it cost to become a member?,Để trở thành thành viên phải tốn bao nhiêu?,A2
EFN11jAjXEM_sentence_415.wav,Cake.,Bánh.,A1
EFN11jAjXEM_sentence_416.wav,Do you want some birthday cake?,Anh muốn ăn bánh sinh nhật không?,A1
EFN11jAjXEM_sentence_420.wav,Children love eating cakes.,Trẻ con thích ăn bánh.,A1
EFN11jAjXEM_sentence_431.wav,Don't speak to me in that tone of voice.,Đừng nói với tôi bằng giọng đó.,A2
EFN11jAjXEM_sentence_434.wav,October,Tháng mười,A2
EFN11jAjXEM_sentence_435.wav,She was born in October.,Cô sinh vào tháng 10.,A2
EFN11jAjXEM_sentence_436.wav,We'll get married in October.,Chúng ta sẽ kết hôn vào tháng 10.,A1
EFN11jAjXEM_sentence_443.wav,What's behind the door?,Có gì đằng sau cánh cửa?,A1
EFN11jAjXEM_sentence_445.wav,Tool,Công cụ,A1
EFN11jAjXEM_sentence_446.wav,I don't have the right tools to do the job.,Tôi không có công cụ thích hợp để làm việc này.,A2
EFN11jAjXEM_sentence_457.wav,Always.,Luôn luôn.,A1
EFN11jAjXEM_sentence_459.wav,I always drink a cup of coffee in the morning.,Tôi luôn uống một tách cà phê vào buổi sáng.,A1
EFN11jAjXEM_sentence_461.wav,She's always at home on Sundays.,Chủ nhật nào nó cũng ở nhà.,A1
EFN11jAjXEM_sentence_463.wav,She always arrives at seven thirty.,Cô ấy luôn đến lúc 7 giờ 30.,A2
EFN11jAjXEM_sentence_469.wav,Humor.,Hài hước.,A1
EFN11jAjXEM_sentence_471.wav,Don't lose your sense of humor.,Đừng đánh mất khiếu hài hước.,A1
EFN11jAjXEM_sentence_474.wav,Cheap.,Rẻ.,A1
EFN11jAjXEM_sentence_481.wav,Time.,Thời gian.,A1
EFN11jAjXEM_sentence_483.wav,Have a good time.,Chúc vui vẻ.,A1
EFN11jAjXEM_sentence_484.wav,What time do you go to bed?,Mấy giờ anh đi ngủ?,A1
EFN11jAjXEM_sentence_491.wav,"Which do you prefer, tea or coffee?",Bạn thích trà hay cà phê?,A2
EFN11jAjXEM_sentence_502.wav,could.,Có thể.,A1
EFN11jAjXEM_sentence_504.wav,She could swim.,Cô ấy biết bơi.,A1
EFN11jAjXEM_sentence_510.wav,That's an example of what I'm talking about.,Đó là một ví dụ về điều tôi đang nói đến.,A2
EFN11jAjXEM_sentence_512.wav,Warm.,Ấm.,A1
EFN11jAjXEM_sentence_518.wav,I do not expect a warm welcome.,Tôi không mong đợi một sự chào đón nồng nhiệt.,A2
EFN11jAjXEM_sentence_527.wav,I have a dentist appointment at 3 p.m.,Tôi có hẹn nha sĩ lúc 3 giờ chiều.,A2
EFN11jAjXEM_sentence_533.wav,Soon.,Sớm thôi.,A1
EFN11jAjXEM_sentence_537.wav,I am looking forward to seeing you soon.,Tôi mong sớm gặp lại cô.,A2
EFN11jAjXEM_sentence_540.wav,Height.,Chiều cao.,A1
EFN11jAjXEM_sentence_547.wav,Spring,Mùa xuân,A2
EFN11jAjXEM_sentence_548.wav,I was born in the spring of 1986.,Tôi sinh vào mùa xuân năm 1986.,A2
EFN11jAjXEM_sentence_549.wav,Spring is around the corner.,Mùa xuân sắp đến rồi.,A1
EpbcSXHX_Mo_sentence_016.wav,Considerable.,Đáng kể.,A2
EpbcSXHX_Mo_sentence_020.wav,We have saved a considerable amount of money.,Chúng tôi đã tiết kiệm được một số tiền đáng kể.,A2
EpbcSXHX_Mo_sentence_026.wav,Defat.,Defat.,A2
EpbcSXHX_Mo_sentence_041.wav,Conclude.,Kết thúc.,A2
EpbcSXHX_Mo_sentence_044.wav,The judge concluded that the prisoner was innocent.,Thẩm phán kết luận rằng tù nhân vô tội.,A2
EpbcSXHX_Mo_sentence_048.wav,Indicate.,Chỉ định.,A2
EpbcSXHX_Mo_sentence_059.wav,Unpleasant.,Thật khó chịu.,A2
EpbcSXHX_Mo_sentence_065.wav,His joke eased the tension in the room.,Câu nói đùa của anh ta làm dịu căng thẳng trong phòng.,A2
EpbcSXHX_Mo_sentence_066.wav,There are growing tensions between the US and China.,Có căng thẳng ngày càng tăng giữa Mỹ và Trung Quốc.,A2
EpbcSXHX_Mo_sentence_080.wav,Rail,Đường ray,A1
EpbcSXHX_Mo_sentence_082.wav,He is as thin as a rail.,Hắn gầy như cái cọc.,A2
EpbcSXHX_Mo_sentence_091.wav,Unsteady.,Không ổn định.,A2
EpbcSXHX_Mo_sentence_100.wav,His heartbeat was unsteady.,Nhịp tim của anh ta không ổn định.,A2
EpbcSXHX_Mo_sentence_102.wav,Freedom,Tự do,A1
EpbcSXHX_Mo_sentence_121.wav,Do you understand?,Bạn có hiểu không?,A1
EpbcSXHX_Mo_sentence_127.wav,Somewhat.,Hơi.,A2
EpbcSXHX_Mo_sentence_128.wav,It's somewhat difficult.,Nó hơi khó khăn.,A1
EpbcSXHX_Mo_sentence_149.wav,Core.,Lõi.,A2
EpbcSXHX_Mo_sentence_159.wav,This is the core of the problem.,Đây là cốt lõi của vấn đề.,A2
EpbcSXHX_Mo_sentence_160.wav,Arise.,Hãy đứng lên.,A1
EpbcSXHX_Mo_sentence_168.wav,Dig.,Đào.,A1
EpbcSXHX_Mo_sentence_169.wav,Dig the deep hole.,Đào hố sâu.,A1
EpbcSXHX_Mo_sentence_172.wav,dig.,Đào.,A1
EpbcSXHX_Mo_sentence_173.wav,Dig a deep hole.,Đào một hố sâu.,A1
EpbcSXHX_Mo_sentence_182.wav,We need spiritual support.,Chúng ta cần sự hỗ trợ tinh thần.,A2
EpbcSXHX_Mo_sentence_183.wav,Spiritual,Tâm linh,A2
EpbcSXHX_Mo_sentence_195.wav,The children behaved beautifully.,Bọn trẻ cư xử rất tốt.,A1
EpbcSXHX_Mo_sentence_198.wav,She was beautifully dressed.,Cô ấy ăn mặc rất đẹp.,A1
EpbcSXHX_Mo_sentence_205.wav,I heard a knock at the door.,Tôi nghe tiếng gõ cửa.,A1
EpbcSXHX_Mo_sentence_206.wav,Knock.,Gõ.,A1
EpbcSXHX_Mo_sentence_210.wav,Someone is knocking on the door.,Có người đang gõ cửa.,A1
EpbcSXHX_Mo_sentence_298.wav,He is a great spiritual leader.,Ông ấy là một nhà lãnh đạo tinh thần vĩ đại.,A2
EpbcSXHX_Mo_sentence_317.wav,Nothing is more precious than independence and liberty.,Không có gì quý giá hơn sự độc lập và tự do.,A2
EpbcSXHX_Mo_sentence_319.wav,She repeatedly said that she was innocent.,Cô liên tục nói rằng cô vô tội.,A2
EpbcSXHX_Mo_sentence_321.wav,The man repeatedly knocked the door.,Người đàn ông liên tục gõ cửa.,A2
EpbcSXHX_Mo_sentence_329.wav,Southern,NamName,A2
EpbcSXHX_Mo_sentence_335.wav,She speaks with a southern accent.,Cô nói với giọng miền Nam.,A2
EpbcSXHX_Mo_sentence_338.wav,Water is in short supply in many countries.,Nước đang thiếu ở nhiều nước.,A2
EpbcSXHX_Mo_sentence_346.wav,She gave birth to twins a week ago.,Cô ấy sinh đôi một tuần trước.,A2
EpbcSXHX_Mo_sentence_351.wav,The twins look exactly alike.,Cặp song sinh trông giống hệt nhau.,A1
EpbcSXHX_Mo_sentence_353.wav,Disappointment.,Thất vọng.,A1
EpbcSXHX_Mo_sentence_369.wav,Attorney,Luật sư,A1
EpbcSXHX_Mo_sentence_385.wav,Growth.,Tăng trưởng.,A2
EpbcSXHX_Mo_sentence_388.wav,Gross.,Thô lỗ.,A1
EpbcSXHX_Mo_sentence_391.wav,The rapid growth of the city surprised us.,Sự phát triển nhanh chóng của thành phố làm chúng tôi ngạc nhiên.,A2
EpbcSXHX_Mo_sentence_396.wav,Underneath.,Bên dưới.,A1
EpbcSXHX_Mo_sentence_400.wav,He hid the envelope underneath his coat.,Hắn giấu phong bì dưới áo khoác.,A2
EpbcSXHX_Mo_sentence_401.wav,Tower,Tháp,A1
EpbcSXHX_Mo_sentence_406.wav,How high is the Eiffel Tower?,Tháp Eiffel cao bao nhiêu?,A2
EpbcSXHX_Mo_sentence_407.wav,You can see the tower in the distance.,Bạn có thể thấy tháp ở phía xa.,A2
EpbcSXHX_Mo_sentence_411.wav,Have you ever been to the Eiffel Tower?,Anh đã bao giờ tới tháp Eiffel chưa?,A2
EpbcSXHX_Mo_sentence_412.wav,brightly.,Tươi sáng.,A1
EpbcSXHX_Mo_sentence_413.wav,she placed a bouquet of brightly coloured flowers on the table.,Cô đặt một bó hoa rực rỡ trên bàn.,A2
EpbcSXHX_Mo_sentence_420.wav,Gasoline.,Xăng.,A1
EpbcSXHX_Mo_sentence_423.wav,We almost ran out of gasoline.,Chúng ta gần hết xăng rồi.,A2
EpbcSXHX_Mo_sentence_424.wav,Gasoline is expensive in Vietnam.,Xăng rất đắt ở Việt Nam.,A2
EpbcSXHX_Mo_sentence_429.wav,Entertaining.,Phục vụ.,A2
EpbcSXHX_Mo_sentence_435.wav,This is a very entertaining story.,Đây là một câu chuyện rất thú vị.,A1
EpbcSXHX_Mo_sentence_442.wav,He has been out of employment for a month.,Anh ta đã nghỉ việc một tháng.,A2
EpbcSXHX_Mo_sentence_471.wav,Tunnel,Đường hầm,A1
EpbcSXHX_Mo_sentence_475.wav,They disappeared into the tunnel.,Họ biến mất vào đường hầm.,A2
EpbcSXHX_Mo_sentence_481.wav,This is the most embarrassing moment of my life.,Đây là giây phút xấu hổ nhất đời tôi.,A2
EpbcSXHX_Mo_sentence_486.wav,There's no excuse for such behavior.,Không có lý do gì để biện hộ cho hành vi đó.,A2
EpbcSXHX_Mo_sentence_488.wav,Behavior,Ứng xử,A1
EpbcSXHX_Mo_sentence_496.wav,Tone of voice can indicate feelings.,Giọng điệu có thể biểu thị cảm xúc.,A2
EpbcSXHX_Mo_sentence_507.wav,Excitement.,Sự phấn khích.,A1
EpbcSXHX_Mo_sentence_510.wav,He was unable to hide his excitement.,Ông không thể giấu được sự phấn khích của mình.,A2
EpbcSXHX_Mo_sentence_526.wav,Tough.,Cứng cỏi.,A1
EpbcSXHX_Mo_sentence_527.wav,That's a tough question.,Đó là một câu hỏi khó.,A2
EpbcSXHX_Mo_sentence_534.wav,This gas is highly poisonous.,Khí này rất độc.,A2
EpbcSXHX_Mo_sentence_547.wav,My husband is an attorney.,Chồng tôi là luật sư.,A2
EpbcSXHX_Mo_sentence_553.wav,Her disappointment was apparent to everyone.,Sự thất vọng của cô ấy là rõ ràng với tất cả mọi người.,A2
EpbcSXHX_Mo_sentence_554.wav,She couldn't hide her disappointment.,Cô không thể che giấu sự thất vọng của mình.,A2
EpbcSXHX_Mo_sentence_557.wav,Judgment.,Phán xét.,A2
EpbcSXHX_Mo_sentence_565.wav,Sufficient.,Đủ.,A2
EpbcSXHX_Mo_sentence_586.wav,All personal information is kept strictly confidential.,Tất cả các thông tin cá nhân được giữ bí mật nghiêm ngặt.,A2
EpbcSXHX_Mo_sentence_593.wav,Title,Tựa,A1
EpbcSXHX_Mo_sentence_595.wav,I don't remember the title of that movie.,Tôi không nhớ tựa của bộ phim đó.,A1
EpbcSXHX_Mo_sentence_597.wav,What's the title of that book?,Tựa đề của cuốn sách đó là gì?,A1
EpbcSXHX_Mo_sentence_605.wav,This T V program seems to be very entertaining.,Chương trình TV này có vẻ rất thú vị.,A2
EpbcSXHX_Mo_sentence_615.wav,We're out of stock now and no longer taking orders.,Chúng ta hết hàng rồi và không nhận lệnh nữa.,A2
EpbcSXHX_Mo_sentence_640.wav,He was very unsteady on his feet.,Chân nó run lẩy bẩy.,A2
EpbcSXHX_Mo_sentence_654.wav,Embarrassing.,Xấu hổ.,A2
EpbcSXHX_Mo_sentence_655.wav,What an embarrassing situation.,Thật là một tình huống đáng xấu hổ.,A1
EpbcSXHX_Mo_sentence_690.wav,Shut.,Im đi.,A1
EpbcSXHX_Mo_sentence_697.wav,Shut up and listen.,Im mồm và nghe đây.,A1
EpbcSXHX_Mo_sentence_699.wav,"I can't shut my suitcase, it's too full.","Tôi không thể đóng vali của tôi, nó quá đầy.",A1
EpbcSXHX_Mo_sentence_716.wav,I've been invited to give a talk at the conference.,Tôi được mời đến để nói chuyện tại hội nghị.,A1
EpbcSXHX_Mo_sentence_717.wav,Curl.,Gập người.,A2
EpbcSXHX_Mo_sentence_719.wav,She keeps her hair in curls.,Cô ấy giữ tóc thành những lọn quăn.,A2
EpbcSXHX_Mo_sentence_726.wav,"Turn off the radio, please.",Làm ơn tắt radio đi.,A1
EpbcSXHX_Mo_sentence_727.wav,I often listen to the radio on the way to work.,Tôi thường nghe radio trên đường đi làm.,A2
EpbcSXHX_Mo_sentence_729.wav,Competition.,Cạnh tranh.,A2
EpbcSXHX_Mo_sentence_730.wav,He dropped out of the competition.,Anh đã bỏ cuộc thi.,A2
EpbcSXHX_Mo_sentence_752.wav,The house only needs minor repairs.,Ngôi nhà chỉ cần sửa chữa nhỏ.,A2
EpbcSXHX_Mo_sentence_766.wav,He has a sufficient income to support his family.,Anh có thu nhập đủ để nuôi gia đình.,A2
EpbcSXHX_Mo_sentence_792.wav,Festival,FestivalLanguage,A1
EpbcSXHX_Mo_sentence_793.wav,Our school festival was held last month.,Lễ hội trường của chúng tôi được tổ chức tháng trước.,A1
EpbcSXHX_Mo_sentence_800.wav,Chin.,Chin.,A1
EpbcSXHX_Mo_sentence_801.wav,I tried to keep my chin up.,Tôi cố gắng ngẩng cao đầu.,A2
EpbcSXHX_Mo_sentence_806.wav,She has a beautiful chin.,Cô ấy có một cái cằm đẹp.,A2
EpbcSXHX_Mo_sentence_811.wav,Tuesday.,Thứ ba.,A1
EpbcSXHX_Mo_sentence_813.wav,It has been raining since Tuesday.,Trời đã mưa từ thứ ba.,A2
EpbcSXHX_Mo_sentence_814.wav,Badly.,Tệ.,A1
EpbcSXHX_Mo_sentence_852.wav,My immediate boss is tough to please.,Sếp trực tiếp của tôi khó chiều lắm.,A2
EpbcSXHX_Mo_sentence_892.wav,Competition,Cạnh tranh,A2
EpbcSXHX_Mo_sentence_899.wav,Are you worried about the competition?,Anh có lo lắng về cuộc thi không?,A2
EpbcSXHX_Mo_sentence_903.wav,Furlough.,Cho phép.,A1
EpbcSXHX_Mo_sentence_906.wav,I curl the paper.,Tôi cuộn tờ giấy lại.,A1
EpbcSXHX_Mo_sentence_914.wav,We can rely on his judgment.,Chúng ta có thể dựa vào sự phán xét của ông ấy.,A2
FBB4oj5xIIQ_sentence_019.wav,Cigarette.,Thuốc lá.,A1
FBB4oj5xIIQ_sentence_026.wav,Everyone.,Tất cả mọi người.,A1
FBB4oj5xIIQ_sentence_031.wav,Almost everyone here can speak English.,Hầu hết mọi người ở đây đều có thể nói tiếng Anh.,A2
FBB4oj5xIIQ_sentence_038.wav,The story gets more and more exciting.,Câu chuyện càng lúc càng thú vị.,A2
FBB4oj5xIIQ_sentence_053.wav,The football match went into extra time.,Trận bóng đá đã đi vào hiệp phụ.,A2
FBB4oj5xIIQ_sentence_062.wav,She ignores him completely.,Cô ấy hoàn toàn phớt lờ anh ta.,A2
FBB4oj5xIIQ_sentence_063.wav,I trust him completely.,Tôi hoàn toàn tin tưởng anh ta.,A1
FBB4oj5xIIQ_sentence_070.wav,He failed to finish the race.,Anh ta đã không hoàn thành cuộc đua.,B1
FBB4oj5xIIQ_sentence_073.wav,Fine.,Tốt thôi.,A1
FBB4oj5xIIQ_sentence_079.wav,Please continue with your story. It's really interesting.,Xin hãy tiếp tục câu chuyện của bạn. Nó thực sự thú vị.,A1
FBB4oj5xIIQ_sentence_084.wav,She is watering the flowers.,Cô ấy đang tưới hoa.,A1
FBB4oj5xIIQ_sentence_086.wav,What's your favorite flower?,Hoa yêu thích của bạn là gì?,A1
FBB4oj5xIIQ_sentence_097.wav,date.,"Bạn có thể nói "" Em muốn đi chơi với anh vào ngày mai.",A1
FBB4oj5xIIQ_sentence_1003.wav,Rarely,Hiếm khi,A2
FBB4oj5xIIQ_sentence_1008.wav,I rarely listen to the radio.,Tôi hiếm khi nghe đài.,A2
FBB4oj5xIIQ_sentence_1017.wav,Anxiety.,Lo lắng.,A1
FBB4oj5xIIQ_sentence_1022.wav,Novel,Tiểu thuyết,A1
FBB4oj5xIIQ_sentence_1023.wav,This novel is boring.,Cuốn tiểu thuyết này chán quá.,A1
FBB4oj5xIIQ_sentence_1029.wav,Blow The wind is blowing from the west.,Thổi gió từ phía tây.,A2
FBB4oj5xIIQ_sentence_103.wav,I'm D Fresh.,Tôi là D Fresh.,A1
FBB4oj5xIIQ_sentence_1031.wav,I want people to be blown away when I do what they don't expect.,Tôi muốn mọi người bị choáng ngợp khi tôi làm những điều họ không ngờ tới.,A2
FBB4oj5xIIQ_sentence_1032.wav,"The wind is blowing from the west,","Gió thổi từ phía tây,",A2
FBB4oj5xIIQ_sentence_1044.wav,Check your inbox frequently.,Kiểm tra hộp thư đến thường xuyên.,A2
FBB4oj5xIIQ_sentence_1055.wav,Place.,Nơi.,A1
FBB4oj5xIIQ_sentence_1062.wav,Sport.,Thể thao.,A1
FBB4oj5xIIQ_sentence_1063.wav,What's your favorite sport?,Môn thể thao yêu thích của bạn là gì?,A1
FBB4oj5xIIQ_sentence_1068.wav,Soccer is the most popular sport in Brazil.,Bóng đá là môn thể thao phổ biến nhất tại Brasil.,A2
FBB4oj5xIIQ_sentence_107.wav,The fish is very fresh.,Cá rất tươi.,A1
FBB4oj5xIIQ_sentence_1071.wav,Her talents are not fully appreciated in that company.,Tài năng của cô không được đánh giá cao trong công ty đó.,B1
FBB4oj5xIIQ_sentence_1080.wav,How can you be so confident?,Sao anh có thể tự tin như vậy?,A1
FBB4oj5xIIQ_sentence_1091.wav,Do you know her?,Anh biết cô ta không?,A1
FBB4oj5xIIQ_sentence_1096.wav,What do you like about her?,Anh thích gì ở cô ấy?,A1
FBB4oj5xIIQ_sentence_110.wav,He is a fun guy.,Anh ấy là một người vui tính.,A1
FBB4oj5xIIQ_sentence_1100.wav,You can't expect to learn a foreign language in a week.,Bạn không thể mong đợi học một ngoại ngữ trong một tuần.,A2
FBB4oj5xIIQ_sentence_1109.wav,The article covered a wide range of topics.,Bài báo bao gồm một loạt các chủ đề.,A2
FBB4oj5xIIQ_sentence_1111.wav,Situation,Tình huống,A1
FBB4oj5xIIQ_sentence_1118.wav,Cinema,Rạp chiếu phim,A1
FBB4oj5xIIQ_sentence_1121.wav,We decided to go to the cinema.,Chúng tôi quyết định đi xem phim.,A1
FBB4oj5xIIQ_sentence_113.wav,Dead.,Chết.,A1
FBB4oj5xIIQ_sentence_1130.wav,Go ahead with your story.,Cứ kể tiếp đi.,A1
FBB4oj5xIIQ_sentence_1134.wav,Are you free this weekend?,Cuối tuần này anh rảnh không?,A1
FBB4oj5xIIQ_sentence_1139.wav,Come.,Đi.,A1
FBB4oj5xIIQ_sentence_1144.wav,They came here as immigrants.,Họ đến đây với tư cách là dân nhập cư.,A2
FBB4oj5xIIQ_sentence_1150.wav,What makes you so sad?,Điều gì làm anh buồn vậy?,A1
FBB4oj5xIIQ_sentence_1158.wav,Reply,Trả lời,A2
FBB4oj5xIIQ_sentence_125.wav,Gold.,Vàng.,A1
FBB4oj5xIIQ_sentence_129.wav,"Which is heavier, lead or gold?","Cái nào nặng hơn, chì hay vàng?",A2
FBB4oj5xIIQ_sentence_130.wav,Decision.,Quyết định.,A1
FBB4oj5xIIQ_sentence_144.wav,Hotel.,Khách sạn.,A1
FBB4oj5xIIQ_sentence_146.wav,Do you know that hotel?,Anh biết khách sạn đó không?,A1
FBB4oj5xIIQ_sentence_157.wav,We need a detailed description of what happened.,Chúng ta cần mô tả chi tiết về những gì đã xảy ra.,A2
FBB4oj5xIIQ_sentence_160.wav,Water is important for human life.,Nước rất quan trọng đối với cuộc sống của con người.,A2
FBB4oj5xIIQ_sentence_176.wav,Education is the key to success.,Giáo dục là chìa khoá thành công.,A2
FBB4oj5xIIQ_sentence_189.wav,Effort.,Sự nỗ lực.,A1
FBB4oj5xIIQ_sentence_195.wav,Effort. Joke.,Nỗ lực. Trò đùa.,A1
FBB4oj5xIIQ_sentence_205.wav,How long does the movie last?,Bộ phim sẽ kéo dài bao lâu?,A1
FBB4oj5xIIQ_sentence_225.wav,"Sorry, I can't lend you this book. It's a library book.","Xin lỗi, tôi không thể cho anh mượn cuốn sách này.",A1
FBB4oj5xIIQ_sentence_230.wav,Holiday,Th nghỉ,A1
FBB4oj5xIIQ_sentence_232.wav,She advised him to take a long holiday.,Bà khuyên anh nên đi nghỉ dài ngày.,A2
FBB4oj5xIIQ_sentence_233.wav,Do you have any special plans for the holidays?,Bạn có kế hoạch đặc biệt nào cho kỳ nghỉ không?,A1
FBB4oj5xIIQ_sentence_258.wav,Mary,Mary,A1
FBB4oj5xIIQ_sentence_259.wav,She decided to marry him.,Cô quyết định kết hôn với anh.,A1
FBB4oj5xIIQ_sentence_261.wav,I've been married for five years.,Tôi đã kết hôn được 5 năm.,A1
FBB4oj5xIIQ_sentence_270.wav,Leave.,Đi đi.,A1
FBB4oj5xIIQ_sentence_292.wav,Is this the last lesson?,Đây là bài học cuối cùng à?,A1
FBB4oj5xIIQ_sentence_300.wav,What did you do this morning?,Sáng nay anh đã làm gì?,A1
FBB4oj5xIIQ_sentence_304.wav,See you tomorrow morning.,Gặp lại anh sáng mai.,A1
FBB4oj5xIIQ_sentence_315.wav,Please move the chair. It's in the way.,"Xin hãy dời cái ghế, nó cản đường.",A1
FBB4oj5xIIQ_sentence_320.wav,Night.,Ngủ ngon.,A1
FBB4oj5xIIQ_sentence_321.wav,Good night.,Chúc ngủ ngon.,A1
FBB4oj5xIIQ_sentence_323.wav,What happened last night?,Tối qua có chuyện gì vậy?,A1
FBB4oj5xIIQ_sentence_342.wav,Try it once more.,Thử lại lần nữa đi.,A1
FBB4oj5xIIQ_sentence_348.wav,Manage,Quản lý,A1
FBB4oj5xIIQ_sentence_367.wav,She left home ten minutes ago.,Cô ấy đã rời khỏi nhà 10 phút trước.,A1
FBB4oj5xIIQ_sentence_372.wav,Page.,Trang.,A1
FBB4oj5xIIQ_sentence_375.wav,"For further information, see page sixteen.","Để biết thêm thông tin, xem trang mười sáu.",A2
FBB4oj5xIIQ_sentence_379.wav,Path.,Đường.,A2
FBB4oj5xIIQ_sentence_383.wav,We walked along a narrow path.,Chúng tôi đi dọc theo một con đường hẹp.,A2
FBB4oj5xIIQ_sentence_384.wav,Everyone needs to find their own path.,Ai cũng cần tìm ra con đường riêng của mình.,A2
FBB4oj5xIIQ_sentence_385.wav,Three men blocked her path.,Ba người đàn ông chặn đường cô ấy.,A2
FBB4oj5xIIQ_sentence_386.wav,Mother.,Mẹ.,A1
FBB4oj5xIIQ_sentence_391.wav,I want to see your mother.,Tôi muốn gặp mẹ cô.,A1
FBB4oj5xIIQ_sentence_392.wav,She's a mother of three.,Cô ấy là mẹ của 3 đứa con.,A2
FBB4oj5xIIQ_sentence_393.wav,Pen.,Bút.,A1
FBB4oj5xIIQ_sentence_400.wav,Pick.,Chọn.,A1
FBB4oj5xIIQ_sentence_403.wav,I'll pick you up in 10 minutes.,10 phút nữa tôi sẽ đón anh.,A1
FBB4oj5xIIQ_sentence_407.wav,Myself.,Bản thân.,A1
FBB4oj5xIIQ_sentence_411.wav,May I introduce myself?,Tôi có thể tự giới thiệu không?,A2
FBB4oj5xIIQ_sentence_412.wav,Possible.,Có thể.,A1
FBB4oj5xIIQ_sentence_425.wav,"We made a quick decision, but it turned out to be a good one.","Chúng tôi đã đưa ra một quyết định nhanh chóng, nhưng hóa ra lại là một quyết định tốt.",A2
FBB4oj5xIIQ_sentence_426.wav,Near.,Gần.,A1
FBB4oj5xIIQ_sentence_443.wav,Do you have any experience that is relevant to this job?,Bạn có kinh nghiệm nào liên quan đến công việc này không?,A2
FBB4oj5xIIQ_sentence_465.wav,His success is the result of hard work.,Thành công của ông là kết quả của sự chăm chỉ.,A2
FBB4oj5xIIQ_sentence_483.wav,Patient.,Bệnh nhân.,A1
FBB4oj5xIIQ_sentence_490.wav,Select.,Chọn.,A1
FBB4oj5xIIQ_sentence_500.wav,You should go home and get some sleep.,Anh nên về nhà và ngủ một chút đi.,A1
FBB4oj5xIIQ_sentence_514.wav,Do you hear something?,Anh nghe thấy gì không?,A1
FBB4oj5xIIQ_sentence_536.wav,I'm sorry for being late.,Xin lỗi vì đến muộn.,A1
FBB4oj5xIIQ_sentence_542.wav,"Everyone, please stand up.","Mọi người, xin hãy đứng dậy.",A1
FBB4oj5xIIQ_sentence_543.wav,"Don't just stand there, do something.","Đừng chỉ đứng đó, hãy làm gì đó đi.",A1
FBB4oj5xIIQ_sentence_550.wav,Where is your school?,Trường của anh ở đâu?,A1
FBB4oj5xIIQ_sentence_551.wav,I met her on my way to school.,Tôi gặp cô ấy trên đường đến trường.,A1
FBB4oj5xIIQ_sentence_552.wav,I go to school by bus.,Tôi đi học bằng xe buýt.,A1
FBB4oj5xIIQ_sentence_559.wav,She stared at me for a while.,Cô ấy nhìn tôi chằm chằm một lúc.,A2
FBB4oj5xIIQ_sentence_562.wav,How long are you going to stay here?,Anh định ở đây bao lâu?,A1
FBB4oj5xIIQ_sentence_574.wav,Stuff.,Đại loại thế.,A1
FBB4oj5xIIQ_sentence_577.wav,I can't believe you eat that stuff.,Không thể tin là anh ăn thứ đó.,A1
FBB4oj5xIIQ_sentence_581.wav,Table,Bảng,A1
FBB4oj5xIIQ_sentence_602.wav,Top.,Top.,A1
FBB4oj5xIIQ_sentence_615.wav,Something similar happened to me a few years ago.,Một điều tương tự đã xảy ra với tôi vài năm trước.,A2
FBB4oj5xIIQ_sentence_616.wav,Translate.,Dịch.,A1
FBB4oj5xIIQ_sentence_630.wav,Sit.,Ngồi xuống.,A1
FBB4oj5xIIQ_sentence_631.wav,"Excuse me, can I sit here?","Xin lỗi, tôi ngồi đây được không?",A1
FBB4oj5xIIQ_sentence_648.wav,How is the weather today?,Thời tiết hôm nay thế nào?,A1
FBB4oj5xIIQ_sentence_668.wav,It is not appropriate for you to do this.,Bạn không nên làm điều này.,A2
FBB4oj5xIIQ_sentence_683.wav,The manager approved our plan.,Quản lý đã phê duyệt kế hoạch của chúng ta.,A2
FBB4oj5xIIQ_sentence_686.wav,Assistant,Trợ lý,A1
FBB4oj5xIIQ_sentence_693.wav,Wait.,Chờ đã.,A1
FBB4oj5xIIQ_sentence_695.wav,How long do I have to wait?,Tôi phải đợi bao lâu?,A2
FBB4oj5xIIQ_sentence_699.wav,Please sit here and wait.,Xin hãy ngồi đây và chờ.,A1
FBB4oj5xIIQ_sentence_710.wav,He packed his bags and left. Where is your bag?,Anh ta gói đồ và đi.,A2
FBB4oj5xIIQ_sentence_712.wav,Weak.,Yếu đuối.,A1
FBB4oj5xIIQ_sentence_729.wav,yourself.,Bạn có thể tự mình thực hiện điều này.,A1
FBB4oj5xIIQ_sentence_731.wav,Believe in yourself.,Tin tưởng vào bản thân.,A1
FBB4oj5xIIQ_sentence_749.wav,She has the ability to manage a business.,Cô ấy có khả năng quản lý một doanh nghiệp.,A2
FBB4oj5xIIQ_sentence_765.wav,He glanced at the clock.,Anh liếc nhìn đồng hồ.,A2
FBB4oj5xIIQ_sentence_771.wav,She lives in an apartment above us.,Cô ấy sống ở một căn hộ phía trên chúng ta.,A2
FBB4oj5xIIQ_sentence_777.wav,She put on her coat and went out.,Cô mặc áo khoác và đi ra ngoài.,A1
FBB4oj5xIIQ_sentence_781.wav,Sheep concerned.,Cừu quan tâm.,A2
FBB4oj5xIIQ_sentence_789.wav,Against,Đối lập,A1
FBB4oj5xIIQ_sentence_793.wav,Everyone was against them.,Mọi người đều chống lại họ.,A1
FBB4oj5xIIQ_sentence_794.wav,Don't lean against this wall.,Đừng dựa vào bức tường này.,A1
FBB4oj5xIIQ_sentence_795.wav,That's against the law. Customer.,"Điều đó là trái luật, thưa khách hàng.",A2
FBB4oj5xIIQ_sentence_802.wav,Dangerous.,Nguy hiểm.,A1
FBB4oj5xIIQ_sentence_803.wav,It is dangerous to swim here.,Bơi ở đây nguy hiểm lắm.,A2
FBB4oj5xIIQ_sentence_818.wav,Beyond The sea is beyond the hill.,Bên kia biển là bên kia ngọn đồi.,A2
FBB4oj5xIIQ_sentence_819.wav,He pointed to a spot beyond the trees. The sea is beyond the hill.,"Ngài chỉ một chỗ bên kia cây cối, Biển ở bên kia gò.",A2
FBB4oj5xIIQ_sentence_828.wav,Common.,Thường.,A1
FBB4oj5xIIQ_sentence_833.wav,Ear.,Tai.,A1
FBB4oj5xIIQ_sentence_842.wav,Dao.,Dao.,A1
FBB4oj5xIIQ_sentence_848.wav,Why do you doubt me?,Sao anh lại nghi ngờ tôi?,A1
FBB4oj5xIIQ_sentence_856.wav,Annoy,Làm khó chịu,A1
FBB4oj5xIIQ_sentence_863.wav,Are you going to sell your house?,Anh định bán nhà à?,A1
FBB4oj5xIIQ_sentence_869.wav,Maybe they're busy.,Có lẽ họ đang bận.,A1
FBB4oj5xIIQ_sentence_878.wav,Concern.,Quan tâm.,A1
FBB4oj5xIIQ_sentence_881.wav,I appreciate your concern.,Tôi rất cảm kích sự quan tâm của anh.,A1
FBB4oj5xIIQ_sentence_915.wav,"Come on you guys, let's get going.","Thôi nào các cậu, đi thôi.",A1
FBB4oj5xIIQ_sentence_918.wav,Thinking,Suy nghĩ,A1
FBB4oj5xIIQ_sentence_932.wav,"He is neither young nor old, neither fat nor thin, neither handsome nor ugly.","Nó không trẻ cũng không già, không mập cũng không gầy, không đẹp trai cũng không xấu xí.",A2
FBB4oj5xIIQ_sentence_944.wav,Rise.,Đứng dậy.,A1
FBB4oj5xIIQ_sentence_951.wav,Wrong.,Sai.,A1
FBB4oj5xIIQ_sentence_955.wav,There is something wrong with him.,Có gì đó không ổn với anh ta.,A2
FBB4oj5xIIQ_sentence_965.wav,Enter.,Nhập.,A1
FBB4oj5xIIQ_sentence_979.wav,Gas.,Khí ga.,A2
FBB4oj5xIIQ_sentence_984.wav,Light.,Ánh sáng.,A1
FBB4oj5xIIQ_sentence_991.wav,Particular.,Đặc biệt.,A1
FBB4oj5xIIQ_sentence_996.wav,Difference.,Sự khác biệt.,A2
FGBLtAJdMqE_sentence_011.wav,I can understand your anger in this situation.,Tôi có thể hiểu sự tức giận của anh trong tình huống này.,A2
FGBLtAJdMqE_sentence_015.wav,He ran out of the room in anger.,Ông chạy ra khỏi phòng trong giận dữ.,A2
FGBLtAJdMqE_sentence_020.wav,I'm sorry for your loss.,Tôi rất tiếc về mất mát của anh.,A1
FGBLtAJdMqE_sentence_023.wav,deeply.,Sâu.,A1
FGBLtAJdMqE_sentence_049.wav,Divorce.,Ly hôn.,A1
FGBLtAJdMqE_sentence_056.wav,Furniture.,Đồ nội thất.,A1
FGBLtAJdMqE_sentence_060.wav,There is no furniture left in the room.,Không còn đồ đạc nào trong phòng.,A2
FGBLtAJdMqE_sentence_070.wav,Thirsty.,Khát nước.,A1
FGBLtAJdMqE_sentence_081.wav,How do you want your hair cut?,Anh muốn cắt tóc kiểu gì?,A1
FGBLtAJdMqE_sentence_096.wav,They both love reading.,Cả hai đều thích đọc.,A1
FGBLtAJdMqE_sentence_1003.wav,I iron my clothes every morning.,Tôi là quần áo mỗi sáng.,A1
FGBLtAJdMqE_sentence_1017.wav,Reward,Phần thưởng,A1
FGBLtAJdMqE_sentence_1019.wav,He promised to reward me for my work.,Ông ấy hứa sẽ thưởng cho công việc của tôi.,A2
FGBLtAJdMqE_sentence_1029.wav,He is obviously drunk.,Rõ ràng là hắn say rồi.,A1
FGBLtAJdMqE_sentence_1031.wav,They,Họ,A1
FGBLtAJdMqE_sentence_1033.wav,They agreed to work together.,Họ đồng ý làm việc cùng nhau.,A1
FGBLtAJdMqE_sentence_1038.wav,Multiply.,Nhân.,A1
FGBLtAJdMqE_sentence_104.wav,Start.,Bắt đầu.,A1
FGBLtAJdMqE_sentence_1048.wav,We had a secret meeting.,Chúng tôi có một cuộc gặp bí mật.,A1
FGBLtAJdMqE_sentence_1057.wav,Plan.,Lên kế hoạch.,A1
FGBLtAJdMqE_sentence_1062.wav,I'm busy planning the party.,Tôi đang bận lên kế hoạch cho bữa tiệc.,A1
FGBLtAJdMqE_sentence_1064.wav,Call.,Gọi điện thoại.,A1
FGBLtAJdMqE_sentence_109.wav,He just started a new job.,Anh ta vừa bắt đầu một công việc mới.,A1
FGBLtAJdMqE_sentence_1099.wav,She didn't show up.,Cô ấy không xuất hiện.,A1
FGBLtAJdMqE_sentence_123.wav,Is there a bank around here?,Có ngân hàng nào quanh đây không?,A2
FGBLtAJdMqE_sentence_126.wav,We have to review the situation carefully.,Chúng ta phải xem xét tình hình một cách cẩn thận.,A2
FGBLtAJdMqE_sentence_132.wav,Wet.,Ướt.,A1
FGBLtAJdMqE_sentence_164.wav,I demand an explanation.,Tôi yêu cầu một lời giải thích.,A1
FGBLtAJdMqE_sentence_172.wav,Discussion.,Thảo luận.,A2
FGBLtAJdMqE_sentence_186.wav,Hoo.,Hoo.,A1
FGBLtAJdMqE_sentence_191.wav,I will support you wholeheartedly.,Tôi sẽ ủng hộ anh hết mình.,A1
FGBLtAJdMqE_sentence_192.wav,I read the whole book in one day.,Tôi đọc hết cuốn sách trong một ngày.,A1
FGBLtAJdMqE_sentence_197.wav,"I know it sounds silly, but it's true.","Tôi biết nghe có vẻ ngớ ngẩn, nhưng đó là sự thật.",A1
FGBLtAJdMqE_sentence_204.wav,He is always generous to poor people.,Ông ấy luôn rộng lượng với người nghèo.,A2
FGBLtAJdMqE_sentence_210.wav,My husband earns one hundred thousand dollars a year.,Chồng tôi kiếm được 100 ngàn đô la một năm.,A2
FGBLtAJdMqE_sentence_224.wav,The sun is about to rise.,Mặt trời sắp mọc rồi.,A2
FGBLtAJdMqE_sentence_258.wav,"Despite our differences, I have enormous respect for him.","Dù chúng ta có khác biệt, tôi vẫn rất tôn trọng anh ấy.",A2
FGBLtAJdMqE_sentence_262.wav,He deserves to be treated with respect.,Anh ta xứng đáng được đối xử tôn trọng.,A1
FGBLtAJdMqE_sentence_267.wav,Can you give me some additional information about your situation?,Anh có thể cho tôi thêm thông tin về tình hình của anh không?,A2
FGBLtAJdMqE_sentence_268.wav,How much is the additional charge?,Phí bổ sung là bao nhiêu?,A2
FGBLtAJdMqE_sentence_271.wav,Specifically,Cụ thể,A2
FGBLtAJdMqE_sentence_283.wav,Angry.,Tức giận.,A1
FGBLtAJdMqE_sentence_288.wav,What made you so angry?,Điều gì khiến anh tức giận vậy?,A1
FGBLtAJdMqE_sentence_311.wav,There's something inside this box.,Có thứ gì đó trong cái hộp này.,A1
FGBLtAJdMqE_sentence_330.wav,Complicated.,Phức tạp.,A1
FGBLtAJdMqE_sentence_343.wav,"If I pay all debts, I'll have no money left.","Nếu tôi trả hết nợ, tôi sẽ không còn tiền.",A2
FGBLtAJdMqE_sentence_365.wav,Thank you. You're welcome.,"Cảm ơn, không có gì.",A1
FGBLtAJdMqE_sentence_373.wav,Career,Sự nghiệp,A2
FGBLtAJdMqE_sentence_380.wav,I tried to read her thought.,Tôi cố đọc suy nghĩ của cô ấy.,A2
FGBLtAJdMqE_sentence_392.wav,Alcohol.,Rượu.,A1
FGBLtAJdMqE_sentence_396.wav,Do you have alcohol-free drinks?,Bạn có đồ uống không chứa cồn không?,A1
FGBLtAJdMqE_sentence_397.wav,Pleased.,Hài lòng.,A1
FGBLtAJdMqE_sentence_407.wav,This is a highly recommended restaurant.,Đây là một nhà hàng được đề nghị rất cao.,A1
FGBLtAJdMqE_sentence_409.wav,Average.,Trung bình.,A2
FGBLtAJdMqE_sentence_426.wav,Drive it.,Lái nó đi.,A1
FGBLtAJdMqE_sentence_429.wav,Can you take over the driving for a while?,Anh có thể lái xe một thời gian không?,A2
FGBLtAJdMqE_sentence_438.wav,Fire.,Lửa.,A1
FGBLtAJdMqE_sentence_446.wav,That old man caught a large fish.,Lão già đó bắt được một con cá lớn.,A1
FGBLtAJdMqE_sentence_447.wav,I bought a new fishing rod.,Tôi mua một cần câu mới.,A1
FGBLtAJdMqE_sentence_451.wav,Fishing is not allowed here.,Ở đây không được phép câu cá.,A1
FGBLtAJdMqE_sentence_452.wav,Frequent.,Thường xuyên.,A2
FGBLtAJdMqE_sentence_461.wav,They asked me several questions.,Họ hỏi tôi vài câu.,A1
FGBLtAJdMqE_sentence_473.wav,The environment here is polluted.,Môi trường ở đây bị ô nhiễm.,A2
FGBLtAJdMqE_sentence_506.wav,Why didn't you call me last night?,Sao tối qua anh không gọi cho em?,A1
FGBLtAJdMqE_sentence_515.wav,deal.,Thỏa thuận.,A1
FGBLtAJdMqE_sentence_516.wav,I made a deal with him.,Tôi đã thoả thuận với hắn.,A1
FGBLtAJdMqE_sentence_517.wav,What's the deal?,Có chuyện gì vậy?,A1
FGBLtAJdMqE_sentence_529.wav,Exception.,Ngoại lệ.,A1
FGBLtAJdMqE_sentence_555.wav,Sine.,Sin.,A2
FGBLtAJdMqE_sentence_562.wav,Song,Bài hát,A1
FGBLtAJdMqE_sentence_569.wav,Face.,Mặt.,A1
FGBLtAJdMqE_sentence_583.wav,Dentist.,Nha sĩ.,A1
FGBLtAJdMqE_sentence_590.wav,Hold.,Giữ.,A1
FGBLtAJdMqE_sentence_600.wav,He married again six months after the divorce.,Ông kết hôn lại sáu tháng sau khi ly hôn.,A2
FGBLtAJdMqE_sentence_609.wav,A go.,Thử đi.,A1
FGBLtAJdMqE_sentence_616.wav,Some,Một số,A1
FGBLtAJdMqE_sentence_636.wav,I couldn't see any stars in the sky.,Tôi không thể thấy bất kỳ ngôi sao nào trên bầu trời.,A2
FGBLtAJdMqE_sentence_638.wav,Dictionary,Từ điểnName,A2
FGBLtAJdMqE_sentence_647.wav,Traveling by boat has a lot of fun. The boy rowing the boat is a friend of mine.,Đi du lịch bằng thuyền rất vui. Cậu bé chèo thuyền là bạn tôi.,A2
FGBLtAJdMqE_sentence_663.wav,This winter is very cold.,Mùa đông này rất lạnh.,A1
FGBLtAJdMqE_sentence_667.wav,Ocean,Đại dươngName,A2
FGBLtAJdMqE_sentence_669.wav,"She lives near the ocean, but she can't swim.","Cô ấy sống gần biển, nhưng không biết bơi.",A2
FGBLtAJdMqE_sentence_670.wav,The Pacific Ocean is the largest ocean in the world.,Thái Bình Dương là đại dương lớn nhất trên thế giới.,A2
FGBLtAJdMqE_sentence_675.wav,"Wherever you go, I will follow you.","Dù anh đi đâu, tôi cũng sẽ theo anh.",A2
FGBLtAJdMqE_sentence_679.wav,Already.,Đã.,A1
FGBLtAJdMqE_sentence_681.wav,"We got there early, but he had already left.","Chúng tôi đến sớm, nhưng anh ta đã đi rồi.",A2
FGBLtAJdMqE_sentence_683.wav,Volume,Âm lượng,A2
FGBLtAJdMqE_sentence_685.wav,The radio is too loud. Turn the volume down.,"Radio quá lớn, vặn nhỏ âm lượng đi.",A1
FGBLtAJdMqE_sentence_686.wav,Can you turn the volume down?,Vặn nhỏ âm lượng được không?,A1
FGBLtAJdMqE_sentence_688.wav,Correct.,Đúng.,A1
FGBLtAJdMqE_sentence_692.wav,These answers are correct.,Những câu trả lời này là đúng.,A1
FGBLtAJdMqE_sentence_707.wav,Feed.,Cho ăn.,A1
FGBLtAJdMqE_sentence_712.wav,Rare.,Hiếm.,A1
FGBLtAJdMqE_sentence_717.wav,Apple.,Quả táo.,A1
FGBLtAJdMqE_sentence_720.wav,An apple a day keeps the doctor away.,Một quả táo mỗi ngày sẽ khiến bác sĩ tránh xa.,A2
FGBLtAJdMqE_sentence_722.wav,Would you like a glass of apple juice?,Cô có muốn một ly nước táo không?,A1
FGBLtAJdMqE_sentence_727.wav,I bought a very beautiful and cheap dress yesterday.,Hôm qua tôi đã mua một cái áo đẹp và rẻ tiền.,A2
FGBLtAJdMqE_sentence_734.wav,I hear that his father is in another country.,Tôi nghe nói cha anh ta đang ở nước khác.,A2
FGBLtAJdMqE_sentence_746.wav,What style of further,Tiếp theo là gì?,A2
FGBLtAJdMqE_sentence_747.wav,Furniture,Đồ nội thất,A1
FGBLtAJdMqE_sentence_749.wav,Write your name in capital letters.,Viết tên của bạn bằng chữ in hoa.,A2
FGBLtAJdMqE_sentence_763.wav,Ton,Ton,A1
FGBLtAJdMqE_sentence_775.wav,Head.,Đầu.,A1
FGBLtAJdMqE_sentence_781.wav,Please be polite to our guests.,Xin hãy lịch sự với khách của chúng tôi.,A2
FGBLtAJdMqE_sentence_782.wav,She's very kind and polite.,Cô ấy rất tốt bụng và lịch sự.,A1
FGBLtAJdMqE_sentence_810.wav,Does this price include tax?,Giá này có bao gồm thuế không?,A2
FGBLtAJdMqE_sentence_827.wav,Client,Ứng dụng khách,A1
FGBLtAJdMqE_sentence_832.wav,The lawyer has a lot of wealthy clients.,Luật sư có rất nhiều khách hàng giàu có.,A2
FGBLtAJdMqE_sentence_838.wav,Please accept my congratulations.,Xin hãy nhận lời chúc mừng của tôi.,A1
FGBLtAJdMqE_sentence_839.wav,You've passed your driving test. Congratulations.,"Cậu đã vượt qua bài kiểm tra lái xe, chúc mừng cậu.",A1
FGBLtAJdMqE_sentence_855.wav,Tie.,Buộc.,A2
FGBLtAJdMqE_sentence_857.wav,I think this tie will go great with that shirt.,Tôi nghĩ cái cà vạt này hợp với cái áo đó.,A1
FGBLtAJdMqE_sentence_862.wav,Helpful.,Hữu ích.,A2
FGBLtAJdMqE_sentence_871.wav,You'd better go home.,Tốt hơn là anh nên về nhà.,A1
FGBLtAJdMqE_sentence_873.wav,Why don't we go home?,Sao chúng ta không về nhà?,A1
FGBLtAJdMqE_sentence_877.wav,This coat cost$120.,Chiếc áo này giá 120 đô.,A2
FGBLtAJdMqE_sentence_889.wav,What a mess!,Thật là một mớ hỗn độn!,A1
FGBLtAJdMqE_sentence_925.wav,Every,Mỗi,A1
FGBLtAJdMqE_sentence_927.wav,She wakes him up every day at 6.30.,Cô ấy đánh thức anh ta dậy mỗi ngày lúc 6: 30.,A2
FGBLtAJdMqE_sentence_931.wav,Every day I start my work at 8 a.m.,Mỗi ngày tôi bắt đầu làm việc lúc 8 giờ sáng.,A2
FGBLtAJdMqE_sentence_935.wav,Your problem is similar to mine.,Vấn đề của anh cũng giống như của tôi.,A2
FGBLtAJdMqE_sentence_939.wav,Rather,Thay thế,A2
FGBLtAJdMqE_sentence_946.wav,Material,Vật liệu,A2
FGBLtAJdMqE_sentence_954.wav,What did you tell the police?,Anh đã nói gì với cảnh sát?,A1
FGBLtAJdMqE_sentence_955.wav,The police arrested the suspect yesterday.,Cảnh sát đã bắt nghi phạm ngày hôm qua.,A2
FGBLtAJdMqE_sentence_958.wav,Anyway.,Dù sao đi nữa.,A1
FGBLtAJdMqE_sentence_959.wav,"It's too expensive, and anyway, the color doesn't suit you.","Nó quá đắt, và dù sao thì màu sắc cũng không hợp với bạn.",A2
FGBLtAJdMqE_sentence_960.wav,It's too late now anyway.,Dù sao thì cũng quá muộn rồi.,A1
FGBLtAJdMqE_sentence_961.wav,Don't worry about being late. It doesn't matter anyway.,"Đừng lo về việc đến muộn, dù sao cũng không quan trọng.",A1
FGBLtAJdMqE_sentence_972.wav,Magazine,Tạp chí,A1
FGBLtAJdMqE_sentence_998.wav,Clothes.,Quần áo.,A1
FMZvsN1t13I_sentence_007.wav,Shame.,Xấu hổ.,A1
FMZvsN1t13I_sentence_018.wav,I am determined to give up smoking.,Tôi quyết tâm từ bỏ hút thuốc.,A1
FMZvsN1t13I_sentence_020.wav,She's a determined woman.,Cô ấy là một người phụ nữ kiên quyết.,A1
FMZvsN1t13I_sentence_027.wav,The play is based on a real-life event.,Vở kịch dựa trên một sự kiện có thật.,B1
FMZvsN1t13I_sentence_035.wav,Town,Thành phố,A1
FMZvsN1t13I_sentence_042.wav,Higher.,Cao hơn.,A1
FMZvsN1t13I_sentence_070.wav,Aware.,Nhận thức.,A1
FMZvsN1t13I_sentence_087.wav,What's your favorite kind of book?,Loại sách yêu thích của bạn là gì?,A1
FMZvsN1t13I_sentence_089.wav,Beat.,Nhịp.,A1
FMZvsN1t13I_sentence_098.wav,He could not walk any further.,Nó không thể đi xa hơn được nữa.,A1
FMZvsN1t13I_sentence_099.wav,We need to look further into this matter.,Chúng ta cần phải xem xét kỹ hơn vấn đề này.,A2
FMZvsN1t13I_sentence_110.wav,Heat.,Nhiệt độ.,A1
FMZvsN1t13I_sentence_130.wav,Please fasten your seatbelts and prepare for departure.,Vui lòng thắt dây an toàn và chuẩn bị khởi hành.,A2
FMZvsN1t13I_sentence_139.wav,Fever.,Sốt.,A1
FMZvsN1t13I_sentence_141.wav,Do you have a fever?,Anh có bị sốt không?,A1
FMZvsN1t13I_sentence_153.wav,Outline.,Phác thảo.,A2
FMZvsN1t13I_sentence_158.wav,Block.,Khối.,A1
FMZvsN1t13I_sentence_171.wav,You should take the doctor's advice.,Bạn nên nghe theo lời khuyên của bác sĩ.,A1
FMZvsN1t13I_sentence_207.wav,Yet.,Tuy nhiên.,A1
FMZvsN1t13I_sentence_212.wav,I'm not ready yet.,Tôi vẫn chưa sẵn sàng.,A1
FMZvsN1t13I_sentence_217.wav,The complicated problem has been solved.,Vấn đề phức tạp đã được giải quyết.,A2
FMZvsN1t13I_sentence_218.wav,She was a complicated woman.,Bà ấy là một người phức tạp.,A2
FMZvsN1t13I_sentence_221.wav,Person,Người,A1
FMZvsN1t13I_sentence_223.wav,Who is the person in charge here?,Ai là người phụ trách ở đây?,A2
FMZvsN1t13I_sentence_227.wav,He seems like a good person.,Anh ta có vẻ là người tốt.,A1
FMZvsN1t13I_sentence_228.wav,Client.,Khách hàng.,A1
FMZvsN1t13I_sentence_229.wav,How many clients do you have?,Anh có bao nhiêu khách hàng?,A1
FMZvsN1t13I_sentence_235.wav,Approach,Tiếp cận,A2
FMZvsN1t13I_sentence_248.wav,I am deeply in debt now.,Giờ tôi đang nợ ngập đầu.,A2
FMZvsN1t13I_sentence_249.wav,Good.,Tốt.,A1
FMZvsN1t13I_sentence_256.wav,Close.,Gần đúng.,A1
FMZvsN1t13I_sentence_263.wav,Wallet,Ví,A1
FMZvsN1t13I_sentence_268.wav,Where's your wallet?,Ví của anh đâu?,A1
FMZvsN1t13I_sentence_271.wav,I went to the cinema with my family last Sunday.,Tôi đã đi xem phim với gia đình vào Chủ nhật tuần trước.,A1
FMZvsN1t13I_sentence_275.wav,She never goes to the cinema.,Cô ấy không bao giờ đi xem phim.,A1
FMZvsN1t13I_sentence_277.wav,Manager.,Quản lý.,A2
FMZvsN1t13I_sentence_279.wav,I'm the new manager here.,Tôi là quản lý mới ở đây.,A2
FMZvsN1t13I_sentence_281.wav,He's a hotel manager.,Anh ta là quản lý khách sạn.,A1
FMZvsN1t13I_sentence_284.wav,Company.,Công ty.,A2
FMZvsN1t13I_sentence_288.wav,Which company do you work for?,Anh làm việc cho công ty nào?,A2
FMZvsN1t13I_sentence_295.wav,There are only three candidates for the job.,Chỉ có ba ứng cử viên cho công việc này.,A2
FMZvsN1t13I_sentence_298.wav,Delivery.,Giao hàng.,A2
FMZvsN1t13I_sentence_303.wav,Station,Ga,A2
FMZvsN1t13I_sentence_308.wav,"Excuse me, where is the nearest bus station?","Xin lỗi, trạm xe buýt gần nhất ở đâu?",A1
FMZvsN1t13I_sentence_309.wav,She picked me up at the station.,Cô ấy đón tôi ở đồn.,A1
FMZvsN1t13I_sentence_313.wav,Congratulations on your graduation.,Chúc mừng em tốt nghiệp.,A1
FMZvsN1t13I_sentence_317.wav,Shop,Cửa hàng,A1
FMZvsN1t13I_sentence_319.wav,Where is the coffee shop?,Quán cà phê ở đâu?,A1
FMZvsN1t13I_sentence_331.wav,Nurse,Y tá,A1
FMZvsN1t13I_sentence_334.wav,Their daughter is a nurse.,Con gái họ là một y tá.,A2
FMZvsN1t13I_sentence_338.wav,Claim.,Nhận định.,A2
FMZvsN1t13I_sentence_349.wav,I am responsible for this failure.,Tôi chịu trách nhiệm cho sự thất bại này.,A1
FMZvsN1t13I_sentence_350.wav,Don't blame others for your failure.,Đừng đổ lỗi cho người khác vì thất bại của bạn.,A2
FMZvsN1t13I_sentence_351.wav,His project ended in failure.,Dự án của ông kết thúc trong thất bại.,A2
FMZvsN1t13I_sentence_352.wav,Decrease.,Giảm.,A2
FMZvsN1t13I_sentence_359.wav,Discuss.,Thảo luận.,A1
FMZvsN1t13I_sentence_360.wav,Let's discuss the plan.,Hãy bàn kế hoạch đi.,A1
FMZvsN1t13I_sentence_364.wav,We discuss where we should go.,Chúng ta sẽ bàn xem nên đi đâu.,A1
FMZvsN1t13I_sentence_365.wav,I see no reason to discuss it further.,Tôi thấy không có lý do gì để bàn thêm nữa.,A2
FMZvsN1t13I_sentence_378.wav,He was jealous of their happiness.,Ông ghen tị với hạnh phúc của họ.,A1
FMZvsN1t13I_sentence_379.wav,"Happiness is a journey, not a destination.","Hạnh phúc là một hành trình, không phải là một đích đến.",A2
FMZvsN1t13I_sentence_380.wav,Complicate.,Phức tạp.,A2
FMZvsN1t13I_sentence_383.wav,She often complicates everything.,Cô ấy thường làm phức tạp mọi thứ.,A2
FMZvsN1t13I_sentence_385.wav,Suppose,Giả sử,A1
FMZvsN1t13I_sentence_396.wav,The bowl contains many kinds of candy.,Chiếc bát chứa nhiều loại kẹo.,A1
FMZvsN1t13I_sentence_397.wav,Put,Đặt,A1
FMZvsN1t13I_sentence_400.wav,Can I put it here?,Tôi để nó ở đây được không?,A1
FMZvsN1t13I_sentence_401.wav,Don't put it on my desk.,Đừng để nó trên bàn tôi.,A1
FMZvsN1t13I_sentence_404.wav,Cold.,Lạnh.,A1
FMZvsN1t13I_sentence_409.wav,It's getting colder and colder.,Trời càng lúc càng lạnh.,A1
FMZvsN1t13I_sentence_411.wav,Push.,Đẩy.,A1
FMZvsN1t13I_sentence_416.wav,She pushed him out the door.,Cô đẩy anh ra khỏi cửa.,A1
FMZvsN1t13I_sentence_418.wav,Daily.,Hàng ngày.,A2
FMZvsN1t13I_sentence_423.wav,Leg.,Chân.,A1
FMZvsN1t13I_sentence_429.wav,I think my leg is broken.,Tôi nghĩ chân tôi bị gãy rồi.,A1
FMZvsN1t13I_sentence_439.wav,How long have you been living on this island?,Anh sống trên đảo này bao lâu rồi?,A1
FMZvsN1t13I_sentence_465.wav,Deep.,Sâu.,A1
FMZvsN1t13I_sentence_470.wav,Do you know how deep the water is?,Anh có biết nước sâu bao nhiêu không?,A1
FMZvsN1t13I_sentence_479.wav,Research,Nghiên cứu,A1
FMZvsN1t13I_sentence_484.wav,Deal.,Đồng ý.,A1
FMZvsN1t13I_sentence_494.wav,She works at a post office.,Cô ấy làm việc ở bưu điện.,A2
FMZvsN1t13I_sentence_503.wav,White.,Màu trắng.,A1
FMZvsN1t13I_sentence_505.wav,I bought a white shirt yesterday.,Hôm qua tôi mua một cái áo trắng.,A1
FMZvsN1t13I_sentence_507.wav,My favorite colour is white.,Màu yêu thích của tôi là trắng.,A1
FMZvsN1t13I_sentence_509.wav,Is there any taste in the white of an egg?,Có vị gì trong lòng trắng trứng không?,A2
FMZvsN1t13I_sentence_516.wav,He is definitely not a gentleman.,Anh ta chắc chắn không phải là một quý ông.,A2
FMZvsN1t13I_sentence_517.wav,Dream.,Mơ đi.,A1
FMZvsN1t13I_sentence_518.wav,My dream is to travel around the world.,Ước mơ của tôi là đi du lịch vòng quanh thế giới.,A2
FMZvsN1t13I_sentence_519.wav,I'll tell you about a dream I had a few weeks ago.,Tôi sẽ kể cho các bạn nghe về giấc mơ của tôi vài tuần trước.,A2
FiivHZZEXCU_sentence_001.wav,There are so many rules and regulations in this company.,Có rất nhiều luật lệ và quy định trong công ty này.,A2
FiivHZZEXCU_sentence_043.wav,Opposition,Đối lập,A2
FiivHZZEXCU_sentence_052.wav,He is a mysterious person.,Anh ta là một người bí ẩn.,A1
FiivHZZEXCU_sentence_067.wav,I'll monitor your progress.,Tôi sẽ theo dõi tiến độ của anh.,A1
FiivHZZEXCU_sentence_088.wav,Tube.,Ống.,A1
FiivHZZEXCU_sentence_096.wav,Slight.,Hơi nhẹ.,A2
FiivHZZEXCU_sentence_126.wav,Analysis,Phân tích,A2
FiivHZZEXCU_sentence_143.wav,Please choose a more secure password.,Hãy chọn mật khẩu an toàn hơn.,A2
FiivHZZEXCU_sentence_146.wav,Secure.,Bảo mật.,A1
FiivHZZEXCU_sentence_165.wav,Operate.,Vận động.,A1
FiivHZZEXCU_sentence_168.wav,Heal.,Chữa lành.,A1
FiivHZZEXCU_sentence_192.wav,You should follow these regulations.,Bạn nên tuân theo các quy định này.,A1
FiivHZZEXCU_sentence_195.wav,Backwards.,Ngược lại.,A1
FiivHZZEXCU_sentence_201.wav,"I am a slow walker, but I never walk backwards.","Tôi là một người chậm chạp, nhưng tôi không bao giờ đi lùi.",A2
FiivHZZEXCU_sentence_202.wav,Surprisingly.,Ngạc nhiên.,A2
FiivHZZEXCU_sentence_209.wav,"Surprisingly enough, he turned out to be a thief.","Đáng ngạc nhiên, anh ta hóa ra là một tên trộm.",A2
FiivHZZEXCU_sentence_213.wav,Quietly.,Im lặng.,A1
FiivHZZEXCU_sentence_214.wav,She quietly entered the room.,Cô bé lặng lẽ bước vào phòng.,A2
FiivHZZEXCU_sentence_215.wav,"It's time, he said quietly.","Đã đến lúc rồi, lão nói khẽ.",A2
FiivHZZEXCU_sentence_216.wav,Please close the door quietly.,Làm ơn đóng cửa lại cho tôi.,A1
FiivHZZEXCU_sentence_217.wav,Singing,Hát,A1
FiivHZZEXCU_sentence_221.wav,I'm not very good at singing.,Tôi hát không giỏi lắm.,A2
FiivHZZEXCU_sentence_265.wav,Unwilling.,Không muốn.,A2
FiivHZZEXCU_sentence_274.wav,Shake.,Lắc nhẹ.,A1
FiivHZZEXCU_sentence_277.wav,Don't shake the table.,Đừng lắc bàn.,A1
FiivHZZEXCU_sentence_293.wav,Partnership.,Công ty hợp danh.,A2
FiivHZZEXCU_sentence_298.wav,Stretch.,Giãn cơ.,A1
FiivHZZEXCU_sentence_312.wav,This data isn't accurate at all.,Dữ liệu này không chính xác chút nào.,A2
FiivHZZEXCU_sentence_361.wav,Stiff.,Cứng đơ.,A1
FiivHZZEXCU_sentence_386.wav,We should act morally.,Chúng ta nên hành động có đạo đức.,A1
FiivHZZEXCU_sentence_387.wav,His behavior is morally unacceptable.,Hành vi của anh ta không thể chấp nhận được về mặt đạo đức.,A2
FiivHZZEXCU_sentence_388.wav,Morally,Đạo đức,A2
FiivHZZEXCU_sentence_464.wav,I wonder what the advantage of this technique is.,Tôi tự hỏi lợi thế của kỹ thuật này là gì.,A2
FiivHZZEXCU_sentence_496.wav,I started stepping backwards in the direction of the doors.,Tôi bắt đầu bước lùi về phía cánh cửa.,A2
FiivHZZEXCU_sentence_497.wav,"Look forward with hope, not backwards with regret.","Nhìn về phía trước với hy vọng, không nhìn lại với sự hối tiếc.",B1
FiivHZZEXCU_sentence_509.wav,Mysterious,Bí ẩn,A1
FiivHZZEXCU_sentence_516.wav,There is a connection between smoking and lung cancer.,Hút thuốc lá có liên quan đến ung thư phổi.,A2
FiivHZZEXCU_sentence_524.wav,I have connections in the government.,Tôi có quan hệ với chính phủ.,A1
FiivHZZEXCU_sentence_541.wav,"It doesn't matter whether it rains or shines, we'll be here.","Dù trời mưa hay nắng, chúng tôi cũng sẽ ở đây.",A2
FiivHZZEXCU_sentence_542.wav,The sun is shining brightly.,Mặt trời đang chiếu sáng rực rỡ.,A1
FiivHZZEXCU_sentence_638.wav,You need to stretch before exercising.,Bạn cần giãn cơ trước khi tập thể dục.,A1
FiivHZZEXCU_sentence_647.wav,Skirt.,Váy.,A1
FiivHZZEXCU_sentence_650.wav,Where did you buy that skirt?,Cô mua cái váy đó ở đâu?,A1
FiivHZZEXCU_sentence_651.wav,Dislike.,Không thích.,A1
FiivHZZEXCU_sentence_656.wav,We dislike violence.,Chúng ta không thích bạo lực.,A1
FiivHZZEXCU_sentence_659.wav,Tropical.,Nhiệt đới.,A2
FiivHZZEXCU_sentence_662.wav,Tropical,Nhiệt đới,A1
FiivHZZEXCU_sentence_671.wav,It rains continuously.,Trời mưa liên tục.,A2
FiivHZZEXCU_sentence_675.wav,Tank.,Tank.,A1
FiivHZZEXCU_sentence_676.wav,This tank has a capacity of thirty liters.,Chiếc xe tăng này có dung tích 30 lít.,A2
FiivHZZEXCU_sentence_680.wav,Grandmother,Bà,A1
FiivHZZEXCU_sentence_681.wav,My grandmother is still very active at 85.,Bà tôi vẫn còn rất năng động ở tuổi 85.,A2
FiivHZZEXCU_sentence_684.wav,His grandmother looks healthy.,Bà của anh ta trông khoẻ mạnh.,A1
FiivHZZEXCU_sentence_689.wav,Undo,Hủy bước,A1
FiivHZZEXCU_sentence_707.wav,Toy.,Đồ chơi.,A1
FiivHZZEXCU_sentence_710.wav,I live next door to the toy shop.,Tôi sống cạnh cửa hàng đồ chơi.,A1
FiivHZZEXCU_sentence_711.wav,She staff.,Cô nhân viên.,A1
FiivHZZEXCU_sentence_713.wav,I will discuss it with my staff.,Tôi sẽ bàn bạc với nhân viên của tôi.,A1
FiivHZZEXCU_sentence_714.wav,All of our staff is eager to help you in any way we can.,Tất cả nhân viên của chúng tôi đều sẵn sàng giúp đỡ anh bằng mọi cách có thể.,A2
FiivHZZEXCU_sentence_715.wav,The company employs 20 full-time staff.,Công ty có 20 nhân viên toàn thời gian.,A2
FiivHZZEXCU_sentence_718.wav,Summary,Tóm tắt,A2
FiivHZZEXCU_sentence_725.wav,"In summary, this was a disappointing performance.","Tóm lại, đây là một màn trình diễn đáng thất vọng.",A2
FiivHZZEXCU_sentence_728.wav,It is harmless for the environment.,Nó vô hại cho môi trường.,A2
FiivHZZEXCU_sentence_729.wav,Harmless.,Vô hại.,A2
FiivHZZEXCU_sentence_732.wav,He is completely harmless.,Hắn hoàn toàn vô hại.,A1
FiivHZZEXCU_sentence_734.wav,Shocked.,Bị sốc.,A1
FiivHZZEXCU_sentence_738.wav,I was shocked to see this.,Tôi đã sốc khi thấy điều này.,A1
FiivHZZEXCU_sentence_749.wav,Surround.,Xung quanh.,A1
FiivHZZEXCU_sentence_750.wav,The lake is surrounded by mountains.,Hồ được bao quanh bởi những ngọn núi.,A2
FiivHZZEXCU_sentence_766.wav,I don't like spicy food.,Tôi không thích đồ ăn cay.,A2
FiivHZZEXCU_sentence_768.wav,Korean food is very spicy.,Đồ ăn Hàn Quốc rất cay.,A2
FiivHZZEXCU_sentence_769.wav,I engineering.,Tôi là kỹ sư.,A2
FiivHZZEXCU_sentence_773.wav,Engineering.,Kỹ thuật.,A2
FiivHZZEXCU_sentence_803.wav,I went into partnership with him.,Tôi đã hợp tác với anh ta.,A2
FiivHZZEXCU_sentence_831.wav,I want to shake your hand.,Tôi muốn bắt tay cô.,A1
FiivHZZEXCU_sentence_835.wav,I'm starting to dislike her.,Tôi bắt đầu ghét cô ta rồi.,A1
FiivHZZEXCU_sentence_852.wav,My watch is not very accurate.,Đồng hồ của tôi không chính xác lắm.,A2
FiivHZZEXCU_sentence_888.wav,He glanced at her with no sign of recognition.,Anh nhìn cô không có dấu hiệu nhận ra.,B1
FiivHZZEXCU_sentence_889.wav,Recognition,Sự công nhận,A1
FiivHZZEXCU_sentence_896.wav,He drew s monitor.,Hắn đã vẽ màn hình.,A1
GUMaa1S8TAw_sentence_046.wav,Soap.,Xà phòng.,A1
GUMaa1S8TAw_sentence_047.wav,Wash your hands with soap and water.,Rửa tay bằng xà phòng và nước.,A1
GUMaa1S8TAw_sentence_048.wav,Give me a bar of soap.,Đưa tôi một cục xà - bông.,A1
GUMaa1S8TAw_sentence_056.wav,Soap bubbles are beautiful but very fragile.,Bong bóng xà phòng rất đẹp nhưng rất dễ vỡ.,A2
GUMaa1S8TAw_sentence_059.wav,It's no use trying to convince him.,Cố thuyết phục anh ta cũng vô ích thôi.,A2
GUMaa1S8TAw_sentence_060.wav,I was convinced by his explanation.,Tôi bị thuyết phục bởi lời giải thích của ông ấy.,A2
GUMaa1S8TAw_sentence_079.wav,Term,Thời hạn,A1
GUMaa1S8TAw_sentence_094.wav,We meet on a monthly basis.,Chúng tôi gặp nhau hàng tháng.,A2
GUMaa1S8TAw_sentence_096.wav,My clients are treated on an equal basis.,Thân chủ của tôi được đối xử bình đẳng.,A2
GUMaa1S8TAw_sentence_117.wav,"It was a long, tiring day.",Đó là một ngày dài mệt mỏi.,A2
GUMaa1S8TAw_sentence_136.wav,Your room is very untidy.,Phòng của anh rất bừa bộn.,A2
GUMaa1S8TAw_sentence_150.wav,Distance.,Khoảng cách.,A1
GUMaa1S8TAw_sentence_158.wav,Recover.,Khôi phục.,A1
GUMaa1S8TAw_sentence_161.wav,Will he recover soon?,Anh ấy sẽ sớm hồi phục chứ?,A1
GUMaa1S8TAw_sentence_212.wav,The police investigated the accident thoroughly.,Cảnh sát đã điều tra vụ tai nạn một cách kỹ lưỡng.,A2
GUMaa1S8TAw_sentence_282.wav,President Obama won a second term.,Tổng thống Obama đã thắng cử nhiệm kỳ thứ hai.,A2
GUMaa1S8TAw_sentence_302.wav,Wooden,Gỗ,A2
GUMaa1S8TAw_sentence_303.wav,How much is that wooden chair?,Cái ghế gỗ đó giá bao nhiêu?,A1
GUMaa1S8TAw_sentence_309.wav,She has a wooden comb.,Cô ấy có một cái lược gỗ.,A1
GUMaa1S8TAw_sentence_310.wav,Fault.,Lỗi.,A1
GUMaa1S8TAw_sentence_316.wav,I like him despite all his faults.,Tôi thích anh ta bất chấp mọi lỗi lầm của anh ta.,A1
GUMaa1S8TAw_sentence_317.wav,Do you think it's my fault?,Anh nghĩ đó là lỗi của tôi sao?,A1
GUMaa1S8TAw_sentence_318.wav,Enjoyable.,Thú vị nhỉ.,A1
GUMaa1S8TAw_sentence_323.wav,Learning a foreign language is truly enjoyable.,Học ngoại ngữ thực sự rất thú vị.,A1
GUMaa1S8TAw_sentence_330.wav,She has a small waist.,Cô ấy có vòng eo nhỏ.,A2
GUMaa1S8TAw_sentence_335.wav,What is your waist size?,Eo của bạn là bao nhiêu?,A1
GUMaa1S8TAw_sentence_336.wav,He put his arm around her waist.,Anh vòng tay quanh eo cô.,A2
GUMaa1S8TAw_sentence_342.wav,What's all the excitement about?,Có gì mà phải phấn khích thế?,A1
GUMaa1S8TAw_sentence_348.wav,This game lacks excitement.,Trò chơi này thiếu sự phấn khích.,A2
GUMaa1S8TAw_sentence_365.wav,She is now working at a drugstore.,Cô ấy hiện đang làm việc tại một hiệu thuốc.,A2
GUMaa1S8TAw_sentence_372.wav,Charity.,Từ thiện.,A1
GUMaa1S8TAw_sentence_410.wav,Toilet.,Toilet.,A1
GUMaa1S8TAw_sentence_412.wav,"Excuse me, where's the toilet?","Xin lỗi, toilet ở đâu?",A1
GUMaa1S8TAw_sentence_430.wav,Ally.,Ally.,A1
GUMaa1S8TAw_sentence_432.wav,He is a close ally of the Prime Minister.,Ông là một đồng minh thân cận của Thủ tướng.,A2
GUMaa1S8TAw_sentence_433.wav,Ally,Ally,A1
GUMaa1S8TAw_sentence_449.wav,Sting.,Sting.,A2
GUMaa1S8TAw_sentence_453.wav,I got stung by a bee.,Tôi bị ong đốt.,A1
GUMaa1S8TAw_sentence_468.wav,dissolve.,hòa tan.,A1
GUMaa1S8TAw_sentence_503.wav,Nephew,Cháu,A1
GUMaa1S8TAw_sentence_507.wav,I have two nephews.,Tôi có hai cháu trai.,A1
GUMaa1S8TAw_sentence_508.wav,He is my nephew.,Nó là cháu trai tôi.,A1
GUMaa1S8TAw_sentence_511.wav,Discussed.,Thảo luận.,A2
GUMaa1S8TAw_sentence_513.wav,The dirty plates in the restaurant disgusted us.,Đĩa bẩn trong nhà hàng làm chúng tôi ghê tởm.,A2
GUMaa1S8TAw_sentence_524.wav,Why do you give everything to charity?,Sao anh lại làm từ thiện hết vậy?,A1
GUMaa1S8TAw_sentence_529.wav,Do you have any questions or comments?,Bạn có câu hỏi hay bình luận gì không?,A1
GUMaa1S8TAw_sentence_534.wav,I look forward to your comments on the report.,Tôi mong chờ nhận xét của các bạn về bản báo cáo.,A2
GUMaa1S8TAw_sentence_549.wav,Engine,Máy,A1
GUMaa1S8TAw_sentence_557.wav,There's a problem with the engine.,Có vấn đề với động cơ.,A1
GUMaa1S8TAw_sentence_559.wav,The engine is running smoothly now.,Bây giờ động cơ đang chạy trơn tru.,A2
GUMaa1S8TAw_sentence_560.wav,Cable.,Cáp.,A2
GUMaa1S8TAw_sentence_587.wav,What's your favorite TV series?,Phim truyền hình yêu thích của bạn là gì?,A1
GUMaa1S8TAw_sentence_593.wav,Educate.,Giáo dục.,A1
GUMaa1S8TAw_sentence_594.wav,She was educated by her grandfather.,Bà được giáo dục bởi ông nội.,A2
GUMaa1S8TAw_sentence_596.wav,He was born in England but was educated in America.,Ông sinh ra ở Anh nhưng được giáo dục ở Mỹ.,B1
GUMaa1S8TAw_sentence_622.wav,Fund.,Quỹ.,A2
GUMaa1S8TAw_sentence_632.wav,It's unreasonable to expect him to work every weekend.,Thật vô lý khi mong đợi anh ta làm việc mỗi cuối tuần.,A2
GUMaa1S8TAw_sentence_636.wav,You a dish.,Bạn một món ăn.,A1
GUMaa1S8TAw_sentence_638.wav,He broke the dish.,Hắn làm bể cái đĩa.,A1
GUMaa1S8TAw_sentence_639.wav,Can you help me wash these dishes?,Anh giúp tôi rửa chén được không?,A1
GUMaa1S8TAw_sentence_640.wav,Don't touch that dish. It's very hot.,"Đừng đụng vào cái đĩa đó, nó rất nóng.",A1
GUMaa1S8TAw_sentence_651.wav,Establish,Thiết lập,A1
GUMaa1S8TAw_sentence_676.wav,We can see the island in the distance.,Chúng ta có thể thấy hòn đảo ở xa.,A2
GUMaa1S8TAw_sentence_677.wav,Have you ever been in a long-distance relationship?,Bạn đã bao giờ có mối quan hệ đường dài chưa?,A2
GUMaa1S8TAw_sentence_706.wav,May I use your toilet?,Tôi dùng nhà vệ sinh được không?,A1
GUMaa1S8TAw_sentence_710.wav,Don't forget to flush the toilet.,Đừng quên dội nước bồn cầu.,A1
GUMaa1S8TAw_sentence_711.wav,Unlucky.,Không may mắn.,A2
GUMaa1S8TAw_sentence_712.wav,Do you believe thirteen is an unlucky number?,Anh có tin mười ba là một con số không may mắn không?,A2
GUMaa1S8TAw_sentence_715.wav,He's been unlucky in love.,Anh ta không may mắn trong tình yêu.,A2
GUMaa1S8TAw_sentence_724.wav,Classroom.,Phòng học.,A1
GUMaa1S8TAw_sentence_729.wav,When did she leave the classroom?,Cô ấy rời khỏi lớp học khi nào?,A1
GUMaa1S8TAw_sentence_730.wav,The classroom was crash.,Lớp học bị phá huỷ.,A1
GUMaa1S8TAw_sentence_738.wav,My computer crashed and I lost everything.,Máy tính của tôi bị hỏng và tôi mất tất cả mọi thứ.,A2
GUMaa1S8TAw_sentence_778.wav,Do these insects sting?,Những côn trùng này có chích không?,A1
GUMaa1S8TAw_sentence_780.wav,We must defend our freedom at all cost.,Chúng ta phải bảo vệ tự do của mình bằng mọi giá.,A2
GUMaa1S8TAw_sentence_797.wav,I have completely recovered.,Tôi đã hoàn toàn bình phục.,A1
GUMaa1S8TAw_sentence_799.wav,I hope so.,Tôi hy vọng như vậy.,A1
GUMaa1S8TAw_sentence_800.wav,He's still recovering from his operation.,Anh ấy vẫn đang hồi phục sau phẫu thuật.,A2
GUMaa1S8TAw_sentence_838.wav,I don't think you fully understand the consequences.,Tôi không nghĩ là anh hiểu hết hậu quả.,A2
GUMaa1S8TAw_sentence_839.wav,He takes the consequence of not studying hard.,Anh ấy nhận hậu quả của việc không học tập chăm chỉ.,A2
GUMaa1S8TAw_sentence_847.wav,Roll,Cuộn,A1
GUMaa1S8TAw_sentence_849.wav,Roll the ball to me.,Thảy banh cho tôi.,A1
GUMaa1S8TAw_sentence_850.wav,The ball rolled down the hill.,Trái bóng lăn xuống đồi.,A2
GUMaa1S8TAw_sentence_851.wav,Roll.,Lăn người.,A1
GUMaa1S8TAw_sentence_854.wav,Let's get the ball rolling.,Bắt đầu đi nào.,A1
GUMaa1S8TAw_sentence_865.wav,Outstanding.,Xuất sắc.,A1
GUMaa1S8TAw_sentence_874.wav,Who gave you this document?,Ai đưa cho anh tài liệu này?,A2
GUMaa1S8TAw_sentence_892.wav,They treated her unfairly.,Họ đối xử không công bằng với cô ấy.,A2
GUMaa1S8TAw_sentence_897.wav,Tackle,Chấm dứt,A1
GUMaa1S8TAw_sentence_910.wav,He was dismissed without notice.,Ông ta bị sa thải mà không báo trước.,A2
GUMaa1S8TAw_sentence_923.wav,Drum.,Trống.,A1
GUMaa1S8TAw_sentence_933.wav,There is a big drum in my school.,Có một cái trống lớn trong trường tôi.,A1
GUMaa1S8TAw_sentence_943.wav,She commonly arrives home late after work.,Cô thường về nhà muộn sau giờ làm.,A2
GUksrGBeln0_sentence_021.wav,He drives a hard bargain.,Hắn đã mặc cả rất nhiều.,A2
GUksrGBeln0_sentence_053.wav,A new tax was imposed on cigarettes.,Một loại thuế mới được áp dụng cho thuốc lá.,A2
GUksrGBeln0_sentence_057.wav,All of my relatives are living in this city.,Tất cả họ hàng của tôi đều sống ở thành phố này.,A2
GUksrGBeln0_sentence_125.wav,The shop promised to keep the goods for me if I paid a deposit.,Cửa hàng hứa sẽ giữ hàng cho tôi nếu tôi đặt cọc.,A2
GUksrGBeln0_sentence_148.wav,We failed to reach this month's sales targets.,Chúng tôi đã không đạt được mục tiêu doanh số trong tháng này.,B1
GUksrGBeln0_sentence_149.wav,Their target market is teenagers.,Thị trường mục tiêu của họ là thanh thiếu niên.,A2
GUksrGBeln0_sentence_151.wav,This is our primary target.,Đây là mục tiêu chính của chúng ta.,A2
GUksrGBeln0_sentence_157.wav,Minister.,Bộ trưởng.,A1
GUksrGBeln0_sentence_162.wav,He had an interview with the Prime Minister.,Ông ấy đã phỏng vấn Thủ tướng.,A2
GUksrGBeln0_sentence_186.wav,He permitted them to walk in the garden.,Ông cho phép họ đi dạo trong vườn.,A2
GUksrGBeln0_sentence_203.wav,Trading,Giao dịch,A2
GUksrGBeln0_sentence_206.wav,I work for a trading company in Ho Chi Minh City.,Tôi làm việc cho một công ty thương mại ở thành phố Hồ Chí Minh.,A2
GUksrGBeln0_sentence_210.wav,He spoke with a regional accent.,Hắn nói giọng địa phương.,A2
GUksrGBeln0_sentence_218.wav,"In addition to English, I can speak basic Japanese.","Ngoài tiếng Anh, tôi có thể nói tiếng Nhật cơ bản.",A2
GUksrGBeln0_sentence_222.wav,"In addition to being a doctor, he is a writer.","Ngoài việc là một bác sĩ, ông còn là một nhà văn.",A2
GUksrGBeln0_sentence_224.wav,Elsewhere.,Ở nơi khác.,A2
GUksrGBeln0_sentence_228.wav,"Our favorite restaurant was full, so we had to go elsewhere.","Nhà hàng yêu thích của chúng tôi đã hết chỗ, nên chúng tôi phải đi chỗ khác.",A2
GUksrGBeln0_sentence_254.wav,Abandon.,Bỏ rơi.,A2
GUksrGBeln0_sentence_275.wav,There's nothing suspicious about that.,Không có gì đáng nghi về điều đó.,A1
GUksrGBeln0_sentence_304.wav,I didn't mean to frighten you.,Tôi không có ý làm anh sợ.,A2
GUksrGBeln0_sentence_322.wav,The house was strangely quiet.,Ngôi nhà yên tĩnh một cách kỳ lạ.,A2
GUksrGBeln0_sentence_325.wav,She's been behaving very strangely lately.,Gần đây cô ấy cư xử rất lạ.,A2
GUksrGBeln0_sentence_334.wav,They say love is blind.,Người ta nói tình yêu là mù quáng.,A2
GUksrGBeln0_sentence_338.wav,What is the punishment for murder?,Hình phạt cho tội giết người là gì?,A2
GUksrGBeln0_sentence_339.wav,He deserves the punishment.,Hắn đáng bị trừng phạt.,A1
GUksrGBeln0_sentence_340.wav,Punishment.,Trừng phạt.,A1
GUksrGBeln0_sentence_347.wav,You could get arrested for doing that.,Anh có thể bị bắt vì làm thế.,A1
GUksrGBeln0_sentence_349.wav,Arrest.,Bắt giữ.,A1
GUksrGBeln0_sentence_352.wav,The thief was arrested and put in jail.,Tên trộm đã bị bắt và tống vào tù.,A2
GUksrGBeln0_sentence_367.wav,She declined to say more about it.,Cô từ chối nói thêm về nó.,A2
GUksrGBeln0_sentence_396.wav,Someone robbed the bank last night.,Có kẻ đã cướp ngân hàng tối qua.,A1
GUksrGBeln0_sentence_397.wav,Rob.,Rob.,A1
GUksrGBeln0_sentence_423.wav,Is your salary adequate to support your family?,Lương của bạn có đủ để nuôi sống gia đình?,A2
GUksrGBeln0_sentence_440.wav,What's the secret ingredient?,Thành phần bí mật là gì?,A1
GUksrGBeln0_sentence_452.wav,Curtain,Cuộn,A1
GUksrGBeln0_sentence_454.wav,She pulled the curtain aside.,Cô kéo tấm rèm sang một bên.,A2
GUksrGBeln0_sentence_456.wav,Let's shoot.,Bắn đi.,A1
GUksrGBeln0_sentence_457.wav,"Don't shoot, I surrender.","Đừng bắn, tôi đầu hàng.",A1
GUksrGBeln0_sentence_458.wav,"Don't move, or I'll shoot.","Đừng cử động, nếu không tôi sẽ bắn.",A2
GUksrGBeln0_sentence_459.wav,I'm not going to shoot you.,Tôi sẽ không bắn anh đâu.,A1
GUksrGBeln0_sentence_463.wav,I love his chin. It looks attractive.,Tôi thích cái cằm của anh ta.,A1
GUksrGBeln0_sentence_464.wav,Draft.,Nháp.,A1
GUksrGBeln0_sentence_465.wav,He is busy with the final draft.,Anh ấy đang bận rộn với bản thảo cuối cùng.,A2
GUksrGBeln0_sentence_466.wav,I am writing a draft of the speech.,Tôi đang viết một bản nháp của bài phát biểu.,A1
GUksrGBeln0_sentence_475.wav,Curly,Curly,A2
GUksrGBeln0_sentence_476.wav,She's got curly hair.,Cô ấy có mái tóc xoăn.,A1
GUksrGBeln0_sentence_480.wav,My hair is just naturally thick and curly.,Tóc tôi chỉ dày và xoăn tự nhiên.,A2
GUksrGBeln0_sentence_483.wav,Murder.,Giết người.,A1
GUksrGBeln0_sentence_488.wav,I'm investigating a murder.,Tôi đang điều tra một vụ giết người.,A1
GUksrGBeln0_sentence_490.wav,Who was murdered?,Ai bị giết?,A1
GUksrGBeln0_sentence_494.wav,Butter.,Bơ.,A1
GUksrGBeln0_sentence_498.wav,He likes bread and butter. Is there any butter in the refrigerator?,"Anh ấy thích bánh mì và bơ, trong tủ lạnh có bơ không?",A2
GUksrGBeln0_sentence_499.wav,Sweater.,Áo len.,A1
GUksrGBeln0_sentence_500.wav,She bought me a new sweater today.,Hôm nay cô ấy mua cho tớ một cái áo len mới.,A1
GUksrGBeln0_sentence_501.wav,This sweater is mine.,Cái áo len này là của tôi.,A1
GUksrGBeln0_sentence_502.wav,I'm looking for a sweater.,Tôi đang tìm một cái áo len.,A1
GUksrGBeln0_sentence_503.wav,Sh attorney.,Sh luật sư.,A2
GUksrGBeln0_sentence_505.wav,He trusted his defense attorney.,Anh ta tin tưởng luật sư bào chữa của mình.,A2
GUksrGBeln0_sentence_511.wav,Evil,Xấu xa,A1
GUksrGBeln0_sentence_514.wav,Evil.,Xấu xa.,A1
GUksrGBeln0_sentence_517.wav,He is an evil man.,Hắn là một kẻ xấu xa.,A1
GUksrGBeln0_sentence_521.wav,He was badly injured in a traffic accident.,Anh ta bị thương nặng trong một tai nạn giao thông.,A2
GUksrGBeln0_sentence_530.wav,Apparent,Rõ ràng,A2
GUksrGBeln0_sentence_538.wav,Chemical,Hoá chất,A2
GUksrGBeln0_sentence_539.wav,This is the chemical composition of the atmosphere.,Đây là thành phần hoá học của khí quyển.,A2
GUksrGBeln0_sentence_541.wav,It contained harmful chemicals.,Nó chứa các hoá chất độc hại.,A2
GUksrGBeln0_sentence_542.wav,Threatening.,Đe dọa.,A2
GUksrGBeln0_sentence_543.wav,He sent me a threatening letter.,Hắn gửi cho tôi một bức thư đe doạ.,A2
GUksrGBeln0_sentence_556.wav,I think I need to dig into the problem a bit more.,Tôi nghĩ tôi cần đào sâu vấn đề hơn một chút.,A2
GUksrGBeln0_sentence_557.wav,The dog is digging a hole.,Con chó đang đào một cái hố.,A1
GUksrGBeln0_sentence_573.wav,"You paid$2,000 to fix that old car? You got robbed.",Anh trả 2000 đô để sửa cái xe cũ đó à?,A2
GUksrGBeln0_sentence_577.wav,Plastic.,Nhựa.,A2
GUksrGBeln0_sentence_578.wav,This toy is made of plastic.,Đồ chơi này được làm bằng nhựa.,A1
GUksrGBeln0_sentence_580.wav,College.,Đại học.,A1
GUksrGBeln0_sentence_591.wav,Purple.,Màu tím.,A1
GUksrGBeln0_sentence_592.wav,I like that purple shirt.,Tôi thích cái áo tím đó.,A1
GUksrGBeln0_sentence_593.wav,His socks are purple.,Tất của hắn tím.,A2
GUksrGBeln0_sentence_594.wav,Criticism.,Phê bình.,A2
GUksrGBeln0_sentence_606.wav,He is in good physical condition.,Anh ấy đang trong tình trạng thể chất tốt.,A2
GUksrGBeln0_sentence_608.wav,Physical,Vật lý,A2
GUksrGBeln0_sentence_612.wav,Mental health is as important as physical health.,Sức khoẻ tâm thần cũng quan trọng như sức khoẻ thể chất.,A2
GUksrGBeln0_sentence_613.wav,Publication,Xuất bản,A2
GUksrGBeln0_sentence_617.wav,The book is now ready for publication.,Cuốn sách đã sẵn sàng để xuất bản.,A2
GUksrGBeln0_sentence_621.wav,Rudely.,Thô lỗ.,A1
GUksrGBeln0_sentence_624.wav,Rudely,Thô lỗ,A1
GUksrGBeln0_sentence_625.wav,What do you want? she asked rudely.,""" anh muốn gì? "" con bé hỏi một cách thô lỗ.",A2
GUksrGBeln0_sentence_629.wav,Dance.,Nhảy.,A1
GUksrGBeln0_sentence_631.wav,Would you like to dance with me?,Em có muốn nhảy với anh không?,A1
GUksrGBeln0_sentence_632.wav,Who taught you how to dance?,Ai dạy anh nhảy vậy?,A2
GUksrGBeln0_sentence_633.wav,Sheep.,Cừu.,A1
GUksrGBeln0_sentence_645.wav,The glasses are small in comparison with the old ones.,Kính nhỏ so với kính cũ.,A2
GUksrGBeln0_sentence_649.wav,Generation,Thế hệ,A2
GUksrGBeln0_sentence_662.wav,"Essentially, they are amateurs.","Về cơ bản, họ là những người nghiệp dư.",A2
GUksrGBeln0_sentence_670.wav,"Strangely,","Kỳ lạ thay,",A2
GUksrGBeln0_sentence_673.wav,"Strangely enough, I don't feel nervous at all.","Thật kỳ lạ, tôi không cảm thấy lo lắng chút nào.",A2
GUksrGBeln0_sentence_674.wav,Strangely.,Kỳ lạ.,A2
GUksrGBeln0_sentence_686.wav,Science can be used for good or evil purposes.,Khoa học có thể được sử dụng cho mục đích tốt hoặc xấu.,A2
GUksrGBeln0_sentence_708.wav,I have relatives in Japan.,Tôi có họ hàng ở Nhật.,A1
GUksrGBeln0_sentence_711.wav,Investigation,Điều tra,A1
GUksrGBeln0_sentence_729.wav,She's at the peak of her career.,Cô ấy đang ở đỉnh cao sự nghiệp.,A2
GUksrGBeln0_sentence_745.wav,What was your major in college?,Chuyên ngành của anh ở đại học là gì?,A1
GUksrGBeln0_sentence_760.wav,You should consult a doctor if the symptoms get worse.,Bạn nên đi khám bệnh nếu các triệu chứng trở nặng.,A2
GUksrGBeln0_sentence_805.wav,I drafted a letter of resignation.,Tôi đã soạn một lá đơn từ chức.,A1
GUksrGBeln0_sentence_816.wav,How many sheep are there in the field altogether?,Có bao nhiêu con cừu trên cánh đồng?,A2
GUksrGBeln0_sentence_831.wav,Neighborhood.,Khu phố.,A1
GUksrGBeln0_sentence_838.wav,"You shouldn't have done that, he said in a threatening tone.","Đáng lẽ mày không nên làm như vậy, nó nói bằng giọng đe dọa.",A2
GUksrGBeln0_sentence_854.wav,This plastic chair is very cheap.,Cái ghế nhựa này rất rẻ.,A1
GUksrGBeln0_sentence_856.wav,Your screams frightened me.,Tiếng kêu của anh làm tôi sợ.,A2
GUksrGBeln0_sentence_868.wav,He rudely interrupted me.,Anh ta thô bạo ngắt lời tôi.,A2
GUksrGBeln0_sentence_885.wav,You shouldn't impose your opinion on others.,Bạn không nên áp đặt ý kiến của mình lên người khác.,A2
GUksrGBeln0_sentence_920.wav,He asked me an awkward question.,Anh ta hỏi tôi một câu hỏi khó.,A2
GUksrGBeln0_sentence_922.wav,Lightly.,Nhẹ.,A1
GUksrGBeln0_sentence_923.wav,He kissed her lightly on the cheek.,Anh hôn nhẹ lên má nàng.,A2
GUksrGBeln0_sentence_940.wav,I will punish him severely.,Ta sẽ trừng phạt hắn nghiêm khắc.,A1
GUksrGBeln0_sentence_950.wav,She is essentially generous.,Cô ấy rất rộng lượng.,A2
GUksrGBeln0_sentence_969.wav,His disappointment was apparent to everyone.,Sự thất vọng của ông rõ ràng với tất cả mọi người.,A2
GUksrGBeln0_sentence_976.wav,It's quite apparent that you don't want to do it.,Rõ ràng là bạn không muốn làm điều đó.,A2
H8V-qX2PKdA_sentence_010.wav,He is deeply in debt now.,Giờ anh ta nợ ngập đầu.,A2
H8V-qX2PKdA_sentence_012.wav,Beach,Bãi biểnName,A1
H8V-qX2PKdA_sentence_037.wav,I'm sorry for shouting at you.,Tôi xin lỗi vì đã la hét với anh.,A1
H8V-qX2PKdA_sentence_042.wav,Practical.,Thực hành.,A2
H8V-qX2PKdA_sentence_052.wav,She gave me some practical advice.,Cô ấy cho tôi vài lời khuyên thiết thực.,A1
H8V-qX2PKdA_sentence_087.wav,Appreciate,Trân trọng,A1
H8V-qX2PKdA_sentence_1012.wav,It's 10 o'clock sharp.,Đúng 10 giờ rồi.,A1
H8V-qX2PKdA_sentence_1021.wav,Official,Chính thức,A2
H8V-qX2PKdA_sentence_1026.wav,This news is official.,Tin này là chính thức.,A1
H8V-qX2PKdA_sentence_107.wav,Can you guarantee that?,Anh có thể đảm bảo điều đó không?,A1
H8V-qX2PKdA_sentence_115.wav,I guarantee that he will come back safe and sound.,Tôi đảm bảo rằng anh ấy sẽ trở về an toàn và khỏe mạnh.,A2
H8V-qX2PKdA_sentence_150.wav,capital.,vốn.,A2
H8V-qX2PKdA_sentence_157.wav,Blue.,Xanh nước biển.,A1
H8V-qX2PKdA_sentence_168.wav,Modern,Hiện đại,A2
H8V-qX2PKdA_sentence_180.wav,Step,Bước,A1
H8V-qX2PKdA_sentence_185.wav,We heard steps outside.,Chúng tôi nghe tiếng bước chân bên ngoài.,A1
H8V-qX2PKdA_sentence_195.wav,Why were you absent yesterday?,Sao hôm qua anh vắng mặt?,A1
H8V-qX2PKdA_sentence_225.wav,Here.,Đây.,A1
H8V-qX2PKdA_sentence_236.wav,Subject.,Chủ thể.,A2
H8V-qX2PKdA_sentence_251.wav,Milk.,Sữa.,A1
H8V-qX2PKdA_sentence_260.wav,Wages are paid weekly.,Tiền lương được trả hàng tuần.,A2
H8V-qX2PKdA_sentence_266.wav,Generally,Nói chung,A1
H8V-qX2PKdA_sentence_270.wav,"Generally speaking, women live longer than men.","Nói chung, phụ nữ sống thọ hơn nam giới.",A2
H8V-qX2PKdA_sentence_272.wav,Korean food is generally very spicy.,Đồ ăn Hàn Quốc thường rất cay.,A2
H8V-qX2PKdA_sentence_273.wav,Worried.,Lo lắng.,A1
H8V-qX2PKdA_sentence_274.wav,She is worried about her weight.,Cô ấy lo lắng về cân nặng của mình.,A1
H8V-qX2PKdA_sentence_275.wav,We're all very worried about you.,Chúng tôi rất lo cho anh.,A2
H8V-qX2PKdA_sentence_276.wav,I'm very worried about your health.,Tôi rất lo cho sức khoẻ của anh.,A1
H8V-qX2PKdA_sentence_280.wav,Hungry.,Đói.,A1
H8V-qX2PKdA_sentence_283.wav,They are hungry to learn more.,Chúng khao khát học hỏi thêm.,A1
H8V-qX2PKdA_sentence_284.wav,Charge.,Xông lên!,A1
H8V-qX2PKdA_sentence_285.wav,It's free of charge.,Nó miễn phí.,A1
H8V-qX2PKdA_sentence_298.wav,I need to improve my English vocabulary.,Tôi cần cải thiện vốn từ vựng tiếng Anh.,A2
H8V-qX2PKdA_sentence_299.wav,Your vocabulary is very good.,Vốn từ của anh rất tốt.,A2
H8V-qX2PKdA_sentence_337.wav,Intend,Intent,A2
H8V-qX2PKdA_sentence_352.wav,Lay.,Lay.,A1
H8V-qX2PKdA_sentence_359.wav,Film,Phim,A2
H8V-qX2PKdA_sentence_360.wav,This film is based on a novel.,Bộ phim này dựa trên một cuốn tiểu thuyết.,A2
H8V-qX2PKdA_sentence_361.wav,Have you ever watched this film?,Anh đã xem phim này bao giờ chưa?,A1
H8V-qX2PKdA_sentence_365.wav,Would you like to have dinner with us?,Anh có muốn ăn tối với chúng tôi không?,A1
H8V-qX2PKdA_sentence_367.wav,"Unfortunately, the store was closed.","Thật không may, cửa hàng đã đóng cửa.",A2
H8V-qX2PKdA_sentence_371.wav,Annual,Hàng năm,A2
H8V-qX2PKdA_sentence_376.wav,What's your annual income?,Thu nhập hàng năm của bạn là bao nhiêu?,A2
H8V-qX2PKdA_sentence_378.wav,Beautiful.,Đẹp.,A1
H8V-qX2PKdA_sentence_382.wav,"It's going to be a beautiful day, Sarah said. Object, object.","Sarah nói: "" Sẽ là một ngày đẹp trời. Vật thể, vật thể. """,A2
H8V-qX2PKdA_sentence_390.wav,Blame.,Đổ lỗi.,A1
H8V-qX2PKdA_sentence_391.wav,I don't blame you.,Tôi không trách anh.,A1
H8V-qX2PKdA_sentence_393.wav,She blamed all the mistakes on me.,Cô ấy đổ lỗi mọi lỗi lầm cho tôi.,A2
H8V-qX2PKdA_sentence_397.wav,Willing.,Sẵn sàng.,A1
H8V-qX2PKdA_sentence_398.wav,I'm willing to help you.,Tôi sẵn sàng giúp anh.,A1
H8V-qX2PKdA_sentence_401.wav,I extent.,Tôi mở rộng.,A2
H8V-qX2PKdA_sentence_433.wav,His weekly wages are$50.,Tiền lương hàng tuần của anh ta là 50 đô la.,A2
H8V-qX2PKdA_sentence_434.wav,candidate.,ứng cử viên.,A2
H8V-qX2PKdA_sentence_445.wav,Girlfriend,Bạn gái,A1
H8V-qX2PKdA_sentence_447.wav,I'm waiting for my girlfriend.,Tôi đang chờ bạn gái tôi.,A1
H8V-qX2PKdA_sentence_448.wav,What's your girlfriend's name?,Bạn gái anh tên gì?,A1
H8V-qX2PKdA_sentence_449.wav,Support.,Hỗ trợ.,A1
H8V-qX2PKdA_sentence_467.wav,I wonder who started that rumor.,Không biết ai đã tung tin đồn đó.,A2
H8V-qX2PKdA_sentence_472.wav,It's up to you.,Tuỳ thuộc vào anh thôi.,A1
H8V-qX2PKdA_sentence_484.wav,"Instead,","Thay vào đó,",A2
H8V-qX2PKdA_sentence_485.wav,"Since we had no sugar, we used honey instead.","Vì không có đường, chúng tôi dùng mật ong để thay thế.",A2
H8V-qX2PKdA_sentence_490.wav,"Instead of buying a new car, I bought a used one.","Thay vì mua một chiếc xe mới, tôi mua một chiếc đã qua sử dụng.",A2
H8V-qX2PKdA_sentence_502.wav,Downstairs.,Dưới nhà.,A1
H8V-qX2PKdA_sentence_504.wav,They're downstairs.,Họ ở dưới lầu.,A1
H8V-qX2PKdA_sentence_508.wav,She is going downstairs to take a cup of coffee.,Cô ấy xuống dưới nhà uống cà phê.,A1
H8V-qX2PKdA_sentence_509.wav,colleague.,"Bạn có thể nói, "" Tôi không biết.",A2
H8V-qX2PKdA_sentence_511.wav,His colleagues gave him a present when he retired.,Các đồng nghiệp của ông đã tặng ông một món quà khi ông nghỉ hưu.,A2
H8V-qX2PKdA_sentence_512.wav,My colleagues welcomed me warmly.,Các đồng nghiệp chào đón tôi nồng hậu.,A2
H8V-qX2PKdA_sentence_515.wav,He invited me to the party.,Anh ấy mời tôi đến bữa tiệc.,A1
H8V-qX2PKdA_sentence_520.wav,I didn't know I was invited.,Tôi không biết là mình được mời.,A2
H8V-qX2PKdA_sentence_521.wav,Quite.,Khá.,A1
H8V-qX2PKdA_sentence_527.wav,I don't quite understand what you are saying.,Tôi không hiểu anh đang nói gì.,A1
H8V-qX2PKdA_sentence_550.wav,Almost.,Gần như.,A1
H8V-qX2PKdA_sentence_551.wav,I like almost all of them.,Tôi thích hầu hết trong số họ.,A1
H8V-qX2PKdA_sentence_557.wav,Currently.,Hiện tại.,A2
H8V-qX2PKdA_sentence_560.wav,currently.,( Đang).,A2
H8V-qX2PKdA_sentence_561.wav,How many people are currently working for you?,Hiện tại có bao nhiêu người làm việc cho ông?,A2
H8V-qX2PKdA_sentence_565.wav,Four.,Bốn.,A1
H8V-qX2PKdA_sentence_568.wav,She cooks for him every day.,Cô ấy nấu ăn cho anh ta mỗi ngày.,A2
H8V-qX2PKdA_sentence_571.wav,The weather on this island is warm all the year round.,Thời tiết trên đảo ấm áp quanh năm.,A2
H8V-qX2PKdA_sentence_575.wav,This sweater is so warm.,Cái áo len này ấm quá.,A1
H8V-qX2PKdA_sentence_577.wav,Mark.,Mark.,A1
H8V-qX2PKdA_sentence_607.wav,Find,Tìm,A1
H8V-qX2PKdA_sentence_612.wav,I have to find a part-time job.,Tôi phải tìm một công việc bán thời gian.,A1
H8V-qX2PKdA_sentence_618.wav,Way,Cách,A1
H8V-qX2PKdA_sentence_622.wav,I weigh fifty-eight kilograms.,Tôi nặng 58 kg.,A1
H8V-qX2PKdA_sentence_623.wav,Lady,Phu nhân,A1
H8V-qX2PKdA_sentence_624.wav,Who is that lady?,Quý cô đó là ai?,A1
H8V-qX2PKdA_sentence_650.wav,His ideas are always practical.,Ý tưởng của ông luôn luôn thiết thực.,A2
H8V-qX2PKdA_sentence_664.wav,Object. Object.,Vật thể. Vật thể.,A2
H8V-qX2PKdA_sentence_716.wav,He laid a hand on my shoulder.,Anh đặt một tay lên vai tôi.,A2
H8V-qX2PKdA_sentence_718.wav,Wash.,Rửa mặt.,A1
H8V-qX2PKdA_sentence_737.wav,I can do it by myself.,Tôi có thể tự làm được.,A1
H8V-qX2PKdA_sentence_749.wav,Turn.,Quay lại.,A1
H8V-qX2PKdA_sentence_761.wav,Anything.,Bất cứ điều gì.,A1
H8V-qX2PKdA_sentence_762.wav,Would you like anything else?,Anh muốn dùng gì nữa không?,A1
H8V-qX2PKdA_sentence_772.wav,Influence,Ảnh hưởng,A2
H8V-qX2PKdA_sentence_799.wav,Weekly.,Tuần.,A2
H8V-qX2PKdA_sentence_815.wav,I'm here to support you.,Tôi ở đây để hỗ trợ anh.,A1
H8V-qX2PKdA_sentence_839.wav,The examiners failed half the candidates.,Các giám khảo đã trượt một nửa số thí sinh.,B1
H8V-qX2PKdA_sentence_863.wav,Up.,Lên.,A1
H8V-qX2PKdA_sentence_866.wav,Please stand up for the national anthem.,Xin hãy đứng lên hát quốc ca.,A2
H8V-qX2PKdA_sentence_901.wav,I enjoy being with you.,Tôi thích ở bên anh.,A1
H8V-qX2PKdA_sentence_909.wav,Do you enjoy walking on the beach?,Bạn có thích đi bộ trên bãi biển không?,A1
H8V-qX2PKdA_sentence_910.wav,Did you enjoy the movie?,Anh có thích bộ phim không?,A1
H8V-qX2PKdA_sentence_914.wav,How will you pay your debts?,Bạn sẽ trả nợ như thế nào?,A2
H8V-qX2PKdA_sentence_930.wav,Find.,Tìm.,A1
H8V-qX2PKdA_sentence_932.wav,I'm sure I'll be able to find it.,Tôi chắc là tôi sẽ tìm được nó.,A2
H8V-qX2PKdA_sentence_950.wav,He is deaf in one ear.,Một bên tai của anh ta bị điếc.,A2
H8V-qX2PKdA_sentence_974.wav,Cause,Nguyên nhân,A2
H8V-qX2PKdA_sentence_987.wav,Don't forget to wear a tie.,Đừng quên đeo cà vạt.,A1
H8V-qX2PKdA_sentence_989.wav,He's wearing sunglasses.,Anh ta đeo kính râm.,A1
H8V-qX2PKdA_sentence_992.wav,Theirs.,Của họ.,A1
H8V-qX2PKdA_sentence_995.wav,That book is theirs.,Cuốn sách đó là của họ.,A1
H94_jEKPmt4_sentence_008.wav,Life is just a blank slate. What matters most is what you write on it.,"Cuộc sống chỉ là một tấm bảng trắng, điều quan trọng nhất là những gì anh viết lên đó.",A2
H94_jEKPmt4_sentence_009.wav,Chief.,Sếp.,A1
H94_jEKPmt4_sentence_067.wav,Convention,Công ước,A1
H94_jEKPmt4_sentence_071.wav,There will be a convention next Thursday.,Thứ Năm tới sẽ có hội nghị.,A1
H94_jEKPmt4_sentence_091.wav,Estate.,Bất động sản.,A1
H94_jEKPmt4_sentence_094.wav,How much is his estate worth?,Tài sản của hắn đáng giá bao nhiêu?,A2
H94_jEKPmt4_sentence_106.wav,This is an ordinary task.,Đây là một nhiệm vụ bình thường.,A2
H94_jEKPmt4_sentence_142.wav,Deliberate.,Thận trọng.,A1
H94_jEKPmt4_sentence_150.wav,BREATHING His breathing was shallow.,Hơi thở của anh ta nông cạn.,A1
H94_jEKPmt4_sentence_151.wav,Breathing.,Hít thở.,A1
H94_jEKPmt4_sentence_154.wav,Restore,Phục hồi,A1
H94_jEKPmt4_sentence_165.wav,Pale.,Nhạt.,A2
H94_jEKPmt4_sentence_166.wav,You look pale. Are you okay?,"Trông anh xanh xao quá, anh ổn chứ?",A1
H94_jEKPmt4_sentence_176.wav,He is waiting impatiently.,Anh ta đang sốt ruột chờ đợi.,A2
H94_jEKPmt4_sentence_178.wav,Pile.,Xếp.,A1
H94_jEKPmt4_sentence_209.wav,She could see herself reflected in his eyes.,Cô có thể thấy mình phản chiếu trong mắt anh.,A2
H94_jEKPmt4_sentence_232.wav,Horror.,Kinh hoàng.,A1
H94_jEKPmt4_sentence_237.wav,What's your favorite horror movie?,Phim kinh dị yêu thích của bạn là gì?,A1
H94_jEKPmt4_sentence_251.wav,He tried to gain her affection.,Hắn cố gắng chiếm được tình cảm của cô ấy.,A2
H94_jEKPmt4_sentence_270.wav,Construct.,Xây dựng.,A1
H94_jEKPmt4_sentence_283.wav,Her health has improved sufficiently to allow her to return to work.,Sức khoẻ của cô đã được cải thiện đủ để cho phép cô trở lại làm việc.,A2
H94_jEKPmt4_sentence_328.wav,What have you discovered?,Anh đã phát hiện ra điều gì?,A1
H94_jEKPmt4_sentence_330.wav,Discover.,Khám phá.,A1
H94_jEKPmt4_sentence_346.wav,It doesn't bother me to walk in the rain.,Đi trong mưa không làm phiền tôi.,A2
H94_jEKPmt4_sentence_355.wav,Don't bother waking me up at 4 a.m. I don't plan to go fishing to morrow.,Đừng có đánh thức tôi dậy lúc 4 giờ sáng. Ngày mai tôi không định đi câu cá.,A2
H94_jEKPmt4_sentence_359.wav,"It's quite simple, Chief.","Rất đơn giản, sếp.",A2
H94_jEKPmt4_sentence_384.wav,Blank,Trống,A1
H94_jEKPmt4_sentence_385.wav,Sign your name in the blank space at the bottom of the form. Her mind went blank.,Ký tên của cô vào khoảng trống ở cuối tờ đơn. Tâm trí cô trống rỗng.,A2
H94_jEKPmt4_sentence_393.wav,Disgusted.,Kinh tởm.,A2
H94_jEKPmt4_sentence_401.wav,Determination.,Quyết tâm.,A1
H94_jEKPmt4_sentence_407.wav,I have a tight schedule.,Tôi có một lịch trình dày đặc.,A1
H94_jEKPmt4_sentence_410.wav,Tight.,Hơi chặt.,A1
Ha9kWCZd408_sentence_033.wav,"He looks bad tempered, but he is kind at heart.","Anh ta có vẻ nóng tính, nhưng trong thâm tâm anh ta rất tốt bụng.",A2
Ha9kWCZd408_sentence_070.wav,and title.,và danh hiệu.,A2
Ha9kWCZd408_sentence_085.wav,The graduation ceremony will take place on March 20.,Lễ tốt nghiệp sẽ diễn ra vào ngày 20 tháng 3.,A2
Ha9kWCZd408_sentence_107.wav,The remaining money will be donated to charity. There's nothing remaining in the house.,"Số tiền còn lại sẽ được quyên góp từ thiện, không còn gì trong nhà.",A2
Ha9kWCZd408_sentence_109.wav,Concrete.,Bê tông.,A2
Ha9kWCZd408_sentence_126.wav,Bear.,Bear.,A1
Ha9kWCZd408_sentence_140.wav,The bathroom is occupied now. The soldiers occupied the building.,Phòng tắm đã bị chiếm đóng.,A2
Ha9kWCZd408_sentence_141.wav,"Sorry, this seat is occupied.","Xin lỗi, chỗ này có người.",A1
Ha9kWCZd408_sentence_159.wav,Melts.,Chảy nước dãi.,A2
Ha9kWCZd408_sentence_163.wav,Melt.,Chảy.,A1
Ha9kWCZd408_sentence_236.wav,Barrier,Rào chắn,A2
Ha9kWCZd408_sentence_259.wav,Nest.,Tổ.,A1
Ha9kWCZd408_sentence_263.wav,"If you look closely, you can see a nest in that tree.","Nếu nhìn kĩ, bạn có thể thấy một cái tổ trên cây.",A2
Ha9kWCZd408_sentence_264.wav,Washing.,Tắm rửa.,A1
Ha9kWCZd408_sentence_266.wav,I'm repairing the washing machine.,Tôi đang sửa máy giặt.,A1
Ha9kWCZd408_sentence_267.wav,I'd like to buy a washing machine.,Tôi muốn mua một cái máy giặt.,A1
Ha9kWCZd408_sentence_269.wav,Nail,Đinh,A1
Ha9kWCZd408_sentence_277.wav,Edition,Phiên bản,A2
Ha9kWCZd408_sentence_279.wav,The first edition was published ten years ago.,Ấn bản đầu tiên được xuất bản mười năm trước.,A2
Ha9kWCZd408_sentence_288.wav,Outer.,Phía ngoài.,A2
Ha9kWCZd408_sentence_303.wav,Hunt.,Hunt.,A1
Ha9kWCZd408_sentence_310.wav,He is being hunted by the police.,Hắn đang bị cảnh sát săn đuổi.,A1
Ha9kWCZd408_sentence_311.wav,Industrial,Công nghiệp,A2
Ha9kWCZd408_sentence_325.wav,Can you guess the meaning of this phrase from the context?,Bạn có thể đoán được ý nghĩa của cụm từ này từ ngữ cảnh?,A2
Ha9kWCZd408_sentence_327.wav,Friendship,Tình bạn,A1
Ha9kWCZd408_sentence_328.wav,A true friendship will last forever.,Tình bạn thực sự sẽ tồn tại mãi mãi.,A2
Ha9kWCZd408_sentence_331.wav,Friendship.,Tình bạn.,A1
Ha9kWCZd408_sentence_336.wav,Your friendship means a lot to me.,Tình bạn của anh có ý nghĩa rất lớn với tôi.,A2
Ha9kWCZd408_sentence_337.wav,I hope this problem won't affect our friendship.,Tôi hy vọng vấn đề này sẽ không ảnh hưởng đến tình bạn của chúng ta.,A2
Ha9kWCZd408_sentence_338.wav,Glue.,Keo dán.,A1
Ha9kWCZd408_sentence_342.wav,I glued the pieces of the broken cup back together.,Tôi dán những mảnh vỡ của chiếc cốc lại với nhau.,A2
Ha9kWCZd408_sentence_346.wav,Grade,Cấp,A2
Ha9kWCZd408_sentence_354.wav,Our son is in fourth grade.,Con trai chúng tôi đang học lớp 4.,A1
Ha9kWCZd408_sentence_382.wav,His extensive knowledge surprises me.,Kiến thức phong phú của ông ấy làm tôi ngạc nhiên.,A2
Ha9kWCZd408_sentence_400.wav,"I was feeling particularly bad tempered,","Tôi cảm thấy đặc biệt khó chịu,",A2
Ha9kWCZd408_sentence_425.wav,Only members of the club are entitled to use this room.,Chỉ có các thành viên của câu lạc bộ mới được phép sử dụng phòng này.,A2
Ha9kWCZd408_sentence_459.wav,Approximate.,Gần đúng.,A2
Ha9kWCZd408_sentence_472.wav,"Without inner peace, outer peace is impossible.","Không có sự bình an nội tại, không thể có sự bình an ngoại tại.",A2
Ha9kWCZd408_sentence_473.wav,I want to go to outer space.,Tôi muốn đi ra ngoài không gian.,A1
Ha9kWCZd408_sentence_509.wav,The new equipment enabled us to finish the work in an hour.,Thiết bị mới cho phép chúng tôi hoàn thành công việc trong một giờ.,A2
Ha9kWCZd408_sentence_516.wav,Severe,Nghiêm trọng,A1
Ha9kWCZd408_sentence_576.wav,There.,Đó.,A1
Ha9kWCZd408_sentence_586.wav,He didn't understand the context of this paragraph.,Ông không hiểu ngữ cảnh của đoạn văn này.,A2
Ha9kWCZd408_sentence_594.wav,I have no political ambition.,Tôi không có tham vọng chính trị.,A2
Ha9kWCZd408_sentence_595.wav,We have different political views.,Chúng ta có quan điểm chính trị khác nhau.,A2
Ha9kWCZd408_sentence_619.wav,The police captured the thief.,Cảnh sát đã bắt được tên trộm.,A2
Ha9kWCZd408_sentence_626.wav,I got a good grade on my math test.,Tôi được điểm cao trong bài kiểm tra toán.,A1
Ha9kWCZd408_sentence_630.wav,He anxiously looked around for her.,Anh lo lắng nhìn quanh tìm cô.,A2
Ha9kWCZd408_sentence_631.wav,anxiously,Lo lắng,A1
Ha9kWCZd408_sentence_641.wav,We restrict the number of students per class to twelve.,Chúng tôi giới hạn số học sinh trong mỗi lớp học là 12.,A2
Ha9kWCZd408_sentence_667.wav,Noticeable.,Các rõ rệt.,A2
Ha9kWCZd408_sentence_675.wav,Substantial.,Đáng kể.,A2
Ha9kWCZd408_sentence_689.wav,I haven't got any concrete proof.,Tôi không có bằng chứng cụ thể nào.,A2
Ha9kWCZd408_sentence_713.wav,Candy.,Kẹo.,A1
Ha9kWCZd408_sentence_714.wav,Making candy at home is not difficult.,Làm kẹo tại nhà không khó.,A2
Ha9kWCZd408_sentence_715.wav,Our children always want to buy candies when they go to the supermarket.,Con cái chúng ta luôn muốn mua kẹo khi chúng đi siêu thị.,A2
Ha9kWCZd408_sentence_780.wav,Pin,Pin,A1
Ha9kWCZd408_sentence_782.wav,She pinned a rose to her dress.,Cô ấy ghim một bông hồng lên váy.,A2
Ha9kWCZd408_sentence_796.wav,Error,Lỗi,A1
Ha9kWCZd408_sentence_810.wav,Speed is restricted to 40 kilometers per hour in towns.,Tốc độ được giới hạn ở 40 km/h trong các thị trấn.,A2
Ha9kWCZd408_sentence_822.wav,Capture.,Bắt lấy.,A2
Ha9kWCZd408_sentence_836.wav,"As far as I know, this is the latest addition.","Theo như tôi biết, đây là sự bổ sung mới nhất.",A2
Ha9kWCZd408_sentence_838.wav,Is there a paperback edition of this book?,Có bản bìa mềm nào của cuốn sách này không?,A2
Ha9kWCZd408_sentence_848.wav,Don't waste your youth.,Đừng lãng phí tuổi trẻ của bạn.,A1
Ha9kWCZd408_sentence_860.wav,This will save us a substantial amount of time.,Điều này sẽ tiết kiệm cho chúng ta một lượng thời gian đáng kể.,A2
IQMT42t0by0_sentence_065.wav,Chat.,Trò chuyện.,A1
IQMT42t0by0_sentence_073.wav,He and I often chat on the bus.,Anh ấy và tôi thường nói chuyện trên xe buýt.,A1
IQMT42t0by0_sentence_140.wav,Range,Phạm vi,A1
IQMT42t0by0_sentence_147.wav,Definition,Định nghĩa,A1
IQMT42t0by0_sentence_152.wav,What is your definition of happiness?,Định nghĩa của bạn về hạnh phúc là gì?,A2
IQMT42t0by0_sentence_153.wav,The definition doesn't cover all the meanings of the word.,Định nghĩa không bao gồm tất cả ý nghĩa của từ.,A2
IQMT42t0by0_sentence_156.wav,"It's not blood, it's tomato sauce.","Không phải máu, là nước sốt cà chua.",A2
IQMT42t0by0_sentence_158.wav,Sauce,Sốt,A1
IQMT42t0by0_sentence_168.wav,Time is our most valuable resource.,Thời gian là nguồn lực quý giá nhất của chúng ta.,A2
IQMT42t0by0_sentence_175.wav,Hell.,Địa ngục.,A1
IQMT42t0by0_sentence_179.wav,What the hell is going on?,Chuyện quái gì đang xảy ra vậy?,A1
IQMT42t0by0_sentence_180.wav,Get the hell out of here.,Biến khỏi đây đi.,A1
IQMT42t0by0_sentence_181.wav,Let him burn in hell.,Để hắn bị thiêu dưới địa ngục.,A1
IQMT42t0by0_sentence_182.wav,Ceiling,Trần nhà,A1
IQMT42t0by0_sentence_192.wav,The ceiling from the house is going bad.,Trần nhà đang bị hư.,A1
IQMT42t0by0_sentence_193.wav,Muscle,Cơ bắp,A1
IQMT42t0by0_sentence_195.wav,Do you know how to build muscle fast?,Anh có biết cách tạo cơ bắp nhanh không?,A2
IQMT42t0by0_sentence_196.wav,He has very strong muscles.,Anh ấy có cơ bắp rất khoẻ.,A1
IQMT42t0by0_sentence_206.wav,Arrangement.,Sắp xếp.,A2
IQMT42t0by0_sentence_214.wav,Have you made all the arrangements for your trip?,Anh đã chuẩn bị mọi thứ cho chuyến đi chưa?,A1
IQMT42t0by0_sentence_215.wav,I like the arrangement of the furniture in this room.,Tôi thích cách sắp xếp đồ đạc trong phòng này.,A1
IQMT42t0by0_sentence_222.wav,Am I disturbing you?,Tôi có làm phiền cô không?,A2
IQMT42t0by0_sentence_230.wav,His artistic talent is admirable.,Tài năng nghệ thuật của anh ấy thật đáng ngưỡng mộ.,A2
IQMT42t0by0_sentence_236.wav,Careless.,Bất cẩn.,A1
IQMT42t0by0_sentence_243.wav,She is careless about the way she dresses.,Cô ấy bất cẩn về cách ăn mặc.,A2
IQMT42t0by0_sentence_244.wav,Luck.,May mắn.,A1
IQMT42t0by0_sentence_245.wav,Good luck to you.,Chúc anh may mắn.,A1
IQMT42t0by0_sentence_246.wav,You're in luck. There's one ticket left.,"Anh may đấy, chỉ còn một vé.",A2
IQMT42t0by0_sentence_247.wav,You're out of luck. She's not here.,"Anh không may rồi, cô ấy không có ở đây.",A2
IQMT42t0by0_sentence_252.wav,Is the exhibit open to the public?,Buổi triển lãm có mở cửa cho công chúng không?,A2
IQMT42t0by0_sentence_262.wav,Electrical.,Điện.,A1
IQMT42t0by0_sentence_264.wav,Keep away from the electrical equipment.,Tránh xa các thiết bị điện.,A2
IQMT42t0by0_sentence_268.wav,He is an electrical engineer.,Anh ấy là một kỹ sư điện.,A2
IQMT42t0by0_sentence_276.wav,You have the freedom to go wherever you like.,Anh có quyền tự do đi bất cứ đâu anh muốn.,A1
IQMT42t0by0_sentence_278.wav,Scientific.,Khoa học.,A2
IQMT42t0by0_sentence_284.wav,It's a scientific discovery.,Đó là một khám phá khoa học.,A1
IQMT42t0by0_sentence_286.wav,Devotee.,Devotee.,B1
IQMT42t0by0_sentence_294.wav,Noisy.,Noisy.,A1
IQMT42t0by0_sentence_295.wav,The children are sleeping. Please don't be so noisy.,"Bọn trẻ đang ngủ, đừng ồn ào quá.",A1
IQMT42t0by0_sentence_296.wav,He is a noisy boy.,Nó là một thằng ồn ào.,A1
IQMT42t0by0_sentence_297.wav,Cheek.,Cheek.,A1
IQMT42t0by0_sentence_298.wav,Tears rolled down her cheek.,Nước mắt lăn dài trên má cô.,A2
IQMT42t0by0_sentence_299.wav,She kissed him on the cheek.,Cô hôn lên má anh.,A1
IQMT42t0by0_sentence_304.wav,Harmful.,Có hại.,A2
IQMT42t0by0_sentence_309.wav,Smoking is harmful to your health.,Hút thuốc lá có hại cho sức khoẻ.,A2
IQMT42t0by0_sentence_310.wav,This medicine has no harmful side effects.,Thuốc này không có tác dụng phụ có hại.,A2
IQMT42t0by0_sentence_311.wav,It contains harmful chemicals.,Nó chứa các hoá chất độc hại.,A2
IQMT42t0by0_sentence_327.wav,Imply,Bóng hoa,A2
IQMT42t0by0_sentence_334.wav,Duty.,Nhiệm vụ.,A1
IQMT42t0by0_sentence_335.wav,It's my duty to help you.,Nhiệm vụ của tôi là giúp anh.,A1
IQMT42t0by0_sentence_345.wav,Dirty.,Bẩn.,A1
IQMT42t0by0_sentence_346.wav,His body is dirty.,Cơ thể hắn bẩn thỉu.,A1
IQMT42t0by0_sentence_350.wav,The suitcase contained nothing but dirty clothes.,Chiếc va li chẳng có gì ngoài quần áo bẩn.,A2
IQMT42t0by0_sentence_351.wav,The kitchen sink was full of dirty dishes.,Bồn rửa trong bếp đầy chén đĩa bẩn.,A1
IQMT42t0by0_sentence_352.wav,Commitment,Cam kết,A1
IQMT42t0by0_sentence_363.wav,Confined.,Hạn chế.,A2
IQMT42t0by0_sentence_368.wav,You don't need to confine yourself to the subject.,Bạn không cần phải giới hạn bản thân trong chủ đề này.,A2
IQMT42t0by0_sentence_385.wav,Instance,Thể hiện,A2
IQMT42t0by0_sentence_388.wav,"In most instances, the pain goes away soon.","Trong hầu hết các trường hợp, cơn đau sẽ nhanh chóng biến mất.",A2
IQMT42t0by0_sentence_391.wav,The sun disappeared behind a cloud.,Mặt trời biến mất sau một đám mây.,A2
IQMT42t0by0_sentence_395.wav,He disappeared in the crowd.,Hắn biến mất trong đám đông.,A2
IQMT42t0by0_sentence_396.wav,She disappeared in the dark.,Cô ấy biến mất trong bóng tối.,A2
IQMT42t0by0_sentence_397.wav,Elegant.,Thanh lịch.,A1
IQMT42t0by0_sentence_414.wav,Classic.,Cổ điển.,A1
IQMT42t0by0_sentence_425.wav,Economic,Kinh tế,A2
IQMT42t0by0_sentence_430.wav,She majored in economics.,Cô ấy học chuyên ngành kinh tế.,A2
IQMT42t0by0_sentence_448.wav,This method has no scientific basis.,Phương pháp này không có cơ sở khoa học.,A2
IQMT42t0by0_sentence_459.wav,Indirectly.,Gián tiếp.,A2
IQMT42t0by0_sentence_463.wav,Politicians often answer questions indirectly.,Chính trị gia thường trả lời các câu hỏi một cách gián tiếp.,A2
IQMT42t0by0_sentence_464.wav,He was indirectly involved in the robbery.,Anh ta gián tiếp liên quan đến vụ cướp.,A2
IQMT42t0by0_sentence_465.wav,Groceries,Đồ ăn,A1
IQMT42t0by0_sentence_466.wav,Where can I buy some groceries?,Tôi có thể mua đồ tạp hoá ở đâu?,A1
IQMT42t0by0_sentence_467.wav,"On the way home, I decided to stop at the store to get some groceries.","Trên đường về nhà, tôi quyết định dừng lại ở cửa hàng để mua vài thứ.",A2
IQMT42t0by0_sentence_473.wav,Clerk.,Thư ký.,A2
IQMT42t0by0_sentence_484.wav,Electronic.,Điện tử.,A2
IQMT42t0by0_sentence_500.wav,Reader,Bộ đọc,A1
IQMT42t0by0_sentence_519.wav,Strike.,Strike.,A1
IQMT42t0by0_sentence_531.wav,"After the speech, there will be a question and answer session.","Sau bài phát biểu, sẽ có một buổi hỏi đáp.",A2
IQMT42t0by0_sentence_536.wav,He was confined to his room.,Ông bị giam trong phòng.,A2
IQMT42t0by0_sentence_543.wav,Pursue.,Theo đuổi.,A1
IQMT42t0by0_sentence_567.wav,Her dresses are very elegant.,Váy của cô ấy rất thanh lịch.,A2
IQMT42t0by0_sentence_568.wav,She looks elegant in black.,Cô ấy mặc đồ đen trông rất thanh lịch.,A2
IQMT42t0by0_sentence_589.wav,Artistic.,Nghệ thuật.,A2
IQMT42t0by0_sentence_595.wav,She comes from an artistic family.,Cô xuất thân từ một gia đình nghệ thuật.,A2
IQMT42t0by0_sentence_616.wav,Retain.,Giữ lại.,A2
IQMT42t0by0_sentence_639.wav,"I know what you're implying, and I don't like it.","Tôi biết anh đang ám chỉ gì, và tôi không thích điều đó.",A2
IQMT42t0by0_sentence_650.wav,I need some sauce.,Tôi cần ít nước sốt.,A1
IQMT42t0by0_sentence_665.wav,Brilliant.,Thật tuyệt vời.,A1
IQMT42t0by0_sentence_687.wav,Expand.,Mở rộng.,A2
IQMT42t0by0_sentence_692.wav,The workers are expanding the road.,Các công nhân đang mở rộng con đường.,A2
IQMT42t0by0_sentence_697.wav,We are trying to expand our markets.,Chúng tôi đang cố gắng mở rộng thị trường.,A2
IQMT42t0by0_sentence_725.wav,Definition.,Định nghĩa.,A1
IQMT42t0by0_sentence_770.wav,Examine.,Kiểm tra.,A1
IQMT42t0by0_sentence_793.wav,Are you implying something?,Anh đang ám chỉ gì à?,A2
IQMT42t0by0_sentence_802.wav,She is a fast reader.,Cô ấy đọc nhanh.,A1
IQMT42t0by0_sentence_803.wav,She is an avid reader of romantic novels.,Cô là một độc giả cuồng nhiệt của tiểu thuyết lãng mạn.,A2
IldNF_yojCw_sentence_007.wav,I am not satisfied with my performance today.,Tôi không hài lòng với màn trình diễn hôm nay.,A2
IldNF_yojCw_sentence_015.wav,Amazed.,Ngạc nhiên.,A1
IldNF_yojCw_sentence_041.wav,I've got a boring job in an office.,Tôi có một công việc nhàm chán trong văn phòng.,A2
IldNF_yojCw_sentence_042.wav,Are all your meetings so boring?,Các cuộc họp của anh nhàm chán quá à?,A2
IldNF_yojCw_sentence_044.wav,Concern,Mối quan tâm,A1
IldNF_yojCw_sentence_050.wav,It's no concern of mine.,Không liên quan đến tôi.,A2
IldNF_yojCw_sentence_074.wav,"Initially, I found it difficult to deal with my new environment.","Ban đầu, tôi thấy khó khăn khi phải đối mặt với môi trường mới.",A2
IldNF_yojCw_sentence_077.wav,Die.,Chết.,A1
IldNF_yojCw_sentence_078.wav,I will certainly die if you don't call a doctor.,Tôi chắc chắn sẽ chết nếu anh không gọi bác sĩ.,A2
IldNF_yojCw_sentence_079.wav,Are they going to die?,Họ sẽ chết sao?,A1
IldNF_yojCw_sentence_080.wav,He died of AIDS.,Ông ấy chết vì AIDS.,A2
IldNF_yojCw_sentence_090.wav,Do you understand the situation you're in?,Anh có hiểu tình hình hiện tại của anh không?,A1
IldNF_yojCw_sentence_099.wav,Fit.,Vừa vặn.,A1
IldNF_yojCw_sentence_1003.wav,How wide is this river?,Con sông này rộng bao nhiêu?,A1
IldNF_yojCw_sentence_1006.wav,Position,Vị trí,A1
IldNF_yojCw_sentence_1008.wav,Is everybody in position?,Mọi người vào vị trí chưa?,A1
IldNF_yojCw_sentence_1009.wav,What would you do in my position?,Anh sẽ làm gì ở vị trí của tôi?,A1
IldNF_yojCw_sentence_1010.wav,From this position you can see the whole city.,"Từ vị trí này, bạn có thể nhìn thấy toàn bộ thành phố.",A2
IldNF_yojCw_sentence_1016.wav,"Among, amongst.","Giữa, giữa.",A2
IldNF_yojCw_sentence_1024.wav,I wish you a Merry Christmas.,Chúc con Giáng sinh vui vẻ.,A1
IldNF_yojCw_sentence_1026.wav,I wish I were in Paris now.,Ước gì tôi đang ở Paris.,A1
IldNF_yojCw_sentence_106.wav,This table doesn't fit well here.,Cái bàn này không vừa lắm.,A2
IldNF_yojCw_sentence_112.wav,We should set the alarm clock for seven thirty.,Chúng ta nên đặt đồng hồ báo thức lúc 7 giờ 30.,A1
IldNF_yojCw_sentence_129.wav,He told us a very exciting adventure story.,Ông ấy kể cho chúng tôi một câu chuyện phiêu lưu rất thú vị.,A2
IldNF_yojCw_sentence_130.wav,Life is either a daring adventure or nothing. Helen Keller.,Cuộc sống là một cuộc phiêu lưu mạo hiểm hoặc không gì cả.,A2
IldNF_yojCw_sentence_136.wav,Soft.,Mềm.,A1
IldNF_yojCw_sentence_139.wav,This pillow is too soft for me.,Cái gối này quá mềm cho tôi.,A1
IldNF_yojCw_sentence_145.wav,Her hobbies are reading and gardening.,Sở thích của cô là đọc sách và làm vườn.,A2
IldNF_yojCw_sentence_159.wav,He looked sad and tired.,Trông nó buồn rầu và mệt mỏi.,A1
IldNF_yojCw_sentence_161.wav,Agree.,Đồng ý.,A1
IldNF_yojCw_sentence_164.wav,I couldn't agree more about it.,Tôi không thể đồng ý hơn về điều đó.,A2
IldNF_yojCw_sentence_165.wav,Keep separate. Separate.,"Hãy tách biệt, tách biệt.",A1
IldNF_yojCw_sentence_173.wav,I don't know either of them.,Tôi không biết ai trong số họ.,A2
IldNF_yojCw_sentence_179.wav,Please send me all the relevant information.,Xin hãy gửi cho tôi tất cả các thông tin liên quan.,A2
IldNF_yojCw_sentence_189.wav,Proud.,Tự hào.,A1
IldNF_yojCw_sentence_196.wav,Appointment.,Đúng hẹn.,A1
IldNF_yojCw_sentence_207.wav,Rich.,Rich.,A1
IldNF_yojCw_sentence_211.wav,Here yes.,Ở đây có.,A1
IldNF_yojCw_sentence_213.wav,I asked her out and she said yes.,Tôi mời cô ấy đi chơi và cô ấy đồng ý.,A2
IldNF_yojCw_sentence_214.wav,Yeah so.,"Vâng, đúng vậy.",A1
IldNF_yojCw_sentence_217.wav,Is he coming? I hope so.,Anh ấy có đến không?,A1
IldNF_yojCw_sentence_220.wav,It's my favorite song.,Đó là bài hát yêu thích của tôi.,A1
IldNF_yojCw_sentence_224.wav,When I hear that s small.,Khi tôi nghe nó nhỏ.,A2
IldNF_yojCw_sentence_225.wav,Can you see that small house?,Anh có thấy ngôi nhà nhỏ đó không?,A1
IldNF_yojCw_sentence_228.wav,Can you single?,Bạn có thể độc thân không?,A1
IldNF_yojCw_sentence_231.wav,We eat rice every single day.,Chúng tôi ăn cơm mỗi ngày.,A1
IldNF_yojCw_sentence_243.wav,Key.,Khóa.,A1
IldNF_yojCw_sentence_244.wav,The key to success is determination.,Chìa khoá thành công là quyết tâm.,A2
IldNF_yojCw_sentence_248.wav,Proposal,Đề xuất,A1
IldNF_yojCw_sentence_255.wav,Yesterday,Hôm qua,A1
IldNF_yojCw_sentence_257.wav,She went to the hospital yesterday.,Hôm qua cô ấy đã đến bệnh viện.,A1
IldNF_yojCw_sentence_259.wav,Ye report.,Báo cáo.,A1
IldNF_yojCw_sentence_266.wav,Ours.,Của chúng ta.,A1
IldNF_yojCw_sentence_282.wav,Can I borrow it for about two weeks?,Tôi mượn nó khoảng 2 tuần được không?,A1
IldNF_yojCw_sentence_290.wav,Touch.,Chạm.,A1
IldNF_yojCw_sentence_292.wav,Keep in touch with me.,Giữ liên lạc với tôi.,A1
IldNF_yojCw_sentence_297.wav,She,Cô ấy,A1
IldNF_yojCw_sentence_301.wav,What is hot?,Cái gì nóng?,A1
IldNF_yojCw_sentence_302.wav,Your forehead is very hot. I think you might have a fever.,"Trán anh nóng quá, tôi nghĩ anh bị sốt.",A2
IldNF_yojCw_sentence_308.wav,Thai.,Thái.,A1
IldNF_yojCw_sentence_314.wav,The boy doesn't know how to tie his shoes.,Thằng bé không biết cột giày.,A2
IldNF_yojCw_sentence_320.wav,Present.,Quà.,A2
IldNF_yojCw_sentence_328.wav,I am looking for a present for my mother.,Tôi đang tìm một món quà cho mẹ tôi.,A1
IldNF_yojCw_sentence_332.wav,Main,Chính,A2
IldNF_yojCw_sentence_334.wav,Our main office is in Ho Chi Minh City.,Trụ sở chính của chúng tôi ở thành phố Hồ Chí Minh.,A2
IldNF_yojCw_sentence_335.wav,This is our main product.,Đây là sản phẩm chính của chúng tôi.,A2
IldNF_yojCw_sentence_336.wav,That's the m shame.,Đó là sự xấu hổ.,A1
IldNF_yojCw_sentence_337.wav,Shame on you.,Thật xấu hổ cho anh.,A1
IldNF_yojCw_sentence_349.wav,"As far as I know, they always keep their word.","Theo như tôi biết, họ luôn giữ lời.",A2
IldNF_yojCw_sentence_351.wav,They're private.,Chúng là riêng tư.,A1
IldNF_yojCw_sentence_355.wav,Private.,Binh nhất.,A1
IldNF_yojCw_sentence_362.wav,Congratulations.,Chúc mừng.,A1
IldNF_yojCw_sentence_377.wav,His son is a construction worker.,Con trai ông là một công nhân xây dựng.,A2
IldNF_yojCw_sentence_378.wav,River,SôngName,A1
IldNF_yojCw_sentence_379.wav,What is the name of this river?,Tên con sông này là gì?,A2
IldNF_yojCw_sentence_380.wav,I often walk along the river with my dog.,Tôi thường đi dọc theo con sông với con chó của tôi.,A2
IldNF_yojCw_sentence_384.wav,We cross the river by boat.,Chúng tôi vượt sông bằng thuyền.,A1
IldNF_yojCw_sentence_385.wav,Cup.,Cốc.,A2
IldNF_yojCw_sentence_386.wav,He ordered a cup of coffee.,Anh ta gọi một tách cà phê.,A1
IldNF_yojCw_sentence_390.wav,Minute,Phút,A1
IldNF_yojCw_sentence_393.wav,I'll pick you up in ten minutes.,Mười phút nữa tôi sẽ đón anh.,A1
IldNF_yojCw_sentence_394.wav,I'll be back in thirty minutes.,Tôi sẽ quay lại trong 30 phút nữa.,A1
IldNF_yojCw_sentence_404.wav,None of them could afford fifty dollars for a ticket.,Không ai trong số họ có thể chi 50 đô la cho một vé.,A2
IldNF_yojCw_sentence_406.wav,Who's?,Ai?,A1
IldNF_yojCw_sentence_408.wav,Whose is this book?,Cuốn sách này của ai?,A1
IldNF_yojCw_sentence_411.wav,Mount.,Mount.,A2
IldNF_yojCw_sentence_413.wav,We need to mount the TV on the wall.,Chúng ta cần gắn TV lên tường.,A2
IldNF_yojCw_sentence_416.wav,Sample,Mẫu,A1
IldNF_yojCw_sentence_421.wav,Afterwards,Sau đó,A2
IldNF_yojCw_sentence_435.wav,"No, I'm not.","Không, tôi không có.",A1
IldNF_yojCw_sentence_437.wav,Just taste.,Nếm thử thôi.,A1
IldNF_yojCw_sentence_452.wav,Why?,Tại sao?,A1
IldNF_yojCw_sentence_453.wav,Why didn't you call me?,Sao anh không gọi cho em?,A1
IldNF_yojCw_sentence_455.wav,I wonder why she didn't tell me about it.,Tôi tự hỏi tại sao cô ấy không nói với tôi về nó.,A1
IldNF_yojCw_sentence_456.wav,What effort?,Nỗ lực gì?,A2
IldNF_yojCw_sentence_463.wav,Admire.,Hâm nóng.,A1
IldNF_yojCw_sentence_479.wav,Restaurant,Nhà hàng,A1
IldNF_yojCw_sentence_481.wav,Do you know a good restaurant near the hotel?,Anh có biết nhà hàng nào gần khách sạn không?,A2
IldNF_yojCw_sentence_490.wav,What's the best way to approach a girl?,Cách tốt nhất để tiếp cận một cô gái là gì?,A2
IldNF_yojCw_sentence_502.wav,Please set the table for dinner.,Xin hãy dọn bàn cho bữa tối.,A1
IldNF_yojCw_sentence_517.wav,Wind,Gió,A1
IldNF_yojCw_sentence_532.wav,This look.,Cái nhìn này.,A1
IldNF_yojCw_sentence_534.wav,Don't judge people by their looks.,Đừng đánh giá người khác qua vẻ bề ngoài.,A2
IldNF_yojCw_sentence_536.wav,She looked at me and smiled.,Cô ấy nhìn tôi và mỉm cười.,A2
IldNF_yojCw_sentence_539.wav,Before. They arrived before us.,"Trước đó, họ đến trước chúng ta.",A2
IldNF_yojCw_sentence_542.wav,They arrived before us.,Họ đến trước chúng ta.,A2
IldNF_yojCw_sentence_543.wav,All things are difficult before they are easy.,Mọi thứ đều khó khăn trước khi chúng dễ dàng.,A2
IldNF_yojCw_sentence_544.wav,"With confidence, you have won before you have started.","Với sự tự tin, bạn đã chiến thắng trước khi bắt đầu.",A2
IldNF_yojCw_sentence_553.wav,Require,Cần thiết,A1
IldNF_yojCw_sentence_555.wav,Success usually requires hard work.,"Để thành công, bạn cần phải làm việc chăm chỉ.",A2
IldNF_yojCw_sentence_559.wav,All students are required to be on time for class.,Tất cả học sinh đều phải đến lớp đúng giờ.,A2
IldNF_yojCw_sentence_561.wav,I will get off at the next station.,Tôi sẽ xuống ở ga kế tiếp.,A2
IldNF_yojCw_sentence_567.wav,Take.,Take.,A1
IldNF_yojCw_sentence_568.wav,Take it easy.,Hãy bình tĩnh.,A1
IldNF_yojCw_sentence_569.wav,Take a sweater with you so you don't catch a cold.,Mang theo áo len để khỏi bị cảm lạnh.,A2
IldNF_yojCw_sentence_570.wav,I can't tell you exactly how long it will take to finish it.,Tôi không thể nói chính xác mất bao lâu để hoàn thành nó.,A2
IldNF_yojCw_sentence_571.wav,Tick pause.,Đánh dấu khi dừng.,A2
IldNF_yojCw_sentence_572.wav,"After a pause, the teacher continued the lesson.","Sau một lúc im lặng, giáo viên tiếp tục bài học.",A2
IldNF_yojCw_sentence_583.wav,claim.,Đòi hỏi.,A2
IldNF_yojCw_sentence_586.wav,He claimed to be the owner of the land.,Ông tuyên bố là chủ sở hữu của đất.,A2
IldNF_yojCw_sentence_588.wav,He claimed to be the best football player in the school.,Anh ta tuyên bố là cầu thủ bóng đá giỏi nhất trường.,A2
IldNF_yojCw_sentence_590.wav,Smoking.,Hút thuốc lá.,A1
IldNF_yojCw_sentence_591.wav,No smoking.,Không hút thuốc.,A1
IldNF_yojCw_sentence_594.wav,No valid.,Không hợp lệ.,A2
IldNF_yojCw_sentence_595.wav,How long is this visa valid?,Thị thực này có hiệu lực bao lâu?,A2
IldNF_yojCw_sentence_597.wav,This ticket is valid for three days.,Vé này có giá trị trong ba ngày.,A2
IldNF_yojCw_sentence_601.wav,course.,""" Tất nhiên. "" '",A1
IldNF_yojCw_sentence_602.wav,She's thinking of taking a couple of courses at a cooking school.,Cô ấy đang nghĩ đến việc tham gia vài khoá học tại một trường dạy nấu ăn.,A2
IldNF_yojCw_sentence_605.wav,Of course she can speak English.,Tất nhiên là cô ấy có thể nói tiếng Anh.,A1
IldNF_yojCw_sentence_616.wav,Even,Đều,A1
IldNF_yojCw_sentence_622.wav,I will go there even if it rains.,Tôi sẽ tới đó ngay cả khi trời mưa.,A2
IldNF_yojCw_sentence_646.wav,Empty.,Trống rỗng.,A2
IldNF_yojCw_sentence_650.wav,"There are three empty rooms. However, we can't use any of them.","Có 3 phòng trống, nhưng chúng ta không thể dùng phòng nào hết.",A2
IldNF_yojCw_sentence_652.wav,There are some empty bottles in the box.,Có vài chai rỗng trong hộp.,A1
IldNF_yojCw_sentence_653.wav,Finance,Tài chính,A2
IldNF_yojCw_sentence_658.wav,Skill,Kĩ năng,A1
IldNF_yojCw_sentence_660.wav,I like to improve my English skills.,Tôi muốn cải thiện kỹ năng tiếng Anh của mình.,A1
IldNF_yojCw_sentence_663.wav,Field,Trường,A2
IldNF_yojCw_sentence_666.wav,I'm not an expert in this field.,Tôi không phải là chuyên gia trong lĩnh vực này.,A2
IldNF_yojCw_sentence_669.wav,She is a leader in her field.,Cô ấy là một nhà lãnh đạo trong lĩnh vực của mình.,A2
IldNF_yojCw_sentence_676.wav,There's nothing in the fridge.,Không có gì trong tủ lạnh cả.,A1
IldNF_yojCw_sentence_680.wav,My mother bought a new fridge last week.,Mẹ tôi mua tủ lạnh mới tuần trước.,A2
IldNF_yojCw_sentence_684.wav,He quit his job for no particular reason.,Ông ta bỏ việc không vì lý do gì đặc biệt.,A2
IldNF_yojCw_sentence_692.wav,I need to start exercising and get back in shape.,Tôi cần phải bắt đầu tập thể dục và lấy lại vóc dáng.,A2
IldNF_yojCw_sentence_695.wav,What do you do to stay in shape?,Bạn làm gì để giữ gìn vóc dáng?,A2
IldNF_yojCw_sentence_700.wav,Now,Bây giờ,A1
IldNF_yojCw_sentence_701.wav,Where are you living now?,Giờ anh sống ở đâu?,A1
IldNF_yojCw_sentence_702.wav,What should I do now?,Giờ tôi phải làm gì?,A1
IldNF_yojCw_sentence_704.wav,Department.,Bộ.,A2
IldNF_yojCw_sentence_708.wav,Who manages this department?,Ai quản lý bộ phận này?,A2
IldNF_yojCw_sentence_711.wav,Apologize.,Xin lỗi.,A1
IldNF_yojCw_sentence_720.wav,I'm going to register for a cooking class.,Con sẽ đăng ký một lớp học nấu ăn.,A1
IldNF_yojCw_sentence_722.wav,He didn't cut hole.,Ông không cắt lỗ.,A2
IldNF_yojCw_sentence_736.wav,Advice.,Lời khuyên.,A1
IldNF_yojCw_sentence_745.wav,His performance was amazing.,Diễn xuất của anh ấy thật tuyệt vời.,A1
IldNF_yojCw_sentence_754.wav,Responsible.,Chịu trách nhiệm.,A1
IldNF_yojCw_sentence_758.wav,Who's responsible for this mess?,Ai chịu trách nhiệm cho mớ hỗn độn này?,A2
IldNF_yojCw_sentence_760.wav,She is responsible for designing the entire project.,Cô chịu trách nhiệm thiết kế toàn bộ dự án.,A2
IldNF_yojCw_sentence_761.wav,Instrument,Nhạc cụ,A2
IldNF_yojCw_sentence_763.wav,What's your favorite musical instrument?,Nhạc cụ yêu thích của bạn là gì?,A1
IldNF_yojCw_sentence_764.wav,Can you play any musical instruments?,Anh có biết chơi nhạc cụ nào không?,A1
IldNF_yojCw_sentence_769.wav,I would like to learn to play an instrument.,Tôi muốn học chơi một nhạc cụ.,A1
IldNF_yojCw_sentence_780.wav,I'm pretty sure that he'll agree.,Tôi khá chắc là anh ta sẽ đồng ý.,A2
IldNF_yojCw_sentence_781.wav,It's party.,Đó là tiệc tùng.,A1
IldNF_yojCw_sentence_785.wav,Who trip?,Ai đi?,A1
IldNF_yojCw_sentence_786.wav,Did you have a good trip?,Chuyến đi vui chứ?,A1
IldNF_yojCw_sentence_788.wav,Do I have to buy a round trip ticket?,Tôi có phải mua vé khứ hồi không?,A1
IldNF_yojCw_sentence_789.wav,Trip.,Trip.,A1
IldNF_yojCw_sentence_793.wav,Did you have a good trip? A Ford.,Chuyến đi có vui không?,A1
IldNF_yojCw_sentence_796.wav,I can't afford to buy another computer.,Tôi không đủ tiền để mua một cái máy tính khác.,A2
IldNF_yojCw_sentence_800.wav,Impress.,Impress.,A1
IldNF_yojCw_sentence_802.wav,I'm not trying to impress anyone.,Tôi không cố gây ấn tượng với ai cả.,A2
IldNF_yojCw_sentence_805.wav,Are you trying to impress me?,Anh đang cố gây ấn tượng với tôi à?,A2
IldNF_yojCw_sentence_810.wav,I'm really impressed with your English.,Tôi thực sự ấn tượng với tiếng Anh của anh.,A1
IldNF_yojCw_sentence_822.wav,Worry,Lo lắng,A1
IldNF_yojCw_sentence_823.wav,Don't worry about it.,Đừng lo lắng về điều đó.,A1
IldNF_yojCw_sentence_824.wav,I think you're worrying too much about the little things.,Tôi nghĩ anh lo lắng quá nhiều về những chuyện nhỏ nhặt.,A2
IldNF_yojCw_sentence_840.wav,Green.,Màu xanh lá.,A1
IldNF_yojCw_sentence_844.wav,You need to wait until the light turns green to cross the street.,Anh cần đợi đến khi đèn chuyển sang màu xanh để qua đường.,A2
IldNF_yojCw_sentence_845.wav,Whatever.,Sao cũng được.,A1
IldNF_yojCw_sentence_850.wav,What pet?,Thú cưng nào?,A1
IldNF_yojCw_sentence_854.wav,They are both working at the pet store.,Cả hai đều làm việc ở cửa hàng thú cưng.,A1
IldNF_yojCw_sentence_855.wav,Succeed.,Thành công.,A1
IldNF_yojCw_sentence_858.wav,It seems that you don't want me to succeed.,Có vẻ như anh không muốn tôi thành công.,A2
IldNF_yojCw_sentence_861.wav,I like this coat.,Tôi thích cái áo này.,A1
IldNF_yojCw_sentence_865.wav,I like admire.,Tôi thích ngưỡng mộ.,A1
IldNF_yojCw_sentence_867.wav,I've always admired your determination.,Tôi luôn ngưỡng mộ sự quyết tâm của anh.,A1
IldNF_yojCw_sentence_873.wav,Adjust.,Điều chỉnh.,A1
IldNF_yojCw_sentence_882.wav,She has a very strong personality.,Cô ấy có một tính cách rất mạnh mẽ.,A2
IldNF_yojCw_sentence_884.wav,What doesn't kill us only makes us stronger.,Những gì không giết chúng ta chỉ làm chúng ta mạnh mẽ hơn.,A2
IldNF_yojCw_sentence_885.wav,She has a v other.,Cô ấy có một v khác.,A2
IldNF_yojCw_sentence_887.wav,"Some people believe it, while other people don't.","Một số người tin vào điều đó, trong khi những người khác thì không.",A2
IldNF_yojCw_sentence_902.wav,They kept their plans to themselves.,Họ giữ kế hoạch của họ cho riêng mình.,A2
IldNF_yojCw_sentence_905.wav,Gone with the Wind is a famous novel.,Cuốn theo chiều gió là một cuốn tiểu thuyết nổi tiếng.,A2
IldNF_yojCw_sentence_910.wav,There's no wind today.,Hôm nay không có gió.,A2
IldNF_yojCw_sentence_911.wav,Positive.,Chắc chắn rồi.,A1
IldNF_yojCw_sentence_930.wav,Else.,Else.,A1
IldNF_yojCw_sentence_939.wav,Watch.,Xem.,A1
IldNF_yojCw_sentence_940.wav,He doesn't watch T V at all.,Anh ta không xem TV.,A2
IldNF_yojCw_sentence_947.wav,I'll send you the schedule.,Tôi sẽ gửi cho anh lịch trình.,A2
IldNF_yojCw_sentence_963.wav,He is an unknown artist.,Anh ta là một nghệ sĩ vô danh.,A2
IldNF_yojCw_sentence_967.wav,It's dark outside.,Bên ngoài tối lắm.,A1
IldNF_yojCw_sentence_970.wav,It's dark young.,Nó là màu đen trẻ.,A1
IldNF_yojCw_sentence_972.wav,I wish I were young.,Ước gì tôi còn trẻ.,A1
IldNF_yojCw_sentence_973.wav,She looks very truck.,Trông cô ta rất đáng yêu.,A2
IldNF_yojCw_sentence_974.wav,He is a truck driver.,Anh ta là tài xế xe tải.,A1
IldNF_yojCw_sentence_975.wav,She nearly got hit by a truck today.,Hôm nay cô ấy suýt bị xe tải đâm.,A2
IldNF_yojCw_sentence_976.wav,I drive a delivery truck.,Tôi lái một chiếc xe tải giao hàng.,A1
IldNF_yojCw_sentence_977.wav,He towards,Ông hướng về phía,A1
IldNF_yojCw_sentence_995.wav,Dish coffee.,Thưởng thức cà phê.,A1
IldNF_yojCw_sentence_996.wav,He took me to a coffee shop yesterday.,Hôm qua anh ta đưa tôi đến quán cà phê.,A1
J1HnyIREUuk_sentence_000.wav,Estimate.,Ước tính.,A1
J1HnyIREUuk_sentence_018.wav,I'm satisfied with her progress. I feel like I'm making progress.,Tôi hài lòng với sự tiến bộ của cô ấy. Tôi cảm thấy như mình đang tiến bộ.,A2
J1HnyIREUuk_sentence_067.wav,What an intelligent question.,Quả là một câu hỏi thông minh.,A2
J1HnyIREUuk_sentence_085.wav,I want you to do some research.,Tôi muốn anh tìm hiểu một chút.,A1
J1HnyIREUuk_sentence_098.wav,Fully,Đầy đủ,A1
J1HnyIREUuk_sentence_119.wav,His belief in God gave him hope during difficult times. It's the repetition of affirmations that leads to belief.,Niềm tin vào Chúa đã cho anh hy vọng trong những lúc khó khăn. Chính sự lặp lại của những khẳng định dẫn đến niềm tin.,B2
J1HnyIREUuk_sentence_146.wav,It's a private matter.,Đây là chuyện riêng tư.,A2
J1HnyIREUuk_sentence_213.wav,There is a bookstore in front of the department store.,Có một hiệu sách trước cửa hàng bách hoá.,A2
J1HnyIREUuk_sentence_225.wav,I've never seen such a thing.,Tôi chưa từng thấy chuyện như vậy.,A2
J1HnyIREUuk_sentence_233.wav,You can't live a positive life with a negative mind.,Bạn không thể sống một cuộc sống tích cực với một tâm trí tiêu cực.,A2
J1HnyIREUuk_sentence_252.wav,Experiment,Thử nghiệm,A1
J1HnyIREUuk_sentence_288.wav,The cause of the accident is unknown.,Nguyên nhân của vụ tai nạn vẫn chưa được biết.,A2
J1HnyIREUuk_sentence_292.wav,The man's identity remains unknown.,Danh tính của người đàn ông vẫn chưa được biết.,A2
J1HnyIREUuk_sentence_325.wav,Help.,Giúp đỡ.,A1
J1HnyIREUuk_sentence_334.wav,Let's take a ten minute break. When did she break the window?,"Hãy nghỉ 10 phút đi, cô ấy đập cửa sổ lúc nào?",A1
J1HnyIREUuk_sentence_336.wav,Let's take a 10-minute break.,Nghỉ 10 phút đi.,A1
J1HnyIREUuk_sentence_344.wav,Will,Will,A1
J1HnyIREUuk_sentence_372.wav,Departure,Rời,A2
J1HnyIREUuk_sentence_391.wav,Though,Mặc dù,A2
J1HnyIREUuk_sentence_405.wav,Uncle.,Chú.,A1
J1HnyIREUuk_sentence_409.wav,My uncle bought me this book.,Chú tôi mua cho tôi cuốn sách này.,A1
J1HnyIREUuk_sentence_411.wav,Is your uncle still abroad?,Chú của cô vẫn ở nước ngoài à?,A1
J1HnyIREUuk_sentence_412.wav,Especially.,Đặc biệt.,A1
J1HnyIREUuk_sentence_414.wav,"I like walking, especially in the morning.","Tôi thích đi bộ, đặc biệt là vào buổi sáng.",A2
J1HnyIREUuk_sentence_425.wav,My only worry right now is getting to the airport on time.,Lo lắng duy nhất của tôi lúc này là đến sân bay đúng giờ.,A2
J1HnyIREUuk_sentence_433.wav,"Personally,","Cá nhân tôi,",A1
J1HnyIREUuk_sentence_445.wav,The old lady climbed the stairs with difficulty.,Bà lão trèo lên cầu thang với sự khó khăn.,A2
J1HnyIREUuk_sentence_446.wav,Did you have any difficulty finding the house?,Anh có gặp khó khăn trong việc tìm nhà không?,A2
J1HnyIREUuk_sentence_461.wav,Adults.,Người lớn.,A1
J1HnyIREUuk_sentence_464.wav,I've lived here all of my adult life.,Tôi đã sống ở đây suốt cuộc đời trưởng thành của mình.,A2
J1HnyIREUuk_sentence_465.wav,"This movie is for adults, not for children.","Bộ phim này dành cho người lớn, không phải trẻ em.",A2
J1HnyIREUuk_sentence_473.wav,Journey,Hành trình,A1
J1HnyIREUuk_sentence_477.wav,A journey of a thousand miles begins with a single step.,Một cuộc hành trình ngàn dặm bắt đầu với một bước chân.,A2
J1HnyIREUuk_sentence_479.wav,Are you ready to,Bạn đã sẵn sàng để,A1
L8MZhCnzX9M_sentence_017.wav,She was adopted by a rich family when she was a child.,Bà được một gia đình giàu có nhận nuôi khi còn nhỏ.,A2
L8MZhCnzX9M_sentence_071.wav,She fell awkwardly and broke her ankle.,Cô ấy ngã một cách vụng về và bị gãy mắt cá chân.,A2
L8MZhCnzX9M_sentence_098.wav,We learned some techniques for relieving stress.,Chúng tôi học được một số kỹ thuật để giảm căng thẳng.,A2
L8MZhCnzX9M_sentence_111.wav,Please tell me your exact location.,Xin hãy cho tôi biết vị trí chính xác.,A1
L8MZhCnzX9M_sentence_165.wav,We advertise the concert quite widely.,Chúng tôi quảng cáo buổi hoà nhạc khá rộng rãi.,A2
L8MZhCnzX9M_sentence_169.wav,I advertised my car for sale.,Tôi quảng cáo xe của tôi để bán.,A2
L8MZhCnzX9M_sentence_185.wav,I think it's time for me to confront that problem.,Tôi nghĩ đã đến lúc tôi phải đối mặt với vấn đề đó.,A2
L8MZhCnzX9M_sentence_186.wav,She confronted him and demanded an apology.,Cô đối chất với anh ta và yêu cầu một lời xin lỗi.,A2
L8MZhCnzX9M_sentence_207.wav,The roof is made of thatch.,Mái nhà được làm bằng rơm.,A2
L8MZhCnzX9M_sentence_248.wav,His parents noticed a dramatic change in his behavior.,Cha mẹ anh nhận thấy một sự thay đổi đáng kể trong hành vi của anh.,A2
L8MZhCnzX9M_sentence_266.wav,What do you think about that issue?,Bạn nghĩ gì về vấn đề này?,A1
L8MZhCnzX9M_sentence_272.wav,The magazine is issued twice a month.,Tạp chí được phát hành hai lần một tháng.,A2
L8MZhCnzX9M_sentence_304.wav,Location,Vị trí,A2
L8MZhCnzX9M_sentence_306.wav,The meeting is taking place at a secret location.,Cuộc gặp diễn ra ở một địa điểm bí mật.,A2
L8MZhCnzX9M_sentence_326.wav,Everybody can see that he has a crush on her.,Mọi người đều có thể thấy rằng anh ấy thích cô ấy.,A2
L8MZhCnzX9M_sentence_382.wav,Princess,Công chúa,A1
L8MZhCnzX9M_sentence_383.wav,You look like a princess in that dress.,Cô mặc cái váy đó trông như công chúa.,A1
L8MZhCnzX9M_sentence_384.wav,She is the Princess of Japan.,Cô ấy là công chúa Nhật Bản.,A1
L8MZhCnzX9M_sentence_392.wav,Package,Gói,A1
L8MZhCnzX9M_sentence_398.wav,Who gave you that package?,Ai đưa cho anh cái gói đó?,A1
L8MZhCnzX9M_sentence_399.wav,Bake.,Nướng bánh.,A1
L8MZhCnzX9M_sentence_403.wav,She bakes her own bread.,Cô ấy tự nướng bánh mì.,A2
L8MZhCnzX9M_sentence_404.wav,Did you fry it or bake it?,Anh chiên hay nướng nó?,A2
L8MZhCnzX9M_sentence_506.wav,The committee adopted the proposal.,Uỷ ban đã thông qua đề xuất.,A2
L8MZhCnzX9M_sentence_527.wav,Don't be so dramatic.,Đừng có quá kịch tính thế.,A1
L8MZhCnzX9M_sentence_572.wav,Do you have a crush on Mary?,Anh có thích Mary không?,A1
L8MZhCnzX9M_sentence_574.wav,The king crushed his enemies.,Nhà vua đã nghiền nát kẻ thù của mình.,A2
L8MZhCnzX9M_sentence_588.wav,Some people like small cars and some people like big cars. It's a matter of personal preference.,Một số người thích xe nhỏ và một số người thích xe lớn. Đó là vấn đề sở thích cá nhân.,A2
L8MZhCnzX9M_sentence_625.wav,They are proud of their children's achievements.,Họ tự hào về thành tựu của con cháu mình.,A1
L8MZhCnzX9M_sentence_637.wav,He is lying unconscious on the floor.,Anh ta đang nằm bất tỉnh trên sàn.,A1
L8MZhCnzX9M_sentence_646.wav,Deserted.,Trống vắng.,A2
L8MZhCnzX9M_sentence_654.wav,Suffering.,Đau khổ.,A1
L8MZhCnzX9M_sentence_659.wav,Grab.,Nắm lấy.,A1
L8MZhCnzX9M_sentence_672.wav,Photograph,Ảnh chụp,A1
L8MZhCnzX9M_sentence_676.wav,Here is a photograph of my family.,Đây là một bức ảnh gia đình tôi.,A1
L8MZhCnzX9M_sentence_677.wav,You are not allowed to take photographs here.,Anh không được phép chụp ảnh ở đây.,A2
L8MZhCnzX9M_sentence_680.wav,Accent,Giọng,A1
L8MZhCnzX9M_sentence_691.wav,Junior,Con,A1
L8MZhCnzX9M_sentence_693.wav,My sister is five years junior to me.,Em gái tôi kém tôi 5 tuổi.,A2
L8MZhCnzX9M_sentence_706.wav,You can't put toothpaste back in the tube.,Bạn không thể cho kem đánh răng trở lại vào ống.,A2
L8MZhCnzX9M_sentence_709.wav,Mixture,Hỗn hợp,A1
L8MZhCnzX9M_sentence_710.wav,The city is a mixture of old and new buildings.,Thành phố là sự pha trộn giữa các toà nhà cũ và mới.,A2
L8MZhCnzX9M_sentence_712.wav,Entertainment,Giải trí,A1
L8MZhCnzX9M_sentence_718.wav,Music is a form of entertainment.,Âm nhạc là một hình thức giải trí.,A2
L8MZhCnzX9M_sentence_719.wav,They played games in the evening for entertainment.,Họ chơi trò chơi vào buổi tối để giải trí.,A2
L8MZhCnzX9M_sentence_720.wav,Install,Cài đặt,A1
L8MZhCnzX9M_sentence_728.wav,Remote.,Từ xa.,A1
L8MZhCnzX9M_sentence_729.wav,I live in a remote area.,Tôi sống ở một vùng hẻo lánh.,A2
L8MZhCnzX9M_sentence_736.wav,Hit.,Đánh.,A1
L8MZhCnzX9M_sentence_744.wav,Court.,Court.,A1
L8MZhCnzX9M_sentence_746.wav,Tom has to go to court tomorrow.,Tom phải ra tòa ngày mai.,A1
L8MZhCnzX9M_sentence_761.wav,"I'm sorry, he said awkwardly.","Tôi xin lỗi, anh lúng túng nói.",A2
L8MZhCnzX9M_sentence_766.wav,Frightening.,Khủng khiếp.,A2
L8MZhCnzX9M_sentence_771.wav,Offense.,Không đánh giá.,A2
L8MZhCnzX9M_sentence_775.wav,"Sorry, I didn't mean to give offence.","Xin lỗi, tôi không có ý xúc phạm.",A2
L8MZhCnzX9M_sentence_779.wav,Shocking.,Sốc.,A2
L8MZhCnzX9M_sentence_782.wav,I got shocking news today.,Hôm nay tôi có tin sốc.,A2
L8MZhCnzX9M_sentence_792.wav,Gamble.,Gamble.,A1
L8MZhCnzX9M_sentence_797.wav,"I like to gamble for fun, and I know when to quit.","Tôi thích cờ bạc cho vui, và tôi biết khi nào nên bỏ.",A2
L8MZhCnzX9M_sentence_805.wav,He spent all his time gambling in the casino.,Hắn dành toàn bộ thời gian để đánh bạc trong sòng bạc.,A2
MYQ5iy3aRSo_sentence_004.wav,Anticipate.,Dự đoán.,B1
MYQ5iy3aRSo_sentence_017.wav,Employment,Việc làm,A1
MYQ5iy3aRSo_sentence_034.wav,The nurse wrapped the baby in a blanket.,Y tá quấn đứa bé trong một cái chăn.,A1
MYQ5iy3aRSo_sentence_072.wav,I observed that his hands were unsteady.,Tôi thấy tay anh ta run rẩy.,A2
MYQ5iy3aRSo_sentence_092.wav,Media,Phương tiện,A1
MYQ5iy3aRSo_sentence_122.wav,She accepts criticism from anyone but her parents.,Cô chấp nhận sự chỉ trích từ bất cứ ai trừ cha mẹ cô.,A2
MYQ5iy3aRSo_sentence_136.wav,Lip.,Lip.,A1
MYQ5iy3aRSo_sentence_141.wav,He licked his lips.,Anh liếm môi.,A2
MYQ5iy3aRSo_sentence_142.wav,She had a smile on her lips.,Cô ấy có nụ cười trên môi.,A2
MYQ5iy3aRSo_sentence_147.wav,Exhibition,Triển lãm,A2
MYQ5iy3aRSo_sentence_151.wav,Have you ever seen the Picasso exhibition?,Anh đã bao giờ xem triển lãm Picasso chưa?,A1
MYQ5iy3aRSo_sentence_154.wav,And sure.,Và chắc chắn.,A1
MYQ5iy3aRSo_sentence_164.wav,This medicine will ensure you a good night's sleep.,Thuốc này sẽ giúp bạn có giấc ngủ ngon.,A2
MYQ5iy3aRSo_sentence_181.wav,Net.,Net.,A2
MYQ5iy3aRSo_sentence_192.wav,We have a good crop of tomatoes this year.,Chúng ta có vụ mùa cà chua tốt trong năm nay.,A2
MYQ5iy3aRSo_sentence_193.wav,Innocent.,Vô tội.,A2
MYQ5iy3aRSo_sentence_195.wav,He is an innocent child.,Nó là một đứa trẻ vô tội.,A1
MYQ5iy3aRSo_sentence_201.wav,"Businessman, businesswoman.","Thương nhân, nữ doanh nhân.",A2
MYQ5iy3aRSo_sentence_203.wav,She's a successful businesswoman.,Cô ấy là một nữ doanh nhân thành đạt.,A2
MYQ5iy3aRSo_sentence_206.wav,Newly,Mới,A2
MYQ5iy3aRSo_sentence_225.wav,Observation,Quan sát,A1
MYQ5iy3aRSo_sentence_229.wav,Children learn by observation.,Trẻ học bằng cách quan sát.,A2
MYQ5iy3aRSo_sentence_246.wav,He is a dangerous opponent.,Hắn là một đối thủ nguy hiểm.,A2
MYQ5iy3aRSo_sentence_254.wav,This shirt is relatively expensive.,Chiếc áo này khá đắt tiền.,A2
MYQ5iy3aRSo_sentence_257.wav,Occasion,Dịp,A2
MYQ5iy3aRSo_sentence_259.wav,This is a special occasion.,Đây là một dịp đặc biệt.,A1
MYQ5iy3aRSo_sentence_264.wav,He never drinks except on special occasions.,Ông ấy không bao giờ uống rượu trừ những dịp đặc biệt.,A2
MYQ5iy3aRSo_sentence_294.wav,He impressed me with his magic tricks.,Hắn gây ấn tượng với tôi bằng những trò ảo thuật.,A2
MYQ5iy3aRSo_sentence_301.wav,Farming,Trồng trọt,A1
MYQ5iy3aRSo_sentence_303.wav,They have years of experience in farming.,Họ có nhiều năm kinh nghiệm trong nông nghiệp.,A2
MYQ5iy3aRSo_sentence_309.wav,Is there a supermarket in this mall?,Có siêu thị nào trong khu mua sắm này không?,A1
MYQ5iy3aRSo_sentence_317.wav,Emotional.,Cảm xúc.,A1
MYQ5iy3aRSo_sentence_321.wav,He's a very emotional person.,Anh ta là một người rất dễ xúc động.,A1
MYQ5iy3aRSo_sentence_324.wav,He gave an emotional speech.,Ông đã đưa ra một bài phát biểu đầy cảm xúc.,A1
MYQ5iy3aRSo_sentence_329.wav,Confuse.,Rối.,A2
MYQ5iy3aRSo_sentence_339.wav,Realistic.,Thực tế.,A2
MYQ5iy3aRSo_sentence_346.wav,Their financial problems are a threat to their marriage.,Vấn đề tài chính của họ là mối đe doạ cho cuộc hôn nhân của họ.,A2
MYQ5iy3aRSo_sentence_353.wav,"You can't do that, it's illegal.","Anh không thể làm thế, nó bất hợp pháp.",A1
MYQ5iy3aRSo_sentence_355.wav,What he's doing is illegal.,Những gì hắn làm là phạm pháp.,A2
MYQ5iy3aRSo_sentence_361.wav,Gambling is illegal.,Đánh bạc là bất hợp pháp.,A1
MYQ5iy3aRSo_sentence_363.wav,Threaten.,Đe dọa.,A1
MYQ5iy3aRSo_sentence_376.wav,Things gradually improved.,Mọi thứ dần dần được cải thiện.,A2
MYQ5iy3aRSo_sentence_378.wav,Gradually,Dần dần,A1
MYQ5iy3aRSo_sentence_385.wav,Base.,Cơ sở.,A1
MYQ5iy3aRSo_sentence_391.wav,She sat down at the base of a tree.,Cô ngồi xuống dưới gốc cây.,A2
MYQ5iy3aRSo_sentence_392.wav,It's a story based on a real event.,Đó là một câu chuyện dựa trên một sự kiện có thật.,A2
MYQ5iy3aRSo_sentence_405.wav,Justify.,Chứng minh.,A1
MYQ5iy3aRSo_sentence_421.wav,Constant.,Liên tục.,A2
MYQ5iy3aRSo_sentence_426.wav,He is my constant supporter.,Anh ấy là người ủng hộ tôi.,A2
MYQ5iy3aRSo_sentence_428.wav,This entrance is in constant use.,Lối vào này được sử dụng liên tục.,A2
MYQ5iy3aRSo_sentence_441.wav,I've heard the French version of this song.,Tôi đã nghe phiên bản tiếng Pháp của bài hát này.,A1
MYQ5iy3aRSo_sentence_445.wav,Your software is not the latest version.,Phần mềm của bạn không phải là phiên bản mới nhất.,A2
MYQ5iy3aRSo_sentence_450.wav,The internal road is being repaired.,Đường nội bộ đang được sửa chữa.,A2
MYQ5iy3aRSo_sentence_451.wav,Internal.,Bên trong.,A2
MYQ5iy3aRSo_sentence_452.wav,This is for internal use.,Cái này dùng nội bộ.,A2
MYQ5iy3aRSo_sentence_460.wav,Prompt.,Nhanh chóng.,A1
MYQ5iy3aRSo_sentence_461.wav,Prompt action is necessary.,Hành động nhanh chóng là cần thiết.,A2
MYQ5iy3aRSo_sentence_465.wav,Thank you for your prompt reply.,Cảm ơn vì đã trả lời kịp thời.,A2
MYQ5iy3aRSo_sentence_471.wav,This land is ideal for farming.,Mảnh đất này rất lý tưởng cho việc trồng trọt.,A2
MYQ5iy3aRSo_sentence_476.wav,This tea is too bitter.,Trà này đắng quá.,A1
MYQ5iy3aRSo_sentence_478.wav,Bitter.,Đắng.,A2
MYQ5iy3aRSo_sentence_483.wav,Fashion,Thời trang,A1
MYQ5iy3aRSo_sentence_484.wav,Who's your favorite fashion designer?,Ai là nhà thiết kế thời trang yêu thích của bạn?,A2
MYQ5iy3aRSo_sentence_485.wav,His clothes are out of fashion.,Quần áo của hắn hết thời rồi.,A2
MYQ5iy3aRSo_sentence_486.wav,This is the latest fashion.,Đây là thời trang mới nhất.,A1
MYQ5iy3aRSo_sentence_487.wav,Description.,Mô tả.,A2
MYQ5iy3aRSo_sentence_489.wav,We recognized it from your description.,Chúng tôi nhận ra nó từ mô tả của anh.,A2
MYQ5iy3aRSo_sentence_495.wav,His description was too general.,Mô tả của ông ta quá chung chung.,A2
MYQ5iy3aRSo_sentence_497.wav,Can you give me a brief description of the thief?,Anh có thể mô tả ngắn gọn về tên trộm không?,A2
MYQ5iy3aRSo_sentence_509.wav,Nice.,Đẹp.,A1
MYQ5iy3aRSo_sentence_517.wav,I have two nieces.,Tôi có hai cháu gái.,A1
MYQ5iy3aRSo_sentence_520.wav,Leader,Lãnh đạo,A2
MYQ5iy3aRSo_sentence_547.wav,The police arrested the suspect.,Cảnh sát đã bắt giữ nghi phạm.,A2
MYQ5iy3aRSo_sentence_560.wav,I made my decision based on what you said.,Tôi đã quyết định dựa trên những gì anh nói.,A2
MYQ5iy3aRSo_sentence_569.wav,Pub.,Pub.,A2
MYQ5iy3aRSo_sentence_570.wav,Where is the nearest pub?,Quán rượu gần nhất ở đâu?,A1
MYQ5iy3aRSo_sentence_615.wav,This smell disgusts me.,Mùi này làm tôi ghê tởm.,A2
MYQ5iy3aRSo_sentence_620.wav,She screamed as loudly as she could.,Cô hét to hết sức có thể.,A2
MYQ5iy3aRSo_sentence_621.wav,The audience clapped loudly after his speech.,Khán giả vỗ tay ầm ĩ sau bài phát biểu của ông.,A2
MYQ5iy3aRSo_sentence_627.wav,Publish.,Xuất bản.,A1
MYQ5iy3aRSo_sentence_633.wav,We finally published the book.,Cuối cùng chúng tôi cũng xuất bản cuốn sách.,A1
MYQ5iy3aRSo_sentence_637.wav,When will your book be published?,Khi nào cuốn sách của bạn được xuất bản?,A1
MYQ5iy3aRSo_sentence_638.wav,Virus.,Virus.,A1
MYQ5iy3aRSo_sentence_643.wav,Disappoint.,Làm thôi thất vọng.,A2
MYQ5iy3aRSo_sentence_645.wav,I didn't mean to disappoint her.,Tôi không có ý làm cô ấy thất vọng.,A2
MYQ5iy3aRSo_sentence_646.wav,Don't disappoint me again.,Đừng làm tôi thất vọng lần nữa.,A1
MYQ5iy3aRSo_sentence_647.wav,I know you won't disappoint me.,Tôi biết anh sẽ không làm tôi thất vọng.,A2
MYQ5iy3aRSo_sentence_650.wav,Motorcycle.,Mô tô.,A1
MYQ5iy3aRSo_sentence_654.wav,Stay away from my motorcycle.,Tránh xa xe máy của tôi ra.,A1
MYQ5iy3aRSo_sentence_658.wav,Her mother is very old-fashioned about marriage.,Mẹ cô ấy rất lạc hậu về hôn nhân.,A2
MYQ5iy3aRSo_sentence_682.wav,contact.,liên lạc.,A1
MYQ5iy3aRSo_sentence_685.wav,I found it impossible to get in contact with him.,Tôi thấy không thể liên lạc với anh ta.,A2
MYQ5iy3aRSo_sentence_687.wav,Please contact my secretary for more information.,Xin hãy liên hệ thư ký của tôi để biết thêm thông tin.,A2
MYQ5iy3aRSo_sentence_689.wav,Bunch.,Bó.,A1
MYQ5iy3aRSo_sentence_692.wav,A bunch of people were standing outside waiting.,Một đám người đang đứng chờ bên ngoài.,A2
MYQ5iy3aRSo_sentence_698.wav,A bunch of us are going to the pub tonight. Do you want to join us?,"Tối nay chúng ta sẽ đi uống rượu, anh có muốn đi cùng không?",A1
MYQ5iy3aRSo_sentence_700.wav,Med.,Y tế.,A2
MYQ5iy3aRSo_sentence_708.wav,Ancient.,Cổ đại.,A1
MYQ5iy3aRSo_sentence_710.wav,Rome is famous for its ancient architecture.,Rome nổi tiếng với kiến trúc cổ xưa.,A2
MYQ5iy3aRSo_sentence_711.wav,My father is interested in ancient history.,Cha tôi rất thích lịch sử cổ đại.,A2
MYQ5iy3aRSo_sentence_716.wav,Hoi An is an ancient town in Vietnam.,Hội An là một thị trấn cổ ở Việt Nam.,B1
MYQ5iy3aRSo_sentence_727.wav,Politely.,Lịch sự.,A1
MYQ5iy3aRSo_sentence_736.wav,What's your favorite hairstyle?,Kiểu tóc yêu thích của bạn là gì?,A1
MYQ5iy3aRSo_sentence_738.wav,I like ruler.,Tôi thích thước kẻ.,A1
MYQ5iy3aRSo_sentence_740.wav,Is this ruler yours?,Đây là của ông à?,A2
MYQ5iy3aRSo_sentence_741.wav,I have a pink ruler.,Tôi có một cái thước màu hồng.,A1
MYQ5iy3aRSo_sentence_742.wav,is crime.,là tội phạm.,A1
MYQ5iy3aRSo_sentence_748.wav,She is skilled at cooking.,Cô ấy nấu ăn rất giỏi.,A2
MYQ5iy3aRSo_sentence_751.wav,Skilled.,Kỹ năng.,A1
MYQ5iy3aRSo_sentence_758.wav,Photocopy.,Chụp ảnh.,A2
MYQ5iy3aRSo_sentence_760.wav,His job includes answering the phones and photocopying.,Công việc của anh ta bao gồm trả lời điện thoại và sao chép.,A2
MYQ5iy3aRSo_sentence_761.wav,Mentally,Về tinh thần,A1
MYQ5iy3aRSo_sentence_762.wav,"I am now very healthy, both physically and mentally.","Giờ tôi rất khoẻ mạnh, cả về thể chất lẫn tinh thần.",A2
MYQ5iy3aRSo_sentence_768.wav,Lang.,Lang.,A2
MYQ5iy3aRSo_sentence_769.wav,He has lung cancer.,Anh ta bị ung thư phổi.,A2
MYQ5iy3aRSo_sentence_773.wav,Smoking is the main cause of lung cancer.,Hút thuốc lá là nguyên nhân chính gây ung thư phổi.,A2
MYQ5iy3aRSo_sentence_779.wav,Indoors,Ở trong,A1
MYQ5iy3aRSo_sentence_782.wav,He sometimes wears sunglasses indoors.,Đôi khi ông đeo kính râm trong nhà.,A2
MYQ5iy3aRSo_sentence_818.wav,Could you recommend a good travel agency?,Anh có thể giới thiệu cho tôi một công ty du lịch tốt không?,A2
MYQ5iy3aRSo_sentence_819.wav,Lover.,Người yêu.,A1
MYQ5iy3aRSo_sentence_837.wav,This diet is suited to anyone who wants to lose weight fast.,Chế độ ăn này phù hợp với bất kỳ ai muốn giảm cân nhanh.,A2
MYQ5iy3aRSo_sentence_845.wav,The chemical formula for water is H2O.,Công thức hoá học của nước là H2O.,A2
MYQ5iy3aRSo_sentence_847.wav,Ruin,Phá huỷ,A1
MYQ5iy3aRSo_sentence_860.wav,I will wait here till he comes.,Tôi sẽ chờ ở đây cho tới khi hắn tới.,A2
MYQ5iy3aRSo_sentence_861.wav,You never know what you can do till you try.,Anh không bao giờ biết mình có thể làm gì cho đến khi anh thử.,A2
MYQ5iy3aRSo_sentence_863.wav,We're open till 9pm today.,Chúng tôi mở cửa đến 9 giờ tối nay.,A2
MYQ5iy3aRSo_sentence_869.wav,Doc.,Doc.,A1
MYQ5iy3aRSo_sentence_873.wav,The island is a small green dot on the map.,Hòn đảo là một chấm nhỏ màu xanh lá cây trên bản đồ.,A2
MYQ5iy3aRSo_sentence_876.wav,What do these dots represent on the map?,Những chấm này thể hiện cái gì trên bản đồ?,A2
MYQ5iy3aRSo_sentence_915.wav,React.,Phản ứng.,A1
MYQ5iy3aRSo_sentence_916.wav,How did everyone react?,Mọi người phản ứng thế nào?,A1
MYQ5iy3aRSo_sentence_920.wav,Obtain,Thu thập,A2
MYQ5iy3aRSo_sentence_922.wav,You must obtain approval before you can go.,Anh phải được chấp thuận trước khi anh có thể đi.,A2
MYQ5iy3aRSo_sentence_926.wav,These items are hard to obtain.,Những mặt hàng này rất khó có được.,A2
OtMigTGv7io_sentence_001.wav,These genes are designed specifically for women. She mentioned you specifically.,Những gen này được thiết kế đặc biệt cho phụ nữ.,A2
OtMigTGv7io_sentence_019.wav,Related.,Liên quan.,A2
OtMigTGv7io_sentence_027.wav,This question is closely related to the previous one.,Câu hỏi này liên quan chặt chẽ với câu hỏi trước.,B1
OtMigTGv7io_sentence_066.wav,She is under the influence of drugs.,Cô ấy đang bị ảnh hưởng bởi ma tuý.,A1
OtMigTGv7io_sentence_095.wav,Interest.,Sự quan tâm.,A1
OtMigTGv7io_sentence_103.wav,"That's your signature, isn't it?","Chữ ký của anh, phải không?",A2
OtMigTGv7io_sentence_107.wav,That's not my signature.,Đó không phải chữ ký của tôi.,A2
OtMigTGv7io_sentence_108.wav,I need your signature here.,Tôi cần chữ ký của anh ở đây.,A1
OtMigTGv7io_sentence_109.wav,License,Giấy phép,A1
OtMigTGv7io_sentence_110.wav,May I see your driver's license?,Tôi có thể xem bằng lái của anh không?,A2
OtMigTGv7io_sentence_140.wav,I feel like I'm making progress.,Tôi cảm thấy như tôi đang tiến bộ.,A1
OtMigTGv7io_sentence_157.wav,Whiskey contains a large percentage of alcohol.,Rượu whisky chứa một lượng lớn cồn.,A2
OtMigTGv7io_sentence_160.wav,Project,Dự án,A1
OtMigTGv7io_sentence_169.wav,What will happen if I press this button?,Chuyện gì sẽ xảy ra nếu tôi nhấn nút này?,A2
OtMigTGv7io_sentence_181.wav,Challenge,Thách thức,A1
OtMigTGv7io_sentence_199.wav,Cover.,Che lại.,A1
OtMigTGv7io_sentence_202.wav,He was covered with mud from head to foot.,Người anh ta đầy bùn từ đầu đến chân.,A2
OtMigTGv7io_sentence_207.wav,I read the book from cover to cover.,Tôi đọc cuốn sách từ đầu đến cuối.,A1
OtMigTGv7io_sentence_218.wav,I'll come to your place.,Tôi sẽ đến chỗ anh.,A1
OtMigTGv7io_sentence_255.wav,quite.,khá.,A1
OtMigTGv7io_sentence_267.wav,You lost your job? That sucks!,Anh mất việc rồi sao?,A2
OtMigTGv7io_sentence_288.wav,Advantage.,Lợi thế.,A1
OtMigTGv7io_sentence_295.wav,Construction.,Xây dựng.,A2
OtMigTGv7io_sentence_339.wav,Mine,Của tôi,A1
OtMigTGv7io_sentence_343.wav,This book is mine.,Cuốn sách này là của tôi.,A1
OtMigTGv7io_sentence_349.wav,Eat your soup before it gets cold.,Ăn súp trước khi nó nguội.,A1
OtMigTGv7io_sentence_350.wav,Never.,Không bao giờ.,A1
OtMigTGv7io_sentence_354.wav,Financial.,Tài chính.,A2
OtMigTGv7io_sentence_357.wav,There was a financial crisis in 2009.,Có một cuộc khủng hoảng tài chính vào năm 2009.,A2
OtMigTGv7io_sentence_362.wav,Don't be so negative.,Đừng tiêu cực quá.,A1
OtMigTGv7io_sentence_370.wav,The results of both tests were negative.,Kết quả của cả hai xét nghiệm đều âm tính.,A2
OtMigTGv7io_sentence_371.wav,A negative mind will never give you a positive life.,Tâm tiêu cực sẽ không bao giờ cho bạn một cuộc sống tích cực.,A2
OtMigTGv7io_sentence_372.wav,"Brother, this bicycle belongs to my brother. I had a fight with my older brother yesterday.","Anh à, chiếc xe này là của anh trai em, em đã cãi nhau với anh trai em hôm qua.",A2
OtMigTGv7io_sentence_374.wav,D overcome.,D vượt qua.,A2
OtMigTGv7io_sentence_393.wav,Her older sister got married last month.,Chị gái cô ấy kết hôn tháng trước.,A2
OtMigTGv7io_sentence_413.wav,There's no obvious solution to the problem.,Không có giải pháp rõ ràng cho vấn đề này.,A2
OtMigTGv7io_sentence_428.wav,Nervous,Lo lắng,A1
OtMigTGv7io_sentence_432.wav,Nervous.,Lo lắng.,A1
OtMigTGv7io_sentence_439.wav,Tall.,Cao ráo.,A1
OtMigTGv7io_sentence_445.wav,She is a member of this organization.,Cô ấy là thành viên của tổ chức này.,A2
OtMigTGv7io_sentence_464.wav,What time is the meeting?,Cuộc họp lúc mấy giờ?,A1
OtMigTGv7io_sentence_472.wav,I don't eat meat.,Tôi không ăn thịt.,A1
OtMigTGv7io_sentence_485.wav,Normally,Thông thường,A1
OtMigTGv7io_sentence_486.wav,Her heart is beating normally.,Tim cô ấy đập bình thường.,A1
OtMigTGv7io_sentence_495.wav,I don't think he is fit for the job.,Tôi không nghĩ anh ta phù hợp với công việc này.,A2
OtMigTGv7io_sentence_503.wav,Mix,Trộn,A1
OtMigTGv7io_sentence_508.wav,Training,Huấn luyện,A1
OtMigTGv7io_sentence_509.wav,I am busy attending the staff training now.,Tôi đang bận tham dự khóa huấn luyện nhân viên.,A2
OtMigTGv7io_sentence_518.wav,This is the best part of the movie.,Đây là phần hay nhất của bộ phim.,A1
OtMigTGv7io_sentence_524.wav,Curious.,Tò mò.,A1
OtMigTGv7io_sentence_526.wav,So we took a small bite.,Nên chúng tôi đã cắn một miếng nhỏ.,A1
OtMigTGv7io_sentence_534.wav,He was curious how it would taste.,Nó tò mò không biết mùi vị của món ăn sẽ như thế nào.,A1
OtMigTGv7io_sentence_536.wav,I'm curious to know what he said.,Tôi tò mò muốn biết anh ta nói gì.,A1
OtMigTGv7io_sentence_538.wav,Plant.,Trồng cây.,A2
OtMigTGv7io_sentence_545.wav,Population,Số lượng,A2
OtMigTGv7io_sentence_564.wav,Happiness.,Hạnh phúc.,A1
OtMigTGv7io_sentence_565.wav,Money doesn't always bring happiness.,Tiền không phải lúc nào cũng đem lại hạnh phúc.,A2
OtMigTGv7io_sentence_580.wav,Alarm,Báo động,A1
OtMigTGv7io_sentence_590.wav,Natural,Tự nhiên,A1
OtMigTGv7io_sentence_597.wav,I was late as a result of the traffic jam.,Tôi đã bị trễ do kẹt xe.,A2
OtMigTGv7io_sentence_602.wav,Newspaper.,Báo.,A2
OtMigTGv7io_sentence_606.wav,Where is the newspaper?,Tờ báo đâu rồi?,A1
OtMigTGv7io_sentence_607.wav,What newspaper do you read?,Anh đọc báo gì?,A1
OtMigTGv7io_sentence_608.wav,What's your favorite newspaper?,Tờ báo yêu thích của bạn là gì?,A1
OtMigTGv7io_sentence_616.wav,We'll make an exception this time.,Lần này chúng ta sẽ có ngoại lệ.,A2
OtMigTGv7io_sentence_617.wav,There are no exceptions to this rule.,Không có ngoại lệ nào cho quy tắc này.,A2
OtMigTGv7io_sentence_628.wav,That's not my concern.,Đó không phải là việc của tôi.,A2
OtMigTGv7io_sentence_647.wav,She was too shy to ask anyone for help.,Cô ấy quá nhút nhát để nhờ ai giúp đỡ.,A2
OtMigTGv7io_sentence_674.wav,When did you plant this tree?,Anh trồng cái cây này khi nào?,A1
OtMigTGv7io_sentence_680.wav,Have you ever planted a tree?,Anh đã bao giờ trồng cây chưa?,A1
OtMigTGv7io_sentence_683.wav,Your advice is always helpful to me.,Lời khuyên của anh luôn có ích cho tôi.,A2
OtMigTGv7io_sentence_748.wav,He has no interest in politics.,Ông không quan tâm đến chính trị.,A2
OtMigTGv7io_sentence_763.wav,Die,Chết,A1
OtMigTGv7io_sentence_783.wav,Is your car licensed?,Xe của anh có giấy phép không?,A1
OtMigTGv7io_sentence_789.wav,I have a very important meeting this morning.,Sáng nay tôi có một cuộc họp rất quan trọng.,A1
OtMigTGv7io_sentence_790.wav,"What's important is not the destination, but the journey.","Điều quan trọng không phải là đích đến, mà là hành trình.",A2
OtMigTGv7io_sentence_801.wav,I've been in a similar situation before.,Tôi đã từng ở trong tình huống tương tự trước đây.,A2
OtMigTGv7io_sentence_818.wav,This coat doesn't fit me.,Cái áo này không vừa với tôi.,A2
OtMigTGv7io_sentence_830.wav,Don't challenge someone who has nothing to lose.,Đừng thách thức người không có gì để mất.,A2
OtMigTGv7io_sentence_836.wav,What is the population of France?,Dân số Pháp là bao nhiêu?,A2
OtMigTGv7io_sentence_864.wav,He's a curious boy who always questions.,Nó là một cậu bé tò mò luôn luôn đặt câu hỏi.,A2
OtMigTGv7io_sentence_877.wav,Do you have any tickets for today's performance?,Anh có vé cho buổi diễn hôm nay không?,A2
OtMigTGv7io_sentence_903.wav,The fire alarm went off in the middle of the night.,Còi báo cháy kêu vào giữa đêm.,A2
OtMigTGv7io_sentence_927.wav,Post Office,Bưu điệnName,A2
OtMigTGv7io_sentence_928.wav,Where is the post office?,Bưu điện ở đâu?,A1
PdQfA-Fhcmk_sentence_000.wav,Lowly.,Thấp.,A2
PdQfA-Fhcmk_sentence_024.wav,Tomorrow is my birthday.,Ngày mai là sinh nhật tôi.,A1
PdQfA-Fhcmk_sentence_025.wav,Ring,Stacked,A1
PdQfA-Fhcmk_sentence_040.wav,My hobbies include reading and painting.,Sở thích của tôi bao gồm đọc sách và vẽ tranh.,A2
PdQfA-Fhcmk_sentence_041.wav,Okay.,Được rồi.,A1
PdQfA-Fhcmk_sentence_044.wav,Uh-huh.,Uh-huh.,A1
PdQfA-Fhcmk_sentence_055.wav,"I like red, green, and pink.","Tôi thích màu đỏ, xanh lá cây, và hồng.",A1
PdQfA-Fhcmk_sentence_059.wav,Map.,Bản đồ.,A1
PdQfA-Fhcmk_sentence_062.wav,"Excuse me, where am I on this map?","Xin lỗi, tôi đang ở đâu trên bản đồ này?",A1
PdQfA-Fhcmk_sentence_063.wav,I'd like a map of the city.,Tôi muốn một bản đồ thành phố.,A1
PdQfA-Fhcmk_sentence_073.wav,Feeling,Cảm giác,A1
PdQfA-Fhcmk_sentence_075.wav,I have a feeling that he is right.,Tôi có cảm giác là anh ta đúng.,A1
PdQfA-Fhcmk_sentence_087.wav,He did everything by himself.,Anh ta tự làm mọi thứ.,A1
PdQfA-Fhcmk_sentence_095.wav,Drunken driving is a serious problem.,Say rượu lái xe là một vấn đề nghiêm trọng.,A2
PdQfA-Fhcmk_sentence_099.wav,Between That is the border between Mexico and the United States.,Đó là biên giới giữa Mexico và Hoa Kỳ.,A2
PdQfA-Fhcmk_sentence_108.wav,Exit.,Thoát.,A1
PdQfA-Fhcmk_sentence_112.wav,There is an emergency exit in the rear.,Có một lối thoát hiểm ở phía sau.,A2
PdQfA-Fhcmk_sentence_120.wav,Job.,Công việc.,A1
PdQfA-Fhcmk_sentence_121.wav,Good job.,Làm tốt lắm.,A1
PdQfA-Fhcmk_sentence_125.wav,He's trying to get a job.,Anh ta đang cố kiếm việc làm.,A1
PdQfA-Fhcmk_sentence_126.wav,I think it's time for me to get a new job.,Tôi nghĩ đã đến lúc tôi tìm một công việc mới.,A1
PdQfA-Fhcmk_sentence_134.wav,Sister,Chị ơi!,A1
PdQfA-Fhcmk_sentence_135.wav,She's my sister.,Nó là em gái tôi.,A1
PdQfA-Fhcmk_sentence_139.wav,We're sisters.,Chúng ta là chị em.,A1
PdQfA-Fhcmk_sentence_140.wav,Do you have any brothers or sisters?,Anh có anh chị em nào không?,A1
PdQfA-Fhcmk_sentence_146.wav,We walked more quickly than usual.,Chúng tôi đi nhanh hơn thường lệ.,A2
PdQfA-Fhcmk_sentence_148.wav,Dark.,Tối.,A2
PdQfA-Fhcmk_sentence_149.wav,Dark clouds gathered in the sky.,Những đám mây đen tụ lại trên bầu trời.,A2
PdQfA-Fhcmk_sentence_172.wav,Protect.,Bảo vệ.,A1
PdQfA-Fhcmk_sentence_175.wav,You are the only one who can protect them.,Anh là người duy nhất có thể bảo vệ họ.,A1
PdQfA-Fhcmk_sentence_186.wav,Read.,Đọc sách.,A1
PdQfA-Fhcmk_sentence_188.wav,I've read this book before.,Tôi đã đọc cuốn sách này trước đây.,A1
PdQfA-Fhcmk_sentence_196.wav,That can happen sometimes.,Đôi khi điều đó cũng có thể xảy ra.,A2
PdQfA-Fhcmk_sentence_197.wav,I hate this job sometimes.,Đôi khi tôi ghét công việc này.,A1
PdQfA-Fhcmk_sentence_202.wav,What brings you here? You aren't permitted to bring dogs into this building. Song.,Ngươi không được phép mang chó vào đây Song.,A2
PdQfA-Fhcmk_sentence_204.wav,"When I hear that song, I remember my younger days.","Khi tôi nghe bài hát đó, tôi nhớ lại những ngày còn trẻ.",A2
PdQfA-Fhcmk_sentence_205.wav,Can you sing this song?,Hát bài này được không?,A1
PdQfA-Fhcmk_sentence_228.wav,Can we talk in private?,Chúng ta nói chuyện riêng được không?,A1
PdQfA-Fhcmk_sentence_231.wav,She wrote something on a small piece of paper.,Cô ấy viết gì đó lên một mảnh giấy nhỏ.,A1
PdQfA-Fhcmk_sentence_238.wav,Milk is my favorite drink.,Sữa là thức uống yêu thích của tôi.,A1
PdQfA-Fhcmk_sentence_240.wav,Can I have some more milk?,Cho tôi thêm sữa được không?,A1
PdQfA-Fhcmk_sentence_242.wav,Would you like a cup of milk?,Cô muốn uống sữa không?,A1
PdQfA-Fhcmk_sentence_292.wav,I have to iron my shirt.,Tôi phải là áo.,A1
PdQfA-Fhcmk_sentence_304.wav,I retired last year.,Tôi nghỉ hưu năm ngoái.,A2
PdQfA-Fhcmk_sentence_305.wav,Where did you live last year?,Năm ngoái anh sống ở đâu?,A1
PdQfA-Fhcmk_sentence_346.wav,Sleep is necessary for good health.,Giấc ngủ là cần thiết cho một sức khoẻ tốt.,A2
PdQfA-Fhcmk_sentence_350.wav,Smell.,Mùi hương.,A1
PdQfA-Fhcmk_sentence_352.wav,What's that smell?,Mùi gì thế nhỉ?,A1
PdQfA-Fhcmk_sentence_353.wav,Do you smell anything?,Anh có ngửi thấy gì không?,A1
PdQfA-Fhcmk_sentence_357.wav,Signature,Chữ ký,A1
PdQfA-Fhcmk_sentence_372.wav,Where did you go last Sunday?,Chủ nhật tuần trước anh đi đâu?,A1
PdQfA-Fhcmk_sentence_378.wav,Exactly.,Chính xác.,A2
PdQfA-Fhcmk_sentence_379.wav,I don't know the exact price of that air conditioner.,Tôi không biết chính xác giá của cái máy điều hòa đó.,A2
PdQfA-Fhcmk_sentence_380.wav,I don't know the exact place I was born.,Tôi không biết chính xác nơi tôi sinh ra.,A2
PdQfA-Fhcmk_sentence_381.wav,"Can you tell me the exact time, please?",Làm ơn cho tôi biết chính xác thời gian được không?,A2
PdQfA-Fhcmk_sentence_390.wav,Apartment.,Căn hộ.,A1
PdQfA-Fhcmk_sentence_393.wav,We lived in an apartment for several years before buying a house.,Chúng tôi sống trong một căn hộ vài năm trước khi mua nhà.,A2
PdQfA-Fhcmk_sentence_395.wav,They are looking for an apartment to rent.,Họ đang tìm một căn hộ để thuê.,A2
PdQfA-Fhcmk_sentence_399.wav,Our problems are nothing compared to theirs.,Vấn đề của chúng ta không là gì so với họ.,A2
PdQfA-Fhcmk_sentence_400.wav,Don't compare your children with others.,Đừng so sánh con cái của bạn với người khác.,A2
PdQfA-Fhcmk_sentence_412.wav,Do you mind if I smoke?,Tôi hút thuốc được không?,A1
PdQfA-Fhcmk_sentence_414.wav,Are you losing your mind?,Anh mất trí rồi à?,A1
PdQfA-Fhcmk_sentence_417.wav,Somebody help me.,Ai đó giúp tôi với.,A1
PdQfA-Fhcmk_sentence_418.wav,Someone's knocking at the door.,Có ai đó đang gõ cửa.,A1
PdQfA-Fhcmk_sentence_419.wav,I want somebody to talk to.,Tôi muốn nói chuyện với ai đó.,A1
PdQfA-Fhcmk_sentence_423.wav,Danger.,Nguy hiểm.,A1
PdQfA-Fhcmk_sentence_425.wav,What dangers do we face?,Chúng ta phải đối mặt với những nguy hiểm nào?,A1
PdQfA-Fhcmk_sentence_427.wav,I'm afraid that you're in danger.,Tôi e rằng anh đang gặp nguy hiểm.,A1
PdQfA-Fhcmk_sentence_429.wav,Do you realize the danger you're in?,Anh có nhận ra nguy hiểm mà anh đang gặp phải không?,A1
PdQfA-Fhcmk_sentence_434.wav,He's probably sleeping.,Chắc là nó đang ngủ.,A1
PdQfA-Fhcmk_sentence_439.wav,She is a quiet woman.,Cô ấy là một người phụ nữ trầm lặng.,A1
PdQfA-Fhcmk_sentence_440.wav,Please be quiet for a moment.,Xin hãy yên lặng một chút.,A1
PdQfA-Fhcmk_sentence_442.wav,Global.,Toàn cầu.,A2
PdQfA-Fhcmk_sentence_443.wav,English is a global language.,Tiếng Anh là một ngôn ngữ toàn cầu.,A2
PdQfA-Fhcmk_sentence_456.wav,I have reserved a room in the name of Jones.,Tôi đã đặt phòng cho Jones.,A2
PdQfA-Fhcmk_sentence_461.wav,Active.,Hoạt động.,A1
PdQfA-Fhcmk_sentence_474.wav,"Turn off the alarm clock, please.",Làm ơn tắt đồng hồ báo thức đi.,A1
PdQfA-Fhcmk_sentence_475.wav,Budget. We can't buy any more equipment or we'll go over budget. They have a limited budget.,Ngân sách. Chúng ta không thể mua thêm thiết bị nếu không sẽ vượt quá ngân sách. Họ có ngân sách hạn chế.,B1
PdQfA-Fhcmk_sentence_485.wav,Profit.,Lợi nhuận.,A2
PdQfA-Fhcmk_sentence_494.wav,May I ask you a few questions?,Tôi có thể hỏi anh vài câu không?,A1
PdQfA-Fhcmk_sentence_495.wav,May I come in?,Tôi vào được không?,A1
PdQfA-Fhcmk_sentence_500.wav,He will be here in half an hour.,Nửa tiếng nữa hắn sẽ tới đây.,A2
PdQfA-Fhcmk_sentence_501.wav,She calls me every night and talks for at least an hour.,Cô ấy gọi cho tôi mỗi đêm và nói chuyện ít nhất một tiếng.,A2
PdQfA-Fhcmk_sentence_514.wav,Can I extend my stay one more night?,Tôi có thể kéo dài thời gian ở lại thêm một đêm nữa không?,A2
PdQfA-Fhcmk_sentence_520.wav,Pause.,Tạm dừng.,A2
PdQfA-Fhcmk_sentence_546.wav,Cog.,Cog.,A2
PdQfA-Fhcmk_sentence_548.wav,She always goes to work by car.,Cô ấy luôn đi làm bằng xe hơi.,A2
PdQfA-Fhcmk_sentence_549.wav,That's my dream car.,Đó là chiếc xe trong mơ của tôi.,A1
PdQfA-Fhcmk_sentence_550.wav,He has just bought a new car.,Anh ta vừa mua một chiếc xe mới.,A1
RMVcmyfKg44_sentence_010.wav,You can't count on his help.,Anh không thể trông cậy vào sự giúp đỡ của anh ta.,A2
RMVcmyfKg44_sentence_011.wav,What's the matter with?,Có chuyện gì vậy?,A1
RMVcmyfKg44_sentence_017.wav,What's wrong with this machine?,Cái máy này bị sao vậy?,A2
RMVcmyfKg44_sentence_027.wav,Be careful not to spill the milk.,Cẩn thận đừng làm đổ sữa.,A2
RMVcmyfKg44_sentence_040.wav,How long does it take?,Mất bao lâu để làm được điều đó?,A1
RMVcmyfKg44_sentence_051.wav,There is nothing as,Không có gì như,A2
RMVcmyfKg44_sentence_066.wav,There's nothing as pleasant as spending a weekend in the countryside.,Không có gì vui hơn là dành một cuối tuần ở nông thôn.,A2
RMVcmyfKg44_sentence_081.wav,His intelligence and experience enabled him to deal with the trouble.,Trí thông minh và kinh nghiệm của ông cho phép ông giải quyết vấn đề.,B1
RMVcmyfKg44_sentence_089.wav,"Thanks to their help, we accomplished the task on time.","Nhờ sự giúp đỡ của họ, chúng tôi đã hoàn thành nhiệm vụ đúng thời hạn.",A2
RMVcmyfKg44_sentence_091.wav,"Thanks to your timely warning, I didn't make a mistake.","Nhờ có lời cảnh báo kịp thời của anh, tôi đã không phạm sai lầm.",A2
RMVcmyfKg44_sentence_092.wav,In general.,Nói chung.,A2
RMVcmyfKg44_sentence_109.wav,It's too bad that.,Thật tệ là vậy.,A1
RMVcmyfKg44_sentence_110.wav,It's too bad that you couldn't come.,Thật tệ là anh không thể đến.,A1
RMVcmyfKg44_sentence_116.wav,What do you mean by?,Ý anh là sao?,A2
RMVcmyfKg44_sentence_123.wav,Please check in at reception when you arrive.,Vui lòng kiểm tra tại quầy lễ tân khi bạn đến.,A2
RMVcmyfKg44_sentence_136.wav,I'm literally dying to talk with you about it.,Tôi thực sự muốn nói với anh về nó.,A2
RMVcmyfKg44_sentence_145.wav,The point is that,Vấn đề là,A2
RMVcmyfKg44_sentence_153.wav,I'm not rich enough to buy that car.,Tôi không đủ giàu để mua chiếc xe đó.,A2
RMVcmyfKg44_sentence_165.wav,I have difficulty concentrating.,Tôi khó tập trung quá.,A1
RMVcmyfKg44_sentence_166.wav,I have difficulty in reading your handwriting.,Tôi gặp khó khăn khi đọc chữ viết của anh.,A2
RMVcmyfKg44_sentence_170.wav,I had difficulty in persuading her to stay.,Tôi đã gặp khó khăn trong việc thuyết phục cô ấy ở lại.,A2
RMVcmyfKg44_sentence_173.wav,I would like to hang out with you this weekend.,Tôi muốn đi chơi với cô cuối tuần này.,A1
RMVcmyfKg44_sentence_181.wav,We spent the whole day hanging out by the pool.,Chúng tôi đã dành cả ngày để chơi ở bể bơi.,A1
RMVcmyfKg44_sentence_186.wav,I would rather stay than leave.,Tôi thà ở lại còn hơn bỏ đi.,A2
RMVcmyfKg44_sentence_188.wav,The mother would rather die than lose her child.,Người mẹ thà chết còn hơn mất con.,A2
RMVcmyfKg44_sentence_218.wav,I can't help but feel partly responsible.,Tôi không thể không cảm thấy có trách nhiệm một phần.,A2
RMVcmyfKg44_sentence_224.wav,"It's not that I don't like the car, but I think it's too expensive.","Không phải là tôi không thích chiếc xe, nhưng tôi nghĩ nó quá đắt.",A2
RMVcmyfKg44_sentence_244.wav,Whether or not,Có hay không,A2
RMVcmyfKg44_sentence_254.wav,I will come whether it snows or not.,Tôi sẽ đến dù có tuyết rơi hay không.,A2
RMVcmyfKg44_sentence_255.wav,You'd better.,Tốt hơn là anh nên làm thế.,A1
RMVcmyfKg44_sentence_269.wav,Not until,Không cho đến khi,A2
RMVcmyfKg44_sentence_274.wav,The secret was not discovered until he was dead.,Bí mật không được khám phá cho đến khi ông qua đời.,A2
RMVcmyfKg44_sentence_287.wav,Show up.,Hãy xuất hiện.,A1
RMVcmyfKg44_sentence_289.wav,He always showed up late for work.,Anh ấy luôn đến muộn.,A2
RMVcmyfKg44_sentence_299.wav,There's no way.,Không có cách nào đâu.,A1
RMVcmyfKg44_sentence_301.wav,There's no way we can finish it on time.,Không có cách nào để hoàn thành nó đúng hạn.,A2
RMVcmyfKg44_sentence_302.wav,There's no way to know what happened.,Không có cách nào biết chuyện gì đã xảy ra.,A2
RMVcmyfKg44_sentence_303.wav,There's no way I'm going to do that.,Không đời nào tôi làm thế.,A1
RMVcmyfKg44_sentence_317.wav,I intend to.,Tôi cũng định thế.,A1
RMVcmyfKg44_sentence_323.wav,What do you intend to do?,Anh định làm gì?,A1
RMVcmyfKg44_sentence_324.wav,Do you have available?,Anh có thời gian không?,A1
RMVcmyfKg44_sentence_342.wav,I cannot wait to.,Tôi không thể chờ đợi để.,A1
RMVcmyfKg44_sentence_343.wav,I can't wait to see my family.,Tôi không thể chờ để gặp gia đình mình.,A1
RMVcmyfKg44_sentence_344.wav,I can't wait to hear from you.,Tôi không thể chờ để nghe tin từ anh.,A2
RMVcmyfKg44_sentence_345.wav,I can't wait to buy a computer.,Tôi không thể chờ để mua một cái máy tính.,A1
RMVcmyfKg44_sentence_346.wav,I can't wait to I'm not really happy with.,Tôi không thể chờ đến khi tôi không thực sự hạnh phúc với.,A2
RMVcmyfKg44_sentence_347.wav,I'm not really happy with their performance.,Tôi không thực sự hài lòng với màn trình diễn của họ.,A2
RMVcmyfKg44_sentence_348.wav,I'm not really happy with your behaviour.,Tôi không thực sự hạnh phúc với hành vi của bạn.,A2
RMVcmyfKg44_sentence_349.wav,I'm not really happy with their service.,Tôi không thực sự hài lòng với dịch vụ của họ.,A2
RMVcmyfKg44_sentence_350.wav,"I'm not really, I would.","Không, tôi sẽ không làm thế.",A1
RMVcmyfKg44_sentence_352.wav,"If I were you, I would propose to her.","Nếu tôi là anh, tôi sẽ cầu hôn cô ấy.",A2
RMVcmyfKg44_sentence_354.wav,If sooner or later.,Sớm muộn gì cũng vậy.,A1
RMVcmyfKg44_sentence_362.wav,Count on.,Hãy tin tưởng.,A1
RMVcmyfKg44_sentence_369.wav,How much?,Bao nhiêu?,A1
RMVcmyfKg44_sentence_371.wav,How much do you charge per hour?,Bạn tính phí bao nhiêu mỗi giờ?,A2
RMVcmyfKg44_sentence_377.wav,Turn off.,Tắt máy.,A1
RMVcmyfKg44_sentence_379.wav,I forgot to turn off the light.,Tôi quên tắt đèn.,A1
RMVcmyfKg44_sentence_381.wav,As,Như,A2
RMVcmyfKg44_sentence_382.wav,As possible.,Nếu có thể.,A2
RMVcmyfKg44_sentence_383.wav,I'll be back as soon as possible.,Tôi sẽ quay lại sớm nhất có thể.,A2
RMVcmyfKg44_sentence_384.wav,I'll work as hard as I can.,Tôi sẽ làm việc chăm chỉ nhất có thể.,A1
RMVcmyfKg44_sentence_385.wav,Try to be as careful as possible.,Cố gắng hết sức cẩn thận.,A1
RMVcmyfKg44_sentence_386.wav,I'll be careful with.,Tôi sẽ cẩn thận với.,A1
RMVcmyfKg44_sentence_397.wav,As soon as,Ngay khi,A1
RMVcmyfKg44_sentence_417.wav,No wonder,Không có gì lạ,A1
RMVcmyfKg44_sentence_418.wav,"You eat so little, no wonder you are so slim.","Ăn ít thế, không ngạc nhiên khi cô gầy như vậy.",A2
RMVcmyfKg44_sentence_419.wav,Are you a librarian?,Anh là thủ thư à?,A1
RMVcmyfKg44_sentence_420.wav,No wonder you are so well read.,Thảo nào anh đọc nhiều thế.,A1
RMVcmyfKg44_sentence_422.wav,No wonder you walk so slowly.,Hèn chi anh đi chậm vậy.,A1
RMVcmyfKg44_sentence_426.wav,There is something wrong with your leg.,Chân anh bị sao đó.,A1
RMVcmyfKg44_sentence_428.wav,At all.,Không hề.,A1
RMVcmyfKg44_sentence_435.wav,Deal with,Đối phó với,A1
RTQzXWhlRFM_sentence_003.wav,Introduction.,Mở đầu.,A2
RTQzXWhlRFM_sentence_004.wav,Thank you for the introduction.,Cảm ơn vì lời giới thiệu.,A1
RTQzXWhlRFM_sentence_016.wav,Center.,Giữa.,A1
RTQzXWhlRFM_sentence_020.wav,Joke,Trò đùa,A1
RTQzXWhlRFM_sentence_027.wav,I didn't get the joke.,Tôi không hiểu câu đùa.,A1
RTQzXWhlRFM_sentence_031.wav,Fail.,Thất bại.,A1
RTQzXWhlRFM_sentence_040.wav,I failed my driving test.,Tôi đã trượt kỳ thi lái xe.,A1
RTQzXWhlRFM_sentence_048.wav,"If you follow this street, you will get to the station.","Nếu đi theo con đường này, anh sẽ tới nhà ga.",A2
RTQzXWhlRFM_sentence_049.wav,Yesterday I met her on the street.,Hôm qua tôi gặp cô ấy trên đường.,A2
RTQzXWhlRFM_sentence_055.wav,There is a page missing.,Thiếu một trang.,A1
RTQzXWhlRFM_sentence_072.wav,You've been selected.,Anh đã được chọn.,A1
RTQzXWhlRFM_sentence_074.wav,Use the mouse to select the text you want to copy.,Sử dụng chuột để chọn văn bản mà bạn muốn sao chép.,A2
RTQzXWhlRFM_sentence_1004.wav,Breath,Hơi thởName,A1
RTQzXWhlRFM_sentence_1005.wav,Take a deep breath and then relax.,Hít một hơi thật sâu và sau đó thư giãn.,A1
RTQzXWhlRFM_sentence_1006.wav,How long can you hold your breath?,Anh có thể nín thở bao lâu?,A1
RTQzXWhlRFM_sentence_1008.wav,Journey.,Hành trình.,A1
RTQzXWhlRFM_sentence_101.wav,I bought a pair of running shoes yesterday.,Hôm qua tôi mua một đôi giày chạy.,A1
RTQzXWhlRFM_sentence_1015.wav,Appear.,Xuất hiện.,A1
RTQzXWhlRFM_sentence_102.wav,Library,Thư viện,A1
RTQzXWhlRFM_sentence_1021.wav,He appears to be a friendly guy.,Anh ta có vẻ là một người thân thiện.,A1
RTQzXWhlRFM_sentence_1026.wav,Music,Âm nhạc,A1
RTQzXWhlRFM_sentence_1031.wav,"I was lucky, basically.",Cơ bản là tôi đã may mắn.,A2
RTQzXWhlRFM_sentence_1032.wav,"Basically, we made a mistake.","Về cơ bản, chúng tôi đã phạm sai lầm.",A2
RTQzXWhlRFM_sentence_1036.wav,Who's the captain of this ship?,Ai là thuyền trưởng của con tàu này?,A2
RTQzXWhlRFM_sentence_1050.wav,That how totally.,Đó là như thế nào hoàn toàn.,A1
RTQzXWhlRFM_sentence_1053.wav,This behavior is totally unacceptable.,Hành vi này hoàn toàn không thể chấp nhận được.,A1
RTQzXWhlRFM_sentence_1056.wav,Americans eat a lot of meat.,Người Mỹ ăn rất nhiều thịt.,A2
RTQzXWhlRFM_sentence_1061.wav,Yan.,Yan.,A2
RTQzXWhlRFM_sentence_1066.wav,Truth.,Sự thật.,A1
RTQzXWhlRFM_sentence_107.wav,See you tomorrow at the library.,Mai gặp lại ở thư viện nhé.,A1
RTQzXWhlRFM_sentence_1071.wav,"You think I don't care about it, but nothing could be further from the truth.","Anh nghĩ tôi không quan tâm, nhưng không có gì có thể xa hơn sự thật.",A2
RTQzXWhlRFM_sentence_1076.wav,Why don't you go on a diet?,Sao anh không ăn kiêng đi?,A1
RTQzXWhlRFM_sentence_113.wav,Reality,Thực tế,A1
RTQzXWhlRFM_sentence_116.wav,"A dream doesn't become reality through magic. It takes sweat, determination, and hard work.","Giấc mơ không trở thành hiện thực nhờ phép màu. Nó cần mồ hôi, quyết tâm và làm việc chăm chỉ.",B1
RTQzXWhlRFM_sentence_124.wav,Indeed.,Thật vậy.,A2
RTQzXWhlRFM_sentence_156.wav,I'll come as soon as possible.,Tôi sẽ đến sớm nhất có thể.,A2
RTQzXWhlRFM_sentence_167.wav,The flight was cancelled due to bad weather.,Chuyến bay đã bị huỷ do thời tiết xấu.,A2
RTQzXWhlRFM_sentence_172.wav,Path,Đường dẫn,B1
RTQzXWhlRFM_sentence_187.wav,It.,Nó.,A1
RTQzXWhlRFM_sentence_194.wav,Do you know who made it?,Anh có biết ai làm không?,A1
RTQzXWhlRFM_sentence_206.wav,He translated the letter into English.,Ông dịch bức thư sang tiếng Anh.,A2
RTQzXWhlRFM_sentence_208.wav,I'd like you to translate this book into English.,Tôi muốn bạn dịch cuốn sách này sang tiếng Anh.,A2
RTQzXWhlRFM_sentence_210.wav,She travelled all over the world.,Cô ấy đi khắp thế giới.,A2
RTQzXWhlRFM_sentence_226.wav,Include me in your plans.,Cho tôi vào kế hoạch của anh.,A1
RTQzXWhlRFM_sentence_234.wav,He is a successful entrepreneur.,Anh ấy là một doanh nhân thành đạt.,A2
RTQzXWhlRFM_sentence_236.wav,Original.,Nguyên gốc.,A1
RTQzXWhlRFM_sentence_243.wav,I'll stick to the original plan.,Tôi sẽ theo kế hoạch ban đầu.,A2
RTQzXWhlRFM_sentence_266.wav,Bread.,Bánh mì.,A1
RTQzXWhlRFM_sentence_271.wav,Is there any bread left?,Còn bánh mì không?,A1
RTQzXWhlRFM_sentence_273.wav,Is there any bread left? We have barely enough bread for breakfast. Opening.,Chúng ta chỉ còn đủ bánh mì cho bữa sáng.,A2
RTQzXWhlRFM_sentence_279.wav,Today is the opening day of the exhibition.,Hôm nay là ngày khai mạc triển lãm.,A2
RTQzXWhlRFM_sentence_283.wav,Several couples were on the dance floor.,Một vài cặp đôi đã ở trên sàn nhảy.,A2
RTQzXWhlRFM_sentence_305.wav,I can't stand him any more.,Tôi không thể chịu đựng anh ta nữa.,A1
RTQzXWhlRFM_sentence_314.wav,Mock.,Mock.,A2
RTQzXWhlRFM_sentence_329.wav,Relevant.,Có liên quan.,A2
RTQzXWhlRFM_sentence_336.wav,Appropriate.,Thích hợp.,A2
RTQzXWhlRFM_sentence_347.wav,Divide.,Chia.,A1
RTQzXWhlRFM_sentence_349.wav,We divided the work between us.,Chúng tôi chia sẻ công việc với nhau.,A2
RTQzXWhlRFM_sentence_354.wav,60 divided by 12 is 5.,60 chia cho 12 là 5.,A2
RTQzXWhlRFM_sentence_358.wav,10.,10.,A1
RTQzXWhlRFM_sentence_366.wav,I tend to gain weight easily.,Tôi thường dễ tăng cân.,A2
RTQzXWhlRFM_sentence_367.wav,She tends to underestimate her own ability.,Cô ấy có xu hướng đánh giá thấp khả năng của mình.,B1
RTQzXWhlRFM_sentence_374.wav,Include,& Gồm,A2
RTQzXWhlRFM_sentence_377.wav,The meal includes dessert and beverage.,Bữa ăn bao gồm tráng miệng và đồ uống.,A2
RTQzXWhlRFM_sentence_383.wav,He is well known in the fashion world.,Anh nổi tiếng trong giới thời trang.,A2
RTQzXWhlRFM_sentence_404.wav,Human.,Con người.,A1
RTQzXWhlRFM_sentence_413.wav,My assistant will now give you some instructions.,Trợ lý của tôi sẽ cho anh vài chỉ dẫn.,A2
RTQzXWhlRFM_sentence_432.wav,Sit wherever you like.,Ngồi bất cứ đâu anh thích.,A1
RTQzXWhlRFM_sentence_435.wav,He won a gold medal.,Anh ta đã giành huy chương vàng.,A1
RTQzXWhlRFM_sentence_441.wav,I climbed to the top of the mountain.,Tôi leo lên đỉnh núi.,A1
RTQzXWhlRFM_sentence_443.wav,Exciting.,Thú vị.,A2
RTQzXWhlRFM_sentence_454.wav,Long.,Dài.,A1
RTQzXWhlRFM_sentence_456.wav,It happened a long time ago.,Chuyện đó xảy ra lâu rồi.,A2
RTQzXWhlRFM_sentence_459.wav,It everyone.,Nó tất cả mọi người.,A1
RTQzXWhlRFM_sentence_470.wav,Ago.,Trước.,A1
RTQzXWhlRFM_sentence_474.wav,Manager,Trình quản lý,A1
RTQzXWhlRFM_sentence_483.wav,We're hiring now.,Chúng tôi đang tuyển người.,A2
RTQzXWhlRFM_sentence_485.wav,Force.,Lực.,A1
RTQzXWhlRFM_sentence_488.wav,She was forced into early retirement.,Bà bị buộc phải nghỉ hưu sớm.,A2
RTQzXWhlRFM_sentence_499.wav,There's nothing to be nervous about.,Không có gì phải lo lắng cả.,A1
RTQzXWhlRFM_sentence_518.wav,Sing.,Hát đi.,A1
RTQzXWhlRFM_sentence_520.wav,I usually sing out of tune.,Tôi thường hát lạc tông.,A2
RTQzXWhlRFM_sentence_523.wav,Let's take a picture here.,Hãy chụp một bức ảnh ở đây.,A1
RTQzXWhlRFM_sentence_525.wav,Can I take a picture here?,Tôi chụp ảnh ở đây được không?,A1
RTQzXWhlRFM_sentence_526.wav,Let's take a picture here. Read.,Hãy chụp một bức ảnh ở đây.,A1
RTQzXWhlRFM_sentence_531.wav,You're the only person I can trust.,Anh là người duy nhất tôi có thể tin tưởng.,A1
RTQzXWhlRFM_sentence_535.wav,Have you finished your breakfast yet?,Anh ăn sáng xong chưa?,A1
RTQzXWhlRFM_sentence_537.wav,Have you taken your medicine yet?,Anh uống thuốc chưa?,A1
RTQzXWhlRFM_sentence_538.wav,Have you favor?,Bạn có đặc ân?,A1
RTQzXWhlRFM_sentence_554.wav,don't complicate the matter.,Đừng làm phức tạp vấn đề.,A2
RTQzXWhlRFM_sentence_555.wav,Juice.,Nước ép.,A1
RTQzXWhlRFM_sentence_556.wav,"Two glasses of orange juice, please.",Cho tôi 2 ly nước cam.,A1
RTQzXWhlRFM_sentence_557.wav,"Make yourself at home, there's orange juice in the fridge.","Cứ tự nhiên, có nước cam trong tủ lạnh.",A1
RTQzXWhlRFM_sentence_566.wav,Wife,Vợ,A1
RTQzXWhlRFM_sentence_569.wav,What's your wife's name?,Vợ anh tên gì?,A2
RTQzXWhlRFM_sentence_581.wav,I'd like to have a blood test.,Tôi muốn xét nghiệm máu.,A1
RTQzXWhlRFM_sentence_588.wav,She spends a lot of money on clothes.,Cô ấy tiêu rất nhiều tiền cho quần áo.,A2
RTQzXWhlRFM_sentence_591.wav,He has taken over his father's business. Provide.,Anh ta đã tiếp quản công việc kinh doanh của cha mình.,A2
RTQzXWhlRFM_sentence_597.wav,He worked hard to provide for his family.,Ông ấy đã làm việc chăm chỉ để chu cấp cho gia đình.,A2
RTQzXWhlRFM_sentence_602.wav,Lend.,Cho vay.,A1
RTQzXWhlRFM_sentence_605.wav,I can't lend you this book.,Tôi không thể cho anh mượn cuốn sách này.,A2
RTQzXWhlRFM_sentence_608.wav,Can you lend me some money?,Cho tôi mượn ít tiền được không?,A1
RTQzXWhlRFM_sentence_615.wav,"He was sick, so he couldn't come.","Anh ấy bị bệnh, nên không thể đến.",A2
RTQzXWhlRFM_sentence_618.wav,Why did he do such a thing?,Tại sao hắn lại làm thế?,A1
RTQzXWhlRFM_sentence_621.wav,Why cook?,Tại sao lại nấu ăn?,A1
RTQzXWhlRFM_sentence_632.wav,I need to climb over the wall.,Tôi cần trèo qua tường.,A1
RTQzXWhlRFM_sentence_641.wav,I'm a friend of hers.,Tôi là bạn của cô ấy.,A1
RTQzXWhlRFM_sentence_642.wav,This,Cái này,A1
RTQzXWhlRFM_sentence_648.wav,Please correct the following sentence.,Xin hãy sửa lại câu sau.,A2
RTQzXWhlRFM_sentence_653.wav,It's a big decision.,Đó là một quyết định lớn.,A1
RTQzXWhlRFM_sentence_655.wav,The accounts show a big profit.,Tài khoản cho thấy lợi nhuận lớn.,A2
RTQzXWhlRFM_sentence_658.wav,"I'm very busy, so don't count on me.","Tôi rất bận, nên đừng trông cậy vào tôi.",A2
RTQzXWhlRFM_sentence_660.wav,What's the final count?,- Đếm cuối cùng là bao nhiêu?,A1
RTQzXWhlRFM_sentence_668.wav,else.,"Nếu bạn không thể tự mình làm điều đó, hãy thử tìm một người bạn mới.",A1
RTQzXWhlRFM_sentence_670.wav,My mother gets up earlier than anyone else.,Mẹ tôi dậy sớm hơn bất cứ ai.,A2
RTQzXWhlRFM_sentence_679.wav,Permission,Quyền hạn,A1
RTQzXWhlRFM_sentence_693.wav,Don't beat around the bush.,Đừng vòng vo.,A1
RTQzXWhlRFM_sentence_698.wav,He was beaten to death.,Anh ta bị đánh đến chết.,A1
RTQzXWhlRFM_sentence_699.wav,John beat me at chess.,John thắng tôi trong môn cờ vua.,A1
RTQzXWhlRFM_sentence_701.wav,Middle.,Giữa.,A1
RTQzXWhlRFM_sentence_702.wav,He was standing in the middle of the room.,Ông đang đứng ở giữa phòng.,A2
RTQzXWhlRFM_sentence_703.wav,What's your middle name?,Tên đệm của anh là gì?,A1
RTQzXWhlRFM_sentence_708.wav,The middle finger is the longest.,Ngón giữa là ngón dài nhất.,A2
RTQzXWhlRFM_sentence_714.wav,Do you like my dress? Please be honest.,Anh có thích bộ váy của tôi không?,A1
RTQzXWhlRFM_sentence_724.wav,There is nothing to be proud of.,Không có gì đáng tự hào cả.,A1
RTQzXWhlRFM_sentence_728.wav,I'm very proud of you.,Tôi rất tự hào về anh.,A1
RTQzXWhlRFM_sentence_734.wav,Exist.,Tồn tại.,A1
RTQzXWhlRFM_sentence_742.wav,Does life exist on Mars?,Có sự sống trên sao Hoả không?,A2
RTQzXWhlRFM_sentence_744.wav,Do you believe that ghosts exist?,Anh có tin là có ma không?,A1
RTQzXWhlRFM_sentence_745.wav,Small.,Nhỏ.,A2
RTQzXWhlRFM_sentence_749.wav,Can you district?,Bạn có thể quận?,A2
RTQzXWhlRFM_sentence_752.wav,The town is a mountainous district.,Thị trấn là một huyện miền núi.,A2
RTQzXWhlRFM_sentence_754.wav,Divorce,Ly hôn,A1
RTQzXWhlRFM_sentence_764.wav,We got divorce come.,Chúng tôi đã ly hôn đến.,A2
RTQzXWhlRFM_sentence_768.wav,Do you frequent?,Bạn có thường xuyên đi chơi không?,A1
RTQzXWhlRFM_sentence_807.wav,The music was awful.,Âm nhạc thật kinh khủng.,A1
RTQzXWhlRFM_sentence_808.wav,Any,Bất kỳ,A1
RTQzXWhlRFM_sentence_816.wav,Fight.,Chiến đấu.,A1
RTQzXWhlRFM_sentence_827.wav,Image,Ảnh,A1
RTQzXWhlRFM_sentence_833.wav,Dependent.,Phụ thuộc.,B1
RTQzXWhlRFM_sentence_840.wav,She still depends on her parents.,Nó vẫn còn phụ thuộc vào bố mẹ.,A2
RTQzXWhlRFM_sentence_851.wav,Can we extend the deadline by two weeks?,Chúng ta có thể kéo dài thời hạn thêm 2 tuần không?,A2
RTQzXWhlRFM_sentence_853.wav,Mountain,NúiName,A1
RTQzXWhlRFM_sentence_854.wav,Mount Everest is the highest mountain in the world.,Núi Everest là ngọn núi cao nhất thế giới.,A2
RTQzXWhlRFM_sentence_856.wav,We plan to climb that mountain.,Chúng ta sẽ leo lên ngọn núi đó.,A1
RTQzXWhlRFM_sentence_858.wav,He is the richest man in the world.,Ông ấy là người giàu nhất thế giới.,A2
RTQzXWhlRFM_sentence_861.wav,Arm,Cánh tay,A1
RTQzXWhlRFM_sentence_862.wav,I broke my left arm.,Tôi bị gãy tay trái.,A1
RTQzXWhlRFM_sentence_866.wav,I can't lift my left arm.,Tôi không thể nhấc cánh tay trái lên.,A2
RTQzXWhlRFM_sentence_878.wav,What time do you usually go to bed?,Thường thì bạn đi ngủ lúc mấy giờ?,A1
RTQzXWhlRFM_sentence_879.wav,Organization,Tổ chức,A2
RTQzXWhlRFM_sentence_881.wav,He's the president of an international organization.,Ông ấy là chủ tịch của một tổ chức quốc tế.,A2
RTQzXWhlRFM_sentence_884.wav,Between.,Giữa.,A2
RTQzXWhlRFM_sentence_892.wav,"Finally, the dispute was settled.","Cuối cùng, tranh chấp đã được giải quyết.",A2
RTQzXWhlRFM_sentence_898.wav,I prefer reading books to watching television.,Tôi thích đọc sách hơn là xem TV.,A1
RTQzXWhlRFM_sentence_903.wav,"Do you want coffee? No, I prefer tea, thanks.","Không, tôi thích trà hơn, cảm ơn.",A1
RTQzXWhlRFM_sentence_907.wav,Hold the box with both hands.,Cầm hộp bằng cả hai tay.,A1
RTQzXWhlRFM_sentence_911.wav,Can you hold on a second? I'll see if he's here.,"Chờ một chút, tôi sẽ xem anh ta có ở đây không.",A2
RTQzXWhlRFM_sentence_914.wav,Insurance,Bảo hiểm,A1
RTQzXWhlRFM_sentence_918.wav,Have you claimed the insurance yet?,Anh đã đòi tiền bảo hiểm chưa?,A2
RTQzXWhlRFM_sentence_933.wav,Happen.,Happen.,A1
RTQzXWhlRFM_sentence_934.wav,How did the traffic accident happen?,Tai nạn giao thông xảy ra như thế nào?,A1
RTQzXWhlRFM_sentence_937.wav,Topic,Chủ đề,A2
RTQzXWhlRFM_sentence_940.wav,That comment is completely off topic.,Bình luận đó hoàn toàn không liên quan.,A2
RTQzXWhlRFM_sentence_948.wav,Huge.,Rất lớn.,A1
RTQzXWhlRFM_sentence_951.wav,New York is a huge city.,New York là một thành phố lớn.,A1
RTQzXWhlRFM_sentence_955.wav,own.,Bạn có thể tìm hiểu thêm về cách để có thể sở hữu một chiếc xe hơi riêng.,A1
RTQzXWhlRFM_sentence_968.wav,The bus makes frequent stops.,Xe buýt thường xuyên dừng lại.,A2
RTQzXWhlRFM_sentence_972.wav,We got divorced three years ago.,Chúng tôi ly dị ba năm trước.,A2
RTQzXWhlRFM_sentence_976.wav,Expression,Biểu thức,A1
RTQzXWhlRFM_sentence_986.wav,That was a negative.,Đó là một tiêu cực.,A1
RTQzXWhlRFM_sentence_993.wav,Lazy.,Lười biếng.,A1
RTQzXWhlRFM_sentence_995.wav,He is the laziest person I know.,Anh ấy là người lười nhất mà tôi biết.,A2
RTQzXWhlRFM_sentence_996.wav,Don't be so lazy. Get up and clean your room.,"Đừng lười biếng thế, dậy và dọn phòng đi.",A1
RTQzXWhlRFM_sentence_997.wav,S wide.,S rộng.,A1
Rge4X4FC1fc_sentence_000.wav,'Kay.,""" Được.",A1
Rge4X4FC1fc_sentence_002.wav,What will you do on this Friday?,Thứ sáu này anh sẽ làm gì?,A1
Rge4X4FC1fc_sentence_005.wav,Teach.,Dạy.,A1
Rge4X4FC1fc_sentence_006.wav,She teaches at our local school.,Cô ấy dạy ở trường địa phương.,A2
Rge4X4FC1fc_sentence_011.wav,Can you teach me to play chess?,Anh có thể dạy tôi chơi cờ không?,A1
Rge4X4FC1fc_sentence_025.wav,We need to find a suitable person for the job.,Chúng ta cần tìm một người phù hợp cho công việc.,A2
Rge4X4FC1fc_sentence_037.wav,Their parties are always fun.,Tiệc của họ lúc nào cũng vui.,A1
Rge4X4FC1fc_sentence_039.wav,I don't know anything about their relationship.,Tôi không biết gì về mối quan hệ của họ.,A2
Rge4X4FC1fc_sentence_042.wav,Just try to behave normally.,Hãy cố gắng cư xử bình thường.,A1
Rge4X4FC1fc_sentence_043.wav,I normally get up at six o'clock.,Thường thì tôi thức dậy lúc 6 giờ.,A2
Rge4X4FC1fc_sentence_046.wav,I normally recognize.,Tôi thường nhận ra.,A2
Rge4X4FC1fc_sentence_060.wav,Think.,Suy nghĩ.,A1
Rge4X4FC1fc_sentence_062.wav,I think this book is worth reading.,Tôi nghĩ cuốn sách này đáng đọc.,A1
Rge4X4FC1fc_sentence_069.wav,Is your watch correct?,Đồng hồ của anh đúng không?,A1
Rge4X4FC1fc_sentence_070.wav,He repaired his watch by himself.,Anh ta tự sửa đồng hồ.,A2
Rge4X4FC1fc_sentence_072.wav,The field is full of wild flowers.,Cánh đồng đầy hoa dại.,A2
Rge4X4FC1fc_sentence_079.wav,Her estimate of the cost was completely wrong.,Ước tính chi phí của cô ấy hoàn toàn sai.,A2
Rge4X4FC1fc_sentence_096.wav,Let's take a 10-minute break. Practice.,"Hãy nghỉ 10 phút, tập luyện.",A1
Rge4X4FC1fc_sentence_098.wav,It takes a lot of practice to play guitar well.,"Để chơi guitar tốt, bạn cần luyện tập nhiều.",A2
Rge4X4FC1fc_sentence_103.wav,Honest.,Trung thực.,A1
Rge4X4FC1fc_sentence_117.wav,Notice,Chú ý,A1
Rge4X4FC1fc_sentence_124.wav,Meal,Bữa ăn,A1
Rge4X4FC1fc_sentence_130.wav,Thanks for the meal.,Cảm ơn vì bữa ăn.,A1
Rge4X4FC1fc_sentence_131.wav,Popular.,Phổ biến.,A1
Rge4X4FC1fc_sentence_150.wav,Early.,Sớm.,A1
Rge4X4FC1fc_sentence_157.wav,Hot.,Nóng.,A1
Rge4X4FC1fc_sentence_160.wav,Would you like something hot to drink?,Cô muốn uống gì nóng không?,A1
Rge4X4FC1fc_sentence_162.wav,I can't stand this hot weather.,Tôi không thể chịu được thời tiết nóng bức này.,A2
Rge4X4FC1fc_sentence_174.wav,Please.,Làm ơn.,A1
Rge4X4FC1fc_sentence_176.wav,Could you please clear the table?,Anh dọn bàn được không?,A1
Rge4X4FC1fc_sentence_183.wav,Why is she so silent?,Sao cô ấy im lặng vậy?,A1
Rge4X4FC1fc_sentence_189.wav,I'm on a tight schedule.,Tôi có một lịch trình rất kín.,A2
Rge4X4FC1fc_sentence_193.wav,Pay.,Trả tiền.,A1
Rge4X4FC1fc_sentence_199.wav,Do you want me to pay in advance?,Anh có muốn tôi trả trước không?,A2
Rge4X4FC1fc_sentence_200.wav,Wish,Mong muốn,A1
Rge4X4FC1fc_sentence_201.wav,His wish finally came true.,Điều ước của ông cuối cùng đã thành sự thật.,A1
Rge4X4FC1fc_sentence_240.wav,Do you have a course for beginners?,Bạn có khóa học nào dành cho người mới bắt đầu không?,A2
Rge4X4FC1fc_sentence_242.wav,Suitcase.,Vali.,A1
Rge4X4FC1fc_sentence_257.wav,Don't be afraid to experiment and fail.,Đừng sợ thử nghiệm và thất bại.,A2
Rge4X4FC1fc_sentence_260.wav,Have you finished breakfast yet? She never eats much breakfast. What time do you usually have breakfast?,Bạn đã ăn sáng xong chưa? Cô ấy không bao giờ ăn sáng nhiều. Bạn thường ăn sáng lúc mấy giờ?,A2
Rge4X4FC1fc_sentence_261.wav,Have you finished breakfast yet? She never eats much breakfast.,Cô ấy không bao giờ ăn sáng nhiều.,A2
Rge4X4FC1fc_sentence_293.wav,We received a letter from him recently.,Gần đây chúng tôi nhận được một lá thư của ông ấy.,A2
Rge4X4FC1fc_sentence_296.wav,Paper is made from wood.,Giấy được làm từ gỗ.,A2
Rge4X4FC1fc_sentence_300.wav,Need.,Cần thiết.,A1
Rge4X4FC1fc_sentence_302.wav,I don't need an explanation.,Tôi không cần một lời giải thích.,A1
Rge4X4FC1fc_sentence_316.wav,Exercise.,Tập thể dục.,A1
Rge4X4FC1fc_sentence_319.wav,He exercises twice a day.,Anh ấy tập thể dục hai lần một ngày.,A2
Rge4X4FC1fc_sentence_335.wav,Perhaps.,Có lẽ.,A1
Rge4X4FC1fc_sentence_337.wav,Perhaps?,Có lẽ?,A1
Rge4X4FC1fc_sentence_338.wav,Perhaps you're right.,Có lẽ anh nói đúng.,A1
Rge4X4FC1fc_sentence_339.wav,Perhaps we overlooked something.,Có lẽ chúng ta đã bỏ qua điều gì đó.,A1
Rge4X4FC1fc_sentence_361.wav,We discuss the problem at length.,Chúng ta sẽ thảo luận vấn đề một cách chi tiết.,A2
Rge4X4FC1fc_sentence_362.wav,I don't know the exact length of this bridge.,Tôi không biết chính xác chiều dài của cây cầu này.,A2
Rge4X4FC1fc_sentence_372.wav,Smoke.,Khói.,A1
Rge4X4FC1fc_sentence_373.wav,Do you smoke?,Bạn có hút thuốc không?,A1
Rge4X4FC1fc_sentence_389.wav,You sing very well.,Anh hát hay lắm.,A1
Rge4X4FC1fc_sentence_403.wav,Think positive and positive things will happen.,Suy nghĩ tích cực và những điều tích cực sẽ xảy ra.,A1
Rge4X4FC1fc_sentence_410.wav,Room.,Phòng.,A1
Rge4X4FC1fc_sentence_411.wav,Where's your room?,Phòng của anh ở đâu?,A1
Rge4X4FC1fc_sentence_413.wav,He left the room without saying a word.,Anh ta rời khỏi phòng mà không nói một lời.,A2
Rge4X4FC1fc_sentence_418.wav,I'd like to buy a small mirror.,Tôi muốn mua một cái gương nhỏ.,A1
Rge4X4FC1fc_sentence_422.wav,Such,Như vậy,A1
Rge4X4FC1fc_sentence_424.wav,Why did you say such a thing?,Sao anh lại nói thế?,A1
Rge4X4FC1fc_sentence_434.wav,Everything.,Mọi thứ.,A1
Rge4X4FC1fc_sentence_462.wav,Traditional.,Truyền thống.,A2
Rge4X4FC1fc_sentence_467.wav,Travel,Du lịch,A1
Rge4X4FC1fc_sentence_474.wav,Usual,Thông thường,A1
Rge4X4FC1fc_sentence_504.wav,VIP tickets sold out quickly.,Vé VIP được bán hết rất nhanh.,A2
Rge4X4FC1fc_sentence_506.wav,An image is worth a thousand words.,Một hình ảnh đáng giá cả ngàn lời.,A2
Rge4X4FC1fc_sentence_512.wav,He was too drunk to drive home.,Anh ấy quá say để lái xe về nhà.,A2
Rge4X4FC1fc_sentence_514.wav,"Whether you drive fast or slow, drive carefully.","Dù bạn lái xe nhanh hay chậm, hãy lái cẩn thận.",A2
Rge4X4FC1fc_sentence_517.wav,Drawing,Vẽ,A1
Rge4X4FC1fc_sentence_526.wav,Snow,TuyếtName,A2
Rge4X4FC1fc_sentence_535.wav,Why didn't you report this correctly?,Tại sao anh không báo cáo chính xác?,A2
Rge4X4FC1fc_sentence_538.wav,Single.,Đơn độc.,A2
Rge4X4FC1fc_sentence_539.wav,Are you single?,Bạn còn độc thân?,A1
Rge4X4FC1fc_sentence_543.wav,I couldn't understand a single word she said.,Tôi không thể hiểu một lời nào của cô ấy.,A2
Rge4X4FC1fc_sentence_547.wav,I'd like to kiss you.,Anh muốn hôn em.,A1
S-FYtkOqTlU_sentence_005.wav,Do you have anything to declare?,Anh có gì để khai báo không?,A2
S-FYtkOqTlU_sentence_006.wav,We declared war.,Chúng ta tuyên chiến.,A1
S-FYtkOqTlU_sentence_011.wav,Diamond.,Kim cương.,A1
S-FYtkOqTlU_sentence_023.wav,You can't be brave if you've only had wonderful things happen to you.,Bạn không thể can đảm nếu bạn chỉ có những điều tuyệt vời xảy đến với bạn.,A2
S-FYtkOqTlU_sentence_039.wav,There was hatred in his voice.,Có sự căm ghét trong giọng nói của ông.,A2
S-FYtkOqTlU_sentence_045.wav,Gray.,Màu xám.,A1
S-FYtkOqTlU_sentence_059.wav,I built this business from scratch.,Tôi đã xây dựng công việc kinh doanh này từ hai bàn tay trắng.,A2
S-FYtkOqTlU_sentence_073.wav,Scream.,Hét lên.,A1
S-FYtkOqTlU_sentence_089.wav,You're violating my civil rights.,Anh đang vi phạm quyền công dân của tôi.,A2
S-FYtkOqTlU_sentence_098.wav,Variety is the spice of life.,Sự đa dạng là gia vị của cuộc sống.,A2
S-FYtkOqTlU_sentence_102.wav,This curry needs a little more spice.,Món cà ri này cần thêm gia vị.,A2
S-FYtkOqTlU_sentence_105.wav,It's difficult to accurately predict the weather.,Rất khó để dự đoán chính xác thời tiết.,A2
S-FYtkOqTlU_sentence_106.wav,Accurately.,Chính xác.,A2
S-FYtkOqTlU_sentence_117.wav,I'm innocent. I didn't steal anything. Honestly.,"Tôi vô tội, tôi không trộm gì cả, thật đấy.",A2
S-FYtkOqTlU_sentence_121.wav,Please state the purpose of your visit.,Xin hãy nói mục đích chuyến thăm của anh.,A2
S-FYtkOqTlU_sentence_129.wav,The job involves gathering and analyzing data.,Công việc liên quan đến việc thu thập và phân tích dữ liệu.,A2
S-FYtkOqTlU_sentence_131.wav,Analyze.,Phân tích.,A1
S-FYtkOqTlU_sentence_146.wav,Don't lean against the wall.,Đừng dựa vào tường.,A1
S-FYtkOqTlU_sentence_148.wav,Lean.,Nghiêng người.,A1
S-FYtkOqTlU_sentence_167.wav,conflict.,"Nếu bạn không thể tìm được người yêu, hãy tìm đến họ.",A2
S-FYtkOqTlU_sentence_168.wav,His ideas conflict with mine.,Ý tưởng của ông ta mâu thuẫn với tôi.,A2
S-FYtkOqTlU_sentence_205.wav,He bought me a tablet PC yesterday.,Hôm qua anh ta mua cho tôi một máy tính bảng.,A2
S-FYtkOqTlU_sentence_214.wav,Sort.,Sắp xếp.,A1
S-FYtkOqTlU_sentence_220.wav,What sort of music do you like?,Bạn thích thể loại nhạc nào?,A1
S-FYtkOqTlU_sentence_223.wav,He's the sort of person who only cares about money.,Hắn là loại người chỉ quan tâm đến tiền.,A2
S-FYtkOqTlU_sentence_225.wav,"Oh, all sorts.","Ồ, đủ thứ.",A1
S-FYtkOqTlU_sentence_230.wav,It seems that he is unable to swim.,Có vẻ như nó không biết bơi.,A2
S-FYtkOqTlU_sentence_249.wav,They've just employed five new waiters.,Họ vừa thuê 5 bồi bàn mới.,A2
S-FYtkOqTlU_sentence_258.wav,Rescue,Giải cứu,A1
S-FYtkOqTlU_sentence_270.wav,"Bubble When water boils, bubbles rise to the surface.","Bong bóng Khi nước sôi, bọt nổi lên bề mặt.",A2
S-FYtkOqTlU_sentence_273.wav,Fix.,Sửa.,A1
S-FYtkOqTlU_sentence_276.wav,It's no use trying to fix it now.,Giờ cố sửa nó cũng vô ích thôi.,A2
S-FYtkOqTlU_sentence_282.wav,We're trying to fix this problem.,Chúng tôi đang cố gắng để sửa chữa vấn đề này.,A2
S-FYtkOqTlU_sentence_296.wav,The identity of the victim is not known.,Danh tính nạn nhân không được biết.,A2
S-FYtkOqTlU_sentence_304.wav,Angrily.,Giận dữ.,A2
S-FYtkOqTlU_sentence_320.wav,She works in sales and marketing.,Cô làm việc trong bán hàng và tiếp thị.,A2
S-FYtkOqTlU_sentence_327.wav,Strength,Độ mạnh,A1
S-FYtkOqTlU_sentence_329.wav,Don't underestimate your own strength.,Đừng đánh giá thấp sức mạnh của bản thân.,A2
S-FYtkOqTlU_sentence_330.wav,I wish I had your strength.,Ước gì tôi có sức mạnh của anh.,A1
S-FYtkOqTlU_sentence_331.wav,What is your greatest strength?,Thế mạnh lớn nhất của bạn là gì?,A2
S-FYtkOqTlU_sentence_334.wav,Access.,Truy cập.,A2
S-FYtkOqTlU_sentence_350.wav,Mathematics,Toán họcName,A1
S-FYtkOqTlU_sentence_351.wav,"He likes mathematics, but I don't.","Anh ấy thích toán, nhưng tôi thì không.",A2
S-FYtkOqTlU_sentence_352.wav,Are you good at mathematics?,Bạn có giỏi toán không?,A1
S-FYtkOqTlU_sentence_353.wav,He is a genius in mathematics.,Ông là một thiên tài toán học.,A2
S-FYtkOqTlU_sentence_357.wav,Whoever.,Bất cứ ai.,A1
S-FYtkOqTlU_sentence_358.wav,Whoever said that is a liar.,Kẻ nào nói vậy là kẻ nói dối.,A2
S-FYtkOqTlU_sentence_361.wav,You may give this book to whoever wants it.,Anh có thể đưa cuốn sách này cho bất cứ ai muốn nó.,A2
S-FYtkOqTlU_sentence_362.wav,Balance,Cân bằng,A1
S-FYtkOqTlU_sentence_364.wav,"Life is like riding a bicycle. To keep your balance, you must keep moving.","Cuộc sống cũng giống như đi xe đạp vậy. Để giữ thăng bằng, bạn phải tiếp tục di chuyển.",A2
S-FYtkOqTlU_sentence_366.wav,Balance.,Cân bằng.,A1
S-FYtkOqTlU_sentence_369.wav,She's trying to balance her work and home lives.,Cô ấy đang cố gắng cân bằng giữa công việc và cuộc sống gia đình.,A2
S-FYtkOqTlU_sentence_370.wav,He lost his balance and fell off the ladder.,Anh ta mất thăng bằng và ngã khỏi thang.,A2
S-FYtkOqTlU_sentence_392.wav,It was a brave decision to quit her job and start her own business.,Đó là một quyết định dũng cảm khi cô ấy bỏ việc và bắt đầu kinh doanh riêng.,A2
S-FYtkOqTlU_sentence_393.wav,You are very brave.,Anh rất dũng cảm đấy.,A1
S-FYtkOqTlU_sentence_403.wav,Politically.,Về chính trị.,A2
S-FYtkOqTlU_sentence_457.wav,I'll be polite and civil to him.,Tôi sẽ lịch sự và lịch sự với anh ta.,A2
S-FYtkOqTlU_sentence_463.wav,Strongly.,Mạnh mẽ.,A1
S-FYtkOqTlU_sentence_467.wav,He was strongly opposed to the idea.,Ông đã phản đối mạnh mẽ ý tưởng này.,A2
S-FYtkOqTlU_sentence_470.wav,I strongly advise you to see a doctor.,Tôi khuyên cô nên đi khám bác sĩ.,A2
S-FYtkOqTlU_sentence_499.wav,Approximately.,Xấp xỉ.,A2
S-FYtkOqTlU_sentence_507.wav,The repair should cost approximately$80.,Chi phí sửa chữa khoảng 20 triệu đồng.,A2
S-FYtkOqTlU_sentence_510.wav,Intelligence,Trí thông minh,A2
S-FYtkOqTlU_sentence_571.wav,Relief.,Sự nhẹ nhõm.,A1
S-FYtkOqTlU_sentence_576.wav,Most of our buses are running at twenty minute intervals.,Hầu hết các xe buýt của chúng tôi chạy theo từng quãng 20 phút.,A2
S-FYtkOqTlU_sentence_592.wav,We will launch a marketing campaign next month.,Chúng tôi sẽ khởi động chiến dịch tiếp thị vào tháng tới.,A2
S-FYtkOqTlU_sentence_597.wav,"By tradition, the celebration begins at midnight.","Theo truyền thống, lễ kỷ niệm bắt đầu lúc nửa đêm.",A2
S-FYtkOqTlU_sentence_598.wav,Tradition,Truyền thống,A2
S-FYtkOqTlU_sentence_604.wav,There was a woman complaining angrily out there.,Có một người phụ nữ đang giận dữ phàn nàn ngoài kia.,A2
S-FYtkOqTlU_sentence_612.wav,He swore angrily.,Ông ta chửi thề giận dữ.,A2
S-FYtkOqTlU_sentence_614.wav,Definitely,Chắc chắn,A1
S-FYtkOqTlU_sentence_656.wav,"I'm a bit deaf, so you'll have to speak up.","Tôi hơi điếc, nên anh phải nói lớn lên.",A2
S-FYtkOqTlU_sentence_659.wav,Do they have weapons?,Họ có vũ khí không?,A1
S-FYtkOqTlU_sentence_661.wav,Weapon,Vũ khí,A1
S-FYtkOqTlU_sentence_663.wav,Drop your weapons.,Bỏ vũ khí xuống.,A1
S-FYtkOqTlU_sentence_667.wav,Mix the flour with two eggs.,Trộn bột mì với hai quả trứng.,A2
S-FYtkOqTlU_sentence_687.wav,Please switch the lights off as you leave.,Vui lòng tắt đèn khi đi.,A2
SHZDlHAWvGM_sentence_012.wav,Declare,Khai báo,A1
SHZDlHAWvGM_sentence_021.wav,It's a popular holiday resort.,Nó là một khu nghỉ mát nổi tiếng.,A2
SHZDlHAWvGM_sentence_025.wav,"As a last resort, we can go to McDonald's for dinner. It's a popular holiday resort.","Cuối cùng, chúng ta có thể đến McDonald's ăn tối, một khu nghỉ mát nổi tiếng.",A2
SHZDlHAWvGM_sentence_039.wav,We've got a spare bedroom if you'd like to stay.,Chúng tôi có phòng ngủ dự phòng nếu anh muốn ở lại.,A2
SHZDlHAWvGM_sentence_041.wav,I don't have any money to spare.,Tôi không có tiền để dành.,A2
SHZDlHAWvGM_sentence_057.wav,The matter is under investigation.,Vấn đề này đang được điều tra.,A2
SHZDlHAWvGM_sentence_061.wav,We will start an investigation immediately.,Chúng tôi sẽ bắt đầu điều tra ngay lập tức.,A2
SHZDlHAWvGM_sentence_081.wav,We grew up in the same neighborhood.,Chúng tôi lớn lên cùng một khu phố.,A2
SHZDlHAWvGM_sentence_084.wav,There are a lot of cheap stores in our neighborhood.,Có rất nhiều cửa hàng giá rẻ trong khu phố của chúng tôi.,A2
SHZDlHAWvGM_sentence_087.wav,We found the murder weapon.,Chúng tôi tìm thấy hung khí.,A1
SHZDlHAWvGM_sentence_104.wav,generation.,Thế hệ.,A2
SHZDlHAWvGM_sentence_106.wav,We need to preserve these resources for future generations.,Chúng ta cần bảo tồn những tài nguyên này cho các thế hệ tương lai.,A2
SHZDlHAWvGM_sentence_110.wav,Three generations see things three ways.,Ba thế hệ nhìn sự việc theo ba cách.,A2
SHZDlHAWvGM_sentence_130.wav,They are equally clever.,Họ cũng thông minh như vậy.,A2
SHZDlHAWvGM_sentence_143.wav,I decided to go out and explore the town.,Tôi quyết định ra ngoài và khám phá thị trấn.,A1
SHZDlHAWvGM_sentence_152.wav,Meter.,Mét.,A2
SHZDlHAWvGM_sentence_155.wav,The station is 100 meters away.,Trạm cách đó 100 mét.,A2
SHZDlHAWvGM_sentence_156.wav,The building is over 100 meters high.,Toà nhà cao hơn 100 mét.,A2
SHZDlHAWvGM_sentence_158.wav,She kissed him on the lips.,Nàng hôn lên môi chàng.,A1
SHZDlHAWvGM_sentence_179.wav,Bah,Bah,A1
SHZDlHAWvGM_sentence_182.wav,Is this ball yours or hers? Willingly.,Đây là của anh hay của cô ấy?,A2
SHZDlHAWvGM_sentence_185.wav,Willingly.,Tự nguyện.,A1
SHZDlHAWvGM_sentence_187.wav,I would willingly pay more for better services.,Tôi sẵn sàng trả nhiều hơn cho dịch vụ tốt hơn.,A2
SHZDlHAWvGM_sentence_188.wav,They helped me willingly.,Họ sẵn lòng giúp tôi.,A1
SHZDlHAWvGM_sentence_190.wav,Button.,Nút.,A1
SHZDlHAWvGM_sentence_193.wav,Tablet.,Viên nén.,A1
SHZDlHAWvGM_sentence_201.wav,Branch.,Chi nhánh.,A2
SHZDlHAWvGM_sentence_205.wav,He cut some branches off the tree.,Ông ấy đã chặt vài cành cây.,A1
SHZDlHAWvGM_sentence_209.wav,The company has branches in all large cities.,Công ty có chi nhánh ở tất cả các thành phố lớn.,B1
SHZDlHAWvGM_sentence_211.wav,I don't like this hat. I prefer the grey one.,"Tôi không thích cái nón này, tôi thích cái màu xám hơn.",A2
SHZDlHAWvGM_sentence_243.wav,That was an entertaining event.,Đó là một sự kiện thú vị.,A1
SHZDlHAWvGM_sentence_249.wav,The company has decided to employ two new secretaries.,Công ty đã quyết định thuê hai thư ký mới.,A2
SHZDlHAWvGM_sentence_252.wav,Employ,CÔNG CỤ 29,A2
SHZDlHAWvGM_sentence_280.wav,Military,Quân sự,A1
SHZDlHAWvGM_sentence_284.wav,We need to take military action.,Chúng ta cần hành động quân sự.,A1
SHZDlHAWvGM_sentence_285.wav,He works in a military hospital.,Hắn làm việc trong một bệnh viện quân đội.,A2
SHZDlHAWvGM_sentence_288.wav,disagree.,Không đồng ý.,A2
SHZDlHAWvGM_sentence_291.wav,Does anyone disagree?,Có ai không đồng ý không?,A2
SHZDlHAWvGM_sentence_300.wav,Evidence,Bằng chứng,A1
SHZDlHAWvGM_sentence_305.wav,Towel,Khăn lau,A1
SHZDlHAWvGM_sentence_306.wav,She dried her hair with a towel.,Cô ấy dùng khăn lau khô tóc.,A2
SHZDlHAWvGM_sentence_311.wav,Don't put that damp towel into the bag.,Đừng bỏ khăn ẩm vào túi.,A1
SHZDlHAWvGM_sentence_312.wav,Would you please bring me a dry towel?,Anh có thể lấy cho tôi một cái khăn khô không?,A1
SHZDlHAWvGM_sentence_322.wav,Bubble,BọtName,A1
SHZDlHAWvGM_sentence_330.wav,Import,Nhập,A1
SHZDlHAWvGM_sentence_332.wav,She drives an imported car.,Cô ta lái xe nhập khẩu.,A2
SHZDlHAWvGM_sentence_333.wav,That store sells a lot of imported goods.,Cửa hàng đó bán rất nhiều hàng nhập khẩu.,A2
SHZDlHAWvGM_sentence_334.wav,We imported this from Australia.,Chúng tôi nhập khẩu nó từ Úc.,A2
SHZDlHAWvGM_sentence_337.wav,Loudly.,Lớn tiếng.,A1
SHZDlHAWvGM_sentence_360.wav,You can lean on me if you get tired.,Anh có thể dựa vào tôi nếu anh mệt.,A1
SHZDlHAWvGM_sentence_390.wav,She declared that she was right.,Cô ấy tuyên bố rằng cô ấy đã đúng.,A1
SHZDlHAWvGM_sentence_392.wav,"As a last resort, we can go to McDonald's for dinner.","Như một giải pháp cuối cùng, chúng ta có thể đến McDonald's ăn tối.",A2
SHZDlHAWvGM_sentence_402.wav,This sort of problem is quite common.,Loại vấn đề này khá phổ biến.,A2
SHZDlHAWvGM_sentence_417.wav,He is a dentist by profession.,Ông là một nha sĩ chuyên nghiệp.,A2
SHZDlHAWvGM_sentence_418.wav,What's your profession?,Nghề nghiệp của anh là gì?,A1
SHZDlHAWvGM_sentence_433.wav,He bought her a diamond ring.,Hắn mua cho cổ một cái nhẫn kim cương.,A1
SHZDlHAWvGM_sentence_440.wav,I was careful to not leave any evidence.,Tôi đã cẩn thận không để lại bất kỳ bằng chứng nào.,A2
SHZDlHAWvGM_sentence_444.wav,Bubble.,Bong bóng.,A1
SHZDlHAWvGM_sentence_445.wav,"When water boils, bubbles rise to the surface.","Khi nước sôi, bọt nổi lên trên bề mặt.",A2
SHZDlHAWvGM_sentence_446.wav,This soup is bubbling. I think it's ready to eat.,"Súp đang sôi, tôi nghĩ nó đã sẵn sàng để ăn.",A2
SHZDlHAWvGM_sentence_450.wav,Her grey hair makes her look older than she is.,Mái tóc bạc của cô làm cho cô trông già hơn.,A2
SHZDlHAWvGM_sentence_457.wav,Take two tablets with water before meals.,Uống hai viên cùng với nước trước bữa ăn.,A1
SHZDlHAWvGM_sentence_471.wav,Unable.,Không thể.,A1
SHZDlHAWvGM_sentence_472.wav,She is unable to cope with stress.,Cô không thể đối phó với căng thẳng.,A2
SHZDlHAWvGM_sentence_485.wav,He is seeking employment.,Anh ta đang tìm việc làm.,A2
SHZDlHAWvGM_sentence_491.wav,She did her best to rescue him.,Cô ấy đã cố hết sức để cứu anh ta.,A2
SHZDlHAWvGM_sentence_493.wav,The child was rescued from a burning house.,Đứa trẻ được cứu khỏi một ngôi nhà đang cháy.,A2
SHZDlHAWvGM_sentence_499.wav,Please knock before entering.,Xin gõ cửa trước khi vào.,A1
SHZDlHAWvGM_sentence_502.wav,Smoothly.,mịn.,A2
SHZDlHAWvGM_sentence_507.wav,The engine is running smoothly.,Động cơ đang chạy trơn tru.,A1
SHZDlHAWvGM_sentence_508.wav,The interview went smoothly.,Cuộc phỏng vấn diễn ra suôn sẻ.,A2
SHZDlHAWvGM_sentence_517.wav,"I screamed for help, but no one came.","Tôi kêu cứu, nhưng không ai tới.",A2
SHZDlHAWvGM_sentence_526.wav,Grandparents,Ông bà,A1
SHZDlHAWvGM_sentence_527.wav,I'm going to visit my grandparents on next Sunday.,Tôi sẽ đến thăm ông bà tôi vào Chủ nhật tới.,A1
SHZDlHAWvGM_sentence_528.wav,That house belongs to my grandparents.,Ngôi nhà đó thuộc về ông bà tôi.,A1
SHZDlHAWvGM_sentence_529.wav,I'm going to military.,Tôi sẽ đi lính.,A1
SHZDlHAWvGM_sentence_537.wav,Illness,Bệnh tật,A2
SHZDlHAWvGM_sentence_560.wav,A flock of sheep is grazing in the fields.,Một đàn cừu đang gặm cỏ trên cánh đồng.,A2
SHZDlHAWvGM_sentence_581.wav,Fix,Sửa,A1
SHZDlHAWvGM_sentence_582.wav,He helped me fix my watch.,Anh ấy giúp tôi sửa đồng hồ.,A1
SHZDlHAWvGM_sentence_614.wav,"When water boils, bubbles rise to the surface. This soup is bubbling. I think it's ready to eat.","Khi nước sôi, bọt nổi lên trên bề mặt. Súp đang sủi bọt. Tôi nghĩ nó đã sẵn sàng để ăn.",A2
SHZDlHAWvGM_sentence_622.wav,I'll check your vision.,Tôi sẽ kiểm tra thị lực của anh.,A1
SHZDlHAWvGM_sentence_624.wav,This is a fundamental question.,Đây là một câu hỏi cơ bản.,A2
SHZDlHAWvGM_sentence_625.wav,We need to make some fundamental changes in the way we do business.,Chúng ta cần tạo ra những thay đổi cơ bản trong cách chúng ta kinh doanh.,A2
SHZDlHAWvGM_sentence_640.wav,The box is leaning to one side.,Cái hộp đang nghiêng về một bên.,A2
SHZDlHAWvGM_sentence_661.wav,Space.,Không gian.,A1
SHZDlHAWvGM_sentence_669.wav,Infectious.,Truyền nhiễm.,A2
SHZDlHAWvGM_sentence_673.wav,He had an infectious disease.,Anh ta bị bệnh truyền nhiễm.,A1
SHZDlHAWvGM_sentence_674.wav,Flu is highly infectious.,Cúm rất dễ lây.,A2
SHZDlHAWvGM_sentence_689.wav,disapproval.,Không tán thành.,A2
SHZDlHAWvGM_sentence_690.wav,They stare at my clothes with disapproval.,Họ nhìn chằm chằm vào quần áo của tôi với sự phản đối.,A2
SHZDlHAWvGM_sentence_696.wav,He shook his head in disapproval.,Anh lắc đầu không tán thành.,A2
SHZDlHAWvGM_sentence_705.wav,She screamed and ran out of the room.,Cô hét lên và chạy ra khỏi phòng.,A2
SHZDlHAWvGM_sentence_733.wav,Profession,Nghề nghiệp,A2
SHZDlHAWvGM_sentence_752.wav,There's no evidence that he has done anything illegal.,Không có bằng chứng nào cho thấy anh ta đã làm bất cứ điều gì bất hợp pháp.,A2
SHZDlHAWvGM_sentence_792.wav,I was unable to afford the trip.,Tôi không đủ khả năng chi trả cho chuyến đi.,A2
SHZDlHAWvGM_sentence_825.wav,Rescue.,Cứu hộ.,A1
SHZDlHAWvGM_sentence_831.wav,You rescued me from an embarrassing situation.,Anh đã cứu tôi khỏi một tình huống xấu hổ.,A2
SHZDlHAWvGM_sentence_869.wav,Mayor,Thị trưởng,A1
SHZDlHAWvGM_sentence_870.wav,Are you the mayor?,Ông là thị trưởng à?,A1
SHZDlHAWvGM_sentence_871.wav,He will run for mayor.,Ông ấy sẽ tranh cử thị trưởng.,A1
SHZDlHAWvGM_sentence_874.wav,Substantially.,Thực sự.,A2
SHZDlHAWvGM_sentence_876.wav,These methods are substantially the same.,Những phương pháp này về cơ bản là giống nhau.,B1
SHZDlHAWvGM_sentence_880.wav,The costs have increased substantially.,Chi phí đã tăng đáng kể.,A2
SHZDlHAWvGM_sentence_889.wav,He tried to analyze his feelings.,Anh ta cố phân tích cảm xúc của mình.,A2
SHZDlHAWvGM_sentence_890.wav,State,Trạng thái,A1
SHZDlHAWvGM_sentence_916.wav,You will need to show proof of identity.,Bạn sẽ cần phải trình bày bằng chứng nhận dạng.,A2
SHZDlHAWvGM_sentence_944.wav,She slammed the door angrily.,Cô đóng sầm cửa lại giận dữ.,A2
Sov_ub_y3VM_sentence_018.wav,What a remarkable performance.,Một màn trình diễn đáng chú ý.,A1
Sov_ub_y3VM_sentence_022.wav,Shortly.,Ngắn gọn.,A2
Sov_ub_y3VM_sentence_048.wav,Tourist.,Du lịch.,A1
Sov_ub_y3VM_sentence_050.wav,Where is the Tourist Information Office?,Phòng Thông tin Du lịch ở đâu?,A2
Sov_ub_y3VM_sentence_093.wav,This task is difficult for me.,Nhiệm vụ này rất khó khăn với tôi.,A2
Sov_ub_y3VM_sentence_1001.wav,Turn right at the next corner.,Rẽ phải ở góc đường tiếp theo.,A1
Sov_ub_y3VM_sentence_1002.wav,Someone is hiding in the corner.,Có ai đó đang trốn trong góc.,A1
Sov_ub_y3VM_sentence_1003.wav,Corner.,Góc.,A1
Sov_ub_y3VM_sentence_114.wav,How dare you speak like this?,Sao anh dám nói như vậy?,A1
Sov_ub_y3VM_sentence_131.wav,Number,Số,A1
Sov_ub_y3VM_sentence_138.wav,Twelve is an even number.,12 là một số chẵn.,A2
Sov_ub_y3VM_sentence_154.wav,That car is hers.,Chiếc xe đó là của cô ấy.,A1
Sov_ub_y3VM_sentence_160.wav,Pressure.,Áp lực.,A1
Sov_ub_y3VM_sentence_177.wav,Presentation.,Trình bày.,A2
Sov_ub_y3VM_sentence_197.wav,disease.,Bệnh tật.,A1
Sov_ub_y3VM_sentence_201.wav,Thousands of people became victims of that disease.,Hàng ngàn người trở thành nạn nhân của căn bệnh đó.,A2
Sov_ub_y3VM_sentence_211.wav,Ground,Mặt đất,A2
Sov_ub_y3VM_sentence_215.wav,I live on the ground floor.,Tôi sống ở tầng trệt.,A1
Sov_ub_y3VM_sentence_225.wav,He remained silent.,Ông vẫn im lặng.,A2
Sov_ub_y3VM_sentence_237.wav,Why should we hire you?,Tại sao chúng tôi phải thuê anh?,A1
Sov_ub_y3VM_sentence_240.wav,I'd like to know your thinking on this.,Tôi muốn biết suy nghĩ của anh về chuyện này.,A2
Sov_ub_y3VM_sentence_241.wav,What is your current thinking on this question?,Hiện tại bạn đang nghĩ gì về câu hỏi này?,A2
Sov_ub_y3VM_sentence_273.wav,Let,Để,A1
Sov_ub_y3VM_sentence_274.wav,Let me in.,Cho tôi vào.,A1
Sov_ub_y3VM_sentence_275.wav,Let me introduce myself.,Để tôi tự giới thiệu.,A1
Sov_ub_y3VM_sentence_276.wav,Let's start the party.,Hãy bắt đầu bữa tiệc nào.,A1
Sov_ub_y3VM_sentence_312.wav,Same.,Tương tự.,A1
Sov_ub_y3VM_sentence_319.wav,Improve.,Cải thiện.,A1
Sov_ub_y3VM_sentence_322.wav,I made use of every opportunity to improve my English.,Tôi tận dụng mọi cơ hội để cải thiện tiếng Anh của mình.,A2
Sov_ub_y3VM_sentence_324.wav,I need to improve my English.,Tôi cần phải cải thiện tiếng Anh của tôi.,A1
Sov_ub_y3VM_sentence_344.wav,Deliver.,Giao nộp.,A1
Sov_ub_y3VM_sentence_347.wav,He delivered a very long speech yesterday.,Hôm qua ông ấy có một bài phát biểu rất dài.,A2
Sov_ub_y3VM_sentence_361.wav,"Wait in line, please.",Xin hãy xếp hàng.,A1
Sov_ub_y3VM_sentence_369.wav,"I tried to call her, but the line was busy.","Tôi đã cố gọi cho cô ấy, nhưng đường dây bận.",A2
Sov_ub_y3VM_sentence_374.wav,He doesn't work well under pressure.,Anh ta không làm việc tốt dưới áp lực.,A2
Sov_ub_y3VM_sentence_385.wav,She's the perfect candidate for the job.,Cô ấy là ứng cử viên hoàn hảo cho công việc.,A2
Sov_ub_y3VM_sentence_392.wav,"To be honest, I don't like you at all.","Thành thật mà nói, tôi không thích anh chút nào.",A2
Sov_ub_y3VM_sentence_393.wav,Cancel.,Hủy bỏ.,A1
Sov_ub_y3VM_sentence_398.wav,cancel.,Hủy bỏ.,A1
Sov_ub_y3VM_sentence_400.wav,His visa has been cancelled.,Visa của anh ta đã bị huỷ bỏ.,A2
Sov_ub_y3VM_sentence_402.wav,He was forced to cancel his visit.,Anh ta buộc phải huỷ chuyến thăm.,A2
Sov_ub_y3VM_sentence_404.wav,I'm afraid I'll have to cancel our meeting tomorrow.,Tôi e là ngày mai tôi phải hủy cuộc gặp của chúng ta.,A2
Sov_ub_y3VM_sentence_411.wav,It remains a secret.,Nó vẫn là một bí mật.,A1
Sov_ub_y3VM_sentence_413.wav,Grow.,Phát triển.,A1
Sov_ub_y3VM_sentence_420.wav,We grow many types of vegetables in our garden.,Chúng tôi trồng nhiều loại rau trong vườn.,A2
Sov_ub_y3VM_sentence_438.wav,I highly doubt that.,Tôi rất nghi ngờ điều đó.,A2
Sov_ub_y3VM_sentence_448.wav,Please behave honestly.,Xin hãy cư xử trung thực.,A1
Sov_ub_y3VM_sentence_450.wav,I honestly persuade,Tôi thật lòng thuyết phục,A1
Sov_ub_y3VM_sentence_455.wav,It's no use trying to persuade him.,Cố thuyết phục ông ta thì vô ích.,A2
Sov_ub_y3VM_sentence_466.wav,I've noticed a significant improvement in your work in the last three months.,Tôi nhận thấy có sự cải thiện đáng kể trong công việc của anh trong ba tháng qua.,A2
Sov_ub_y3VM_sentence_508.wav,Please extend this visa.,Xin hãy gia hạn visa này.,A2
Sov_ub_y3VM_sentence_512.wav,Your help saved me a lot of trouble.,Sự giúp đỡ của anh đã giúp tôi thoát khỏi nhiều rắc rối.,A2
Sov_ub_y3VM_sentence_546.wav,I made a huge mistake.,Tôi đã phạm một sai lầm lớn.,A1
Sov_ub_y3VM_sentence_547.wav,I've got a huge problem.,Tôi có một vấn đề lớn.,A1
Sov_ub_y3VM_sentence_557.wav,Surprise,Ngạc nhiên,A1
Sov_ub_y3VM_sentence_561.wav,What a nice surprise.,Thật là một bất ngờ thú vị.,A1
Sov_ub_y3VM_sentence_563.wav,I want to surprise her with this special gift.,Tôi muốn làm cô ấy bất ngờ với món quà đặc biệt này.,A1
Sov_ub_y3VM_sentence_566.wav,I know the situation is desperate.,Tôi biết tình hình rất tuyệt vọng.,A1
Sov_ub_y3VM_sentence_574.wav,She's in desperate need of money.,Cô ấy đang rất cần tiền.,A2
Sov_ub_y3VM_sentence_580.wav,I usually have a light breakfast.,Tôi thường ăn sáng nhẹ.,A1
Sov_ub_y3VM_sentence_582.wav,Lucky.,May mắn.,A1
Sov_ub_y3VM_sentence_586.wav,Ride.,Đi xe.,A1
Sov_ub_y3VM_sentence_591.wav,He gave me a ride on his motorbike.,Anh ấy cho tôi đi nhờ xe máy.,A2
Sov_ub_y3VM_sentence_600.wav,Front.,Trước.,A1
Sov_ub_y3VM_sentence_607.wav,Low.,Thấp.,A1
Sov_ub_y3VM_sentence_616.wav,The chair is too low for me.,Cái ghế quá thấp so với tôi.,A2
Sov_ub_y3VM_sentence_622.wav,View,Xem,A1
Sov_ub_y3VM_sentence_630.wav,I grew up in a poor family.,Tôi lớn lên trong một gia đình nghèo.,A2
Sov_ub_y3VM_sentence_638.wav,Who do you want to be when you grow up?,Lớn lên cháu muốn làm gì?,A2
Sov_ub_y3VM_sentence_640.wav,Persuade.,Thuyết phục.,A1
Sov_ub_y3VM_sentence_643.wav,We persuaded him to change his mind.,Chúng tôi đã thuyết phục anh ta đổi ý.,A2
Sov_ub_y3VM_sentence_664.wav,He managed to find a new job successfully.,Anh đã tìm được một công việc mới thành công.,A2
Sov_ub_y3VM_sentence_666.wav,Your what?,Cái gì của anh?,A1
Sov_ub_y3VM_sentence_670.wav,What event?,Sự kiện gì?,A1
Sov_ub_y3VM_sentence_705.wav,This is a very nice house indeed.,Đây quả là một ngôi nhà rất đẹp.,A2
Sov_ub_y3VM_sentence_711.wav,Status,Trạng thái,A2
Sov_ub_y3VM_sentence_726.wav,I know you're afraid of heights.,Tôi biết anh sợ độ cao.,A1
Sov_ub_y3VM_sentence_735.wav,I'm fed up with my daily routine.,Tôi đã chán ngán với những việc thường ngày.,A2
Sov_ub_y3VM_sentence_736.wav,Tell me about your daily activities.,Kể cho tôi về hoạt động hàng ngày của anh.,A1
Sov_ub_y3VM_sentence_740.wav,I'm looking for an apartment to rent.,Tôi đang tìm một căn hộ để thuê.,A2
Sov_ub_y3VM_sentence_750.wav,We're desperate to find a solution.,Chúng tôi đang tuyệt vọng tìm kiếm một giải pháp.,A2
Sov_ub_y3VM_sentence_761.wav,Do you like your boss?,Anh có thích sếp của mình không?,A1
Sov_ub_y3VM_sentence_770.wav,Left.,Trái.,A1
Sov_ub_y3VM_sentence_778.wav,I cannot lift this box.,Tôi không thể nhấc cái hộp này.,A1
Sov_ub_y3VM_sentence_786.wav,What a great view.,Cảnh đẹp quá.,A1
Sov_ub_y3VM_sentence_793.wav,What do you think of this plan?,Anh nghĩ sao về kế hoạch này?,A1
Sov_ub_y3VM_sentence_806.wav,I think I will take a vacation this week.,Tôi nghĩ tôi sẽ đi nghỉ trong tuần này.,A1
Sov_ub_y3VM_sentence_807.wav,Problem,Vấn đề,A1
Sov_ub_y3VM_sentence_819.wav,Death.,Cái chết.,A1
Sov_ub_y3VM_sentence_820.wav,He isn't afraid of death.,Anh ta không sợ chết.,A2
Sov_ub_y3VM_sentence_826.wav,We were shocked at the news of his death.,Chúng tôi đã bị sốc khi biết tin anh ấy chết.,A2
Sov_ub_y3VM_sentence_828.wav,I was scared to death.,Tôi sợ chết khiếp.,A1
Sov_ub_y3VM_sentence_831.wav,We expect him to succeed.,Chúng tôi hy vọng ông ấy sẽ thành công.,A2
Sov_ub_y3VM_sentence_840.wav,I expect a subway station will be here in the future.,Tôi hy vọng một ga tàu điện ngầm sẽ ở đây trong tương lai.,A2
Sov_ub_y3VM_sentence_848.wav,Activity.,Hoạt động.,A1
Sov_ub_y3VM_sentence_852.wav,What are your favorite holiday activities?,Hoạt động yêu thích của bạn trong kỳ nghỉ là gì?,A1
Sov_ub_y3VM_sentence_858.wav,Don't you see the exit sign over there?,Anh không thấy biển báo lối ra đằng kia sao?,A2
Sov_ub_y3VM_sentence_869.wav,I will have an English test this afternoon.,Trưa nay tôi sẽ có bài kiểm tra tiếng Anh.,A1
Sov_ub_y3VM_sentence_878.wav,Office,Văn phòngName,A1
Sov_ub_y3VM_sentence_882.wav,Where is the ticket office?,Phòng vé ở đâu?,A1
Sov_ub_y3VM_sentence_885.wav,Lead.,Dẫn dắt.,A1
Sov_ub_y3VM_sentence_886.wav,"This road leads to the station,","Con đường này dẫn đến nhà ga,",A2
Sov_ub_y3VM_sentence_888.wav,Just follow my lead.,Cứ làm theo tôi.,A1
Sov_ub_y3VM_sentence_897.wav,Birth.,Sinh.,A2
Sov_ub_y3VM_sentence_902.wav,Birth,& Sinh,B1
Sov_ub_y3VM_sentence_903.wav,He was blind from birth.,Ông ấy bị mù từ khi sinh ra.,A2
Sov_ub_y3VM_sentence_904.wav,There were three berths at the hospital last night.,Có 3 giường bệnh ở bệnh viện tối qua.,A2
Sov_ub_y3VM_sentence_908.wav,The baby weighed three kilograms at birth.,Em bé nặng ba kg khi sinh.,A2
Sov_ub_y3VM_sentence_913.wav,This room is for rent.,Phòng này là cho thuê.,A1
Sov_ub_y3VM_sentence_914.wav,I would like to rent a car.,Tôi muốn thuê một chiếc xe.,A1
Sov_ub_y3VM_sentence_936.wav,Father,Cha à.,A1
Sov_ub_y3VM_sentence_937.wav,My father always gets up early to exercise.,Cha tôi luôn dậy sớm để tập thể dục.,A2
Sov_ub_y3VM_sentence_938.wav,What does your father do for a living?,Cha cô làm nghề gì?,A2
Sov_ub_y3VM_sentence_939.wav,My father is going to go abroad next week.,Cha tôi sẽ ra nước ngoài vào tuần tới.,A1
Sov_ub_y3VM_sentence_944.wav,There's no soap in the bathroom.,Không có xà phòng trong phòng tắm.,A1
Sov_ub_y3VM_sentence_959.wav,Circumstance.,Hoàn cảnh.,A2
Sov_ub_y3VM_sentence_965.wav,"We wanted to marry, but circumstances didn't permit.","Chúng tôi muốn kết hôn, nhưng hoàn cảnh không cho phép.",A2
Sov_ub_y3VM_sentence_966.wav,The artists are living in reduced circumstances.,Các nghệ sĩ đang sống trong hoàn cảnh ít bị ảnh hưởng.,A2
Sov_ub_y3VM_sentence_967.wav,Floor,Sàn,A1
Sov_ub_y3VM_sentence_972.wav,My apartment is on the fourth floor.,Căn hộ của tôi ở tầng 4.,A1
Sov_ub_y3VM_sentence_974.wav,Pretty.,Đẹp.,A1
Sov_ub_y3VM_sentence_985.wav,Vacation,Nghỉ phép,A1
Sov_ub_y3VM_sentence_989.wav,Have a nice vacation.,Chúc một kỳ nghỉ vui vẻ.,A1
UTFpMaHxHxI_sentence_000.wav,Fruit,Trái cây,A1
UTFpMaHxHxI_sentence_005.wav,My mother bought some apples at a fruit store.,Mẹ tôi mua táo ở cửa hàng hoa quả.,A2
UTFpMaHxHxI_sentence_031.wav,Give me one reason why I should believe you.,Cho tôi một lý do tại sao tôi nên tin anh.,A1
UTFpMaHxHxI_sentence_035.wav,I don't know the reason for her absence.,Tôi không biết lý do cô ấy vắng mặt.,A2
UTFpMaHxHxI_sentence_036.wav,I awful.,Tôi kinh khủng.,A1
UTFpMaHxHxI_sentence_042.wav,They lost an awful lot of money.,Họ mất rất nhiều tiền.,A2
UTFpMaHxHxI_sentence_065.wav,I'll be ready shortly.,Tôi sẽ sẵn sàng ngay.,A1
UTFpMaHxHxI_sentence_066.wav,Back.,Quay lại.,A1
UTFpMaHxHxI_sentence_071.wav,Do you think I'm too old to go back to school?,Anh nghĩ em quá già để đi học lại à?,A1
UTFpMaHxHxI_sentence_072.wav,They hit him on the back strongly. Should I wait for her to come back?,"Chúng đánh mạnh vào lưng anh ấy, tôi có nên chờ cô ấy quay lại không?",A2
UTFpMaHxHxI_sentence_074.wav,Loud.,To.,A1
UTFpMaHxHxI_sentence_100.wav,Scared.,Sợ hãi.,A1
UTFpMaHxHxI_sentence_1004.wav,Where's the nearest bank?,Ngân hàng gần nhất ở đâu?,A1
UTFpMaHxHxI_sentence_1005.wav,Mir.,Mir.,A2
UTFpMaHxHxI_sentence_1020.wav,Seriously,Nghiêm túc đấy,A1
UTFpMaHxHxI_sentence_1029.wav,The consequences could be serious.,Hậu quả có thể rất nghiêm trọng.,A1
UTFpMaHxHxI_sentence_1032.wav,What is your marriage status?,Tình trạng hôn nhân của cô là gì?,A1
UTFpMaHxHxI_sentence_1033.wav,That woman has a high social status.,Người phụ nữ đó có địa vị xã hội cao.,A2
UTFpMaHxHxI_sentence_1054.wav,Finish.,Kết thúc.,A1
UTFpMaHxHxI_sentence_1087.wav,"Leave now, otherwise you will miss the bus.","Đi ngay, nếu không anh sẽ trễ chuyến xe buýt.",A2
UTFpMaHxHxI_sentence_1094.wav,It's unlikely that he will be fired.,Không chắc là anh ta sẽ bị sa thải.,A2
UTFpMaHxHxI_sentence_131.wav,Customer.,Khách hàng.,A1
UTFpMaHxHxI_sentence_135.wav,Customer,Khách hàng,A2
UTFpMaHxHxI_sentence_142.wav,Concerned.,Lo lắng.,A1
UTFpMaHxHxI_sentence_153.wav,Divorce is very painful.,Ly dị rất đau đớn.,A2
UTFpMaHxHxI_sentence_170.wav,Look at the train crossing the bridge. There used to be a bridge here.,Nhìn con tàu băng qua cầu kìa.,A1
UTFpMaHxHxI_sentence_171.wav,This new bridge is a triumph of engineering.,Cây cầu mới này là một thành công của kỹ thuật.,A2
UTFpMaHxHxI_sentence_172.wav,Similar.,Tương tự.,A2
UTFpMaHxHxI_sentence_183.wav,Don't miss this opportunity.,Đừng bỏ lỡ cơ hội này.,A1
UTFpMaHxHxI_sentence_188.wav,Impression,Ấn tượng,A2
UTFpMaHxHxI_sentence_200.wav,This is a significant change.,Đây là một sự thay đổi đáng kể.,A2
UTFpMaHxHxI_sentence_246.wav,I wonder if my efforts will pay off.,Tôi tự hỏi liệu những nỗ lực của tôi có được đền đáp.,A2
UTFpMaHxHxI_sentence_263.wav,out.,""" Tôi không muốn nói chuyện với anh. """,A1
UTFpMaHxHxI_sentence_268.wav,I began to doubt the accuracy of his statement.,Tôi bắt đầu nghi ngờ tính chính xác trong lời khai của ông.,A2
UTFpMaHxHxI_sentence_278.wav,Tom lives on the third floor of this apartment building. This building is over fifty years old. This building is architecturally impressive. Tom lives on the third floor of this apartment building. This building is over fifty years old.,Tom sống ở tầng ba của tòa nhà này. Tòa nhà này đã hơn năm mươi tuổi. Tòa nhà này có kiến trúc ấn tượng. Tom sống ở tầng ba của tòa nhà này. Tòa nhà này đã hơn năm mươi tuổi.,A2
UTFpMaHxHxI_sentence_282.wav,What we're doing is dangerous.,Những gì chúng ta đang làm rất nguy hiểm.,A1
UTFpMaHxHxI_sentence_288.wav,It is dangerous for children to go out alone at night.,Trẻ em đi ra ngoài một mình vào ban đêm rất nguy hiểm.,A2
UTFpMaHxHxI_sentence_293.wav,Management,Quản lý,A2
UTFpMaHxHxI_sentence_307.wav,I can't see any stars tonight.,Tối nay tôi không thấy ngôi sao nào cả.,A1
UTFpMaHxHxI_sentence_319.wav,Nothing number.,Không có số.,A2
UTFpMaHxHxI_sentence_321.wav,I forgot your phone number.,Tôi quên số điện thoại của anh.,A1
UTFpMaHxHxI_sentence_322.wav,Can I have your phone number?,Cho tôi số điện thoại của anh được không?,A1
UTFpMaHxHxI_sentence_340.wav,Don't let that dog come near me.,Đừng để con chó đó lại gần tôi.,A1
UTFpMaHxHxI_sentence_376.wav,Tao.,Tao.,A1
UTFpMaHxHxI_sentence_380.wav,Dow.,Dow.,A2
UTFpMaHxHxI_sentence_388.wav,I have no doubt that he's lying.,Tôi không nghi ngờ gì là anh ta nói dối.,A2
UTFpMaHxHxI_sentence_407.wav,Wait a moment.,Chờ một chút.,A1
UTFpMaHxHxI_sentence_424.wav,Let's start with lesson one.,Hãy bắt đầu với bài học đầu tiên.,A2
UTFpMaHxHxI_sentence_441.wav,Have you finished dinner yet?,Anh ăn xong chưa?,A1
UTFpMaHxHxI_sentence_478.wav,They've bought themselves a new car.,Họ đã mua cho mình một chiếc xe mới.,A1
UTFpMaHxHxI_sentence_493.wav,Hurry!,Nhanh lên!,A1
UTFpMaHxHxI_sentence_507.wav,This job is beyond my ability.,Công việc này vượt quá khả năng của tôi.,A2
UTFpMaHxHxI_sentence_532.wav,She is lying on the ground.,Cô ấy đang nằm trên mặt đất.,A1
UTFpMaHxHxI_sentence_538.wav,Jealous,Ghen tị,A1
UTFpMaHxHxI_sentence_563.wav,She owes him a lot of money.,Cô ấy nợ hắn rất nhiều tiền.,A2
UTFpMaHxHxI_sentence_583.wav,I can't go out tonight. Why not?,Tối nay tôi không thể ra ngoài.,A1
UTFpMaHxHxI_sentence_616.wav,Serious,Nghiêm túc,A1
UTFpMaHxHxI_sentence_617.wav,Are you serious?,Anh nói thật chứ?,A1
UTFpMaHxHxI_sentence_634.wav,Red.,Đỏ.,A1
UTFpMaHxHxI_sentence_667.wav,Take care of yourself.,Chăm sóc bản thân.,A1
UTFpMaHxHxI_sentence_668.wav,Yourself.,Chính bản thân bạn.,A1
UTFpMaHxHxI_sentence_694.wav,BRIGHT Look at the bright side. The rooms are bright and spacious. That's a bright idea. BRIGHT.,Hãy nhìn vào mặt sáng sủa. Các phòng sáng sủa và rộng rãi. Đó là một ý tưởng sáng sủa.,A2
UTFpMaHxHxI_sentence_695.wav,Look at the bright side.,Nhìn vào mặt tích cực.,A1
UTFpMaHxHxI_sentence_696.wav,The rooms are bright and spacious.,Các phòng sáng sủa và rộng rãi.,A2
UTFpMaHxHxI_sentence_711.wav,I wish that we could spend more time together.,Tôi ước gì chúng ta có thể dành nhiều thời gian hơn cho nhau.,A1
UTFpMaHxHxI_sentence_731.wav,That.,Đó.,A1
UTFpMaHxHxI_sentence_734.wav,I'm glad that you can come.,Tôi mừng vì anh có thể tới.,A1
UTFpMaHxHxI_sentence_737.wav,What's that sound?,Tiếng gì vậy?,A1
UTFpMaHxHxI_sentence_749.wav,The museums attract a lot of tourists.,Các bảo tàng thu hút rất nhiều khách du lịch.,A2
UTFpMaHxHxI_sentence_760.wav,Do I have to do it right away?,Tôi có phải làm ngay không?,A1
UTFpMaHxHxI_sentence_762.wav,Keep away from the dog.,Tránh xa con chó.,A1
UTFpMaHxHxI_sentence_786.wav,It's on the shelf just above your head.,Nó ở trên kệ ngay trên đầu anh.,A2
UTFpMaHxHxI_sentence_802.wav,She's very patient.,Cô ấy rất kiên nhẫn.,A1
UTFpMaHxHxI_sentence_806.wav,I arrived there too early.,Tôi đến đó quá sớm.,A1
UTFpMaHxHxI_sentence_828.wav,How much do you weigh?,Anh nặng bao nhiêu?,A1
UTFpMaHxHxI_sentence_847.wav,Beyond.,Hơn nữa.,A2
UTFpMaHxHxI_sentence_850.wav,He pointed to a spot beyond the trees. Degree.,Anh chỉ một điểm bên kia những cái cây. Mức độ.,A2
UTFpMaHxHxI_sentence_858.wav,Water boils at 100 degrees Celsius.,Nước sôi ở 100 độ C.,A2
UTFpMaHxHxI_sentence_860.wav,She got her master's degree three years ago.,Cô ấy có bằng thạc sĩ 3 năm trước.,A2
UTFpMaHxHxI_sentence_881.wav,He must put more effort into his work.,Anh ta phải nỗ lực hơn nữa vào công việc của mình.,A2
UTFpMaHxHxI_sentence_892.wav,"Don't touch that plate, it's hot.","Đừng chạm vào cái đĩa đó, nóng lắm.",A1
UTFpMaHxHxI_sentence_916.wav,I famous.,Tôi nổi tiếng.,A1
UTFpMaHxHxI_sentence_931.wav,Enthusiasm.,Sự nhiệt tình.,A1
UTFpMaHxHxI_sentence_937.wav,Nothing great was ever achieved without enthusiasm.,Không có gì vĩ đại mà không có sự nhiệt tình.,B1
UTFpMaHxHxI_sentence_938.wav,Subject,Chủ đề,A2
UTFpMaHxHxI_sentence_988.wav,I gave her all the money I had.,Tôi đã đưa cho cô ấy tất cả số tiền tôi có.,A1
UTJvBxhIaUI_sentence_020.wav,The patient is in severe pain.,Bệnh nhân đang đau dữ dội.,A2
UTJvBxhIaUI_sentence_036.wav,Water and oil are both liquids.,Nước và dầu đều là chất lỏng.,A2
UTJvBxhIaUI_sentence_039.wav,She cut the sandwiches into triangles.,Cô ấy cắt bánh mì thành hình tam giác.,A2
UTJvBxhIaUI_sentence_046.wav,Amuse.,Vui vẻ.,A1
UTJvBxhIaUI_sentence_050.wav,Amuse,Vui vẻ,A1
UTJvBxhIaUI_sentence_073.wav,Feature,Tính năng,A1
UTJvBxhIaUI_sentence_081.wav,Household.,Hộ gia đình.,A1
UTJvBxhIaUI_sentence_085.wav,She is busy with household work.,Cô ấy bận rộn với công việc nhà.,A2
UTJvBxhIaUI_sentence_086.wav,I need to buy some household equipment.,Tôi cần mua một số thiết bị gia dụng.,A1
UTJvBxhIaUI_sentence_089.wav,Remove.,Bỏ đi.,A1
UTJvBxhIaUI_sentence_095.wav,We removed you from the list.,Chúng tôi đã xoá anh khỏi danh sách.,A2
UTJvBxhIaUI_sentence_100.wav,Article,Điều,A2
UTJvBxhIaUI_sentence_105.wav,Procedure.,Thủ tục.,A2
UTJvBxhIaUI_sentence_114.wav,What is the procedure for getting a visa?,Thủ tục xin visa là gì?,A2
UTJvBxhIaUI_sentence_117.wav,I located the town on a map.,Tôi đã tìm ra vị trí của thị trấn trên bản đồ.,A2
UTJvBxhIaUI_sentence_126.wav,We're trying to locate him.,Chúng tôi đang cố tìm hắn.,A2
UTJvBxhIaUI_sentence_140.wav,He put his hand gently on her shoulder.,Anh nhẹ nhàng đặt tay lên vai nàng.,A2
UTJvBxhIaUI_sentence_145.wav,The road curves gently toward the lake.,Con đường uốn lượn nhẹ nhàng về phía hồ.,A2
UTJvBxhIaUI_sentence_157.wav,Honor,Danh dự,A1
UTJvBxhIaUI_sentence_158.wav,It's a great honor to be invited.,Thật là một vinh dự lớn khi được mời.,A1
UTJvBxhIaUI_sentence_211.wav,This house has a solid foundation.,Ngôi nhà này có nền móng vững chắc.,A2
UTJvBxhIaUI_sentence_214.wav,Trade.,Trao đổi.,A2
UTJvBxhIaUI_sentence_237.wav,Source,Nguồn,A2
UTJvBxhIaUI_sentence_266.wav,I have a severe headache.,Tôi bị đau đầu dữ dội.,A1
UTJvBxhIaUI_sentence_320.wav,Ceremony,Lễ,A1
UTJvBxhIaUI_sentence_346.wav,Liquid.,Chất lỏng.,A2
UTJvBxhIaUI_sentence_351.wav,"Water is liquid, when it freezes, it becomes solid.","Nước ở dạng lỏng, khi đóng băng, nó trở nên rắn.",A2
UTJvBxhIaUI_sentence_360.wav,This camera has several features that make it easy to use.,Máy ảnh này có nhiều tính năng giúp bạn dễ sử dụng.,A2
UTJvBxhIaUI_sentence_370.wav,August,Tháng tám,A1
UTJvBxhIaUI_sentence_372.wav,He will go abroad in August.,Anh ta sẽ ra nước ngoài vào tháng 8.,A2
UTJvBxhIaUI_sentence_373.wav,I was born in August.,Tôi sinh tháng 8.,A2
UTJvBxhIaUI_sentence_383.wav,Proudly.,Sự tự hào.,A2
UTJvBxhIaUI_sentence_388.wav,He proudly told me his achievement.,Anh ấy tự hào nói với tôi về thành tích của mình.,A2
UTJvBxhIaUI_sentence_391.wav,Particularly,Đặc biệt,A1
UTJvBxhIaUI_sentence_411.wav,"There is no use protesting, I will not change my mind.","Không có gì để phản đối, tôi sẽ không đổi ý đâu.",A2
UTJvBxhIaUI_sentence_412.wav,Bad tempered.,Nóng tính.,A1
UTJvBxhIaUI_sentence_419.wav,"She's very bad tempered in the mornings, and","Buổi sáng cô ấy rất nóng tính, và",A2
UTJvBxhIaUI_sentence_434.wav,Prompt payment will be appreciated.,Sẽ rất cảm kích nếu anh trả tiền sớm.,A2
UTJvBxhIaUI_sentence_435.wav,Oppose,Đối kháng,A2
UTJvBxhIaUI_sentence_444.wav,Always follow the manufacturer's instructions.,Luôn tuân theo hướng dẫn của nhà sản xuất.,A2
UTJvBxhIaUI_sentence_446.wav,Manufacturer.,Nhà sản xuất.,A2
UTJvBxhIaUI_sentence_448.wav,Faulty goods should be returned to the manufacturers.,Hàng lỗi nên được trả lại cho các nhà sản xuất.,B1
UTJvBxhIaUI_sentence_460.wav,"I met your daughter yesterday, and she greeted me politely.","Tôi gặp con gái ông hôm qua, và nó chào tôi rất lịch sự.",A2
UTJvBxhIaUI_sentence_462.wav,She politely corrected me.,Cô ấy lịch sự sửa lại cho tôi.,A2
UTJvBxhIaUI_sentence_468.wav,He politely gave me the ticket.,Anh ta lịch sự đưa tôi vé.,A2
UTJvBxhIaUI_sentence_475.wav,The magazine is widely read by teenagers.,Tạp chí được đọc rộng rãi bởi thanh thiếu niên.,A2
UTJvBxhIaUI_sentence_491.wav,Plus,Thêm,A1
UTJvBxhIaUI_sentence_492.wav,One plus two is three.,1 cộng 2 bằng 3.,A1
UTJvBxhIaUI_sentence_498.wav,The cost is$10 plus$2 for shipping.,Chi phí là 10 đô la cộng với 2 đô la để vận chuyển.,A2
UTJvBxhIaUI_sentence_499.wav,Heaven.,Thiên đường.,A1
UTJvBxhIaUI_sentence_500.wav,He hopes to go to heaven when he dies.,Ông ấy hy vọng sẽ được lên thiên đường khi ông ấy chết.,A2
UTJvBxhIaUI_sentence_501.wav,Our baby is a gift from heaven.,Con chúng ta là món quà từ thiên đường.,A1
UTJvBxhIaUI_sentence_524.wav,Don't let your ice cream melt.,Đừng để kem bị chảy.,A1
UTJvBxhIaUI_sentence_532.wav,Is there a hairdresser in the hotel?,Có thợ làm tóc trong khách sạn không?,A1
UTJvBxhIaUI_sentence_569.wav,Triangle.,Tam giác.,A2
UTJvBxhIaUI_sentence_572.wav,Triangle,Tam giácName,A2
UTJvBxhIaUI_sentence_581.wav,There are noticeable differences between them.,Có sự khác biệt đáng chú ý giữa chúng.,A2
UTJvBxhIaUI_sentence_595.wav,There is a pub in front of her house.,Có một quán rượu trước nhà cô ấy.,A2
UTJvBxhIaUI_sentence_596.wav,Bye.,Tạm biệt.,A1
UTJvBxhIaUI_sentence_597.wav,Goodbye. See you again.,"Tạm biệt, hẹn gặp lại.",A1
UTJvBxhIaUI_sentence_598.wav,It was too late to say goodbye to him. She said bye to me and went away.,Đã quá muộn để nói lời tạm biệt với anh ấy. Cô ấy chào tạm biệt tôi và đi mất.,A2
UTJvBxhIaUI_sentence_629.wav,The greatest obstacle to international understanding is the barrier of language.,Trở ngại lớn nhất đối với sự hiểu biết quốc tế là rào cản ngôn ngữ.,B1
UTJvBxhIaUI_sentence_643.wav,I explained the procedure to him.,Tôi đã giải thích thủ tục cho anh ta.,A2
UTJvBxhIaUI_sentence_659.wav,There are substantial differences between the two groups.,Có sự khác biệt đáng kể giữa hai nhóm.,B1
UTJvBxhIaUI_sentence_668.wav,The best revenge is massive success.,Trả thù tốt nhất là thành công lớn.,A2
UTJvBxhIaUI_sentence_676.wav,concrete.,"Bạn có thể dùng các vật liệu như đá, bê tông, đá dăm, đá dăm, đá dăm, đá dăm, đá dăm, đá dăm, đá dăm, đá dăm, đá dăm, đá dăm, đá dăm, đá dăm, đá dăm, đá dăm, đá dăm, đá dăm, đá dăm, đá dăm, đá dăm, đá dăm, đá dăm, đá dăm, đá dăm, đá dăm, đá dăm, đá dăm, đá dăm, đá dăm, đá dăm, đá dăm, đá dăm, đá dăm, đá dăm, đá dăm, đá dăm, đá dăm, đá dăm, đá dăm, đá dăm, đá dăm, đá dăm, đá dăm, đá dăm, đá dăm, đá dăm, đá dăm, đá dăm, đá dăm, đá dăm, đá dăm, đá dăm, đá dăm, đá dăm, đá dăm, đá dăm, đá dăm, đá dăm, đá dăm, đá dăm, đá dăm, đá dăm, đá dăm, đá dăm, đá dăm, đá dăm, đá dăm, đá dăm, đá dăm, đá dăm, đá dăm, đá dăm, đá dăm, đá dăm, đá dăm, đá dăm, đá dăm, đá dăm, đá dăm, đá dăm, đá dăm, đá dăm, đá dăm, đá dăm, đá dăm, đá dăm, đá dăm, đá dăm, đá dăm, đá dăm, đá dăm, đá dăm, đá dăm, đá dăm, đá dăm, đá dăm, đá dăm, đá dăm, đá dăm, đá dăm, đá dăm, đá dăm, đá dăm, đá dăm, đá dăm, đá dăm, đá dăm, đá dăm, đá dăm, đá dăm, đá dăm, đá dăm, đá dăm, đá dăm, đá dăm, đá dăm, đá dăm, đá dăm, đá dăm, đá dăm, đá dăm, đá dăm, đá dăm, đá dăm, đá dăm, đá dăm, đá dăm, đá dăm, đá dăm, đá dăm, đá dăm, đá dăm, đá dăm, đá dăm, đá dăm, đá dăm, đá dăm, đá dăm, đá dăm, đá dăm, đá dăm, đá dăm, đá dăm, đá dăm, đá dăm, đá dăm, đá dăm, đá dăm, đá dăm, đá dăm, đá dăm, đá dăm, đá dăm, đá dăm, đá dăm, đá dăm, đá dăm, đá dăm, đá dăm, đá dăm, đá dăm, đá dăm, đá dăm, đá dăm, đá dăm, đá dăm, đá",A2
UTJvBxhIaUI_sentence_678.wav,Modern buildings are made of concrete.,Các toà nhà hiện đại được làm bằng bê tông.,A2
UTJvBxhIaUI_sentence_685.wav,They sell ten different flavors of ice cream.,Họ bán mười loại kem khác nhau.,A2
UTJvBxhIaUI_sentence_696.wav,remaining.,Bạn có thể tìm hiểu thêm về cách thức mà bạn có thể sử dụng để tìm kiếm sự giúp đỡ.,A2
UTJvBxhIaUI_sentence_703.wav,Occupy.,Chiếm.,A1
UTJvBxhIaUI_sentence_708.wav,The bathroom is occupied now.,Phòng tắm đã có người rồi.,A2
UTJvBxhIaUI_sentence_712.wav,The soldiers occupied the building.,Quân lính chiếm giữ toà nhà.,A2
UTJvBxhIaUI_sentence_715.wav,She proudly showed off her awards.,Cô tự hào khoe giải thưởng của mình.,A2
UTJvBxhIaUI_sentence_728.wav,Have you read this article?,Bạn đã đọc bài viết này chưa?,A1
UTJvBxhIaUI_sentence_756.wav,Locate.,Định vị.,A1
UTJvBxhIaUI_sentence_785.wav,You are not entitled to attend the meeting.,Anh không có quyền tham dự cuộc họp.,A2
UTJvBxhIaUI_sentence_809.wav,Association,Liên kết,A2
UTJvBxhIaUI_sentence_834.wav,Her smile melts my heart.,Nụ cười của cô ấy làm tan chảy trái tim tôi.,A2
UTJvBxhIaUI_sentence_865.wav,Household,Hộ gia đình,A2
UTJvBxhIaUI_sentence_895.wav,That picture will amuse you.,Bức ảnh đó sẽ làm anh thích thú.,A2
UUF4JSG6Ql4_sentence_016.wav,I politely refuse their invitation.,Tôi lịch sự từ chối lời mời của họ.,A2
UUF4JSG6Ql4_sentence_031.wav,Previous.,Trước.,A2
UUF4JSG6Ql4_sentence_033.wav,She has a child from a previous marriage.,Cô có một đứa con từ cuộc hôn nhân trước.,A2
UUF4JSG6Ql4_sentence_048.wav,crowd.,Đám đông.,A1
UUF4JSG6Ql4_sentence_059.wav,Why are you so nervous?,Sao anh lại lo lắng vậy?,A1
UUF4JSG6Ql4_sentence_073.wav,Take a deep breath and then relax. How long can you hold your breath?,Hít một hơi thật sâu và sau đó thư giãn. Bạn có thể nín thở trong bao lâu?,A2
UUF4JSG6Ql4_sentence_078.wav,The way to get started is to quit talking and begin doing.,Cách để bắt đầu là ngừng nói và bắt đầu làm.,B1
UUF4JSG6Ql4_sentence_082.wav,Surface,Bề mặt,A2
UUF4JSG6Ql4_sentence_086.wav,This table has a smooth surface.,Bàn này có bề mặt nhẵn.,A2
UUF4JSG6Ql4_sentence_113.wav,Silence.,Im lặng.,A2
UUF4JSG6Ql4_sentence_132.wav,Major.,Thiếu tá.,A1
UUF4JSG6Ql4_sentence_165.wav,Neither.,Cả hai đều không.,A2
UUF4JSG6Ql4_sentence_171.wav,"Which one do you want? Neither, thanks.",Anh muốn cái nào?,A2
UUF4JSG6Ql4_sentence_172.wav,Writer,Nhà văn,A1
UUF4JSG6Ql4_sentence_173.wav,That man is a famous writer.,Người đó là một nhà văn nổi tiếng.,A2
UUF4JSG6Ql4_sentence_197.wav,We have permission to be here.,Chúng tôi được phép ở đây.,A1
UUF4JSG6Ql4_sentence_199.wav,She took the car without permission.,Cô ta lấy xe mà không được phép.,A2
UUF4JSG6Ql4_sentence_200.wav,Great.,Tuyệt.,A1
UUF4JSG6Ql4_sentence_211.wav,Do you have any information about the project?,Anh có thông tin gì về dự án không?,A2
UUF4JSG6Ql4_sentence_217.wav,It was an uphill struggle.,Đó là một cuộc đấu tranh gian khổ.,A2
UUF4JSG6Ql4_sentence_232.wav,I haven't decided what to do yet.,Tôi vẫn chưa quyết định phải làm gì.,A2
UUF4JSG6Ql4_sentence_233.wav,Section,Mục,A2
UUF4JSG6Ql4_sentence_240.wav,He gave me an orange in exchange for a piece of cake.,Ông ấy đưa tôi một quả cam để đổi lấy một miếng bánh.,A2
UUF4JSG6Ql4_sentence_243.wav,Train,Tàu,A1
UUF4JSG6Ql4_sentence_262.wav,I'll give you a fair price.,Tôi sẽ cho anh một cái giá hợp lý.,A2
UUF4JSG6Ql4_sentence_264.wav,BOY I have known Tom since I was a little boy.,BOY Tôi đã biết Tom từ khi tôi còn là một cậu bé.,A2
UUF4JSG6Ql4_sentence_268.wav,The boy who lives next door often comes home late.,Thằng bé hàng xóm thường về nhà muộn.,A2
UUF4JSG6Ql4_sentence_276.wav,None.,Không có.,A2
UUF4JSG6Ql4_sentence_279.wav,It's none of your business.,Không phải việc của anh.,A2
UUF4JSG6Ql4_sentence_307.wav,Purpose.,Mục đích.,A1
UUF4JSG6Ql4_sentence_314.wav,From,Từ,A2
UUF4JSG6Ql4_sentence_320.wav,He is often absent from school.,Anh thường xuyên vắng mặt ở trường.,A2
UUF4JSG6Ql4_sentence_321.wav,Heavily.,Tăng dần.,A2
UUF4JSG6Ql4_sentence_322.wav,It is raining heavily.,Trời mưa to quá.,A2
UUF4JSG6Ql4_sentence_369.wav,Very.,Rất.,A1
UUF4JSG6Ql4_sentence_391.wav,The school is not run for profit.,Trường không được điều hành vì lợi nhuận.,A2
UUF4JSG6Ql4_sentence_399.wav,I dropped her off at the airport.,Tôi đã đưa cô ấy ra sân bay.,A1
UUF4JSG6Ql4_sentence_403.wav,Let's leave early to avoid rush hour traffic.,Hãy đi sớm để tránh kẹt xe.,A2
UUF4JSG6Ql4_sentence_417.wav,Don't go above the speed limit.,Đừng chạy quá tốc độ cho phép.,A1
UUF4JSG6Ql4_sentence_433.wav,Phil.,Phil.,A2
UUF4JSG6Ql4_sentence_445.wav,Under,Dưới,A2
UUF4JSG6Ql4_sentence_447.wav,We're under attack.,Chúng ta đang bị tấn công.,A1
UUF4JSG6Ql4_sentence_449.wav,She found her purse under the desk.,Cô ấy tìm thấy ví của mình dưới bàn.,A2
UUF4JSG6Ql4_sentence_451.wav,Everything is under control.,Mọi thứ đều trong tầm kiểm soát.,A1
UUF4JSG6Ql4_sentence_459.wav,Ill.,III.,A2
UUF4JSG6Ql4_sentence_471.wav,Day.,Ngày.,A1
UUF4JSG6Ql4_sentence_474.wav,He sleeps during the day and works at night.,Ông ngủ vào ban ngày và làm việc vào ban đêm.,A2
UUF4JSG6Ql4_sentence_494.wav,The beach is a mile away.,Bãi biển cách đây cả dặm.,A1
UUF4JSG6Ql4_sentence_501.wav,She did quite well.,Cô ấy làm khá tốt.,A1
UUF4JSG6Ql4_sentence_511.wav,Village,Làng,A2
UUF4JSG6Ql4_sentence_513.wav,Finally we arrived at the village where,Cuối cùng chúng tôi đến ngôi làng nơi,A2
UUF4JSG6Ql4_sentence_521.wav,He doesn't drink alcohol.,Anh ấy không uống rượu.,A1
UUF4JSG6Ql4_sentence_523.wav,Because I did it because of you.,Bởi vì tôi làm thế là vì anh.,A1
VQeC1ZO2L-w_sentence_012.wav,Attempt.,Thử.,A1
VQeC1ZO2L-w_sentence_020.wav,I passed my driving test at the first attempt.,Tôi đã vượt qua bài kiểm tra lái xe lần đầu tiên.,A2
VQeC1ZO2L-w_sentence_042.wav,Unfortunate.,Thật không may.,A2
VQeC1ZO2L-w_sentence_043.wav,It was a very unfortunate accident.,Đó là một tai nạn rất không may.,A2
VQeC1ZO2L-w_sentence_050.wav,Broadcast.,Phát thanh.,A2
VQeC1ZO2L-w_sentence_052.wav,The football game is now being broadcast.,Trận bóng đá đang được phát sóng.,A2
VQeC1ZO2L-w_sentence_090.wav,Spoil,Sự hỏng,A1
VQeC1ZO2L-w_sentence_102.wav,Can you talk openly about sex with your parents?,Bạn có thể trò chuyện cởi mở về tình dục với bố mẹ không?,A2
VQeC1ZO2L-w_sentence_109.wav,Encouragement.,Sự động viên.,A2
VQeC1ZO2L-w_sentence_121.wav,What's on your plate?,Có gì trên đĩa của anh?,A1
VQeC1ZO2L-w_sentence_152.wav,Distribute.,Distribute.,A1
VQeC1ZO2L-w_sentence_166.wav,He was absorbed in a computer game.,Anh ta bị cuốn vào trò chơi điện tử.,A2
VQeC1ZO2L-w_sentence_180.wav,considerably.,Một số người có thể nói rằng họ không thể làm được điều đó.,A2
VQeC1ZO2L-w_sentence_184.wav,There's no substitute for hard work.,Không có gì thay thế được cho sự chăm chỉ.,A2
VQeC1ZO2L-w_sentence_196.wav,This novel consists of 28 chapters.,Cuốn tiểu thuyết này bao gồm 28 chương.,A2
VQeC1ZO2L-w_sentence_197.wav,Consist of,Bao gồm,A2
VQeC1ZO2L-w_sentence_204.wav,Delay.,Trì hoãn.,A2
VQeC1ZO2L-w_sentence_209.wav,I was delayed by a traffic jam.,Tôi bị kẹt xe.,A2
VQeC1ZO2L-w_sentence_213.wav,We delayed the meeting for a week.,Chúng tôi đã trì hoãn cuộc họp một tuần.,A2
VQeC1ZO2L-w_sentence_214.wav,We apologize for the delay.,Chúng tôi xin lỗi vì đã chậm trễ.,A1
VQeC1ZO2L-w_sentence_227.wav,The room is at the end of the hall.,Phòng ở cuối hành lang.,A1
VQeC1ZO2L-w_sentence_251.wav,Judge,Thẩm phán,A1
VQeC1ZO2L-w_sentence_263.wav,I think math is a complex subject.,Tôi nghĩ toán là một môn học phức tạp.,A2
VQeC1ZO2L-w_sentence_267.wav,That was a complex problem.,Đó là một vấn đề phức tạp.,A2
VQeC1ZO2L-w_sentence_270.wav,Guest.,Khách.,A1
VQeC1ZO2L-w_sentence_271.wav,They are our guests.,Họ là khách của chúng ta.,A1
VQeC1ZO2L-w_sentence_272.wav,This hotel can accommodate five hundred guests.,Khách sạn này có thể chứa 500 khách.,A2
VQeC1ZO2L-w_sentence_273.wav,How many guests are there?,Có bao nhiêu khách ở đó?,A1
VQeC1ZO2L-w_sentence_289.wav,Brand,Nhãn,A1
VQeC1ZO2L-w_sentence_296.wav,Primarily,Trước,A2
VQeC1ZO2L-w_sentence_308.wav,Nothing is permanent in this world.,Không có gì là vĩnh cửu trên thế giới này.,A2
VQeC1ZO2L-w_sentence_312.wav,What is your permanent address?,Địa chỉ thường trú của anh là gì?,A1
VQeC1ZO2L-w_sentence_346.wav,He was completely absorbed in his work.,Anh ấy hoàn toàn tập trung vào công việc.,A2
VQeC1ZO2L-w_sentence_359.wav,Card.,Thẻ.,A1
VQeC1ZO2L-w_sentence_360.wav,He sent me a beautiful birthday card.,Anh ấy gửi cho tôi một tấm thiệp sinh nhật rất đẹp.,A1
VQeC1ZO2L-w_sentence_366.wav,Can I pay by credit card?,Tôi có thể thanh toán bằng thẻ tín dụng không?,A2
VQeC1ZO2L-w_sentence_413.wav,Magic,Pháp thuật,A1
VQeC1ZO2L-w_sentence_414.wav,Do you believe in magic?,Anh có tin vào phép thuật không?,A1
VQeC1ZO2L-w_sentence_426.wav,She went on an extreme diet.,Cô ấy ăn kiêng nghiêm ngặt.,A2
VQeC1ZO2L-w_sentence_434.wav,Rapid population growth is a serious problem in our country.,Tăng trưởng dân số nhanh chóng là một vấn đề nghiêm trọng ở nước ta.,A2
VQeC1ZO2L-w_sentence_457.wav,She was invited to join the Peace Congress.,Bà được mời tham gia Đại hội Hoà bình.,A2
VQeC1ZO2L-w_sentence_490.wav,There was a continuous line of cars.,Có một hàng xe liên tục.,A2
VQeC1ZO2L-w_sentence_513.wav,Motion,Chuyển động,A1
VQeC1ZO2L-w_sentence_526.wav,Mile,Dặm,A1
VQeC1ZO2L-w_sentence_530.wav,The post office is only a mile from here.,Bưu điện chỉ cách đây 1 dặm.,A2
VQeC1ZO2L-w_sentence_531.wav,The bridge is about a mile long.,Cây cầu dài khoảng một dặm.,A2
VQeC1ZO2L-w_sentence_540.wav,The boy knows many magic tricks.,Thằng bé biết rất nhiều trò ảo thuật.,A1
VQeC1ZO2L-w_sentence_546.wav,John was very keen to help.,John rất muốn giúp đỡ.,A2
VQeC1ZO2L-w_sentence_583.wav,Player,Trình chơi,A2
VQeC1ZO2L-w_sentence_584.wav,He is a famous volleyball player.,Anh ấy là một vận động viên bóng chuyền nổi tiếng.,A2
VQeC1ZO2L-w_sentence_585.wav,He is the best player in our team.,Anh ấy là cầu thủ giỏi nhất trong đội.,A2
VQeC1ZO2L-w_sentence_586.wav,It's a game for four players.,Đây là trò chơi cho 4 người chơi.,A1
VQeC1ZO2L-w_sentence_590.wav,Pearl,Trân Châu,A1
VQeC1ZO2L-w_sentence_600.wav,This book will awaken your imagination.,Cuốn sách này sẽ đánh thức trí tưởng tượng của anh.,A2
VQeC1ZO2L-w_sentence_603.wav,flag.,cờ.,A1
VQeC1ZO2L-w_sentence_604.wav,Have you ever seen this flag?,Anh đã thấy lá cờ này bao giờ chưa?,A1
VQeC1ZO2L-w_sentence_605.wav,Every country has its national flag.,Mỗi quốc gia đều có quốc kỳ của mình.,A2
VQeC1ZO2L-w_sentence_625.wav,She doesn't have what it takes to be a good leader.,Cô ấy không có đủ tố chất để trở thành một nhà lãnh đạo tốt.,A2
VQeC1ZO2L-w_sentence_626.wav,He is a born leader.,Anh ta là một nhà lãnh đạo bẩm sinh.,A2
VQeC1ZO2L-w_sentence_651.wav,Permanent.,Bền vững.,A2
VQeC1ZO2L-w_sentence_658.wav,This continuous noise annoys me.,Tiếng ồn liên tục này làm tôi khó chịu.,A2
VQeC1ZO2L-w_sentence_668.wav,This paper does not absorb ink.,Loại giấy này không thấm mực.,A2
VQeC1ZO2L-w_sentence_688.wav,We appointed him as our representative.,Chúng tôi đã chỉ định ông ấy làm đại diện.,A2
VQeC1ZO2L-w_sentence_710.wav,"One of our teachers is sick, so we need someone to substitute.","Một trong những giáo viên của chúng ta bị ốm, nên chúng ta cần một người thay thế.",A2
VQeC1ZO2L-w_sentence_723.wav,I firmly believe that your time will come.,Tôi tin chắc rằng thời khắc của anh sẽ đến.,A2
VQeC1ZO2L-w_sentence_726.wav,She held my arm firmly.,Cô ấy giữ chặt tay tôi.,A1
VQeC1ZO2L-w_sentence_729.wav,Don't let him spoil your evening.,Đừng để hắn làm hỏng buổi tối của anh.,A1
VQeC1ZO2L-w_sentence_753.wav,Thank you for all your support and encouragement.,Cảm ơn mọi sự hỗ trợ và động viên của bạn.,A1
VQeC1ZO2L-w_sentence_776.wav,Executives.,Giám đốc điều hành.,A2
VQeC1ZO2L-w_sentence_838.wav,That was an international congress of mathematicians.,Đó là một hội nghị quốc tế của các nhà toán học.,A2
VQeC1ZO2L-w_sentence_848.wav,Our planet Earth is always in motion.,Trái đất của chúng ta luôn chuyển động.,A2
VQeC1ZO2L-w_sentence_893.wav,I attempted to swim across the river.,Tôi đã cố bơi qua sông.,A1
VbsNhBfwxf0_sentence_046.wav,"The food wasn't good, but at least it was cheap.","Thức ăn không ngon, nhưng ít nhất nó rẻ.",A2
VbsNhBfwxf0_sentence_060.wav,We have very similar interests.,Chúng tôi có những mối quan tâm rất giống nhau.,A2
VbsNhBfwxf0_sentence_075.wav,Make this a priority.,Hãy ưu tiên cho việc này.,A1
VbsNhBfwxf0_sentence_076.wav,Nobody is too busy. It's just a matter of priorities.,Không ai quá bận rộn. Đó chỉ là vấn đề ưu tiên.,A2
VbsNhBfwxf0_sentence_077.wav,Silent,Im lặng,A1
VbsNhBfwxf0_sentence_082.wav,"Not knowing what to say, I remained silent.","Không biết phải nói gì, tôi vẫn im lặng.",A2
VbsNhBfwxf0_sentence_084.wav,She asked us to be silent.,Cô ấy bảo chúng ta im lặng.,A2
VbsNhBfwxf0_sentence_089.wav,He definitely has enough time to get the job done.,Chắc chắn là anh ta có đủ thời gian để hoàn thành công việc.,A2
VbsNhBfwxf0_sentence_1001.wav,You're asking a ridiculous question.,Anh đang hỏi một câu hỏi lố bịch.,A2
VbsNhBfwxf0_sentence_1002.wav,Do I look ridiculous in this hat?,Tôi đội cái nón này trông có lố bịch không?,A1
VbsNhBfwxf0_sentence_1005.wav,Get,Lấy,A1
VbsNhBfwxf0_sentence_1009.wav,Where can I get my baggage?,Tôi có thể lấy hành lý ở đâu?,A2
VbsNhBfwxf0_sentence_101.wav,Please leave me alone.,Làm ơn để tôi yên.,A1
VbsNhBfwxf0_sentence_1011.wav,I got it.,Tôi hiểu rồi.,A1
VbsNhBfwxf0_sentence_111.wav,Brief.,Ngắn gọn.,A2
VbsNhBfwxf0_sentence_112.wav,Just take a brief note.,Chỉ cần ghi chú ngắn gọn.,A1
VbsNhBfwxf0_sentence_113.wav,"Whatever advice you give, be brief.","Dù bạn có đưa ra lời khuyên gì, hãy nói ngắn gọn.",A2
VbsNhBfwxf0_sentence_121.wav,The desk is made of wood.,Bàn làm bằng gỗ.,A2
VbsNhBfwxf0_sentence_126.wav,Hardly.,Hầu như không.,A1
VbsNhBfwxf0_sentence_131.wav,Factory,Nhà máy,A1
VbsNhBfwxf0_sentence_137.wav,They decided to close the factory.,Họ quyết định đóng cửa nhà máy.,A2
VbsNhBfwxf0_sentence_142.wav,Effect.,Hiệu ứng.,A1
VbsNhBfwxf0_sentence_153.wav,Your advice will have no effect on them.,Lời khuyên của anh sẽ không có tác dụng gì với họ.,A2
VbsNhBfwxf0_sentence_172.wav,Summer.,Mùa hè.,A1
VbsNhBfwxf0_sentence_174.wav,How was your summer?,Mùa hè của anh thế nào?,A1
VbsNhBfwxf0_sentence_176.wav,It's very hot. Recommend.,"Rất nóng, mời cô.",A2
VbsNhBfwxf0_sentence_195.wav,What prevented you from coming yesterday?,Điều gì ngăn cản anh đến đây hôm qua?,A2
VbsNhBfwxf0_sentence_197.wav,How can I prevent this from happening?,Làm sao để ngăn chặn điều này?,A2
VbsNhBfwxf0_sentence_202.wav,He packed his bags and left.,Anh ta gói ghém đồ đạc và bỏ đi.,A2
VbsNhBfwxf0_sentence_209.wav,I didn't agree with everything he said.,Tôi không đồng ý với mọi điều anh ta nói.,A2
VbsNhBfwxf0_sentence_211.wav,Everything's going to be okay.,Mọi chuyện sẽ ổn thôi.,A1
VbsNhBfwxf0_sentence_213.wav,I'm satisfied with everything.,Tôi hài lòng với mọi thứ.,A1
VbsNhBfwxf0_sentence_214.wav,Address. Address.,Địa chỉ. Địa chỉ.,A1
VbsNhBfwxf0_sentence_221.wav,The letter was returned because it has been addressed incorrectly.,Lá thư đã bị trả lại vì nó đã được gửi không chính xác.,A2
VbsNhBfwxf0_sentence_222.wav,May I have your name and address?,Cho tôi biết tên và địa chỉ của anh được không?,A2
VbsNhBfwxf0_sentence_251.wav,Deep breathing gives you health benefits similar to aerobics.,Hít thở sâu mang lại lợi ích sức khoẻ tương tự như tập aerobic.,A2
VbsNhBfwxf0_sentence_254.wav,these changes will benefit the nation.,Những thay đổi này sẽ có lợi cho quốc gia.,A2
VbsNhBfwxf0_sentence_277.wav,This medicine has no side effects.,Thuốc này không có tác dụng phụ.,A2
VbsNhBfwxf0_sentence_290.wav,I recommend the book to all of my students.,Tôi giới thiệu cuốn sách này cho tất cả học sinh của tôi.,A2
VbsNhBfwxf0_sentence_306.wav,We can't focus on two things at the same time.,Chúng ta không thể tập trung vào 2 thứ cùng lúc.,B1
VbsNhBfwxf0_sentence_308.wav,Focus.,Tập trung.,A1
VbsNhBfwxf0_sentence_310.wav,Stop worrying about that and focus on your work.,Đừng lo lắng về điều đó và tập trung vào công việc của bạn.,A2
VbsNhBfwxf0_sentence_316.wav,Where are your parents now?,Bố mẹ cậu giờ ở đâu?,A1
VbsNhBfwxf0_sentence_317.wav,He's still idea.,Anh ta vẫn là ý tưởng.,A1
VbsNhBfwxf0_sentence_324.wav,Consider.,Cân nhắc.,A1
VbsNhBfwxf0_sentence_325.wav,We are considering going to Canada.,Chúng tôi đang tính đến việc đi Canada.,A2
VbsNhBfwxf0_sentence_326.wav,We must consider what to do next.,Chúng ta phải cân nhắc xem phải làm gì tiếp theo.,A2
VbsNhBfwxf0_sentence_331.wav,I think it's time for me to consider going on a diet.,Tôi nghĩ đã đến lúc tôi nên cân nhắc việc ăn kiêng.,A2
VbsNhBfwxf0_sentence_352.wav,I major in economics.,Tôi học chuyên ngành kinh tế.,A2
VbsNhBfwxf0_sentence_363.wav,Should I wait for her to come back?,Tôi có nên đợi cô ấy quay lại không?,A2
VbsNhBfwxf0_sentence_384.wav,I didn't know she was ill.,Tôi không biết là cô ấy bị bệnh.,A2
VbsNhBfwxf0_sentence_389.wav,Percent.,Phần trăm.,A1
VbsNhBfwxf0_sentence_392.wav,I'm ice.,Tôi lạnh quá.,A1
VbsNhBfwxf0_sentence_420.wav,Unlike,Không giống,A2
VbsNhBfwxf0_sentence_422.wav,"Unlike my brother, I cannot swim.","Không như anh trai tôi, tôi không biết bơi.",A2
VbsNhBfwxf0_sentence_431.wav,My car is out of gas.,Xe tôi hết xăng rồi.,A1
VbsNhBfwxf0_sentence_455.wav,She always speaks to him in a loud voice.,Cô ấy luôn nói với anh ta bằng giọng to.,A2
VbsNhBfwxf0_sentence_458.wav,Rest.,Nghỉ ngơi.,A1
VbsNhBfwxf0_sentence_464.wav,The doctor told me to rest.,Bác sĩ bảo tôi nghỉ ngơi.,A1
VbsNhBfwxf0_sentence_465.wav,Achieve.,Đạt được.,A1
VbsNhBfwxf0_sentence_468.wav,Achieve,Đạt,A1
VbsNhBfwxf0_sentence_475.wav,I had a tooth pulled out yesterday.,Hôm qua tôi đã nhổ một cái răng.,A2
VbsNhBfwxf0_sentence_488.wav,Strategy,Chiến lược,A2
VbsNhBfwxf0_sentence_495.wav,Forest.,Rừng.,A2
VbsNhBfwxf0_sentence_500.wav,I got lost in the forest.,Tôi bị lạc trong rừng.,A1
VbsNhBfwxf0_sentence_509.wav,Pool,Hồ bơiName,A1
VbsNhBfwxf0_sentence_512.wav,Could you please pull the curtain aside?,Anh kéo màn ra được không?,A1
VbsNhBfwxf0_sentence_513.wav,Pool.,Hồ bơi.,A1
VbsNhBfwxf0_sentence_517.wav,You push and I'll pull.,"Anh đẩy, tôi kéo.",A2
VbsNhBfwxf0_sentence_520.wav,cake.,"Bạn có thể ăn bánh quy, bánh bông lan, bánh bông lan nhân mứt, bánh quy, bánh bông lan nhân mứt, bánh quy, bánh bông lan nhân mứt, bánh quy, bánh bông lan nhân mứt, bánh quy, bánh bông lan nhân mứt, bánh quy, bánh bông lan nhân mứt, bánh quy, bánh bông lan nhân mứt, bánh quy, bánh bông lan nhân mứt, bánh quy, bánh bông lan nhân mứt, bánh quy, bánh bông lan nhân mứt, bánh quy, bánh bông lan nhân mứt, bánh quy, bánh bông lan nhân mứt, bánh quy, bánh bông lan nhân mứt, bánh quy, bánh bông lan nhân mứt, bánh quy, bánh bông lan nhân mứt, bánh quy, bánh bông lan nhân mứt, bánh quy, bánh bông lan nhân mứt, bánh quy, bánh bông lan nhân mứt, bánh quy, bánh bông lan nhân mứt, bánh quy, bánh bông lan nhân mứt, bánh quy, bánh bông lan nhân mứt, bánh quy, bánh bông lan nhân mứt, bánh quy, bánh bông lan nhân mứt, bánh quy, bánh bông lan nhân mứt, bánh quy, bánh bông lan nhân mứt, bánh quy, bánh bông lan nhân mứt, bánh quy, bánh bông lan nhân mứt, bánh quy, bánh quy, bánh bông lan nhân mứt, bánh quy, bánh quy, bánh quy, bánh quy, bánh quy, bánh quy, bánh quy, bánh quy, bánh quy, bánh quy, bánh quy, bánh quy, bánh quy, bánh quy, bánh quy, bánh quy, bánh quy, bánh quy, bánh quy, bánh quy, bánh quy, bánh quy, bánh quy, bánh quy, bánh quy, bánh quy, bánh quy, bánh quy, bánh quy, bánh quy, bánh quy, bánh quy, bánh quy, bánh quy, bánh quy, bánh quy, bánh quy, bánh quy, bánh quy, bánh quy, bánh quy, bánh quy, bánh quy, bánh quy, bánh quy, bánh quy, bánh quy, bánh quy, bánh quy, bánh quy, bánh quy, bánh quy, bánh quy, bánh quy, bánh quy, bánh quy, bánh quy, bánh quy, bánh quy, bánh quy, bánh quy, bánh quy, bánh quy, bánh quy, bánh quy, bánh quy, bánh quy, bánh quy, bánh quy, bánh quy, bánh quy, bánh quy, bánh quy, bánh quy, bánh quy, bánh quy, bánh quy, bánh quy, bánh quy, bánh quy, bánh quy, bánh quy,",A1
VbsNhBfwxf0_sentence_523.wav,Turn the heat down or your cake will burn.,Vặn nhỏ lửa nếu không bánh sẽ bị cháy.,A2
VbsNhBfwxf0_sentence_544.wav,I met a lot of famous people at that meeting.,Tôi đã gặp rất nhiều người nổi tiếng ở cuộc họp đó.,A2
VbsNhBfwxf0_sentence_553.wav,Success.,Thành công.,A1
VbsNhBfwxf0_sentence_554.wav,I'm glad to hear of your success.,Tôi rất vui khi nghe về thành công của anh.,A2
VbsNhBfwxf0_sentence_569.wav,Look at the train crossing the bridge.,Nhìn con tàu băng qua cầu kìa.,A1
VbsNhBfwxf0_sentence_570.wav,There used to be a bridge here.,Ở đây từng có một cây cầu.,A1
VbsNhBfwxf0_sentence_577.wav,Different.,Khác.,A1
VbsNhBfwxf0_sentence_579.wav,They are sold in different colors.,Chúng được bán với nhiều màu sắc khác nhau.,A2
VbsNhBfwxf0_sentence_581.wav,different.,khác nhau.,A1
VbsNhBfwxf0_sentence_604.wav,Investment.,Đầu tư.,A2
VbsNhBfwxf0_sentence_612.wav,We made some bad investments.,Chúng tôi đã đầu tư sai lầm.,A2
VbsNhBfwxf0_sentence_618.wav,The Earth moves around the Sun.,Trái Đất di chuyển quanh Mặt Trời.,A2
VbsNhBfwxf0_sentence_619.wav,The sun is shining and birds are singing.,Mặt trời đang chiếu sáng và chim hót.,A2
VbsNhBfwxf0_sentence_625.wav,Determine.,Xác định.,A1
VbsNhBfwxf0_sentence_626.wav,We're still trying to determine what happened.,Chúng tôi vẫn đang cố xác định chuyện gì đã xảy ra.,A2
VbsNhBfwxf0_sentence_636.wav,She's unlike anyone I've ever met.,Cô ấy không giống bất cứ ai tôi từng gặp.,A2
VbsNhBfwxf0_sentence_645.wav,We need a new marketing strategy for 2016.,Chúng ta cần một chiến lược tiếp thị mới cho năm 2016.,A2
VbsNhBfwxf0_sentence_649.wav,Use,Dùng,A1
VbsNhBfwxf0_sentence_650.wav,It's no use asking him for help.,Kêu ổng giúp cũng vô ích thôi.,A2
VbsNhBfwxf0_sentence_653.wav,It's no belong.,Nó không thuộc về nơi này.,A2
VbsNhBfwxf0_sentence_656.wav,Where do these things belong?,Những thứ này thuộc về đâu?,A1
VbsNhBfwxf0_sentence_657.wav,You belong to me.,Em thuộc về anh.,A1
VbsNhBfwxf0_sentence_674.wav,Moment,Một chút xíu.,A2
VbsNhBfwxf0_sentence_680.wav,She stayed there for a moment.,Cô ở đó một lúc.,A2
VbsNhBfwxf0_sentence_685.wav,Forever.,Mãi mãi.,A1
VbsNhBfwxf0_sentence_687.wav,All I want is to be with you forever.,Tất cả những gì anh muốn là được ở bên em mãi mãi.,A1
VbsNhBfwxf0_sentence_690.wav,Wealth,Của cải,A2
VbsNhBfwxf0_sentence_694.wav,Health is more important than wealth.,Sức khoẻ quan trọng hơn sự giàu có.,A2
VbsNhBfwxf0_sentence_706.wav,Repair.,Sửa chữa.,A1
VbsNhBfwxf0_sentence_713.wav,Have you ever repaired a computer?,Anh đã bao giờ sửa máy tính chưa?,A1
VbsNhBfwxf0_sentence_714.wav,Can you repair it?,Anh sửa được không?,A1
VbsNhBfwxf0_sentence_715.wav,My house is under repair.,Nhà tôi đang được sửa.,A1
VbsNhBfwxf0_sentence_722.wav,Doubt.,Nghi ngờ.,A2
VbsNhBfwxf0_sentence_733.wav,Search.,Tìm kiếm.,A1
VbsNhBfwxf0_sentence_744.wav,White,Trắng,A2
VbsNhBfwxf0_sentence_755.wav,Smile.,Mỉm cười.,A1
VbsNhBfwxf0_sentence_756.wav,She approached him with a smile on her face.,Nàng tiến lại gần anh với nụ cười trên môi.,A2
VbsNhBfwxf0_sentence_761.wav,"Smile at the camera, please.",Vui lòng cười trước ống kính.,A1
VbsNhBfwxf0_sentence_763.wav,Do you think I'm getting fat?,Anh có nghĩ là tôi đang mập lên không?,A1
VbsNhBfwxf0_sentence_764.wav,"Don't eat too much, you'll get fat.","Đừng ăn quá nhiều, anh sẽ béo lên đấy.",A2
VbsNhBfwxf0_sentence_772.wav,Unlikely.,Không chắc lắm.,A2
VbsNhBfwxf0_sentence_781.wav,Golf is very popular in South Korea.,Golf rất phổ biến ở Hàn Quốc.,A2
VbsNhBfwxf0_sentence_782.wav,This book is popular with children.,Cuốn sách này rất được trẻ em yêu thích.,A1
VbsNhBfwxf0_sentence_783.wav,Over.,Hết.,A1
VbsNhBfwxf0_sentence_789.wav,I guess he's over thirty.,Tôi đoán anh ta hơn 30 tuổi.,A1
VbsNhBfwxf0_sentence_801.wav,Recall.,Nhớ lại.,A1
VbsNhBfwxf0_sentence_810.wav,Can you recall what happened last night?,Anh có nhớ chuyện gì xảy ra tối qua không?,A1
VbsNhBfwxf0_sentence_821.wav,They love each other deeply.,Họ yêu nhau sâu sắc.,A1
VbsNhBfwxf0_sentence_823.wav,Study,Nghiên cứu,A1
VbsNhBfwxf0_sentence_825.wav,I made up my mind to study harder.,Tôi quyết định học chăm chỉ hơn.,A1
VbsNhBfwxf0_sentence_837.wav,This is a question and answer session.,Đây là buổi hỏi đáp.,A1
VbsNhBfwxf0_sentence_847.wav,He neither smokes nor drinks.,Hắn không hút thuốc cũng không uống rượu.,A2
VbsNhBfwxf0_sentence_851.wav,It's neither good nor bad.,Nó không tốt cũng không xấu.,A2
VbsNhBfwxf0_sentence_856.wav,How long do I have to wait for delivery?,Tôi phải chờ bao lâu để được giao hàng?,A2
VbsNhBfwxf0_sentence_857.wav,Do you charge for delivery?,Anh tính phí giao hàng à?,A2
VbsNhBfwxf0_sentence_870.wav,I am responsible for your safety.,Tôi chịu trách nhiệm về sự an toàn của anh.,A1
VbsNhBfwxf0_sentence_872.wav,Safety is the most important thing here.,An toàn là điều quan trọng nhất ở đây.,A2
VbsNhBfwxf0_sentence_873.wav,Safety,An toàn,A1
VbsNhBfwxf0_sentence_882.wav,There's no simple solution to this problem.,Không có giải pháp đơn giản nào cho vấn đề này.,A2
VbsNhBfwxf0_sentence_887.wav,Do you have a better solution?,Bạn có giải pháp nào tốt hơn không?,A2
VbsNhBfwxf0_sentence_891.wav,Bottom,Dưới,A2
VbsNhBfwxf0_sentence_892.wav,She paused at the bottom of the stairs.,Cô dừng lại ở chân cầu thang.,A2
VbsNhBfwxf0_sentence_899.wav,I live on the bottom floor.,Tôi sống ở tầng dưới.,A2
VbsNhBfwxf0_sentence_911.wav,Weakness.,Yếu đuối.,A1
VbsNhBfwxf0_sentence_912.wav,We all have our weakness.,Chúng ta đều có điểm yếu.,A2
VbsNhBfwxf0_sentence_923.wav,The restaurant is open daily except Sunday.,Nhà hàng mở cửa hàng ngày trừ Chủ nhật.,A2
VbsNhBfwxf0_sentence_924.wav,Everyone was invited except me.,Mọi người đều được mời trừ tôi.,A2
VbsNhBfwxf0_sentence_932.wav,We ran out of salt today.,Hôm nay chúng ta hết muối rồi.,A2
VbsNhBfwxf0_sentence_933.wav,This soup needs a bit more salt.,Súp này cần thêm một ít muối.,A2
VbsNhBfwxf0_sentence_944.wav,We received a warm welcome from our host.,Chúng tôi nhận được sự chào đón nồng nhiệt từ chủ nhà.,A2
VbsNhBfwxf0_sentence_968.wav,"They haven't found him yet, so they keep searching.","Họ vẫn chưa tìm thấy anh ta, vì vậy họ tiếp tục tìm kiếm.",A2
VbsNhBfwxf0_sentence_973.wav,I think I smell smoke.,Tôi ngửi thấy mùi khói.,A1
VbsNhBfwxf0_sentence_990.wav,"On the surface, the plan seems simple.","Nhìn bề ngoài, kế hoạch có vẻ đơn giản.",A2
VjAvTRsp1Dk_sentence_000.wav,I have been,Tôi đã được,A1
VjAvTRsp1Dk_sentence_001.wav,I have been learning English for almost ten years.,Tôi đã học tiếng Anh gần mười năm.,A2
VjAvTRsp1Dk_sentence_002.wav,I have been living here for thirty years.,Tôi đã sống ở đây 30 năm rồi.,A2
VjAvTRsp1Dk_sentence_006.wav,Where have you been? We have been looking for you everywhere.,Chúng tôi đã tìm anh khắp nơi.,A2
VjAvTRsp1Dk_sentence_007.wav,"In other words, the","Nói cách khác,",A2
VjAvTRsp1Dk_sentence_017.wav,"In other words, he doesn't want to do it.","Nói cách khác, anh ta không muốn làm điều đó.",A2
VjAvTRsp1Dk_sentence_019.wav,"In other words, he betrayed us.","Nói cách khác, hắn đã phản bội chúng ta.",A2
VjAvTRsp1Dk_sentence_021.wav,"They are not telling the truth. In other words, they are lying.","Họ không nói sự thật. Nói cách khác, họ đang nói dối.",A2
VjAvTRsp1Dk_sentence_022.wav,And you're supposed to.,Và anh phải làm thế.,A1
VjAvTRsp1Dk_sentence_033.wav,What would you do if?,Bạn sẽ làm gì nếu?,A1
VjAvTRsp1Dk_sentence_034.wav,What would you do if you were me?,Nếu là tôi thì anh sẽ làm gì?,A1
VjAvTRsp1Dk_sentence_035.wav,What would you do if you were in my shoes?,Anh sẽ làm gì nếu anh ở vị trí của tôi?,A1
VjAvTRsp1Dk_sentence_039.wav,What would you do if you had a lot of money?,Bạn sẽ làm gì nếu bạn có nhiều tiền?,A1
VjAvTRsp1Dk_sentence_040.wav,You need to.,Bạn cần phải làm vậy.,A1
VjAvTRsp1Dk_sentence_043.wav,You need to adjust your watch. It's slow.,Anh cần phải điều chỉnh đồng hồ. Nó chậm lắm.,A2
VjAvTRsp1Dk_sentence_044.wav,You how long?,Bạn bao lâu?,A1
VjAvTRsp1Dk_sentence_049.wav,How long have you been studying English?,Anh học tiếng Anh bao lâu rồi?,A1
VjAvTRsp1Dk_sentence_051.wav,take place.,Hãy để mọi thứ diễn ra theo ý muốn.,A1
VjAvTRsp1Dk_sentence_058.wav,Do you want me to?,Anh có muốn tôi làm không?,A1
VjAvTRsp1Dk_sentence_062.wav,You inside out.,Bạn trong ra ngoài.,A1
VjAvTRsp1Dk_sentence_067.wav,I bet.,Tôi cá là vậy.,A1
VjAvTRsp1Dk_sentence_069.wav,I bet he is home now.,Tôi cá là bây giờ ổng đã về nhà.,A1
VjAvTRsp1Dk_sentence_071.wav,I bet we're lost.,Tôi cá là chúng ta lạc đường rồi.,A1
VjAvTRsp1Dk_sentence_073.wav,I bet he will win the prize.,Tôi cá là anh ta sẽ thắng giải thưởng.,A1
VjAvTRsp1Dk_sentence_076.wav,Keep it in mind that you don't work here anymore.,Nhớ rằng anh không còn làm ở đây nữa.,A2
VjAvTRsp1Dk_sentence_077.wav,Please keep in mind that you only have one day to finish the essay.,Hãy nhớ rằng bạn chỉ có một ngày để hoàn thành bài luận.,A2
VjAvTRsp1Dk_sentence_079.wav,Keep in mind that smoking is not good for your health.,Nhớ rằng hút thuốc lá không tốt cho sức khoẻ.,A2
VjAvTRsp1Dk_sentence_085.wav,It's going to,Nó sẽ,A1
VjAvTRsp1Dk_sentence_090.wav,"It's going to be a beautiful day, Sarah said.","Sarah nói: "" Hôm nay sẽ là một ngày đẹp trời. """,A2
VjAvTRsp1Dk_sentence_099.wav,It's hard for me to accept that truth.,Thật khó để chấp nhận sự thật đó.,A2
VjAvTRsp1Dk_sentence_101.wav,It's hard for me to.,Với tôi thì khó lắm.,A2
VjAvTRsp1Dk_sentence_105.wav,It's hard for me to live on my small income.,Thật khó cho tôi để sống với thu nhập thấp.,A2
VjAvTRsp1Dk_sentence_107.wav,It's hard for me to live without you.,Thật khó để sống mà không có em.,A2
VjAvTRsp1Dk_sentence_108.wav,It's time to,Đã đến lúc,A1
VjAvTRsp1Dk_sentence_109.wav,It's time to go to bed.,Đến giờ đi ngủ rồi.,A1
VjAvTRsp1Dk_sentence_110.wav,I suppose it's time to go.,Tôi nghĩ đã đến lúc phải đi rồi.,A1
VjAvTRsp1Dk_sentence_111.wav,It's time to make a decision.,Đã đến lúc đưa ra quyết định.,A1
VjAvTRsp1Dk_sentence_115.wav,Thank you for.,Cảm ơn vì điều đó.,A1
VjAvTRsp1Dk_sentence_116.wav,Thank you for what you have done for me.,Cảm ơn vì những gì anh đã làm cho tôi.,A1
VjAvTRsp1Dk_sentence_117.wav,Thank you for your help.,Cảm ơn vì đã giúp đỡ.,A1
VjAvTRsp1Dk_sentence_118.wav,Thank you for the gift.,Cảm ơn vì món quà.,A1
VjAvTRsp1Dk_sentence_119.wav,Thank you.,Cảm ơn các bạn.,A1
Vm4TBei0oSk_sentence_011.wav,Faithful.,Trung thành.,A2
Vm4TBei0oSk_sentence_018.wav,"If you truly love someone, being faithful is easy.","Nếu bạn thật sự yêu ai đó, thì chung thuỷ sẽ dễ dàng.",A2
Vm4TBei0oSk_sentence_044.wav,Asleep.,Đang ngủ.,A1
Vm4TBei0oSk_sentence_046.wav,I nearly fell asleep in the middle of the lecture.,Tôi gần như ngủ gật giữa bài giảng.,A2
Vm4TBei0oSk_sentence_077.wav,He shamed his whole family by his conduct.,Ông ta đã làm ô nhục cả gia đình vì hành vi của mình.,A2
Vm4TBei0oSk_sentence_094.wav,It's an honor to meet you.,Thật vinh dự được gặp anh.,A1
Vm4TBei0oSk_sentence_110.wav,We were greatly amused by her story.,Chúng tôi rất thích thú với câu chuyện của cô ấy.,A2
Vm4TBei0oSk_sentence_111.wav,Cycle.,Chu kỳ.,A1
Vm4TBei0oSk_sentence_122.wav,Compete.,Cạnh tranh.,A1
Vm4TBei0oSk_sentence_127.wav,I never wanted to compete with you.,Tôi chưa bao giờ muốn cạnh tranh với anh.,A2
Vm4TBei0oSk_sentence_129.wav,Many students compete to get into the best universities.,Nhiều sinh viên cạnh tranh để được vào các trường đại học tốt nhất.,A2
Vm4TBei0oSk_sentence_141.wav,Custom.,Tuỳ chỉnh.,A2
Vm4TBei0oSk_sentence_143.wav,It's difficult to get used to another country's customs.,Rất khó để làm quen với phong tục của nước khác.,A2
Vm4TBei0oSk_sentence_168.wav,I heard it from a reliable source.,Tôi nghe được từ một nguồn đáng tin cậy.,A2
Vm4TBei0oSk_sentence_210.wav,I recently traded in my car for a new one.,Gần đây tôi đổi xe mới.,A2
Vm4TBei0oSk_sentence_215.wav,The ceremony began with his speech.,Buổi lễ bắt đầu với bài phát biểu của ông.,A2
Vm4TBei0oSk_sentence_241.wav,He opposed our decision.,Ông ấy phản đối quyết định của chúng ta.,A2
Vm4TBei0oSk_sentence_243.wav,Don't oppose him.,Đừng chống đối anh ta.,A1
Vm4TBei0oSk_sentence_263.wav,"Bear. What should you do if you encounter a bear while hiking? I ask the teacher to bear in mind that I am just a beginner. If there's one thing I can't bear, it's to be kept waiting.","Gấu. Bạn nên làm gì nếu gặp một con gấu trong khi đi bộ đường dài? Tôi yêu cầu thầy phải ghi nhớ rằng tôi chỉ là một người mới bắt đầu. Nếu có một điều tôi không thể chịu đựng được, đó là phải chờ đợi.",B1
Vm4TBei0oSk_sentence_267.wav,BIRTH DAY HAPPY BIRTHDAY,NGÀY SINH HẠN SINH,A1
Vm4TBei0oSk_sentence_274.wav,Gently.,Nhẹ nhàng.,A1
Vm4TBei0oSk_sentence_284.wav,I have been faithful to my wife.,Tôi đã chung thuỷ với vợ tôi.,A2
Vm4TBei0oSk_sentence_297.wav,Brick.,Brick.,A1
Vm4TBei0oSk_sentence_308.wav,They haven't kept contact for a long time.,Họ đã không liên lạc được lâu rồi.,A2
Vm4TBei0oSk_sentence_311.wav,They have specially,Họ có đặc biệt,A1
Vm4TBei0oSk_sentence_313.wav,The room was specially designed to be used as a library.,Căn phòng được thiết kế đặc biệt để sử dụng như một thư viện.,A2
Vm4TBei0oSk_sentence_314.wav,The ring was specially made for you.,Chiếc nhẫn được làm đặc biệt cho cô.,A2
Vm4TBei0oSk_sentence_340.wav,Video,Phim,A1
Vm4TBei0oSk_sentence_342.wav,This video is boring.,Đoạn phim này chán quá.,A1
Vm4TBei0oSk_sentence_373.wav,I couldn't walk to school because of the constant rain.,Tôi không thể đi bộ đến trường vì mưa liên tục.,A2
Vm4TBei0oSk_sentence_386.wav,trade.,Trao đổi.,A2
Vm4TBei0oSk_sentence_408.wav,Commission.,Tiền công.,A2
Vm4TBei0oSk_sentence_428.wav,What are the barriers to effective communication?,Rào cản nào ngăn cản việc giao tiếp hiệu quả?,A2
Vm4TBei0oSk_sentence_440.wav,Are you going to attend the ceremony?,Anh có đến dự lễ không?,A1
Vm4TBei0oSk_sentence_449.wav,Rightly.,Trung thực.,A2
Vm4TBei0oSk_sentence_463.wav,Manufacture.,Sản xuất.,A2
Vm4TBei0oSk_sentence_471.wav,Quote,Trích dẫn,A2
Vm4TBei0oSk_sentence_475.wav,Quote.,Trích dẫn.,A2
Vm4TBei0oSk_sentence_478.wav,It's a quote from the Bible.,Đó là một câu trích dẫn từ Kinh Thánh.,A1
Vm4TBei0oSk_sentence_487.wav,What should you do if you encounter a bear while hiking?,Bạn nên làm gì nếu gặp phải gấu khi đi bộ đường dài?,A2
Vm4TBei0oSk_sentence_501.wav,We removed the old furniture.,Chúng tôi đã dọn dẹp đồ đạc cũ.,A1
Vm4TBei0oSk_sentence_508.wav,Your salary is based on commissions.,Lương của bạn dựa trên hoa hồng.,A2
Vm4TBei0oSk_sentence_509.wav,How much is the commission?,Tiền hoa hồng là bao nhiêu?,A1
Vm4TBei0oSk_sentence_510.wav,We charge a commission of 5%.,Chúng tôi tính phí hoa hồng 5%.,A2
Vm4TBei0oSk_sentence_518.wav,Detail.,Chi tiết.,A2
Vm4TBei0oSk_sentence_519.wav,We need to clarify a few details.,Chúng ta cần làm rõ một vài chi tiết.,A2
Vm4TBei0oSk_sentence_520.wav,I'm not concerned with the details.,Tôi không quan tâm đến chi tiết.,A2
Vm4TBei0oSk_sentence_521.wav,I'll explain it in detail next week.,Tôi sẽ giải thích chi tiết vào tuần tới.,A2
Vm4TBei0oSk_sentence_548.wav,Please speak gently.,Xin hãy nói nhẹ nhàng.,A1
Vm4TBei0oSk_sentence_587.wav,This machine was manufactured in France.,Máy này được sản xuất tại Pháp.,A2
Vm4TBei0oSk_sentence_594.wav,Can you quote me an example?,Anh có thể trích dẫn một ví dụ không?,A2
Vm4TBei0oSk_sentence_602.wav,He often quotes the Bible.,Ông thường trích dẫn Kinh Thánh.,A2
Vm4TBei0oSk_sentence_632.wav,Can you give me the approximate cost of the repair?,Anh có thể cho tôi biết chi phí sửa chữa gần đúng không?,A2
Vm4TBei0oSk_sentence_636.wav,Measure each angle of the triangle.,Đo từng góc của tam giác.,A2
Vm4TBei0oSk_sentence_645.wav,Do you like playing video games?,Bạn có thích chơi trò chơi điện tử không?,A1
Vm4TBei0oSk_sentence_661.wav,I can't identify the source of the problem.,Tôi không thể xác định nguồn gốc của vấn đề.,A2
Vm4TBei0oSk_sentence_667.wav,What is your main source of income?,Nguồn thu nhập chính của bạn là gì?,A2
Vm4TBei0oSk_sentence_686.wav,Trade between the two countries has increased.,Thương mại giữa hai nước đã tăng lên.,A2
Vm4TBei0oSk_sentence_733.wav,They denied having any association with terrorists.,Họ phủ nhận có liên quan đến khủng bố.,A2
Vm4TBei0oSk_sentence_743.wav,I will go cycling even if it rains.,Tôi sẽ đạp xe ngay cả khi trời mưa.,A1
Vm4TBei0oSk_sentence_797.wav,The article was written in English.,Bài viết được viết bằng tiếng Anh.,A2
Vm4TBei0oSk_sentence_813.wav,You should follow the normal procedure.,Bạn nên làm theo quy trình thông thường.,A1
Vm4TBei0oSk_sentence_818.wav,This swimming pool is open to the public.,Hồ bơi này mở cửa cho công chúng.,A2
Vm4TBei0oSk_sentence_822.wav,Does the hotel have a pool?,Khách sạn có bể bơi không?,A1
Vm4TBei0oSk_sentence_825.wav,January,Tháng Giêng,A1
Vm4TBei0oSk_sentence_826.wav,January is the first month of the year.,Tháng Giêng là tháng đầu tiên của năm.,A2
Vm4TBei0oSk_sentence_827.wav,I met him in January.,Tôi gặp anh ta vào tháng 1.,A2
Vm4TBei0oSk_sentence_841.wav,This application needs more features.,Ứng dụng này cần nhiều tính năng hơn.,A2
Vm4TBei0oSk_sentence_850.wav,The school is located on a hill.,Trường nằm trên một ngọn đồi.,A2
Vm4TBei0oSk_sentence_874.wav,Faithful,Trung thực,A2
Vm4TBei0oSk_sentence_883.wav,My association with them didn't last long.,Mối liên hệ của tôi với họ không kéo dài.,A2
Vm4TBei0oSk_sentence_898.wav,Barrier The greatest barrier to success is the fear of failure.,Rào cản lớn nhất dẫn đến thành công là nỗi sợ thất bại.,B1
Vm4TBei0oSk_sentence_917.wav,Widely,Trải rộng,A2
Vm4TBei0oSk_sentence_940.wav,What is the approximate height of the mountain?,Độ cao xấp xỉ của ngọn núi là bao nhiêu?,A2
W0La8_Trics_sentence_000.wav,Ultimate.,Cuối cùng.,A2
W0La8_Trics_sentence_001.wav,Their ultimate destination was London.,Điểm đến cuối cùng của họ là London.,A2
W0La8_Trics_sentence_012.wav,What was the ultimate result?,Kết quả cuối cùng là gì?,A2
W0La8_Trics_sentence_048.wav,Hollow.,Rỗng.,A2
W0La8_Trics_sentence_049.wav,Don't make hollow promises.,Đừng hứa hẹn suông.,A1
W0La8_Trics_sentence_065.wav,Separated.,Chia tay.,A2
W0La8_Trics_sentence_096.wav,Affection.,Tình cảm.,A1
W0La8_Trics_sentence_155.wav,Do you think it was deliberate?,Anh có nghĩ đó là cố ý không?,A1
W0La8_Trics_sentence_158.wav,He put his hands on his hips and looked at her.,Anh chống nạnh nhìn cô.,A2
W0La8_Trics_sentence_200.wav,Armed.,Trang bị vũ khí.,A1
W0La8_Trics_sentence_229.wav,It scared me to think I was alone in the building.,Tôi sợ khi nghĩ rằng mình chỉ có một mình trong toà nhà.,A2
W0La8_Trics_sentence_230.wav,Scare.,Sợ hãi.,A1
W0La8_Trics_sentence_231.wav,You scared me.,Bạn làm tôi sợ.,A1
W0La8_Trics_sentence_236.wav,I have a pile of books to read.,Tôi có cả đống sách để đọc.,A1
W0La8_Trics_sentence_251.wav,Emphasize.,Nhấn mạnh.,A1
W0La8_Trics_sentence_252.wav,I want to emphasize the need to get this done on time.,Tôi muốn nhấn mạnh sự cần thiết phải hoàn thành việc này đúng hạn.,A2
W0La8_Trics_sentence_254.wav,The teacher emphasized the importance of education.,Giáo viên nhấn mạnh tầm quan trọng của giáo dục.,A2
W0La8_Trics_sentence_282.wav,She looked at him with a very annoyed expression.,Cô nhìn anh với một vẻ khó chịu.,A2
W0La8_Trics_sentence_304.wav,I don't associate with people like him.,Tôi không liên hệ với những người như hắn.,A2
W0La8_Trics_sentence_307.wav,Underwear.,Đồ lót.,A1
W0La8_Trics_sentence_308.wav,He is wearing nothing but his underwear.,Anh ta không mặc gì ngoài đồ lót.,A2
W0La8_Trics_sentence_309.wav,This morning I went to supermarket to buy some underwear.,Sáng nay tôi đi siêu thị để mua vài cái quần lót.,A2
W0La8_Trics_sentence_310.wav,Key continent.,Lục địa chính.,A2
W0La8_Trics_sentence_317.wav,They crossed the vast continent on foot.,Họ đi bộ xuyên lục địa rộng lớn.,A2
W0La8_Trics_sentence_361.wav,The man is armed and dangerous.,Hắn có vũ khí và rất nguy hiểm.,A2
W0La8_Trics_sentence_375.wav,Whistle.,Huýt sáo.,A1
W0La8_Trics_sentence_381.wav,Can you whistle?,Bạn có thể huýt sáo không?,A1
W0La8_Trics_sentence_386.wav,Decoration.,Trang trí.,A2
W0La8_Trics_sentence_388.wav,You've done a wonderful job on the interior decoration.,Anh đã làm rất tốt việc trang trí nội thất.,A2
W0La8_Trics_sentence_389.wav,decoration.,Trang trí.,A2
W0La8_Trics_sentence_402.wav,Escape.,Lối thoát.,A1
W0La8_Trics_sentence_403.wav,It's no use trying to escape.,Cố trốn thoát không ích gì đâu.,A2
W0La8_Trics_sentence_408.wav,No one has ever escaped from this prison.,Chưa có ai từng trốn thoát khỏi nhà tù này.,A2
W0La8_Trics_sentence_412.wav,I have no chance to escape.,Tôi không có cơ hội trốn thoát.,A1
W0La8_Trics_sentence_413.wav,Chu.,Chu.,A1
W0La8_Trics_sentence_418.wav,Does it hurt when you chew?,Nhai có đau không?,A2
W0La8_Trics_sentence_422.wav,She has a bad habit of chewing on her pencil.,Nó có thói quen xấu là nhai bút chì.,A2
W0La8_Trics_sentence_426.wav,She was content with her life.,Cô ấy hài lòng với cuộc sống của mình.,A1
W0La8_Trics_sentence_453.wav,"Broadly speaking, the risks are as follows.","Nói chung, rủi ro như sau.",A2
W0La8_Trics_sentence_466.wav,It is an international armed conflict.,Đó là một cuộc xung đột vũ trang quốc tế.,A2
W0La8_Trics_sentence_489.wav,He emphasized the importance of working hard.,Ông nhấn mạnh tầm quan trọng của việc làm việc chăm chỉ.,A2
W0La8_Trics_sentence_494.wav,Broadly He was grinning broadly.,"Nói chung, ông ta cười toe toét.",A2
W0La8_Trics_sentence_527.wav,Steady,Bình tĩnh,A1
W0La8_Trics_sentence_550.wav,How do you interpret these sentences?,Bạn diễn giải những câu này như thế nào?,A2
W0La8_Trics_sentence_587.wav,I heard someone whistle.,Tôi nghe ai đó huýt sáo.,A1
W0La8_Trics_sentence_596.wav,He pulled out a whistle and blew it.,Ông rút ra một còi và thổi nó.,A2
W0La8_Trics_sentence_600.wav,Don't bother about me. I'll find my own way home.,"Đừng lo cho tôi, tôi sẽ tự tìm đường về nhà.",A2
W0La8_Trics_sentence_625.wav,Hip.,Hip.,A2
W0La8_Trics_sentence_639.wav,They've been best mates since they were kids.,Họ đã là bạn thân từ khi còn nhỏ.,A2
W0La8_Trics_sentence_645.wav,2.,2.,A1
W0La8_Trics_sentence_648.wav,The rabbit is chewing grass.,Con thỏ đang nhai cỏ.,A2
W0La8_Trics_sentence_656.wav,The vast majority of children love ice cream.,Phần lớn trẻ em đều thích kem.,A2
W0La8_Trics_sentence_662.wav,I enjoy the fresh atmosphere in the countryside.,Tôi thích không khí trong lành ở vùng quê.,A2
W0La8_Trics_sentence_692.wav,He was grinning broadly.,Ông ta cười toe toét.,A2
W0La8_Trics_sentence_749.wav,"In my heart's core, I want him to stay.","Trong tim tôi, tôi muốn anh ta ở lại.",A2
W0La8_Trics_sentence_762.wav,Edge.,Cạnh.,A1
W0La8_Trics_sentence_786.wav,His grandmother fell and broke her hip.,Bà của anh ta bị ngã và gãy xương hông.,A2
W0La8_Trics_sentence_810.wav,Brush.,Chải răng.,A1
W0La8_Trics_sentence_821.wav,The majority of his income came from consulting work.,Phần lớn thu nhập của ông đến từ công việc tư vấn.,B1
W0La8_Trics_sentence_852.wav,Reflect.,Suy ngẫm.,A2
WLESs6d3ZBo_sentence_013.wav,There is a full range of activities for children.,Có rất nhiều hoạt động dành cho trẻ em.,A1
WLESs6d3ZBo_sentence_025.wav,He's a cheat and a liar.,Hắn là kẻ lừa đảo và dối trá.,A2
WLESs6d3ZBo_sentence_039.wav,May I have a bus route map?,Cho tôi bản đồ tuyến xe buýt được không?,A2
WLESs6d3ZBo_sentence_040.wav,My house is not on a bus route.,Nhà tôi không phải là một tuyến xe buýt.,A2
WLESs6d3ZBo_sentence_060.wav,Confused.,Nhầm lẫn.,A1
WLESs6d3ZBo_sentence_098.wav,The court is now in session.,Phiên toà đang diễn ra.,A2
WLESs6d3ZBo_sentence_113.wav,Chick.,Chick.,A1
WLESs6d3ZBo_sentence_119.wav,His what pursue?,Theo đuổi gì của mình?,A2
WLESs6d3ZBo_sentence_152.wav,Institute.,Học viện.,A2
Wr1fGBgD97U_sentence_064.wav,This question doesn't make sense.,Câu hỏi này không có ý nghĩa gì cả.,A2
Wr1fGBgD97U_sentence_065.wav,He has no sense of humor.,Anh ta không có khiếu hài hước.,A2
Wr1fGBgD97U_sentence_069.wav,Bound. He is bound to fail.,Bị trói buộc. Hắn bị trói buộc để thất bại.,A2
Wr1fGBgD97U_sentence_119.wav,We acknowledge receipt of your letter.,Chúng tôi xác nhận đã nhận được thư của bạn.,A2
Wr1fGBgD97U_sentence_148.wav,He can't distinguish a frog from a toad.,Anh ta không thể phân biệt ếch với cóc.,A2
Wr1fGBgD97U_sentence_152.wav,Can you distinguish silver from tin?,Anh có phân biệt được bạc và thiếc không?,A2
Wr1fGBgD97U_sentence_161.wav,What can I do to convince you to watch this?,Tôi có thể làm gì để thuyết phục anh xem cái này?,A2
Wr1fGBgD97U_sentence_166.wav,You can easily identify him because he is very tall.,Bạn có thể dễ dàng nhận ra anh ta bởi vì anh ta rất cao.,A2
Wr1fGBgD97U_sentence_183.wav,Smooth.,Mượt mà.,A1
Wr1fGBgD97U_sentence_218.wav,It can be confusing at first.,Ban đầu có thể hơi khó hiểu.,A2
Wr1fGBgD97U_sentence_249.wav,They don't like artificial flowers.,Chúng không thích hoa nhân tạo.,A2
Wr1fGBgD97U_sentence_253.wav,One of her hobbies is making artificial flowers.,Một trong những sở thích của cô là làm hoa nhân tạo.,A2
Wr1fGBgD97U_sentence_261.wav,I am suffering from a headache.,Tôi đang bị đau đầu.,A1
Wr1fGBgD97U_sentence_283.wav,A fair.,Một hội chợ.,A1
Wr1fGBgD97U_sentence_288.wav,This has nothing to do with you. It's not your affair.,"Chuyện này không liên quan gì đến anh, không phải chuyện của anh.",A2
Wr1fGBgD97U_sentence_294.wav,Chest.,Ngực.,A1
Wr1fGBgD97U_sentence_302.wav,She put all her old books into a chest.,Cô ấy bỏ tất cả sách cũ vào một cái rương.,A1
Wr1fGBgD97U_sentence_361.wav,I like geography and history.,Tôi thích địa lý và lịch sử.,A1
Wr1fGBgD97U_sentence_374.wav,Organized.,Có tổ chức.,A1
Wr1fGBgD97U_sentence_381.wav,We'll have to camp out if we can't find a place to stay.,Chúng ta sẽ phải cắm trại nếu không tìm được chỗ ở.,A2
Wr1fGBgD97U_sentence_407.wav,Painting is my favorite subject.,Tranh là chủ đề yêu thích của tôi.,A2
Wr1fGBgD97U_sentence_408.wav,This painting is so expensive.,Bức tranh này đắt quá.,A1
Wr1fGBgD97U_sentence_431.wav,bound. He is bound to fail.,Anh ta bị ràng buộc phải thất bại.,A2
Wr1fGBgD97U_sentence_454.wav,They acknowledged that the decision was a mistake.,Họ thừa nhận rằng quyết định đó là một sai lầm.,A2
Wr1fGBgD97U_sentence_492.wav,I got terrible grades this term.,Em có điểm số tệ hại trong học kỳ này.,A1
Wr1fGBgD97U_sentence_507.wav,I don't trust him. He's just too smooth.,"Tôi không tin anh ta, anh ta quá êm ái.",A2
Wr1fGBgD97U_sentence_508.wav,The surface is smooth as silk.,Bề mặt mịn như lụa.,A2
Wr1fGBgD97U_sentence_525.wav,She has a very shapely figure.,Cô ấy có một thân hình rất đẹp.,A2
Wr1fGBgD97U_sentence_553.wav,Artificial light is produced by electricity.,Ánh sáng nhân tạo được tạo ra bởi điện.,A2
Wr1fGBgD97U_sentence_556.wav,She is an outstanding poet.,Bà là một nhà thơ xuất sắc.,A2
Wr1fGBgD97U_sentence_580.wav,The work is done on a voluntary basis.,Công việc được thực hiện trên cơ sở tự nguyện.,A2
Wr1fGBgD97U_sentence_631.wav,That experiment led to a great discovery.,Thí nghiệm đó đã dẫn đến một khám phá vĩ đại.,A2
Wr1fGBgD97U_sentence_686.wav,The weather is bound to get worse tomorrow morning.,Sáng mai thời tiết sẽ tệ hơn.,A2
Wr1fGBgD97U_sentence_712.wav,He studied the proposal very thoroughly.,Ông đã nghiên cứu đề xuất rất kỹ lưỡng.,A2
Wr1fGBgD97U_sentence_747.wav,Confusing.,Trùng lặp.,A2
Wr1fGBgD97U_sentence_770.wav,It's a beautiful painting.,Nó là một bức tranh đẹp.,A1
Wr1fGBgD97U_sentence_792.wav,Sense.,Có lý.,A1
Wr1fGBgD97U_sentence_841.wav,His comment was concise and to the point.,Lời bình luận của ông rất ngắn gọn và đi thẳng vào vấn đề.,A2
Wr1fGBgD97U_sentence_853.wav,He has very little knowledge of geography.,Ông có rất ít kiến thức về địa lý.,A2
Wr1fGBgD97U_sentence_854.wav,I have been teaching geography for five years.,Tôi đã dạy địa lý được 5 năm.,A1
Wr1fGBgD97U_sentence_897.wav,Artificial.,Nhân tạo.,A2
Xl-hGqGxJEw_sentence_007.wav,The internet has transformed many aspects of our lives.,Internet đã thay đổi nhiều mặt trong cuộc sống của chúng ta.,A2
Xl-hGqGxJEw_sentence_016.wav,Vertical.,Dọc.,A2
Xl-hGqGxJEw_sentence_031.wav,I resisted the urge to scream.,Tôi cố kìm không hét lên.,A2
Xl-hGqGxJEw_sentence_042.wav,The climate is broadly similar in the two regions.,Khí hậu tương tự ở hai khu vực.,A2
Xl-hGqGxJEw_sentence_053.wav,He abuses his authority.,Hắn lạm dụng quyền lực của mình.,A2
Xl-hGqGxJEw_sentence_060.wav,"Her initial reaction was to say no, but she eventually agreed to help.","Phản ứng ban đầu của cô là nói không, nhưng cuối cùng cô đã đồng ý giúp đỡ.",A2
Xl-hGqGxJEw_sentence_101.wav,She gave him mixed signals.,Cô ta đã cho hắn những tín hiệu lẫn lộn.,A2
Xl-hGqGxJEw_sentence_105.wav,Upset.,Bực bội.,A1
Xl-hGqGxJEw_sentence_112.wav,Make sure the equipment is properly installed.,Đảm bảo thiết bị được lắp đặt đúng cách.,A1
Xl-hGqGxJEw_sentence_119.wav,He always behaves like a gentleman.,Anh ấy luôn cư xử như một quý ông.,A2
Xl-hGqGxJEw_sentence_138.wav,Stir.,Khuấy đều.,A1
Xl-hGqGxJEw_sentence_139.wav,I need a spoon to stir my coffee.,Tôi cần một cái muỗng để khuấy cà phê.,A1
Xl-hGqGxJEw_sentence_168.wav,He did not get a fair trial.,Anh ta không được xét xử công bằng.,A2
Xl-hGqGxJEw_sentence_226.wav,My watch is very precise.,Đồng hồ của tôi rất chính xác.,A2
Xl-hGqGxJEw_sentence_299.wav,Senior,Người lớn,A1
Xl-hGqGxJEw_sentence_300.wav,He is a senior member of the club.,Anh là thành viên cao cấp của câu lạc bộ.,A2
Xl-hGqGxJEw_sentence_303.wav,She is five years senior to me.,Cô ấy hơn tôi 5 tuổi.,A2
Xl-hGqGxJEw_sentence_312.wav,He is very dear to us.,Ông ấy rất thân thiết với chúng tôi.,A2
Xl-hGqGxJEw_sentence_315.wav,Sweet.,Ngọt ngào.,A1
Xl-hGqGxJEw_sentence_318.wav,Good night and sweet dreams.,Chúc ngủ ngon và những giấc mơ ngọt ngào.,A1
Xl-hGqGxJEw_sentence_320.wav,She has a sweet smile.,Cô ấy có nụ cười ngọt ngào.,A1
Xl-hGqGxJEw_sentence_393.wav,Policy,Chính sách,A2
Xl-hGqGxJEw_sentence_394.wav,I don't agree with their policy.,Tôi không đồng ý với chính sách của họ.,A2
Xl-hGqGxJEw_sentence_395.wav,The government adopted a new policy.,Chính phủ đã thông qua một chính sách mới.,A2
Xl-hGqGxJEw_sentence_399.wav,Are you a musician?,Bạn có phải là nhạc sĩ?,A1
Xl-hGqGxJEw_sentence_400.wav,Inability,Không có khả năng,A1
Xl-hGqGxJEw_sentence_409.wav,He's not one who is easily frightened.,Nó không phải là loại dễ bị hoảng sợ.,A2
Xl-hGqGxJEw_sentence_461.wav,Hello.,Xin chào.,A1
Xl-hGqGxJEw_sentence_462.wav,"Hello, is anyone here?",Có ai ở đây không?,A1
Xl-hGqGxJEw_sentence_463.wav,"Hello, it's me. Could you come pick me up at the station?","Chào, tôi đây, anh có thể đến đón tôi ở nhà ga không?",A2
YOu7_dnpQb0_sentence_008.wav,I can't recall who said that.,Tôi không nhớ ai đã nói vậy.,A2
YOu7_dnpQb0_sentence_011.wav,Simply,Đơn giản thôi,A1
YOu7_dnpQb0_sentence_017.wav,The question simply doesn't make sense.,Câu hỏi này đơn giản là không có ý nghĩa gì cả.,A2
YOu7_dnpQb0_sentence_033.wav,There is more information at the bottom of this page.,Có nhiều thông tin hơn ở dưới cùng của trang này.,A2
YOu7_dnpQb0_sentence_039.wav,Receive.,Nhận.,A1
YOu7_dnpQb0_sentence_064.wav,"I have so many things to do today, which makes me stressed.","Hôm nay tôi có quá nhiều việc phải làm, điều đó khiến tôi căng thẳng.",A2
YOu7_dnpQb0_sentence_071.wav,You should face reality.,Anh nên đối mặt với thực tế.,A1
YOu7_dnpQb0_sentence_073.wav,We sat down face to face and,Chúng tôi ngồi xuống mặt đối mặt và,A2
YOu7_dnpQb0_sentence_089.wav,Making a big life change is pretty scary.,Tạo ra một thay đổi lớn trong cuộc sống là khá đáng sợ.,A2
YOu7_dnpQb0_sentence_103.wav,Promise.,Hứa.,A1
YOu7_dnpQb0_sentence_104.wav,I promise you I'll help you.,Tôi hứa sẽ giúp cô.,A1
YOu7_dnpQb0_sentence_105.wav,"It won't hurt, I promise.","Sẽ không đau đâu, tôi hứa.",A1
YOu7_dnpQb0_sentence_110.wav,I always keep my promises.,Tôi luôn giữ lời hứa.,A1
YOu7_dnpQb0_sentence_125.wav,I'm glad to be here today.,Tôi rất vui khi có mặt ở đây hôm nay.,A1
YOu7_dnpQb0_sentence_141.wav,Yellow.,Vàng.,A2
YOu7_dnpQb0_sentence_146.wav,Round.,Tròn.,A2
YOu7_dnpQb0_sentence_149.wav,The earth is round.,Trái đất hình tròn.,A2
YOu7_dnpQb0_sentence_155.wav,She has a round face.,Cô ấy có khuôn mặt tròn.,A2
YOu7_dnpQb0_sentence_166.wav,Would you like some more beef?,Anh muốn thêm thịt bò không?,A1
YOu7_dnpQb0_sentence_172.wav,List.,Danh sách.,A2
YOu7_dnpQb0_sentence_173.wav,Is your name on the list?,Tên anh có trong danh sách không?,A1
YOu7_dnpQb0_sentence_196.wav,She advised him to read more books.,Bà khuyên anh nên đọc thêm sách.,A1
YOu7_dnpQb0_sentence_197.wav,Nobody.,Không ai cả.,A1
YOu7_dnpQb0_sentence_199.wav,Nobody wants you to do that.,Không ai muốn anh làm thế.,A1
YOu7_dnpQb0_sentence_200.wav,Nobody tells me about it.,Không ai nói với tôi về nó.,A1
YOu7_dnpQb0_sentence_204.wav,Temporary.,Tạm thời.,A2
YOu7_dnpQb0_sentence_216.wav,Is that dog male or female?,Con chó đó là đực hay cái?,A2
YOu7_dnpQb0_sentence_217.wav,Do you prefer a male or female doctor?,Bạn thích bác sĩ nam hay nữ?,A2
YOu7_dnpQb0_sentence_224.wav,His income is double hers.,Thu nhập của hắn gấp đôi của cô ta.,A2
YOu7_dnpQb0_sentence_227.wav,Income.,Thu nhập.,A2
YOu7_dnpQb0_sentence_235.wav,Do you know why she's so angry?,Anh có biết tại sao cô ấy giận dữ không?,A1
YOu7_dnpQb0_sentence_248.wav,Involve.,Mời tham gia.,A1
YOu7_dnpQb0_sentence_266.wav,I did a lot of research before buying this house.,Tôi đã tìm hiểu rất nhiều trước khi mua căn nhà này.,A2
YOu7_dnpQb0_sentence_278.wav,System,Hệ thốngName,A1
YOu7_dnpQb0_sentence_284.wav,His job requires him to travel frequently.,Công việc của anh ta đòi hỏi anh ta phải đi lại thường xuyên.,A2
YOu7_dnpQb0_sentence_302.wav,Name,Tên,A1
YOu7_dnpQb0_sentence_305.wav,What's your name?,Tên cô là gì?,A1
YOu7_dnpQb0_sentence_306.wav,Please write your full name and address below.,Xin hãy ghi đầy đủ họ tên và địa chỉ của bạn dưới đây.,A2
YOu7_dnpQb0_sentence_309.wav,contract.,"Bạn có thể nói, "" Tôi không muốn làm phiền anh.",A1
YOu7_dnpQb0_sentence_310.wav,This is my very first contract.,Đây là hợp đồng đầu tiên của tôi.,A1
YOu7_dnpQb0_sentence_311.wav,You should look over the contract before you sign it.,Anh nên xem lại hợp đồng trước khi ký nó.,A2
YOu7_dnpQb0_sentence_312.wav,Have you already signed the contract?,Anh đã ký hợp đồng chưa?,A1
YOu7_dnpQb0_sentence_313.wav,Contract.,Hợp đồng.,A1
YOu7_dnpQb0_sentence_320.wav,Season,Mùa,A2
YOu7_dnpQb0_sentence_321.wav,Spring is my favorite season.,Mùa xuân là mùa yêu thích của tôi.,A1
YOu7_dnpQb0_sentence_322.wav,Strawberries are in season.,Dâu tây đang trong mùa.,A2
YOu7_dnpQb0_sentence_327.wav,It's the tourist season now.,Giờ là mùa du lịch rồi.,A2
YOu7_dnpQb0_sentence_351.wav,Well,Vâng,A1
YOu7_dnpQb0_sentence_354.wav,I slept very well last night.,Tối qua tôi ngủ ngon lắm.,A1
YOu7_dnpQb0_sentence_360.wav,She gave him money as well as food.,Cô ấy cho anh ta tiền và thức ăn.,A2
YmyzmcWsbfY_sentence_012.wav,We're here to assist you.,Chúng tôi ở đây để hỗ trợ các anh.,A2
YmyzmcWsbfY_sentence_016.wav,The road is too narrow for cars.,Đường quá hẹp cho xe cộ.,A2
YmyzmcWsbfY_sentence_040.wav,Oil floats on water.,Dầu nổi trên mặt nước.,A2
YmyzmcWsbfY_sentence_067.wav,"First come, first served.","Đến trước, phục vụ trước.",A2
YmyzmcWsbfY_sentence_070.wav,Don't mess up the system.,Đừng làm rối tung hệ thống.,A1
YmyzmcWsbfY_sentence_073.wav,I know how the system works.,Tôi biết hệ thống này hoạt động như thế nào.,A1
YmyzmcWsbfY_sentence_075.wav,My wife runs a restaurant in Ho Chi Minh City.,Vợ tôi điều hành một nhà hàng ở thành phố Hồ Chí Minh.,A2
YmyzmcWsbfY_sentence_077.wav,I'll see you at the restaurant.,Gặp lại anh ở nhà hàng.,A1
YmyzmcWsbfY_sentence_082.wav,We shouldn't argue in front of the children.,Chúng ta không nên tranh cãi trước mặt bọn trẻ.,A2
YmyzmcWsbfY_sentence_086.wav,I forgot to lock the front door.,Tôi quên khoá cửa trước.,A1
YmyzmcWsbfY_sentence_087.wav,There is a bus stop in front of my house.,Có một trạm xe buýt trước nhà tôi.,A1
YmyzmcWsbfY_sentence_100.wav,Very,Rất,A1
YmyzmcWsbfY_sentence_101.wav,She is very beautiful.,Cô ấy rất đẹp.,A1
YmyzmcWsbfY_sentence_103.wav,It was very cold yesterday.,Hôm qua trời rất lạnh.,A1
YmyzmcWsbfY_sentence_122.wav,It's all over.,Tất cả đã kết thúc rồi.,A1
YmyzmcWsbfY_sentence_126.wav,What is over there?,Có gì ở đó?,A1
YmyzmcWsbfY_sentence_129.wav,"He was sick but still walked to school. I liked that movie, but he didn't. He was sick but still walked to school.",Anh ấy ốm nhưng vẫn đi bộ đến trường. nhưng anh ấy thì không. anh ấy ốm nhưng vẫn đi bộ đến trường.,A2
YmyzmcWsbfY_sentence_130.wav,"I liked that movie, but he didn't.","Tôi thích bộ phim đó, nhưng anh ta thì không.",A2
YmyzmcWsbfY_sentence_138.wav,"Brief. Just take a brief note. Whatever advice you give, be brief.","Ngắn gọn. Hãy ghi chú ngắn gọn. Bất kể lời khuyên nào, hãy ngắn gọn.",A2
YmyzmcWsbfY_sentence_156.wav,The wind is blowing from the east.,Gió thổi từ phía đông.,A2
YmyzmcWsbfY_sentence_167.wav,He told me a sad story.,Ông ấy kể cho tôi một câu chuyện buồn.,A1
YmyzmcWsbfY_sentence_176.wav,It's very hot here in the summer.,Ở đây rất nóng vào mùa hè.,A2
YmyzmcWsbfY_sentence_178.wav,What are your plans for this summer?,Kế hoạch của anh cho mùa hè này là gì?,A1
YmyzmcWsbfY_sentence_183.wav,Both his brother and sister are married.,Cả anh trai và em gái của anh đều đã kết hôn.,A2
YmyzmcWsbfY_sentence_205.wav,Personally.,Cá nhân.,A2
YmyzmcWsbfY_sentence_220.wav,He was involved in a traffic accident.,Anh ta dính vào một vụ tai nạn giao thông.,A2
YmyzmcWsbfY_sentence_251.wav,Her husband is having an affair with his secretary.,Chồng cô ta đang ngoại tình với thư ký của mình.,A2
YmyzmcWsbfY_sentence_275.wav,I'll send you a progress report.,Tôi sẽ gửi cho anh báo cáo tiến độ.,A2
YmyzmcWsbfY_sentence_282.wav,I refuse to answer this question.,Tôi từ chối trả lời câu hỏi này.,A1
YmyzmcWsbfY_sentence_293.wav,She tried to persuade him to go with her.,Cô ấy cố thuyết phục anh ta đi cùng.,A2
YmyzmcWsbfY_sentence_299.wav,She was the boss of a large international company.,Bà là chủ của một công ty quốc tế lớn.,A2
YmyzmcWsbfY_sentence_302.wav,I think it's time for me to talk to the boss about this problem.,Tôi nghĩ đã đến lúc tôi phải nói chuyện với sếp về vấn đề này.,A2
YmyzmcWsbfY_sentence_308.wav,Hat.,Mũ.,A2
YmyzmcWsbfY_sentence_309.wav,Put your hat on.,Đội nón vô đi.,A1
YmyzmcWsbfY_sentence_310.wav,Please hang your hat on the hook.,Xin hãy treo nón của anh lên móc.,A1
YmyzmcWsbfY_sentence_322.wav,This idea is totally new to me.,Ý tưởng này hoàn toàn mới với tôi.,A1
YmyzmcWsbfY_sentence_348.wav,Return.,Quay lại.,A1
YmyzmcWsbfY_sentence_354.wav,I like to return the car.,Tôi muốn trả lại xe.,A1
YmyzmcWsbfY_sentence_361.wav,She helped the old man across the street.,Cô ấy giúp ông già bên kia đường.,A2
YmyzmcWsbfY_sentence_370.wav,I'm a very lucky man.,Tôi là một người rất may mắn.,A1
YmyzmcWsbfY_sentence_371.wav,Today is not your lucky day.,Hôm nay không phải ngày may mắn của anh.,A2
YmyzmcWsbfY_sentence_372.wav,I was lucky to get this job.,Tôi đã may mắn khi có được công việc này.,A1
YmyzmcWsbfY_sentence_379.wav,She told me not to go there alone.,Cô ấy bảo tôi không được đến đó một mình.,A2
YmyzmcWsbfY_sentence_380.wav,I don't like going out alone at night.,Tôi không thích ra ngoài một mình vào ban đêm.,A1
YmyzmcWsbfY_sentence_404.wav,We,Chúng tôi,A1
YmyzmcWsbfY_sentence_405.wav,Where should we go?,Chúng ta nên đi đâu?,A1
YmyzmcWsbfY_sentence_410.wav,How long will we have to wait?,Chúng ta sẽ phải chờ bao lâu?,A2
YmyzmcWsbfY_sentence_415.wav,She introduced her mother to her friends.,Cô giới thiệu mẹ mình với bạn bè.,A2
YmyzmcWsbfY_sentence_425.wav,Walk.,Đi bộ.,A1
YmyzmcWsbfY_sentence_428.wav,She advised him to walk instead of taking a bus.,Bà khuyên anh nên đi bộ thay vì đi xe buýt.,A2
YmyzmcWsbfY_sentence_433.wav,Do whatever you want.,Cứ làm gì con muốn.,A1
YmyzmcWsbfY_sentence_435.wav,Do whatever makes you happy.,Làm bất cứ điều gì khiến bạn hạnh phúc.,A1
YmyzmcWsbfY_sentence_437.wav,"Whatever you do, do it quickly.","Dù làm gì, hãy làm nhanh lên.",A1
YmyzmcWsbfY_sentence_440.wav,There is a traitor among us.,Có một kẻ phản bội trong chúng ta.,A2
YmyzmcWsbfY_sentence_441.wav,She was chosen from among thirty applicants.,Cô được chọn trong số ba mươi ứng viên.,A2
YmyzmcWsbfY_sentence_444.wav,Headache.,Đau đầu.,A1
YmyzmcWsbfY_sentence_445.wav,You'd better see a doctor about your headache.,Tốt hơn là anh nên đi khám bác sĩ.,A1
YmyzmcWsbfY_sentence_446.wav,I have a headache.,Tôi bị nhức đầu.,A1
YmyzmcWsbfY_sentence_447.wav,My son is my biggest headache.,Con trai tôi là nỗi đau đầu nhất của tôi.,A1
YmyzmcWsbfY_sentence_454.wav,I dare say he is right.,Tôi dám nói là ổng nói đúng.,A1
YmyzmcWsbfY_sentence_458.wav,Must.,Bắt buộc.,A1
YmyzmcWsbfY_sentence_465.wav,Are there any grocery stores close by?,Có cửa hàng tạp hóa nào gần đó không?,A1
YmyzmcWsbfY_sentence_475.wav,Special.,Đặc biệt.,A1
YmyzmcWsbfY_sentence_478.wav,There is something special about this place.,Có gì đó đặc biệt ở nơi này.,A1
YmyzmcWsbfY_sentence_482.wav,Easy.,Dễ thôi.,A1
YmyzmcWsbfY_sentence_483.wav,It was an easy decision.,Đó là một quyết định dễ dàng.,A1
YmyzmcWsbfY_sentence_484.wav,All things are difficult before they become easy.,Mọi thứ đều khó khăn trước khi chúng trở nên dễ dàng.,A2
YmyzmcWsbfY_sentence_491.wav,I need a sharp knife.,Tôi cần một con dao sắc.,A1
YmyzmcWsbfY_sentence_495.wav,Don't let the kid play with knives.,Đừng để thằng bé chơi dao.,A1
YmyzmcWsbfY_sentence_503.wav,Don't put all your eggs in one basket.,Không nên đặt tất cả trứng vào một giỏ.,A2
YmyzmcWsbfY_sentence_519.wav,Thank you for the wonderful dinner.,Cảm ơn vì bữa tối tuyệt vời.,A1
YmyzmcWsbfY_sentence_520.wav,Side.,Bên.,A2
YmyzmcWsbfY_sentence_526.wav,I'm on your side.,Tôi đứng về phía anh.,A1
YmyzmcWsbfY_sentence_527.wav,countryside.,Vùng quê.,A2
YresZ0P7mrA_sentence_001.wav,The accident occurred yesterday morning.,Vụ tai nạn xảy ra sáng hôm qua.,A2
YresZ0P7mrA_sentence_026.wav,I got a temporary job at the firm.,Tôi có một công việc tạm thời ở công ty.,A2
YresZ0P7mrA_sentence_027.wav,It's just a temporary solution.,Chỉ là giải pháp tạm thời thôi.,A2
YresZ0P7mrA_sentence_061.wav,I would rather stay here.,Tôi thà ở lại đây.,A1
YresZ0P7mrA_sentence_070.wav,I'd rather walk than take a bus.,Tôi thà đi bộ còn hơn đi xe buýt.,A1
YresZ0P7mrA_sentence_075.wav,"The question is, who will do it?","Câu hỏi là, ai sẽ làm điều đó?",A2
YresZ0P7mrA_sentence_081.wav,I don't know.,Tôi không biết.,A1
YresZ0P7mrA_sentence_082.wav,Budget. We can't buy any more equipment or we'll go over budget.,Ngân sách. Chúng ta không thể mua thêm thiết bị nếu không sẽ vượt quá ngân sách.,B1
YresZ0P7mrA_sentence_094.wav,She attached a note to the package.,Cô ấy đính kèm một lời nhắn vào cái gói.,A2
YresZ0P7mrA_sentence_104.wav,He told such a strange story that nobody believed it.,Ông kể một câu chuyện kỳ lạ đến nỗi không ai tin.,A2
YresZ0P7mrA_sentence_105.wav,Night,Đêm,A1
YresZ0P7mrA_sentence_107.wav,I stayed up all night.,Tôi thức cả đêm.,A1
YresZ0P7mrA_sentence_122.wav,They burst into tears.,Họ bật khóc.,A1
YresZ0P7mrA_sentence_130.wav,Family.,Gia đình.,A1
YresZ0P7mrA_sentence_135.wav,He took his family to the zoo.,Anh ấy đưa gia đình đi sở thú.,A1
YresZ0P7mrA_sentence_145.wav,Desire,Mong muốn,A1
YresZ0P7mrA_sentence_149.wav,That,Đó,A1
YresZ0P7mrA_sentence_157.wav,I'll bet you$15 you won't find a single scratch.,Tôi cá 15 đô là anh sẽ không tìm thấy một vết xước nào.,A2
YresZ0P7mrA_sentence_212.wav,They do everything to attract more clients.,Họ làm mọi thứ để thu hút thêm khách hàng.,A2
YresZ0P7mrA_sentence_220.wav,Wood.,Gỗ.,A1
YresZ0P7mrA_sentence_223.wav,What would you do if you won the lottery?,Bạn sẽ làm gì nếu bạn trúng số?,A1
YresZ0P7mrA_sentence_229.wav,They have a limited budget.,Họ có một ngân sách hạn chế.,A1
YresZ0P7mrA_sentence_233.wav,Next attach.,Đính kèm tiếp theo.,A2
YresZ0P7mrA_sentence_251.wav,Only,Chỉ,A2
YresZ0P7mrA_sentence_252.wav,This is the only book I have.,Đây là cuốn sách duy nhất tôi có.,A1
YresZ0P7mrA_sentence_253.wav,We only have five minutes to get there.,Chúng ta chỉ có 5 phút để đến đó.,A2
YresZ0P7mrA_sentence_254.wav,You're the only person I trust.,Anh là người duy nhất tôi tin tưởng.,A1
YresZ0P7mrA_sentence_255.wav,This no.,Điều này không.,A1
YresZ0P7mrA_sentence_259.wav,Clear.,Rõ ràng.,A1
YresZ0P7mrA_sentence_265.wav,Is that all clear?,Đã rõ ràng chưa?,A1
YresZ0P7mrA_sentence_266.wav,I have a few things I want to make clear.,Tôi có vài điều muốn làm rõ.,A1
YresZ0P7mrA_sentence_289.wav,Opening,Đang mở,A1
YresZ0P7mrA_sentence_302.wav,This is a brief outline of the event.,Đây là một phác thảo ngắn gọn về sự kiện.,A2
YresZ0P7mrA_sentence_308.wav,Would you like some carrot juice?,Cô muốn uống nước cà rốt không?,A1
YresZ0P7mrA_sentence_312.wav,Stop.,Dừng lại.,A1
YresZ0P7mrA_sentence_319.wav,Mirror.,Gương.,A1
YresZ0P7mrA_sentence_321.wav,She is standing in front of the mirror.,Cô ấy đang đứng trước gương.,A1
YresZ0P7mrA_sentence_327.wav,Ant.,Kiến.,A1
YresZ0P7mrA_sentence_334.wav,Your aunt looks young.,Dì của con trông trẻ quá.,A1
YresZ0P7mrA_sentence_343.wav,I like to have a glass of wine.,Tôi muốn uống một ly rượu.,A1
YresZ0P7mrA_sentence_347.wav,We have some local wine.,Chúng tôi có rượu vang địa phương.,A1
YresZ0P7mrA_sentence_349.wav,Order.,Trật tự.,A1
YresZ0P7mrA_sentence_351.wav,We've already ordered food and drinks.,Chúng tôi đã gọi đồ ăn và đồ uống rồi.,A1
YresZ0P7mrA_sentence_364.wav,How would you like to pay?,Anh muốn trả tiền thế nào?,A1
YresZ0P7mrA_sentence_365.wav,I'd like to pay in cash.,Tôi muốn trả bằng tiền mặt.,A1
YresZ0P7mrA_sentence_387.wav,How high is that mountain?,Ngọn núi đó cao bao nhiêu?,A1
YresZ0P7mrA_sentence_389.wav,Can,Có thể,A1
YresZ0P7mrA_sentence_390.wav,Where can I buy a ticket?,Tôi có thể mua vé ở đâu?,A1
YresZ0P7mrA_sentence_391.wav,You can't live without water.,Bạn không thể sống thiếu nước.,A2
YresZ0P7mrA_sentence_392.wav,He can speak English very well.,Anh ấy nói tiếng Anh rất tốt.,A2
YresZ0P7mrA_sentence_411.wav,The greatest pleasure in life is doing what people say you cannot do.,Niềm vui lớn nhất trong cuộc sống là làm những gì người khác nói bạn không thể làm.,A2
YresZ0P7mrA_sentence_415.wav,Do you like music?,Bạn có thích âm nhạc không?,A1
YresZ0P7mrA_sentence_416.wav,I like classical music.,Tôi thích nhạc cổ điển.,A1
YresZ0P7mrA_sentence_419.wav,I'm very sleepy.,Tôi buồn ngủ quá.,A1
YresZ0P7mrA_sentence_421.wav,Sh mood.,Tâm trạng Sh.,A2
YresZ0P7mrA_sentence_424.wav,I'm not in the mood to go out tonight.,Tối nay tôi không có tâm trạng đi chơi.,A1
YresZ0P7mrA_sentence_432.wav,Today.,Hôm nay.,A1
YresZ0P7mrA_sentence_433.wav,What are you going to do today?,Hôm nay anh định làm gì?,A1
YresZ0P7mrA_sentence_435.wav,I don't feel like working today.,Hôm nay tôi không muốn làm việc.,A1
YresZ0P7mrA_sentence_436.wav,What lock?,Khóa gì?,A1
YresZ0P7mrA_sentence_438.wav,This gate is locked at 6 p.m.,Cổng này khóa lúc 6 giờ tối.,A2
YresZ0P7mrA_sentence_439.wav,Do you think we need a new lock for the front door?,Anh có nghĩ là chúng ta cần một cái khoá mới cho cửa trước không?,A2
YresZ0P7mrA_sentence_455.wav,Again.,Một lần nữa.,A1
YresZ0P7mrA_sentence_456.wav,"Could you say it again, please?",Anh nói lại được không?,A1
YresZ0P7mrA_sentence_458.wav,Don't let it happen again.,Đừng để chuyện đó xảy ra lần nữa.,A1
YresZ0P7mrA_sentence_464.wav,It was clear that they were in a trap.,Rõ ràng là họ đang ở trong một cái bẫy.,A2
YresZ0P7mrA_sentence_470.wav,Opening.,Mở cửa.,A1
YresZ0P7mrA_sentence_490.wav,Process.,Quá trình.,A1
YresZ0P7mrA_sentence_502.wav,Speak less and listen more.,Nói ít đi và lắng nghe nhiều hơn.,A1
YresZ0P7mrA_sentence_538.wav,Please tell me it's a joke.,Làm ơn nói với tôi đó là một trò đùa đi.,A1
YresZ0P7mrA_sentence_541.wav,Surprised.,Ngạc nhiên.,A1
YresZ0P7mrA_sentence_543.wav,I was surprised at how quickly she agreed.,Tôi ngạc nhiên khi thấy cô ấy đồng ý nhanh đến thế.,A2
YresZ0P7mrA_sentence_555.wav,He left his luggage at the station.,Anh ta để quên hành lý ở nhà ga.,A2
YresZ0P7mrA_sentence_556.wav,Valuable.,Giá trị.,A1
YresZ0P7mrA_sentence_561.wav,I learned a valuable lesson.,Tôi đã học được một bài học quý giá.,A1
YresZ0P7mrA_sentence_563.wav,We're wasting valuable time here.,Chúng ta đang lãng phí thời gian quý báu ở đây.,A2
YresZ0P7mrA_sentence_568.wav,Nor,Cũng không,A2
YresZ0P7mrA_sentence_573.wav,I neither smoke nor drink.,Tôi không hút thuốc cũng không uống rượu.,A2
YresZ0P7mrA_sentence_574.wav,"He will not help them, nor will I.","Hắn sẽ không giúp họ, tôi cũng vậy.",A2
YresZ0P7mrA_sentence_578.wav,Humorous.,Vui vẻ.,A2
YresZ0P7mrA_sentence_585.wav,The journey has just begun.,Hành trình chỉ mới bắt đầu.,A1
YresZ0P7mrA_sentence_593.wav,Are you ready to start your journey?,Bạn đã sẵn sàng để bắt đầu hành trình chưa?,A1
YresZ0P7mrA_sentence_648.wav,Immediately.,Ngay lập tức.,A1
YresZ0P7mrA_sentence_650.wav,You have to leave immediately.,Anh phải đi ngay lập tức.,A1
YresZ0P7mrA_sentence_652.wav,She recognized him immediately.,Cô nhận ra anh ta ngay lập tức.,A2
YresZ0P7mrA_sentence_666.wav,Joy,Niềm vui,A1
YresZ0P7mrA_sentence_686.wav,he is likely to win the game.,Anh ta có thể thắng trận đấu.,A2
YresZ0P7mrA_sentence_693.wav,desire,mong muốn,A1
YresZ0P7mrA_sentence_700.wav,this problem.,Vấn đề này.,A1
YresZ0P7mrA_sentence_709.wav,He explained the process of building a boat.,Ông giải thích quá trình đóng một chiếc thuyền.,A2
YresZ0P7mrA_sentence_714.wav,It's a very simple process.,Đó là một quá trình rất đơn giản.,A2
YresZ0P7mrA_sentence_726.wav,Broad.,Rộng.,A1
YresZ0P7mrA_sentence_728.wav,The company has a broad range of experience.,Công ty có một loạt các kinh nghiệm.,A2
YresZ0P7mrA_sentence_731.wav,What are you talking about?,Anh đang nói về cái gì vậy?,A1
YresZ0P7mrA_sentence_742.wav,No words can express her deep sorrow.,Không lời nào có thể diễn tả nỗi buồn sâu sắc của cô ấy.,A2
YresZ0P7mrA_sentence_744.wav,Is there any express train?,Có tàu tốc hành nào không?,A1
YresZ0P7mrA_sentence_747.wav,They've got tons of money.,Họ có cả đống tiền.,A1
YresZ0P7mrA_sentence_755.wav,I've got a ton of work to do today.,Hôm nay tôi có cả tấn việc phải làm.,A2
YresZ0P7mrA_sentence_769.wav,I would mood.,Tôi sẽ tâm trạng.,A1
YresZ0P7mrA_sentence_777.wav,Are you in a bad mood?,Tâm trạng của bạn có tồi tệ không?,A1
YresZ0P7mrA_sentence_810.wav,Sugar.,Đường.,A1
YresZ0P7mrA_sentence_811.wav,This juice contains no added sugar.,Nước ép này không chứa đường phụ gia.,A2
YresZ0P7mrA_sentence_812.wav,"Don't put sugar in my coffee, please.","Đừng bỏ đường vào cà phê của tôi, làm ơn.",A2
YresZ0P7mrA_sentence_817.wav,"Pass me the sugar, please. Here you are.","Đưa tôi lọ đường, đây rồi.",A2
YresZ0P7mrA_sentence_826.wav,Imagine.,Hãy tưởng tượng.,A1
YresZ0P7mrA_sentence_845.wav,Want.,Muốn.,A1
YresZ0P7mrA_sentence_846.wav,What do you want me to do?,Anh muốn tôi làm gì?,A1
YresZ0P7mrA_sentence_851.wav,Is there anything else you want me to do?,Anh còn muốn tôi làm gì nữa không?,A1
YresZ0P7mrA_sentence_855.wav,You could have called me for help.,Anh có thể gọi tôi giúp mà.,A1
YresZ0P7mrA_sentence_861.wav,Useless.,Vô dụng.,A2
YresZ0P7mrA_sentence_876.wav,We have to evacuate immediately.,Chúng ta phải sơ tán ngay lập tức.,A1
YresZ0P7mrA_sentence_901.wav,I hope we get there in time.,Tôi hy vọng chúng ta đến đó kịp lúc.,A2
YresZ0P7mrA_sentence_908.wav,I don't like people who easily get angry.,Tôi không thích những người dễ nổi giận.,A2
YresZ0P7mrA_sentence_909.wav,"I can read English easily, said","Tôi có thể đọc tiếng Anh dễ dàng, nói",A2
YresZ0P7mrA_sentence_919.wav,I can't stand that silly man.,Tôi không thể chịu nổi lão già ngu ngốc đó.,A1
YresZ0P7mrA_sentence_925.wav,Employee.,Nhân viên.,A1
YresZ0P7mrA_sentence_932.wav,Aside.,Bên cạnh.,A1
YresZ0P7mrA_sentence_944.wav,The valley is three miles long and half a mile broad.,Thung lũng dài ba dặm và rộng nửa dặm.,A2
YresZ0P7mrA_sentence_954.wav,There were tons of people at the park.,Có hàng tấn người ở công viên.,A1
YresZ0P7mrA_sentence_971.wav,Our country produces a lot of rice.,Đất nước chúng tôi sản xuất rất nhiều gạo.,A2
YresZ0P7mrA_sentence_973.wav,This factory produces over twenty different kinds of product.,Nhà máy này sản xuất hơn hai mươi loại sản phẩm khác nhau.,A2
_0J3v14ZjW4_sentence_014.wav,"she ran out of the room, slamming the door behind her.","Cô bé chạy ra khỏi phòng, đóng sầm cửa lại.",A2
_0J3v14ZjW4_sentence_015.wav,Behind,Phía sau,A2
_0J3v14ZjW4_sentence_020.wav,The sun went behind a bank of clouds.,Mặt trời đã lặn sau một dải mây.,A2
_0J3v14ZjW4_sentence_022.wav,Attitude,Thái độ,A1
_0J3v14ZjW4_sentence_064.wav,That was a domestic flight.,Đó là chuyến bay nội địa.,A2
_0J3v14ZjW4_sentence_109.wav,This book is extremely rare.,Cuốn sách này cực kỳ hiếm.,A1
_0J3v14ZjW4_sentence_111.wav,Amazing.,Thật đáng kinh ngạc.,A1
_0J3v14ZjW4_sentence_140.wav,I assure you I'll do everything possible to help you.,Tôi đảm bảo sẽ làm mọi thứ có thể để giúp anh.,A2
_0J3v14ZjW4_sentence_141.wav,Record.,Ghi chép.,A1
_0J3v14ZjW4_sentence_142.wav,Record,Ghi,A1
_0J3v14ZjW4_sentence_153.wav,You should record all your expenses during your trip.,Bạn nên ghi lại mọi chi phí trong chuyến đi.,A2
_0J3v14ZjW4_sentence_161.wav,She nodded in response to my question.,Cô gật đầu đáp lại câu hỏi của tôi.,A2
_0J3v14ZjW4_sentence_184.wav,I walk to school every day.,Tôi đi bộ đến trường mỗi ngày.,A1
_0J3v14ZjW4_sentence_197.wav,His lecture made a deep impression on us.,Bài giảng của ông đã gây ấn tượng sâu sắc với chúng tôi.,B1
_0J3v14ZjW4_sentence_198.wav,Refuse.,Từ chối.,A1
_0J3v14ZjW4_sentence_208.wav,She refused to go with me.,Cô ấy từ chối đi với tôi.,A2
_0J3v14ZjW4_sentence_216.wav,There have been a lot of complaints about your behavior.,Có rất nhiều lời phàn nàn về hành vi của anh.,A2
_0J3v14ZjW4_sentence_218.wav,"As far as I'm concerned, I have no complaint.","Theo như tôi biết, tôi không có khiếu nại gì.",A2
_0J3v14ZjW4_sentence_236.wav,Obviously.,Rõ ràng là vậy.,A1
_0J3v14ZjW4_sentence_247.wav,Black. The sky was moonless and black.,Tối đen. Bầu trời không trăng và tối đen.,A2
_0J3v14ZjW4_sentence_249.wav,Do you like black cats?,Anh có thích mèo đen không?,A1
_0J3v14ZjW4_sentence_257.wav,I will call you as soon as possible.,Tôi sẽ gọi cho anh sớm nhất có thể.,A2
_0J3v14ZjW4_sentence_259.wav,I'll be back soon.,Tôi sẽ quay lại ngay.,A1
_0J3v14ZjW4_sentence_269.wav,I never thought it'd be this hard to create an iPhone app.,Tôi chưa bao giờ nghĩ việc tạo ra một ứng dụng iPhone lại khó đến thế.,A2
_0J3v14ZjW4_sentence_274.wav,She is in a hurry.,Cô ấy đang vội.,A1
_0J3v14ZjW4_sentence_277.wav,"Hurry up, we'll be late.","Nhanh lên, chúng ta sẽ trễ mất.",A1
_0J3v14ZjW4_sentence_294.wav,I can't go with you because I'm very busy.,Tôi không thể đi với anh vì tôi rất bận.,A2
_0J3v14ZjW4_sentence_295.wav,I couldn't go out because of the rain.,Tôi không thể ra ngoài vì trời mưa.,A1
_0J3v14ZjW4_sentence_305.wav,Give me a hand.,Giúp tôi một tay.,A1
_0J3v14ZjW4_sentence_314.wav,Highway,Xa lộ,A1
_0J3v14ZjW4_sentence_316.wav,There is a traffic jam on the highway.,Có một vụ kẹt xe trên đường cao tốc.,A1
_0J3v14ZjW4_sentence_318.wav,It took us two hours to get to the airport by highway.,Chúng tôi mất hai tiếng để đến sân bay bằng đường cao tốc.,A2
_0J3v14ZjW4_sentence_325.wav,Would you mind if I record this conversation?,Tôi có thể ghi âm cuộc nói chuyện này không?,A1
_0J3v14ZjW4_sentence_328.wav,She didn't take part in our conversation.,Cô ấy không tham gia vào cuộc nói chuyện của chúng tôi.,A2
_0J3v14ZjW4_sentence_337.wav,This pen belongs to me.,Cây bút này là của tôi.,A1
_0J3v14ZjW4_sentence_338.wav,"Can I borrow your pen, please?",Cho tôi mượn bút được không?,A1
_0J3v14ZjW4_sentence_349.wav,Garden,Vườn,A1
_0J3v14ZjW4_sentence_357.wav,What a beautiful garden.,Đúng là một khu vườn đẹp.,A1
_0J3v14ZjW4_sentence_359.wav,This door leads to the garden.,Cánh cửa này dẫn ra vườn.,A2
_0J3v14ZjW4_sentence_360.wav,Depends.,Còn tùy.,A1
_0J3v14ZjW4_sentence_374.wav,He sometimes comes home late at night.,Đôi khi anh ấy về nhà muộn vào buổi tối.,A2
_0J3v14ZjW4_sentence_384.wav,Island.,Đảo.,A2
_0J3v14ZjW4_sentence_389.wav,There is only one store on the whole island.,Chỉ có một cửa hàng trên toàn đảo.,A2
_0J3v14ZjW4_sentence_391.wav,I want to live on that island.,Tôi muốn sống trên hòn đảo đó.,A1
_0J3v14ZjW4_sentence_398.wav,Can you direct me to the train station?,Anh có thể chỉ tôi đến ga xe lửa không?,A2
_0J3v14ZjW4_sentence_409.wav,Do you need any help?,Anh cần giúp gì không?,A1
_0J3v14ZjW4_sentence_438.wav,"The more she thought about it, the more depressed she became.","Càng nghĩ về nó, cô càng trở nên chán nản.",A2
_0J3v14ZjW4_sentence_444.wav,Movie,Phim,A1
_0J3v14ZjW4_sentence_445.wav,Let's go to the movies.,Đi xem phim thôi.,A1
_0J3v14ZjW4_sentence_446.wav,Would you like to go to a movie with me?,Anh có muốn đi xem phim với em không?,A1
_0J3v14ZjW4_sentence_451.wav,Control,Điều khiển,A1
_0J3v14ZjW4_sentence_467.wav,Between,Giữa,A2
_0J3v14ZjW4_sentence_468.wav,That is the border between Mexico and the United States.,Đó là biên giới giữa Mexico và Hoa Kỳ.,A2
_0J3v14ZjW4_sentence_469.wav,We can travel by train between London and Paris.,Chúng ta có thể đi bằng tàu hoả giữa London và Paris.,A2
_0J3v14ZjW4_sentence_475.wav,Yours.,Của bạn.,A1
_0J3v14ZjW4_sentence_481.wav,Business,Kinh doanh,A1
_0J3v14ZjW4_sentence_482.wav,Are you seriously thinking about starting your own business?,Anh có thực sự nghĩ đến việc bắt đầu kinh doanh không?,A2
_0J3v14ZjW4_sentence_492.wav,He bought me a new dictionary.,Anh ấy mua cho tôi một cuốn từ điển mới.,A1
_0J3v14ZjW4_sentence_493.wav,I keep a dictionary beside me when I'm doing crosswords.,Tôi luôn để từ điển bên cạnh khi chơi ô chữ.,A2
_0J3v14ZjW4_sentence_497.wav,This dictionary comprises about sixty five thousand words.,Từ điển này bao gồm khoảng sáu mươi lăm nghìn từ.,A2
_0J3v14ZjW4_sentence_520.wav,Do you know when she will come?,Anh có biết khi nào cô ấy sẽ đến không?,A1
_0J3v14ZjW4_sentence_530.wav,It's not easy to choose a career.,Không dễ để chọn nghề.,A2
_0J3v14ZjW4_sentence_538.wav,Direction,Hướng,A1
_0J3v14ZjW4_sentence_539.wav,Which direction did we go?,Chúng ta đã đi hướng nào?,A1
_0J3v14ZjW4_sentence_571.wav,Chicken.,Thịt gà.,A1
_0J3v14ZjW4_sentence_572.wav,She used up the chicken bones to make soup.,Cô ấy dùng hết xương gà để nấu súp.,A2
_0J3v14ZjW4_sentence_576.wav,Us.,Chúng ta.,A1
_0J3v14ZjW4_sentence_578.wav,Are you sure you don't want to go with us? He seems to know us.,Anh có chắc là không muốn đi với chúng tôi không?,A2
_0J3v14ZjW4_sentence_579.wav,Would you like to go out with us?,Anh có muốn đi chơi với chúng tôi không?,A1
_0J3v14ZjW4_sentence_589.wav,You obviously don't have time.,Rõ ràng là anh không có thời gian.,A2
_0J3v14ZjW4_sentence_612.wav,I like him despite his faults.,Tôi thích anh ta bất chấp những lỗi lầm của anh ta.,A1
_0J3v14ZjW4_sentence_631.wav,I am going to buy a new car.,Tôi sẽ mua một chiếc xe mới.,A1
_0J3v14ZjW4_sentence_651.wav,Gate.,Cổng.,A1
_0J3v14ZjW4_sentence_657.wav,Let's meet in front of the main gate at 8.30.,Hãy gặp nhau ở cổng chính lúc 8 giờ 30.,A2
_0J3v14ZjW4_sentence_661.wav,You'd better hurry up if you want to get home before dark.,Anh nên nhanh lên nếu anh muốn về nhà trước khi trời tối.,A2
_0J3v14ZjW4_sentence_668.wav,Multiply three by five and you get fifteen.,Nhân 3 với 5 và bạn có 15.,A2
_0J3v14ZjW4_sentence_697.wav,Block,Khối,A1
_0J3v14ZjW4_sentence_706.wav,I'm looking for a bank. Is there one near here?,"Tôi đang tìm một ngân hàng, có ngân hàng nào gần đây không?",A2
_0J3v14ZjW4_sentence_707.wav,Bank.,Ngân hàng.,A1
_0J3v14ZjW4_sentence_708.wav,He has plenty of money in the bank.,Hắn có rất nhiều tiền trong ngân hàng.,A2
_0J3v14ZjW4_sentence_712.wav,ourselves.,Chúng ta cũng vậy.,A1
_0J3v14ZjW4_sentence_719.wav,We can do it ourselves.,Chúng ta có thể tự làm.,A1
_0J3v14ZjW4_sentence_720.wav,Pleasure.,Rất vui.,A1
_0J3v14ZjW4_sentence_731.wav,Power.,Quyền lực.,A1
_0J3v14ZjW4_sentence_735.wav,Power,Quyền lực,A1
_0J3v14ZjW4_sentence_737.wav,I will do everything in my power to help you.,Tôi sẽ làm mọi thứ trong khả năng của mình để giúp anh.,A1
_0J3v14ZjW4_sentence_739.wav,Don't underestimate his power.,Đừng đánh giá thấp sức mạnh của anh ta.,A2
_0J3v14ZjW4_sentence_749.wav,I can't figure out what the writer is trying to say.,Tôi không thể hiểu được tác giả đang cố nói gì.,A2
_0J3v14ZjW4_sentence_762.wav,Domestic.,Trong nước.,A2
_0J3v14ZjW4_sentence_826.wav,I lost my way in the woods.,Tôi lạc đường trong rừng.,A1
_0J3v14ZjW4_sentence_835.wav,We have a reservation under the name of John.,Chúng tôi có đặt chỗ dưới tên John.,A2
_0J3v14ZjW4_sentence_840.wav,Sand,CátName,A2
_0J3v14ZjW4_sentence_849.wav,See you later.,Gặp lại sau.,A1
_0J3v14ZjW4_sentence_852.wav,Later.,Để sau đi.,A1
_0J3v14ZjW4_sentence_855.wav,She asked me to call her later.,Cô ấy bảo tôi gọi lại sau.,A1
_0J3v14ZjW4_sentence_857.wav,"Sooner or later, they will tell you the truth.","Sớm muộn gì, họ cũng sẽ nói cho anh sự thật.",A2
_0J3v14ZjW4_sentence_860.wav,I wonder if he regrets what he did to me.,Không biết ổng có hối hận vì những gì ổng đã làm với tôi không.,A2
_0J3v14ZjW4_sentence_863.wav,Regret,Hối tiếc,A1
_0J3v14ZjW4_sentence_866.wav,I have no regrets for what I've done.,Tôi không hối hận vì những gì tôi đã làm.,A1
_0J3v14ZjW4_sentence_876.wav,She expected him to buy her an expensive gift.,Cô mong đợi anh ta sẽ mua cho cô một món quà đắt tiền.,A2
_0J3v14ZjW4_sentence_877.wav,She surprised him with a small gift.,Cô ấy làm ông ngạc nhiên với một món quà nhỏ.,A2
_0J3v14ZjW4_sentence_891.wav,She gave me some useful advice.,Cô ấy cho tôi vài lời khuyên hữu ích.,A1
_0J3v14ZjW4_sentence_895.wav,Your cell phone rang a minute ago.,Điện thoại của anh vừa reo một phút trước.,A2
_0J3v14ZjW4_sentence_898.wav,I heard the phone ringing.,Tôi nghe thấy tiếng chuông điện thoại.,A1
_0J3v14ZjW4_sentence_903.wav,Former.,Trước đây.,A2
_0J3v14ZjW4_sentence_936.wav,Could you draw a map for me?,Anh vẽ bản đồ giúp tôi được không?,A1
_0J3v14ZjW4_sentence_941.wav,Farm.,Nông trại.,A1
_0J3v14ZjW4_sentence_944.wav,My father works on a sheep farm.,Cha tôi làm việc trong một trang trại cừu.,A2
_0J3v14ZjW4_sentence_947.wav,My family has been living on the farm for many years.,Gia đình tôi đã sống ở nông trại nhiều năm.,A2
_0J3v14ZjW4_sentence_971.wav,Recognize.,Nhận ra.,A1
_0J3v14ZjW4_sentence_972.wav,I'm sorry I didn't recognize you.,Xin lỗi vì đã không nhận ra anh.,A1
_0J3v14ZjW4_sentence_973.wav,Do you recognize anyone?,Anh có nhận ra ai không?,A1
_0J3v14ZjW4_sentence_974.wav,I recognized her by her red hair.,Tôi nhận ra cô ấy qua mái tóc đỏ.,A2
aHf27Jt0exE_sentence_000.wav,Embarrass.,Xấu hổ.,A2
aHf27Jt0exE_sentence_008.wav,"I didn't mean to embarrass you, said","Tôi không có ý làm bạn xấu hổ, nói",A2
aHf27Jt0exE_sentence_013.wav,"Send me the tracking number, please.",Làm ơn gửi cho tôi số theo dõi.,A2
aHf27Jt0exE_sentence_030.wav,You are perfectly capable of doing it yourself.,Bạn hoàn toàn có khả năng tự làm điều đó.,A2
aHf27Jt0exE_sentence_033.wav,It's perfectly white.,Nó có màu trắng hoàn hảo.,A1
aHf27Jt0exE_sentence_043.wav,They haven't formally announced their engagement yet.,Họ vẫn chưa chính thức công bố đính hôn.,A2
aHf27Jt0exE_sentence_058.wav,Precise.,Chính xác.,A2
aHf27Jt0exE_sentence_075.wav,He travelled throughout the country.,Ông đi khắp đất nước.,A2
aHf27Jt0exE_sentence_079.wav,He drew some vertical lines on the paper.,Ông vẽ vài nét thẳng đứng trên giấy.,A2
aHf27Jt0exE_sentence_087.wav,Why are you so upset?,Sao anh lại buồn vậy?,A1
aHf27Jt0exE_sentence_104.wav,I'd be delighted if you could join us for dinner.,Tôi sẽ rất vui nếu anh có thể ăn tối cùng chúng tôi.,A2
aHf27Jt0exE_sentence_119.wav,Exaggerate.,Phóng đại.,A2
aHf27Jt0exE_sentence_156.wav,I'm impatient with his inability to make decisions.,Tôi nóng ruột với sự bất lực của anh ta trong việc đưa ra quyết định.,A2
aHf27Jt0exE_sentence_174.wav,New locks were installed on all the doors.,Tất cả các cửa đều được lắp ổ khóa mới.,A2
aHf27Jt0exE_sentence_196.wav,He cut some branches off the tree. Their colleague was transferred to an overseas branch.,Ông đã cắt một số cành cây. Đồng nghiệp của họ đã được chuyển đến một chi nhánh ở nước ngoài.,B1
aHf27Jt0exE_sentence_207.wav,It's a passenger train.,Đó là một chuyến tàu chở khách.,A1
aHf27Jt0exE_sentence_221.wav,Hammer.,Búa.,A1
aHf27Jt0exE_sentence_222.wav,I can't do it without a hammer.,Tôi không thể làm được nếu không có búa.,A1
aHf27Jt0exE_sentence_223.wav,He accidentally hit his thumb with the hammer.,Anh ta vô tình đập búa vào ngón tay.,A2
aHf27Jt0exE_sentence_227.wav,This hammer is just the thing I need.,Cây búa này là thứ tôi cần.,A1
aHf27Jt0exE_sentence_228.wav,Punish.,Trừng phạt.,A1
aHf27Jt0exE_sentence_235.wav,She was punished for lying.,Cô ấy bị trừng phạt vì nói dối.,A1
aHf27Jt0exE_sentence_236.wav,Are you being punished?,Anh đang bị trừng phạt à?,A1
aHf27Jt0exE_sentence_239.wav,Rope.,Dây thừng.,A1
aHf27Jt0exE_sentence_241.wav,I need a long rope.,Tôi cần một sợi dây thừng dài.,A1
aHf27Jt0exE_sentence_242.wav,Fasten the rope to the tree.,Buộc dây vào cây.,A1
aHf27Jt0exE_sentence_258.wav,Fame.,Danh vọng.,A2
aHf27Jt0exE_sentence_269.wav,upset.,"Bạn có thể nói, "" Em cảm thấy rất buồn khi phải làm việc này.",A1
aHf27Jt0exE_sentence_274.wav,Reduction,Giảm,A2
aHf27Jt0exE_sentence_275.wav,I think that the reduction of taxes is necessary.,Tôi nghĩ rằng việc giảm thuế là cần thiết.,A2
aHf27Jt0exE_sentence_279.wav,Hook.,Móc.,A2
aHf27Jt0exE_sentence_280.wav,Hang your hat on the hook.,Treo mũ lên móc.,A1
aHf27Jt0exE_sentence_283.wav,Where can I buy a fish hook?,Tôi có thể mua một cái móc câu ở đâu?,A2
aHf27Jt0exE_sentence_284.wav,Fuel,Nhiên liệu,A1
aHf27Jt0exE_sentence_285.wav,Make sure you don't run out of fuel.,Đảm bảo không hết nhiên liệu.,A2
aHf27Jt0exE_sentence_289.wav,We're almost out of fuel.,Chúng ta sắp hết nhiên liệu rồi.,A2
aHf27Jt0exE_sentence_298.wav,I didn't mean to offend you.,Tôi không có ý xúc phạm anh.,A2
aHf27Jt0exE_sentence_301.wav,All you have to do is push this red button.,Tất cả những gì anh phải làm là bấm cái nút đỏ này.,A1
aHf27Jt0exE_sentence_302.wav,Just push the button on the machine and it will do everything automatically.,Chỉ cần nhấn nút trên máy và nó sẽ tự động làm tất cả mọi thứ.,A2
aHf27Jt0exE_sentence_303.wav,Symbol.,Biểu tượng.,A1
aHf27Jt0exE_sentence_305.wav,The lion is a symbol of courage.,Sư tử là biểu tượng của lòng dũng cảm.,A2
aHf27Jt0exE_sentence_311.wav,Pack.,Gói.,A1
aHf27Jt0exE_sentence_322.wav,Unhappiness.,Bất hạnh.,A2
aHf27Jt0exE_sentence_324.wav,She divorced him after many years of unhappiness.,Cô ly dị anh sau nhiều năm không hạnh phúc.,B1
aHf27Jt0exE_sentence_328.wav,There is a house across the stream.,Có một ngôi nhà bên kia dòng suối.,A1
aHf27Jt0exE_sentence_333.wav,Pleasantly.,Sự dễ chịu.,A2
aHf27Jt0exE_sentence_361.wav,Perfectly.,Hoàn hảo.,A1
aHf27Jt0exE_sentence_391.wav,Violence,Bạo lực,A1
aHf27Jt0exE_sentence_392.wav,We don't like violence.,Chúng tôi không thích bạo lực.,A1
aHf27Jt0exE_sentence_397.wav,There is almost no violence in that city.,Hầu như không có bạo lực trong thành phố đó.,A2
aHf27Jt0exE_sentence_401.wav,Wooden.,Gỗ.,A2
aHf27Jt0exE_sentence_406.wav,Shade.,Bóng râm.,A1
aHf27Jt0exE_sentence_457.wav,Stage,Giai đoạn,A1
aHf27Jt0exE_sentence_474.wav,This box is made of tin.,Cái hộp này làm bằng thiếc.,A1
aHf27Jt0exE_sentence_481.wav,Document.,Tài liệu.,A2
aHf27Jt0exE_sentence_483.wav,I swear I never showed anyone that document.,Tôi thề là chưa từng cho ai xem tài liệu đó.,A1
aHf27Jt0exE_sentence_484.wav,I'd like you to translate this document into French.,Tôi muốn anh dịch tài liệu này sang tiếng Pháp.,A2
aHf27Jt0exE_sentence_485.wav,Unsuccessful.,Không thành công.,A2
aHf27Jt0exE_sentence_486.wav,My plan was unsuccessful.,Kế hoạch của tôi đã không thành công.,A2
aHf27Jt0exE_sentence_518.wav,His name is on the tip of my tongue.,Tên hắn ở trên đầu lưỡi tôi.,A2
aHf27Jt0exE_sentence_523.wav,Sympathy,Sự đồng cảm,A1
aHf27Jt0exE_sentence_531.wav,Sailing,Đang dong buồm,A2
aHf27Jt0exE_sentence_532.wav,We'll go sailing tomorrow.,Ngày mai chúng ta sẽ đi thuyền.,A1
aHf27Jt0exE_sentence_538.wav,I'm going to the sailing club.,Tôi sẽ đến câu lạc bộ chèo thuyền.,A1
aHf27Jt0exE_sentence_539.wav,Sour,Chua,A2
aHf27Jt0exE_sentence_540.wav,This apple tastes sour.,Quả táo này có vị chua.,A2
aHf27Jt0exE_sentence_548.wav,Lemons are sour.,Chanh có vị chua.,A1
aHf27Jt0exE_sentence_549.wav,The milk went sour.,Sữa bị chua.,A2
aHf27Jt0exE_sentence_550.wav,Sight.,Thị giác.,A1
aHf27Jt0exE_sentence_554.wav,Site.,Địa điểm.,A2
aHf27Jt0exE_sentence_575.wav,"Nature is full of mysteries, and","Thiên nhiên đầy những bí ẩn, và",A2
aHf27Jt0exE_sentence_581.wav,Journalist,Nhà báo,A2
aHf27Jt0exE_sentence_613.wav,"In terms of experience, I have the edge on you.","Về kinh nghiệm, tôi có lợi thế hơn anh.",A2
aHf27Jt0exE_sentence_614.wav,This knife has no sharp edge.,Con dao này không có lưỡi sắc.,A2
aHf27Jt0exE_sentence_640.wav,Her unexpected arrival confused all our plans.,Sự xuất hiện bất ngờ của cô ấy làm rối tung mọi kế hoạch của chúng tôi.,A2
aHf27Jt0exE_sentence_647.wav,Don't judge people by their appearance.,Đừng đánh giá người khác qua vẻ bề ngoài.,A2
aHf27Jt0exE_sentence_659.wav,A red sign usually indicates danger.,Dấu hiệu đỏ thường cho thấy sự nguy hiểm.,A2
aHf27Jt0exE_sentence_667.wav,She got in the car and started the engine.,Cô ấy vào xe và khởi động máy.,A2
aHf27Jt0exE_sentence_674.wav,What are your qualifications?,Bằng cấp của anh là gì?,A1
aHf27Jt0exE_sentence_692.wav,There are over 50 people in this classroom.,Có hơn 50 người trong lớp này.,A1
aHf27Jt0exE_sentence_694.wav,"The classroom was so small, we moved to another one.","Lớp học quá nhỏ, chúng tôi chuyển sang lớp khác.",A2
aHf27Jt0exE_sentence_695.wav,There are Mr.,Có ông,A1
aHf27Jt0exE_sentence_698.wav,Brand.,Thương hiệu.,A1
aHf27Jt0exE_sentence_700.wav,What kind of dog food do you feed your dog?,Bạn cho chó ăn loại thức ăn nào?,A2
aHf27Jt0exE_sentence_701.wav,It takes a long time to build a brand.,Phải mất rất nhiều thời gian để xây dựng thương hiệu.,A2
aHf27Jt0exE_sentence_706.wav,The book provides some good household cleaning tips.,Cuốn sách cung cấp một số lời khuyên hữu ích về cách làm sạch nhà cửa.,A2
aHf27Jt0exE_sentence_726.wav,The gifts will delight the children.,Những món quà sẽ làm vui lòng trẻ em.,A2
aHf27Jt0exE_sentence_730.wav,Let's hide behind the curtain.,Trốn sau tấm màn đi.,A1
aHf27Jt0exE_sentence_732.wav,The curtains make this room look beautiful.,Rèm cửa làm căn phòng này trông đẹp.,A1
aHf27Jt0exE_sentence_736.wav,I have trouble swallowing pills.,Tôi gặp khó khăn khi nuốt thuốc.,A1
aHf27Jt0exE_sentence_744.wav,Our children love ice cream.,Con cái chúng tôi thích kem.,A1
aHf27Jt0exE_sentence_745.wav,I love chocolate creams.,Tôi thích kem sô cô la.,A1
aHf27Jt0exE_sentence_746.wav,He doesn't allow his son to eat ice cream.,Ông ta không cho con trai ăn kem.,A2
aHf27Jt0exE_sentence_753.wav,The disease has affected her sight.,Căn bệnh đã ảnh hưởng đến thị lực của cô.,A2
aHf27Jt0exE_sentence_768.wav,I'm not frightened of him.,Tôi không sợ hắn.,A1
aHf27Jt0exE_sentence_785.wav,Unfairly.,Một cách bất công.,A2
aHf27Jt0exE_sentence_802.wav,"Excuse me, do you have any spoons?","Xin lỗi, anh có thìa không?",A1
aHf27Jt0exE_sentence_810.wav,Authority,Quyền hạn,A1
aHf27Jt0exE_sentence_862.wav,I'll let you be the judge of that.,Tôi sẽ để anh phán xét điều đó.,A2
aHf27Jt0exE_sentence_886.wav,Qualification,Trình độ chuyên môn,A2
aHf27Jt0exE_sentence_889.wav,Do you have any teaching qualifications?,Cô có bằng cấp giảng dạy nào không?,A1
aWTrDkYdxK4_sentence_010.wav,"I'm sorry to disturb you, but there's a phone call for you.","Xin lỗi đã làm phiền, nhưng có điện thoại cho anh.",A2
aWTrDkYdxK4_sentence_021.wav,What does a typical Japanese meal consist of?,Một bữa ăn Nhật Bản điển hình bao gồm những gì?,A2
aWTrDkYdxK4_sentence_024.wav,This action has been calculated.,Hành động này đã được tính toán.,A2
aWTrDkYdxK4_sentence_033.wav,I calculate that we will arrive at the destination at about 6 a.m.,Tôi tính toán rằng chúng ta sẽ đến điểm đến vào khoảng 6 giờ sáng.,A2
aWTrDkYdxK4_sentence_047.wav,I often refer to the dictionary.,Tôi thường tra từ điển.,A2
aWTrDkYdxK4_sentence_061.wav,I regard him as a close friend.,Tôi coi hắn như một người bạn thân.,A2
aWTrDkYdxK4_sentence_074.wav,Dogs are loyal animals.,Chó là loài vật trung thành.,A1
aWTrDkYdxK4_sentence_111.wav,Scientists haven't found a cure for cancer yet.,Các nhà khoa học vẫn chưa tìm ra cách chữa ung thư.,A2
aWTrDkYdxK4_sentence_124.wav,They are watching what's happening closely.,Họ đang theo dõi những gì đang diễn ra một cách sát sao.,A2
aWTrDkYdxK4_sentence_133.wav,We intend to destroy it.,Chúng tôi định phá huỷ nó.,A1
aWTrDkYdxK4_sentence_151.wav,He is the victim of a terrible crime.,Anh ta là nạn nhân của một tội ác khủng khiếp.,A2
aWTrDkYdxK4_sentence_168.wav,That name sounds awfully familiar.,Cái tên nghe quen quá.,A2
aWTrDkYdxK4_sentence_195.wav,The source of the infection has not yet been traced.,Nguồn lây nhiễm vẫn chưa được truy tìm.,B1
aWTrDkYdxK4_sentence_204.wav,He has a large closet in his bedroom.,Anh ta có một tủ quần áo lớn trong phòng ngủ.,A1
aWTrDkYdxK4_sentence_216.wav,"She is my niece, said","Nó là cháu gái tôi, nó nói",A2
aWTrDkYdxK4_sentence_218.wav,Miece.,Miece.,A1
aWTrDkYdxK4_sentence_224.wav,What's your niece's name?,Cháu gái anh tên gì?,A2
aWTrDkYdxK4_sentence_236.wav,Offend.,Xúc phạm.,A2
aWTrDkYdxK4_sentence_244.wav,Neck.,Cổ.,A1
aWTrDkYdxK4_sentence_248.wav,The two candidates are neck and neck.,Hai ứng cử viên là cổ và cổ.,A2
aWTrDkYdxK4_sentence_252.wav,The worst battle is the one that goes on between your heart and your mind. You never know which one to listen to.,Trận chiến tệ nhất là trận chiến giữa tâm và ý của bạn. Bạn không bao giờ biết phải nghe theo ai.,B1
aWTrDkYdxK4_sentence_271.wav,disappear.,( Quên đi).,A1
aWTrDkYdxK4_sentence_280.wav,Knit.,Đan.,A1
aWTrDkYdxK4_sentence_282.wav,What are you knitting?,Anh đang đan gì vậy?,A1
aWTrDkYdxK4_sentence_284.wav,She needed him a sweater.,Cô ấy cần một cái áo len.,A1
aWTrDkYdxK4_sentence_289.wav,"It's very late, he yawned.","Đã muộn lắm rồi, lão ngáp.",A2
aWTrDkYdxK4_sentence_290.wav,"Cover your mouth when you cough, sneeze, or yawn.","Che miệng khi ho, hắt hơi hoặc ngáp.",A2
aWTrDkYdxK4_sentence_304.wav,Polish.,Ba Lan.,A1
aWTrDkYdxK4_sentence_331.wav,Pronunciation,Phát âm,A2
aWTrDkYdxK4_sentence_334.wav,camera.,Máy ảnh.,A1
aWTrDkYdxK4_sentence_335.wav,How much is this camera?,Máy quay này giá bao nhiêu?,A1
aWTrDkYdxK4_sentence_336.wav,My camera is different from yours.,Máy của tôi khác máy của anh.,A2
aWTrDkYdxK4_sentence_337.wav,Do you know how to use this camera?,Anh có biết dùng máy quay này không?,A1
aWTrDkYdxK4_sentence_341.wav,I cannot make such a commitment at the moment.,Tôi không thể thực hiện một cam kết như vậy vào lúc này.,A2
aWTrDkYdxK4_sentence_346.wav,Are you ready to make a long-term commitment?,Bạn đã sẵn sàng để thực hiện một cam kết lâu dài chưa?,A2
aWTrDkYdxK4_sentence_390.wav,They burst out laughing.,Họ phá lên cười.,A1
aWTrDkYdxK4_sentence_409.wav,The road continues straight as an arrow.,Con đường tiếp tục thẳng như một mũi tên.,A2
aWTrDkYdxK4_sentence_412.wav,The economic growth is very slow.,Tăng trưởng kinh tế rất chậm.,A2
aWTrDkYdxK4_sentence_414.wav,The country is in a bad economic state.,Đất nước đang trong tình trạng kinh tế tồi tệ.,A2
aWTrDkYdxK4_sentence_415.wav,The survey.,Cuộc khảo sát.,A1
aWTrDkYdxK4_sentence_423.wav,Channel.,Kênh.,A1
aWTrDkYdxK4_sentence_426.wav,They have careless.,Họ bất cẩn.,A1
aWTrDkYdxK4_sentence_429.wav,He admitted careless driving.,Hắn thừa nhận đã lái xe bất cẩn.,A2
aWTrDkYdxK4_sentence_431.wav,Partly.,Một phần.,A2
aWTrDkYdxK4_sentence_437.wav,I partly agree with you.,Tôi cũng phần nào đồng ý với anh.,A2
aWTrDkYdxK4_sentence_444.wav,Risk.,Mạo hiểm.,A1
aWTrDkYdxK4_sentence_477.wav,I'm ashamed of what I did.,Tôi xấu hổ vì những gì mình đã làm.,A1
aWTrDkYdxK4_sentence_482.wav,I'm ashamed to ask you such a silly question.,Tôi rất xấu hổ khi hỏi anh một câu hỏi ngớ ngẩn như vậy.,A2
aWTrDkYdxK4_sentence_483.wav,Goodbye.,Tạm biệt.,A1
aWTrDkYdxK4_sentence_486.wav,Good interior.,Nội thất tốt.,A1
aWTrDkYdxK4_sentence_492.wav,My father is an interior designer.,Cha tôi là một nhà thiết kế nội thất.,A2
aWTrDkYdxK4_sentence_494.wav,Taxi.,Taxi.,A1
aWTrDkYdxK4_sentence_496.wav,We'd better take a taxi.,Chúng ta nên đi taxi.,A1
aWTrDkYdxK4_sentence_498.wav,My father is attack surround.,Bố tôi đang bị bao vây.,A1
aWTrDkYdxK4_sentence_505.wav,Police surrounded the building.,Cảnh sát bao vây toà nhà.,A2
aWTrDkYdxK4_sentence_506.wav,Salad,Salad,A1
aWTrDkYdxK4_sentence_523.wav,I'm very transparent about my work.,Tôi rất minh bạch về công việc của mình.,A2
aWTrDkYdxK4_sentence_524.wav,The insect's wings are almost transparent.,Cánh của côn trùng gần như trong suốt.,A2
aWTrDkYdxK4_sentence_532.wav,She smiled at him pleasantly.,Cô mỉm cười với anh vui vẻ.,A2
aWTrDkYdxK4_sentence_566.wav,Let's put this in the closet.,Hãy để cái này vào tủ.,A1
aWTrDkYdxK4_sentence_577.wav,She had warm brown eyes. His face was brown from the sun. His shoes are brown.,Cô có đôi mắt nâu ấm áp. Khuôn mặt anh ta nâu vì ánh nắng. Đôi giày anh ta màu nâu.,A2
aWTrDkYdxK4_sentence_592.wav,His death was totally unexpected.,Cái chết của ông ấy hoàn toàn bất ngờ.,A2
aWTrDkYdxK4_sentence_600.wav,Battle.,Chiến đấu.,A1
aWTrDkYdxK4_sentence_601.wav,I had a battle with my conscience.,Tôi đã phải đấu tranh với lương tâm mình.,A2
aWTrDkYdxK4_sentence_613.wav,She won first prize in the exhibition.,Cô đã giành giải nhất trong triển lãm.,A2
aWTrDkYdxK4_sentence_614.wav,We hold an exhibition every year.,Chúng tôi tổ chức một cuộc triển lãm mỗi năm.,A1
aWTrDkYdxK4_sentence_619.wav,Initially,Ban đầu,A2
aWTrDkYdxK4_sentence_632.wav,Medium,Vừa,A1
aWTrDkYdxK4_sentence_633.wav,"We have large, medium, and small. What size do you want?","Chúng ta có lớn, vừa và nhỏ. Bạn muốn kích cỡ nào?",A2
aWTrDkYdxK4_sentence_634.wav,"A medium size, please.","Kích thước trung bình, làm ơn.",A1
aWTrDkYdxK4_sentence_639.wav,Television is the modern medium of communication.,Truyền hình là phương tiện truyền thông hiện đại.,A2
aWTrDkYdxK4_sentence_642.wav,He polished his glasses with a handkerchief.,Ông đánh bóng kính của mình bằng một chiếc khăn tay.,A2
aWTrDkYdxK4_sentence_644.wav,You need to polish your shoes.,Anh cần đánh bóng giày.,A1
aWTrDkYdxK4_sentence_648.wav,Inner.,Trong.,A2
aWTrDkYdxK4_sentence_654.wav,Do not let the behavior of others destroy your inner peace.,Đừng để hành vi của người khác phá hủy sự bình yên trong tâm hồn bạn.,B1
aWTrDkYdxK4_sentence_664.wav,Bid.,- Hồ sơ dự thầu.,A1
aWTrDkYdxK4_sentence_682.wav,The noise disturbed his sleep.,Tiếng động làm xáo trộn giấc ngủ của nó.,A2
aWTrDkYdxK4_sentence_720.wav,Extraordinary.,Thật phi thường.,A1
aWTrDkYdxK4_sentence_731.wav,Refer.,Tham khảo.,A2
aWTrDkYdxK4_sentence_734.wav,"Don't refer to this matter again, please.",Xin đừng nhắc lại chuyện này nữa.,A2
aWTrDkYdxK4_sentence_740.wav,One thing that won't change is our commitment to our customers.,Một điều không thay đổi là cam kết của chúng tôi với khách hàng.,B1
aWTrDkYdxK4_sentence_748.wav,I cannot associate.,Tôi không thể liên kết.,A2
aWTrDkYdxK4_sentence_751.wav,Associate,Liên kết,A2
aWTrDkYdxK4_sentence_758.wav,Are you listening closely?,Anh có nghe kỹ không?,A1
aWTrDkYdxK4_sentence_769.wav,It burst into flame.,Nó bùng cháy.,A1
aWTrDkYdxK4_sentence_770.wav,They burst out laughing. It burst into flame. They burst out laughing.,Họ phá lên cười. Nó bùng cháy. Họ phá lên cười.,A2
aWTrDkYdxK4_sentence_783.wav,Entry,Mục,A2
aWTrDkYdxK4_sentence_801.wav,Survey,Khảo sát,A1
aWTrDkYdxK4_sentence_825.wav,Her work is superior to anyone else's here.,Công việc của cô ấy vượt trội hơn bất cứ ai ở đây.,A2
aWTrDkYdxK4_sentence_828.wav,Interior,Bên trong,A2
aWTrDkYdxK4_sentence_835.wav,She is studying interior design.,Cô đang học thiết kế nội thất.,A2
aWTrDkYdxK4_sentence_847.wav,It's awfully cold today.,Hôm nay lạnh kinh khủng.,A2
aWTrDkYdxK4_sentence_849.wav,It turned out to be awfully difficult.,Hóa ra là nó cực kỳ khó khăn.,A2
aWTrDkYdxK4_sentence_857.wav,I won't risk doing that again.,Tôi sẽ không mạo hiểm làm điều đó một lần nữa.,A1
aWTrDkYdxK4_sentence_860.wav,I can't take that risk.,Tôi không thể chấp nhận rủi ro đó.,A1
aWTrDkYdxK4_sentence_865.wav,He risked his life to save her.,Anh ta đã liều mạng để cứu cô ấy.,A1
aWTrDkYdxK4_sentence_866.wav,Transparent.,Trong suốt.,A2
aWTrDkYdxK4_sentence_886.wav,Ashamed.,Xấu hổ.,A1
bET0qG-efMk_sentence_018.wav,This is a very mild coffee.,Đây là một loại cà phê rất nhẹ.,A2
bET0qG-efMk_sentence_039.wav,The bridge is approximately two kilometers long.,Cây cầu dài khoảng hai km.,A2
bET0qG-efMk_sentence_084.wav,I admire your intelligence.,Tôi ngưỡng mộ trí thông minh của anh.,A1
bET0qG-efMk_sentence_096.wav,She treated him like a king.,Bà ấy đối xử với ông ấy như một vị vua.,A2
bET0qG-efMk_sentence_126.wav,You'll need a password to access the database.,Bạn cần mật khẩu để truy cập cơ sở dữ liệu.,A2
bET0qG-efMk_sentence_147.wav,The Sahara is a vast desert.,Sahara là một sa mạc rộng lớn.,A2
bET0qG-efMk_sentence_175.wav,Fairly.,Tương đối.,A2
bET0qG-efMk_sentence_176.wav,The teacher treated all the students fairly.,Giáo viên đối xử công bằng với tất cả học sinh.,A2
bET0qG-efMk_sentence_193.wav,Interval.,Interval.,A2
bET0qG-efMk_sentence_206.wav,"This cake contains flour, milk, eggs and sugar.","Chiếc bánh này chứa bột mì, sữa, trứng và đường.",A2
bET0qG-efMk_sentence_247.wav,Purr.,Purr.,A1
bET0qG-efMk_sentence_251.wav,How many books do you read per month?,Bạn đọc bao nhiêu cuốn sách mỗi tháng?,A2
bET0qG-efMk_sentence_253.wav,I make 100 Euros per day.,Tôi kiếm được 100 euro mỗi ngày.,A2
bET0qG-efMk_sentence_259.wav,There is a rapid increase in world population.,Dân số thế giới đang tăng nhanh chóng.,A2
bET0qG-efMk_sentence_269.wav,They rejected us in a very rude manner.,Họ từ chối chúng tôi một cách rất thô lỗ.,A2
bET0qG-efMk_sentence_286.wav,He acts as if he were a king.,Hắn hành động như thể hắn là một vị vua.,A2
bET0qG-efMk_sentence_396.wav,How long is the interval between the Olympics?,Khoảng thời gian giữa hai kỳ Thế vận hội là bao lâu?,A2
bET0qG-efMk_sentence_422.wav,Manner.,Cách thức.,A2
bET0qG-efMk_sentence_447.wav,I accuse.,Tôi buộc tội.,A2
bET0qG-efMk_sentence_450.wav,He is accused of stealing the money.,Ông bị buộc tội ăn cắp tiền.,A2
bET0qG-efMk_sentence_500.wav,Horn.,Sừng.,A1
bET0qG-efMk_sentence_537.wav,She has acquired a good knowledge of English.,Cô đã có được một kiến thức tốt về tiếng Anh.,A2
bET0qG-efMk_sentence_568.wav,He has made rapid progress in English.,Anh đã có tiến bộ nhanh chóng bằng tiếng Anh.,A2
bET0qG-efMk_sentence_594.wav,The lion is the king of the jungle.,Sư tử là vua của rừng rậm.,A2
bET0qG-efMk_sentence_614.wav,"She thought she could reform him, but she was wrong.","Cô ấy nghĩ có thể cải tạo anh ta, nhưng cô ấy đã sai.",A2
bET0qG-efMk_sentence_622.wav,Don't expose your skin to the sun for too long.,Không để da tiếp xúc với ánh nắng mặt trời quá lâu.,A2
bET0qG-efMk_sentence_701.wav,The first edition was published in 2007.,Ấn bản đầu tiên được xuất bản vào năm 2007.,A2
bET0qG-efMk_sentence_760.wav,Stress,Căng thẳng,A1
bET0qG-efMk_sentence_799.wav,Don't blow your horn in town.,Đừng có thổi kèn trong thị trấn.,A2
bET0qG-efMk_sentence_800.wav,This looks like buffalo horn.,Cái này trông giống sừng trâu.,A1
bET0qG-efMk_sentence_803.wav,We went for a sail.,Chúng tôi đi thuyền buồm.,A1
bET0qG-efMk_sentence_815.wav,Why do you suspect me?,Sao anh lại nghi ngờ tôi?,A1
bET0qG-efMk_sentence_821.wav,Police arrested the suspect at 10 p.m.,Cảnh sát bắt giữ nghi phạm lúc 10 giờ tối.,A2
bET0qG-efMk_sentence_824.wav,Pl Adapt.,Pl Thích ứng.,B1
bET0qG-efMk_sentence_836.wav,I used to have a motorcycle.,Tôi từng có một chiếc xe máy.,A1
bET0qG-efMk_sentence_847.wav,This sofa can easily be converted into a very comfortable double bed for guests.,Chiếc ghế sofa này có thể dễ dàng chuyển đổi thành một chiếc giường đôi rất thoải mái cho khách.,A2
bET0qG-efMk_sentence_887.wav,Please shut the door.,Làm ơn đóng cửa lại.,A1
bET0qG-efMk_sentence_897.wav,Interruption,Bị gián đoạn,A1
bET0qG-efMk_sentence_900.wav,"I'm sorry for the interruption, but you have a phone call.","Xin lỗi vì đã làm phiền, nhưng anh có một cuộc gọi.",A1
bET0qG-efMk_sentence_916.wav,The police accused him of murder.,Cảnh sát buộc tội anh ta giết người.,A2
be6gMVMz48c_sentence_006.wav,This storm caused a lot of damage.,Cơn bão này gây ra rất nhiều thiệt hại.,A2
be6gMVMz48c_sentence_021.wav,What's in your pocket?,Trong túi anh có gì?,A1
be6gMVMz48c_sentence_025.wav,I have no money in my pocket.,Tôi không có tiền trong túi.,A1
be6gMVMz48c_sentence_031.wav,Chicken is my favorite food.,Thịt gà là món ưa thích của tôi.,A1
be6gMVMz48c_sentence_064.wav,everywhere.,ở mọi nơi.,A2
be6gMVMz48c_sentence_068.wav,I've been looking for you everywhere.,Tôi đã tìm anh khắp nơi.,A2
be6gMVMz48c_sentence_070.wav,People came from everywhere.,Mọi người đến từ khắp nơi.,A2
be6gMVMz48c_sentence_076.wav,Choice.,Lựa chọn.,A1
be6gMVMz48c_sentence_079.wav,"I didn't want to say anything, but I had no choice.","Tôi không muốn nói gì cả, nhưng tôi không có lựa chọn nào khác.",A2
be6gMVMz48c_sentence_080.wav,I had to do it because I had no choice.,Tôi phải làm vì tôi không còn lựa chọn nào khác.,A2
be6gMVMz48c_sentence_081.wav,What choices do we have?,Chúng ta có lựa chọn nào?,A1
be6gMVMz48c_sentence_085.wav,I can't tell you exactly how long it will take.,Tôi không thể nói chính xác là sẽ mất bao lâu.,A2
be6gMVMz48c_sentence_086.wav,What exactly are you looking for?,Chính xác thì anh đang tìm kiếm cái gì?,A2
be6gMVMz48c_sentence_097.wav,Chance.,Cơ hội.,A1
be6gMVMz48c_sentence_108.wav,"She has a soft and clear voice, and","Cô ấy có một giọng nói nhẹ nhàng và rõ ràng, và",A2
be6gMVMz48c_sentence_109.wav,Pretend.,Giả vờ.,A1
be6gMVMz48c_sentence_115.wav,You can't pretend it didn't happen.,Anh không thể giả vờ như nó chưa xảy ra.,A2
be6gMVMz48c_sentence_120.wav,He is very different from his brother.,Anh ấy rất khác với anh trai mình.,A2
be6gMVMz48c_sentence_122.wav,"As a child, he was sent to six different schools.","Khi còn nhỏ, ông được gửi đến sáu trường khác nhau.",A2
be6gMVMz48c_sentence_130.wav,Van.,Van.,A1
be6gMVMz48c_sentence_131.wav,I finished the work in less than an hour.,Tôi hoàn thành công việc trong chưa đầy một giờ.,A2
be6gMVMz48c_sentence_135.wav,He loves me more than you do.,Anh ấy yêu tôi hơn anh.,A1
be6gMVMz48c_sentence_137.wav,Noise.,Tiếng ồn.,A1
be6gMVMz48c_sentence_138.wav,What's that noise?,Tiếng gì vậy?,A1
be6gMVMz48c_sentence_152.wav,I will never forget your kindness.,Tôi sẽ không bao giờ quên lòng tốt của anh.,A1
be6gMVMz48c_sentence_154.wav,I forgot to turn off the T V before going to bed.,Tôi quên tắt TV trước khi đi ngủ.,A2
be6gMVMz48c_sentence_156.wav,Don't forget to charge your cell phone.,Đừng quên sạc điện thoại.,A1
be6gMVMz48c_sentence_166.wav,She has been studying English for a few years.,Cô đã học tiếng Anh trong một vài năm.,A1
be6gMVMz48c_sentence_167.wav,Would you please wait for a few minutes?,Xin vui lòng chờ một vài phút?,A1
be6gMVMz48c_sentence_168.wav,You'd better stay in bed for a few days.,Tốt hơn là anh nên ở trên giường vài ngày.,A1
be6gMVMz48c_sentence_177.wav,Slow.,Chậm thôi.,A1
be6gMVMz48c_sentence_179.wav,Progress was slower than expected.,Tiến độ chậm hơn dự kiến.,A2
be6gMVMz48c_sentence_191.wav,This land belongs to my father.,Đất này thuộc về cha tôi.,A2
be6gMVMz48c_sentence_201.wav,We only have two options.,Chúng ta chỉ có hai lựa chọn.,A2
be6gMVMz48c_sentence_210.wav,Jump.,Nhảy.,A1
be6gMVMz48c_sentence_226.wav,I will act on your advice.,Tôi sẽ làm theo lời khuyên của anh.,A2
be6gMVMz48c_sentence_227.wav,You're acting like a child.,Anh hành động như một đứa trẻ.,A1
be6gMVMz48c_sentence_228.wav,That was a very kind act.,Đó là một hành động rất tốt.,A1
be6gMVMz48c_sentence_239.wav,Orange.,Màu cam.,A1
be6gMVMz48c_sentence_242.wav,"I like orange, red, and blue.","Tôi thích màu cam, đỏ và xanh.",A1
be6gMVMz48c_sentence_250.wav,My father has just bought a new wallet.,Cha tôi vừa mua một cái ví mới.,A2
be6gMVMz48c_sentence_258.wav,Difficult.,Khó khăn.,A1
be6gMVMz48c_sentence_267.wav,Let's try a different approach to the problem.,Hãy thử một cách tiếp cận khác cho vấn đề này.,A2
be6gMVMz48c_sentence_269.wav,She approached me with a smile on her face.,Cô ấy tiến đến gần tôi với nụ cười trên môi.,A2
be6gMVMz48c_sentence_273.wav,"Could you wait a moment, please?",Anh có thể chờ một chút được không?,A1
be6gMVMz48c_sentence_274.wav,I'm busy at the moment.,Lúc này tôi đang bận.,A2
be6gMVMz48c_sentence_286.wav,Colleague,Đồng nghiệp,A1
be6gMVMz48c_sentence_296.wav,Her birthday party will be held tomorrow evening.,Sinh nhật của cô ấy sẽ được tổ chức vào tối mai.,A2
be6gMVMz48c_sentence_297.wav,I often take a walk with my dog in the evening.,Tôi thường đi dạo với chó vào buổi tối.,A2
be6gMVMz48c_sentence_299.wav,His health is improving little by little.,Sức khoẻ của anh ấy đang dần được cải thiện.,A2
be6gMVMz48c_sentence_307.wav,Their lifestyle is different from ours.,Lối sống của họ khác với chúng ta.,A2
be6gMVMz48c_sentence_308.wav,That house is ours.,Ngôi nhà đó là của chúng ta.,A1
be6gMVMz48c_sentence_313.wav,The factory is operating at full capacity.,Nhà máy đang hoạt động hết công suất.,A2
be6gMVMz48c_sentence_314.wav,What's your full name?,Tên đầy đủ của anh là gì?,A2
be6gMVMz48c_sentence_317.wav,Might.,Có thể.,A1
be6gMVMz48c_sentence_320.wav,He said that he might come tomorrow.,Anh ta nói có thể ngày mai sẽ đến.,A1
be6gMVMz48c_sentence_323.wav,Is it legal?,Nó có hợp pháp không?,A1
be6gMVMz48c_sentence_329.wav,Ice cream.,Kem.,A1
be6gMVMz48c_sentence_330.wav,This ice cream tastes really good.,Kem này ngon lắm.,A1
be6gMVMz48c_sentence_332.wav,My children love ice cream.,Con tôi thích kem lắm.,A1
be6gMVMz48c_sentence_338.wav,She has many valuable books.,Cô ấy có rất nhiều sách giá trị.,A1
be6gMVMz48c_sentence_345.wav,He has no sense of shame.,Anh ta không biết xấu hổ.,A2
be6gMVMz48c_sentence_349.wav,She was a perfect candidate for this position.,Cô ấy là một ứng cử viên hoàn hảo cho vị trí này.,A2
be6gMVMz48c_sentence_354.wav,etc.,"Nếu bạn không thể tìm được một người bạn thân, bạn có thể tìm đến họ.",A2
be6gMVMz48c_sentence_361.wav,Do you know how to open this box?,Anh có biết cách mở cái hộp này không?,A1
be6gMVMz48c_sentence_364.wav,Basically.,Cơ bản là vậy.,A1
be6gMVMz48c_sentence_365.wav,They are basically the same.,Chúng cơ bản là giống nhau.,A1
be6gMVMz48c_sentence_380.wav,The main function of a question mark is to indicate a question.,Chức năng chính của dấu chấm hỏi là để chỉ ra câu hỏi.,B1
be6gMVMz48c_sentence_386.wav,Homework.,Bài tập về nhà.,A1
be6gMVMz48c_sentence_392.wav,"In the end, they got married.","Cuối cùng, họ kết hôn.",A2
be6gMVMz48c_sentence_394.wav,I need your answer by the end of the day.,Tôi cần câu trả lời của anh vào cuối ngày.,A2
be6gMVMz48c_sentence_405.wav,She pressed her lips together.,Cô mím môi.,A2
be6gMVMz48c_sentence_406.wav,Press the green button.,Nhấn nút màu xanh lá.,A1
be6gMVMz48c_sentence_416.wav,I'm very sorry to keep you waiting.,Tôi rất tiếc phải để anh chờ.,A2
be6gMVMz48c_sentence_426.wav,I have the same problems as you.,Tôi cũng có vấn đề như anh.,A2
be6gMVMz48c_sentence_427.wav,Don't make the same mistake twice.,Đừng phạm sai lầm hai lần.,A2
be6gMVMz48c_sentence_428.wav,We got there at the same time.,Chúng ta đến đó cùng lúc.,A2
be6gMVMz48c_sentence_431.wav,Hate.,Ghét.,A1
be6gMVMz48c_sentence_436.wav,"Frankly speaking, I hate him.","Nói thật, tôi ghét hắn.",A2
be6gMVMz48c_sentence_438.wav,Sick.,Bệnh.,A1
be6gMVMz48c_sentence_448.wav,"Your face is familiar, but I can't recall your name.","Khuôn mặt anh rất quen, nhưng tôi không thể nhớ tên anh.",A2
be6gMVMz48c_sentence_453.wav,Did you receive my letter?,Anh nhận được thư của tôi chưa?,A1
be6gMVMz48c_sentence_454.wav,He received a lot of praise for what he did yesterday.,Anh ta nhận được rất nhiều lời khen ngợi cho những gì anh ta đã làm ngày hôm qua.,A2
be6gMVMz48c_sentence_466.wav,P. M.,P. M.,A1
be6gMVMz48c_sentence_468.wav,What time is it? It's 8 p.m. now.,Bây giờ là 8 giờ tối.,A2
be6gMVMz48c_sentence_469.wav,The evening class starts at 6 p.m. and ends at 9.30 p.m.,Lớp học buổi tối bắt đầu lúc 6 giờ chiều và kết thúc lúc 9 giờ 30 chiều.,A2
be6gMVMz48c_sentence_477.wav,My father surprise.,Cha tôi ngạc nhiên.,A1
be6gMVMz48c_sentence_486.wav,She sat down and crossed her legs.,Cô ngồi xuống và bắt chéo chân.,A2
be6gMVMz48c_sentence_488.wav,What happened to your leg?,Chân anh bị sao vậy?,A1
be6gMVMz48c_sentence_498.wav,Ease.,Nhẹ nhàng.,A1
be6gMVMz48c_sentence_501.wav,He solved the problem with ease.,Anh ta giải quyết vấn đề một cách dễ dàng.,A2
be6gMVMz48c_sentence_507.wav,There's almost nothing in the fridge.,Hầu như không có gì trong tủ lạnh.,A1
be6gMVMz48c_sentence_511.wav,It's almost time to go.,Sắp đến lúc đi rồi.,A1
be6gMVMz48c_sentence_512.wav,Own.,Của riêng.,A1
be6gMVMz48c_sentence_516.wav,I own this store.,Tôi sở hữu cửa hàng này.,A1
be6gMVMz48c_sentence_517.wav,I run my own business.,Tôi tự kinh doanh riêng.,A1
be6gMVMz48c_sentence_524.wav,You'd better lead the way.,Tốt hơn là anh nên dẫn đường.,A2
be6gMVMz48c_sentence_526.wav,Serve.,Phục vụ.,A1
be6gMVMz48c_sentence_532.wav,She served us a delicious lunch.,Cô ấy phục vụ bữa trưa rất ngon.,A2
be6gMVMz48c_sentence_546.wav,I suppose that's impossible.,Tôi cho rằng điều đó là không thể.,A1
cQU8U99fZnQ_sentence_003.wav,Horse.,Ngựa.,A1
cQU8U99fZnQ_sentence_004.wav,Can I ride this horse for a while?,Tôi cưỡi con ngựa này một lúc được không?,A1
cQU8U99fZnQ_sentence_005.wav,He lost a lot of money on the horses.,Anh ta mất rất nhiều tiền mua ngựa.,A2
cQU8U99fZnQ_sentence_025.wav,This service is temporarily unavailable.,Dịch vụ này tạm thời không sẵn sàng.,A2
cQU8U99fZnQ_sentence_041.wav,Elect.,Chọn.,A2
cQU8U99fZnQ_sentence_044.wav,He has a good chance of being elected.,Ông ta có cơ hội tốt để được bầu.,A2
cQU8U99fZnQ_sentence_063.wav,I'm in real estate.,Tôi làm trong ngành bất động sản.,A2
cQU8U99fZnQ_sentence_081.wav,Steep.,Có độ cay.,A2
cQU8U99fZnQ_sentence_087.wav,"Watch your step, the stairs are very steep.","Cẩn thận bước chân, cầu thang rất dốc.",A1
cQU8U99fZnQ_sentence_099.wav,He is an aggressive person.,Anh ta là một người hung hăng.,A1
cQU8U99fZnQ_sentence_103.wav,The children screamed in horror.,Bọn trẻ hét lên kinh hoàng.,A1
cQU8U99fZnQ_sentence_111.wav,Offensive.,Tấn công.,A2
cQU8U99fZnQ_sentence_115.wav,That's an offensive question.,Đó là một câu hỏi xúc phạm.,A2
cQU8U99fZnQ_sentence_124.wav,Blank.,Trống.,A1
cQU8U99fZnQ_sentence_139.wav,Sufficiently.,Bạn nên uống đủ nước.,A2
cQU8U99fZnQ_sentence_147.wav,Predict.,Dự đoán.,A1
cQU8U99fZnQ_sentence_148.wav,Nobody could predict the outcome.,Không ai có thể dự đoán được kết quả.,A2
cQU8U99fZnQ_sentence_167.wav,Silence in court may be equivalent to confession.,Im lặng trước toà có thể tương đương với thú tội.,B1
cQU8U99fZnQ_sentence_182.wav,Whisper,Thì thầm,A1
cQU8U99fZnQ_sentence_187.wav,"I'll be right back, she whispered.","Mình sẽ quay lại ngay, cô ấy thì thầm.",A2
cQU8U99fZnQ_sentence_191.wav,What did she whisper to you?,Cô ta thì thầm gì với anh?,A1
cQU8U99fZnQ_sentence_192.wav,I heard whispers downstairs.,Tôi nghe tiếng thì thầm dưới nhà.,A1
cQU8U99fZnQ_sentence_225.wav,Collapse.,Sụp đổ.,A1
cQU8U99fZnQ_sentence_235.wav,The church roof is in danger of collapse.,Mái nhà thờ có nguy cơ sụp đổ.,A2
cQU8U99fZnQ_sentence_236.wav,decay.,Bạn có thể dùng các sản phẩm này để làm sạch các vết bẩn trên thảm.,A2
cQU8U99fZnQ_sentence_244.wav,The dentist pulled out his decayed tooth.,Vị nha sĩ nhổ chiếc răng sâu của mình ra.,A2
cQU8U99fZnQ_sentence_254.wav,They are at my heels all the time.,Họ luôn theo sát tôi.,A2
cQU8U99fZnQ_sentence_267.wav,Aggressive.,Hung hăng.,A2
cQU8U99fZnQ_sentence_280.wav,Are you trying to ruin my reputation?,Anh đang cố huỷ hoại danh tiếng của tôi à?,A2
cQU8U99fZnQ_sentence_282.wav,He has a good reputation and is totally trustworthy.,Anh ấy có tiếng tăm tốt và hoàn toàn đáng tin cậy.,A2
cQU8U99fZnQ_sentence_314.wav,Your inner beauty never needs makeup.,Vẻ đẹp bên trong của bạn không bao giờ cần phải trang điểm.,A2
cQU8U99fZnQ_sentence_317.wav,On to,Tới,A1
cQU8U99fZnQ_sentence_318.wav,Climb onto the roof.,Leo lên mái nhà.,A1
cQU8U99fZnQ_sentence_319.wav,We got onto the plane.,Chúng tôi lên máy bay.,A1
cQU8U99fZnQ_sentence_331.wav,Make sure that the temperature is sufficiently cold.,Đảm bảo nhiệt độ phải đủ lạnh.,A2
cQU8U99fZnQ_sentence_339.wav,Sign your name in the blank space at the bottom of the form.,Ký tên vào khoảng trống ở cuối biểu mẫu.,A2
cQU8U99fZnQ_sentence_340.wav,Her mind went blank.,Đầu óc cô ấy trống rỗng.,A2
cQU8U99fZnQ_sentence_370.wav,He deserves a promotion.,Anh ta xứng đáng được thăng chức.,A1
cQU8U99fZnQ_sentence_376.wav,I wonder when this building was constructed.,Tôi tự hỏi tòa nhà này được xây dựng từ khi nào.,A2
cQU8U99fZnQ_sentence_388.wav,Tour.,Tour.,A2
cQU8U99fZnQ_sentence_390.wav,How much is the tour?,Chuyến lưu diễn giá bao nhiêu?,A1
cQU8U99fZnQ_sentence_391.wav,Do you have one-day tours?,Anh có tour một ngày không?,A1
cQU8U99fZnQ_sentence_407.wav,Tightly.,Giữ chặt.,A1
cQU8U99fZnQ_sentence_411.wav,The luggage was secured tightly to the top of the car.,Hành lý được buộc chặt vào nóc xe.,A2
cQU8U99fZnQ_sentence_415.wav,November.,Tháng mười một.,A1
cQU8U99fZnQ_sentence_416.wav,He was born in November.,Ông sinh vào tháng 11.,A2
cQU8U99fZnQ_sentence_419.wav,I plan to go abroad in November.,Tôi dự định ra nước ngoài vào tháng 11.,A1
cQU8U99fZnQ_sentence_452.wav,He seems to enjoy watching horror movies.,Anh ta có vẻ thích xem phim kinh dị.,A1
cQU8U99fZnQ_sentence_454.wav,Scene,Cảnh,A1
cQU8U99fZnQ_sentence_461.wav,What a beautiful scene.,Cảnh tượng đẹp quá.,A1
cQU8U99fZnQ_sentence_464.wav,Her job is restoring old paintings.,Công việc của cô ấy là khôi phục lại những bức tranh cũ.,A2
cQU8U99fZnQ_sentence_470.wav,Muck.,Muck.,A2
cQU8U99fZnQ_sentence_474.wav,I have a pain in my neck.,Tôi bị đau cổ.,A1
cQU8U99fZnQ_sentence_481.wav,He was the chief of the village.,Ông ấy là trưởng làng.,A2
cQU8U99fZnQ_sentence_504.wav,Football.,Bóng đá.,A1
cQU8U99fZnQ_sentence_509.wav,He prefers football to volleyball.,Anh ấy thích bóng đá hơn bóng chuyền.,A2
cQU8U99fZnQ_sentence_512.wav,Proportion.,Tỷ lệ.,A2
cQU8U99fZnQ_sentence_527.wav,He is qualified to be the leader.,Anh ta đủ tiêu chuẩn làm lãnh đạo.,A2
cQU8U99fZnQ_sentence_537.wav,"If you prefer a room closer to the convention center, please contact us.","Nếu bạn muốn một phòng gần trung tâm hội nghị, xin hãy liên hệ với chúng tôi.",A2
cQU8U99fZnQ_sentence_543.wav,Disapprove.,Không chấp nhận.,A1
cQU8U99fZnQ_sentence_545.wav,I disapprove of what you say.,Tôi không đồng ý với những gì anh nói.,A2
cQU8U99fZnQ_sentence_549.wav,Do you approve or disapprove of my project?,Anh có đồng ý hay không với dự án của tôi?,A2
cQU8U99fZnQ_sentence_559.wav,Development.,Sự phát triển.,A2
cQU8U99fZnQ_sentence_562.wav,Development,Phát triển,A2
cQU8U99fZnQ_sentence_565.wav,Use your free time for self-development.,Sử dụng thời gian rảnh để phát triển bản thân.,A2
cQU8U99fZnQ_sentence_566.wav,He contributed to the development to the city.,Ông đã đóng góp vào sự phát triển của thành phố.,B1
cQU8U99fZnQ_sentence_591.wav,Grave,Grave,A1
cQU8U99fZnQ_sentence_629.wav,Mate.,Mate.,A1
cQU8U99fZnQ_sentence_649.wav,The key to success is hard work and determination.,Chìa khóa thành công là làm việc chăm chỉ và quyết tâm.,A2
cQU8U99fZnQ_sentence_651.wav,Historical,Lịch sử,A2
cQU8U99fZnQ_sentence_655.wav,What's your favorite historical movie?,Phim lịch sử yêu thích của bạn là gì?,A1
cQU8U99fZnQ_sentence_658.wav,I spent all weekend reading a historical novel.,Tôi dành cả cuối tuần để đọc một cuốn tiểu thuyết lịch sử.,A2
cQU8U99fZnQ_sentence_662.wav,"accident, but now he's fully restored.","Tai nạn, nhưng giờ anh ta đã hồi phục hoàn toàn.",A2
cQU8U99fZnQ_sentence_720.wav,They have elected him chairman.,Họ đã bầu ông ta làm chủ tịch.,A2
cQU8U99fZnQ_sentence_774.wav,He owns a large estate in New York.,Ông ta sở hữu một bất động sản lớn ở New York.,A2
cQU8U99fZnQ_sentence_784.wav,They're constructing a bridge over the river.,Họ đang xây một cây cầu bắc qua sông.,A1
cQU8U99fZnQ_sentence_796.wav,Don't bother,Đừng bận tâm,A1
cQU8U99fZnQ_sentence_797.wav,We went to the cemetery to visit my aunt's grave.,Chúng tôi đến nghĩa trang để thăm mộ của dì tôi.,A2
cQU8U99fZnQ_sentence_817.wav,He told deliberate lies.,Hắn cố tình nói dối.,A2
cQU8U99fZnQ_sentence_827.wav,Make exercise a part of your daily routine.,Hãy biến việc tập thể dục thành một phần trong thói quen hằng ngày của bạn.,A2
cQU8U99fZnQ_sentence_882.wav,Equivalent,Tương đương,A2
cQU8U99fZnQ_sentence_886.wav,Eight kilometers is roughly equivalent to five miles.,8 km tương đương với 5 dặm.,A2
cQU8U99fZnQ_sentence_909.wav,Shaped.,Hình.,A2
cizzwQ1_EDM_sentence_040.wav,We must accept this inevitable fact.,Chúng ta phải chấp nhận sự thật không thể tránh khỏi này.,A2
cizzwQ1_EDM_sentence_057.wav,Rock.,Đá.,A1
cizzwQ1_EDM_sentence_072.wav,She was known under various names.,Bà được biết đến dưới nhiều tên khác nhau.,A2
cizzwQ1_EDM_sentence_078.wav,Church.,Nhà thờ.,A1
cizzwQ1_EDM_sentence_086.wav,Confirm.,Xác nhận.,A1
cizzwQ1_EDM_sentence_088.wav,Can you confirm that?,Anh có thể xác nhận điều đó không?,A1
cizzwQ1_EDM_sentence_094.wav,He is trying to confirm his power.,Hắn đang cố xác nhận sức mạnh của mình.,A2
cizzwQ1_EDM_sentence_107.wav,Don't ride your bicycle on the pavement. His bicycle is in rusty condition.,"Đừng đạp xe trên vỉa hè, xe của anh ta đang bị gỉ.",A2
cizzwQ1_EDM_sentence_108.wav,"Bicycle, bike.","Xe đạp, xe đạp.",A1
cizzwQ1_EDM_sentence_110.wav,I go to work by bicycle.,Tôi đi làm bằng xe đạp.,A1
cizzwQ1_EDM_sentence_120.wav,She has a strong will.,Cô ấy có ý chí mạnh mẽ.,A1
cizzwQ1_EDM_sentence_139.wav,Engineer,Kỹ sư,A2
cizzwQ1_EDM_sentence_165.wav,She helped her daughter get dressed.,Cô ấy giúp con gái mặc đồ.,A1
cizzwQ1_EDM_sentence_180.wav,Do you know her? Sing.,Anh biết cô ta không? Hát đi.,A1
cizzwQ1_EDM_sentence_209.wav,She cannot come because she's sick.,Cô ấy không thể đến vì bị bệnh.,A1
cizzwQ1_EDM_sentence_210.wav,He has been sick for a week.,Anh ấy đã bị ốm một tuần.,A1
cizzwQ1_EDM_sentence_211.wav,I'm sick of hearing it.,Tôi phát ốm vì nghe nó rồi.,A1
cizzwQ1_EDM_sentence_221.wav,I need to work out more regularly.,Tôi cần tập thể dục thường xuyên hơn.,A1
cizzwQ1_EDM_sentence_222.wav,I go there quite regularly.,Tôi đến đó khá thường xuyên.,A2
cizzwQ1_EDM_sentence_227.wav,I play tennis an hour a day.,Tôi chơi tennis một giờ một ngày.,A1
cizzwQ1_EDM_sentence_229.wav,She quiet.,Cô im lặng.,A1
cizzwQ1_EDM_sentence_235.wav,Why is it so quiet here?,Sao ở đây yên tĩnh vậy?,A1
cizzwQ1_EDM_sentence_254.wav,She's trying to save their marriage.,Cô ấy đang cố cứu vãn cuộc hôn nhân của họ.,A2
cizzwQ1_EDM_sentence_261.wav,Save me some ice cream.,Để dành cho tôi ít kem.,A1
cizzwQ1_EDM_sentence_269.wav,It seems that you don't understand the question.,Có vẻ như anh không hiểu câu hỏi.,A2
cizzwQ1_EDM_sentence_282.wav,"You're joking, right?","Anh đang đùa, phải không?",A2
cizzwQ1_EDM_sentence_283.wav,General,Chung,A1
cizzwQ1_EDM_sentence_306.wav,I agree with you to some extent.,Tôi đồng ý với anh ở một mức độ nào đó.,A2
cizzwQ1_EDM_sentence_307.wav,I like some more coffee.,Tôi muốn uống thêm cà phê.,A1
cizzwQ1_EDM_sentence_309.wav,I will show you some pictures.,Tôi sẽ cho bạn xem một số bức ảnh.,A1
cizzwQ1_EDM_sentence_319.wav,It's just my personal opinion.,Chỉ là ý kiến cá nhân của tôi thôi.,A2
cizzwQ1_EDM_sentence_337.wav,I was born and raised in Vietnam.,Tôi sinh ra và lớn lên ở Việt Nam.,A2
cizzwQ1_EDM_sentence_345.wav,Offer.,Đề nghị.,A1
cizzwQ1_EDM_sentence_348.wav,I'd like to offer you a job.,Tôi muốn đề nghị anh một công việc.,A1
cizzwQ1_EDM_sentence_349.wav,Offer,Đề nghị,A1
cizzwQ1_EDM_sentence_354.wav,He accepted our offer.,Anh ta chấp nhận đề nghị của chúng ta.,A1
cizzwQ1_EDM_sentence_360.wav,I can't read your writing.,Tôi không đọc được chữ viết của anh.,A1
cizzwQ1_EDM_sentence_362.wav,I'm trying to read the map.,Tôi đang cố đọc bản đồ.,A1
cizzwQ1_EDM_sentence_414.wav,Greatest motivating factor in my life.,Động lực lớn nhất trong đời tôi.,A2
cizzwQ1_EDM_sentence_417.wav,Attention.,Chú ý.,A1
cizzwQ1_EDM_sentence_453.wav,Smoking can seriously damage your health.,Hút thuốc lá có thể gây tổn hại nghiêm trọng cho sức khoẻ.,A2
cizzwQ1_EDM_sentence_479.wav,She gently rocked the baby to sleep.,Cô nhẹ nhàng lắc đứa bé để nó ngủ.,A2
cizzwQ1_EDM_sentence_482.wav,My father is a police officer.,Cha tôi là một sĩ quan cảnh sát.,A1
cizzwQ1_EDM_sentence_490.wav,Things got incredibly complicated.,Mọi thứ trở nên vô cùng phức tạp.,A2
cizzwQ1_EDM_sentence_509.wav,I think it's time for me to retire.,Tôi nghĩ đã đến lúc tôi nghỉ hưu.,A2
cizzwQ1_EDM_sentence_519.wav,Who is the owner of this property?,Ai là chủ sở hữu của tài sản này?,A2
cizzwQ1_EDM_sentence_525.wav,"Keep out, this is private property.","Tránh ra, đây là tài sản riêng.",A1
cizzwQ1_EDM_sentence_526.wav,Who is the owner health?,Ai là sức khoẻ chủ?,A2
cizzwQ1_EDM_sentence_527.wav,Fast food is not good for your health.,Thức ăn nhanh không tốt cho sức khoẻ.,A2
cizzwQ1_EDM_sentence_591.wav,Well pleased.,Rất hài lòng.,A1
cizzwQ1_EDM_sentence_599.wav,Lake.,Hồ.,A1
cizzwQ1_EDM_sentence_601.wav,This is the most beautiful lake that I have ever seen.,Đây là hồ đẹp nhất mà tôi từng thấy.,A1
cizzwQ1_EDM_sentence_605.wav,We finally arrived at the lake.,Cuối cùng chúng tôi cũng tới được cái hồ.,A2
cizzwQ1_EDM_sentence_612.wav,I didn't see the stop sign.,Tôi không thấy biển báo dừng.,A2
cizzwQ1_EDM_sentence_617.wav,Sunday.,Chủ nhật.,A1
cizzwQ1_EDM_sentence_618.wav,Today is Sunday.,Hôm nay là Chủ nhật.,A1
cizzwQ1_EDM_sentence_619.wav,It has been raining since Sunday.,Trời đã mưa từ Chủ nhật.,A2
cizzwQ1_EDM_sentence_620.wav,What do you do on Sunday?,Chủ nhật anh làm gì?,A1
cizzwQ1_EDM_sentence_621.wav,Today own.,Hôm nay sở hữu.,A2
cizzwQ1_EDM_sentence_627.wav,Everyone has their own problems.,Mỗi người đều có vấn đề riêng.,A1
cizzwQ1_EDM_sentence_663.wav,I can feel the heat of the sun on my back.,Tôi có thể cảm nhận sức nóng mặt trời trên lưng.,A2
cizzwQ1_EDM_sentence_683.wav,Don't take it seriously.,Đừng nghiêm trọng hóa vấn đề.,A1
cizzwQ1_EDM_sentence_687.wav,I'm seriously thinking about deleting my Facebook account.,Tôi đang nghiêm túc suy nghĩ về việc xoá tài khoản Facebook của tôi.,A2
cizzwQ1_EDM_sentence_689.wav,In,Vào,A2
cizzwQ1_EDM_sentence_692.wav,Can you pay me in advance?,Anh trả trước cho tôi được không?,A2
cizzwQ1_EDM_sentence_697.wav,Probably.,Có thể.,A1
cizzwQ1_EDM_sentence_708.wav,We have a small vegetable garden.,Chúng tôi có một vườn rau nhỏ.,A1
cizzwQ1_EDM_sentence_710.wav,What's your favorite vegetable?,Loại rau củ yêu thích của bạn là gì?,A1
cizzwQ1_EDM_sentence_719.wav,"Sit down, please.","Mời ngồi, xin mời.",A1
cizzwQ1_EDM_sentence_720.wav,Bye. He'll finish the job by tomorrow.,"Tạm biệt, ngày mai anh ấy sẽ hoàn thành công việc.",A2
cizzwQ1_EDM_sentence_722.wav,Did he come by bus or by train?,Anh ta đến bằng xe buýt hay tàu hoả?,A2
cizzwQ1_EDM_sentence_723.wav,He'll finish the job by tomorrow.,Ngày mai anh ta sẽ hoàn thành công việc.,A2
cizzwQ1_EDM_sentence_726.wav,Mary is respected by everyone.,Mary được mọi người tôn trọng.,A2
cizzwQ1_EDM_sentence_738.wav,Alive,Còn sống,A1
cizzwQ1_EDM_sentence_743.wav,Is your grandmother still alive?,Bà của anh còn sống không?,A1
cizzwQ1_EDM_sentence_764.wav,Some people go to church every Sunday.,Một số người đi nhà thờ mỗi Chủ nhật.,A1
cizzwQ1_EDM_sentence_768.wav,Officer,Sĩ quan,A1
cizzwQ1_EDM_sentence_771.wav,He is an army officer.,Anh ta là một sĩ quan quân đội.,A2
cizzwQ1_EDM_sentence_773.wav,Will.,Will.,A1
cizzwQ1_EDM_sentence_775.wav,Who will take care of the baby?,Ai sẽ chăm sóc đứa bé?,A2
cizzwQ1_EDM_sentence_787.wav,My father will retire next year.,Cha tôi sẽ nghỉ hưu vào năm tới.,A2
cizzwQ1_EDM_sentence_796.wav,I'm pleased to meet you all.,Rất vui được gặp tất cả các bạn.,A2
cizzwQ1_EDM_sentence_807.wav,Headaches could be a sign of stress.,Đau đầu có thể là dấu hiệu của căng thẳng.,A2
cizzwQ1_EDM_sentence_811.wav,Let's share the expenses.,Hãy chia sẻ chi phí.,A1
cizzwQ1_EDM_sentence_824.wav,Make yourself at home.,Cứ tự nhiên như ở nhà.,A1
cizzwQ1_EDM_sentence_829.wav,This sentence doesn't make sense.,Câu này không có nghĩa.,A2
cizzwQ1_EDM_sentence_831.wav,Tendency,Xu hướng,A2
cizzwQ1_EDM_sentence_853.wav,Century,Thế kỷ,A2
cizzwQ1_EDM_sentence_859.wav,A century ago most people walked to work.,Một thế kỷ trước hầu hết mọi người đi bộ đến chỗ làm.,A2
cizzwQ1_EDM_sentence_869.wav,He is crazy.,Anh ta điên rồi.,A1
cizzwQ1_EDM_sentence_880.wav,That noise is driving me crazy.,Tiếng ồn đó làm tôi phát điên.,A1
cizzwQ1_EDM_sentence_885.wav,I assume you know why I'm here.,Tôi cho là anh biết lý do tôi ở đây.,A2
cizzwQ1_EDM_sentence_889.wav,I assume you've read my report.,Tôi cho là anh đã đọc báo cáo của tôi.,A2
cizzwQ1_EDM_sentence_891.wav,Hospital,Bệnh viện,A1
cizzwQ1_EDM_sentence_901.wav,I met him by chance.,Tôi tình cờ gặp anh ta.,A2
cizzwQ1_EDM_sentence_902.wav,I gave her a chance to answer.,Tôi cho cô ấy cơ hội để trả lời.,A2
cizzwQ1_EDM_sentence_916.wav,The moon emerged from behind the cloud.,Mặt trăng nhô lên từ sau đám mây.,A2
cizzwQ1_EDM_sentence_918.wav,Would you like some orange juice?,Anh muốn uống nước cam không?,A1
cizzwQ1_EDM_sentence_919.wav,There is an orange on the table.,Có một quả cam trên bàn.,A1
cizzwQ1_EDM_sentence_935.wav,First we need to identify actual and potential problems.,Đầu tiên chúng ta cần xác định các vấn đề thực tế và tiềm ẩn.,A2
cizzwQ1_EDM_sentence_936.wav,Potential,Tiềm năng,A2
cizzwQ1_EDM_sentence_996.wav,I'm going out for a while.,Tôi sẽ ra ngoài một thời gian.,A1
cuyLLQWtT9s_sentence_016.wav,Don't interrupt me while I'm talking.,Đừng ngắt lời khi tôi đang nói.,A1
cuyLLQWtT9s_sentence_033.wav,Damage.,Thiệt hại.,A1
cuyLLQWtT9s_sentence_083.wav,That was a rude expression.,Đó là một biểu hiện thô lỗ.,A2
cuyLLQWtT9s_sentence_084.wav,I was confused by the expression on her face.,Tôi bối rối trước biểu hiện trên mặt cô.,A2
cuyLLQWtT9s_sentence_105.wav,My job involves a lot of traveling.,Công việc của tôi liên quan đến việc đi lại nhiều.,A2
cuyLLQWtT9s_sentence_131.wav,Press.,Nhấn.,A2
d2HRQKhrSs0_sentence_040.wav,It is a dangerous aggressive dog.,Nó là một con chó hung hăng nguy hiểm.,A2
d2HRQKhrSs0_sentence_062.wav,The bills keep piling up.,Hoá đơn cứ chất đống lên.,A2
d2HRQKhrSs0_sentence_096.wav,Exclude.,Loại trừ.,A2
d2HRQKhrSs0_sentence_097.wav,He was excluded from the team.,Anh bị loại khỏi đội.,A2
d2HRQKhrSs0_sentence_109.wav,He gave a hollow laugh.,Ông cười rỗng tuếch.,A2
d2HRQKhrSs0_sentence_137.wav,Pronounce.,Phát âm.,A1
d2HRQKhrSs0_sentence_139.wav,How do you pronounce this word?,Bạn phát âm từ này như thế nào?,A2
d2HRQKhrSs0_sentence_142.wav,Very few people can pronounce my name correctly.,Rất ít người có thể phát âm đúng tên tôi.,A2
d2HRQKhrSs0_sentence_147.wav,This word is difficult to pronounce.,Từ này rất khó phát âm.,A2
d2HRQKhrSs0_sentence_153.wav,There's nothing out of the ordinary.,Không có gì bất thường cả.,A2
d2HRQKhrSs0_sentence_186.wav,These cookies are star-shaped.,Những chiếc bánh quy này có hình ngôi sao.,A1
d2HRQKhrSs0_sentence_187.wav,It's an L-shaped room.,Đó là một căn phòng hình chữ L.,A1
d2HRQKhrSs0_sentence_220.wav,Why are you so pale today?,Sao hôm nay mày xanh xao thế?,A1
d2HRQKhrSs0_sentence_233.wav,Failure will never overtake me if my determination to succeed is strong enough.,Thất bại sẽ không bao giờ vượt qua tôi nếu quyết tâm thành công của tôi đủ mạnh.,B1
d2HRQKhrSs0_sentence_249.wav,I could sense the tense atmosphere in the room.,Tôi có thể cảm nhận được bầu không khí căng thẳng trong phòng.,A2
d2HRQKhrSs0_sentence_303.wav,December,Tháng mười hai,A2
d2HRQKhrSs0_sentence_304.wav,December is the last month of the year.,Tháng 12 là tháng cuối cùng của năm.,A2
d2HRQKhrSs0_sentence_305.wav,He was born in December.,Ông sinh vào tháng 12.,A2
d2HRQKhrSs0_sentence_306.wav,She died on a cold night in December.,Bà qua đời vào một đêm lạnh lẽo vào tháng 12.,A2
d2HRQKhrSs0_sentence_307.wav,Sync.,Đồng bộ.,A1
d2HRQKhrSs0_sentence_313.wav,The ship is sinking.,Con tàu đang chìm.,A1
d2HRQKhrSs0_sentence_338.wav,Laboratory. Lab.,Phòng thí nghiệm. Phòng thí nghiệm.,A1
d2HRQKhrSs0_sentence_344.wav,There was an explosion in the lab.,Có một vụ nổ trong phòng thí nghiệm.,A1
d2HRQKhrSs0_sentence_345.wav,Sweat.,Mồ hôi.,A1
d2HRQKhrSs0_sentence_346.wav,She wiped the sweat from her face.,Cô lau mồ hôi trên mặt.,A2
d2HRQKhrSs0_sentence_355.wav,Don't sweat the small stuff.,Đừng lo lắng về những điều nhỏ nhặt.,A1
d2HRQKhrSs0_sentence_367.wav,There's a part.,Có một phần.,A1
d2HRQKhrSs0_sentence_368.wav,He lives apart from his family.,Anh sống xa gia đình.,A2
d2HRQKhrSs0_sentence_383.wav,fan.,Quạt.,A2
d2HRQKhrSs0_sentence_389.wav,Hundreds of fans are waiting for the singer.,Hàng trăm người hâm mộ đang chờ đợi nữ ca sĩ.,A2
d2HRQKhrSs0_sentence_390.wav,"It was hot, so I turned on the fan.",Trời nóng quá nên tôi bật quạt lên.,A2
d2HRQKhrSs0_sentence_401.wav,They set up a fund to support the victims.,Họ lập một quỹ để hỗ trợ các nạn nhân.,A2
d2HRQKhrSs0_sentence_446.wav,Unfriendly.,Không thân thiện.,A2
d2HRQKhrSs0_sentence_447.wav,They were very unfriendly to me.,Họ rất không thân thiện với tôi.,A2
d2HRQKhrSs0_sentence_450.wav,He had an unfriendly attitude.,Anh ta có thái độ không thân thiện.,A2
d2HRQKhrSs0_sentence_452.wav,My father is a taxi driver.,Cha tôi là một tài xế taxi.,A1
d2HRQKhrSs0_sentence_454.wav,Could you please call me a taxi?,Anh gọi taxi cho tôi được không?,A1
d2HRQKhrSs0_sentence_455.wav,April.,Tháng Tư.,A1
d2HRQKhrSs0_sentence_456.wav,She was born in April.,Cô sinh vào tháng Tư.,A2
d2HRQKhrSs0_sentence_457.wav,I'm looking for typical.,Tôi đang tìm một người điển hình.,A2
d2HRQKhrSs0_sentence_488.wav,He interpreted my silence as consent.,Ông ấy hiểu sự im lặng của tôi là sự đồng ý.,B1
d2HRQKhrSs0_sentence_530.wav,You are digging your own grave.,Anh đang tự đào huyệt cho mình.,A1
d2HRQKhrSs0_sentence_588.wav,She seems really annoyed.,Cô ấy có vẻ rất khó chịu.,A1
d2HRQKhrSs0_sentence_611.wav,The two t affection.,Hai t tình cảm.,A2
d2HRQKhrSs0_sentence_613.wav,He has a deep affection for her.,Anh có tình cảm sâu sắc với cô.,A2
d2HRQKhrSs0_sentence_649.wav,Don't exclude your little sister from the party.,Đừng loại em gái ra khỏi bữa tiệc.,A2
d2HRQKhrSs0_sentence_655.wav,The prices on the menu exclude tax.,Giá trên thực đơn không bao gồm thuế.,A2
d2HRQKhrSs0_sentence_671.wav,Columbus discovered America in 1492.,Columbus khám phá ra châu Mỹ vào năm 1492.,A2
d2HRQKhrSs0_sentence_695.wav,"He was badly injured in the accident, but now he's fully restored.","Anh ấy bị thương nặng trong tai nạn, nhưng giờ anh ấy đã hồi phục hoàn toàn.",A2
d2HRQKhrSs0_sentence_718.wav,There is a friendly atmosphere in the office.,Văn phòng có bầu không khí thân thiện.,A2
d2HRQKhrSs0_sentence_766.wav,Ordinary.,Bình thường.,A2
d2HRQKhrSs0_sentence_777.wav,I have a great affection for Paris.,Tôi có một tình cảm rất lớn với Paris.,A2
d2HRQKhrSs0_sentence_799.wav,He works in a laboratory.,Anh ta làm việc trong phòng thí nghiệm.,A2
d2HRQKhrSs0_sentence_805.wav,The new drug will be tested in this laboratory.,Loại thuốc mới sẽ được thử nghiệm trong phòng thí nghiệm này.,A2
d2HRQKhrSs0_sentence_834.wav,I'm not qualified to do that.,Tôi không đủ tư cách để làm điều đó.,A2
d2HRQKhrSs0_sentence_849.wav,We discovered that our luggage had been stolen.,Chúng tôi phát hiện ra hành lý của mình đã bị đánh cắp.,A2
d2HRQKhrSs0_sentence_856.wav,You get paid in proportion to the amount of work you do.,Bạn được trả lương tương ứng với khối lượng công việc bạn làm.,A2
d2HRQKhrSs0_sentence_857.wav,The garage is not in proportion to the house.,Gara không tương xứng với ngôi nhà.,A2
d2HRQKhrSs0_sentence_904.wav,Gradual,Từ từ,A1
d2HRQKhrSs0_sentence_908.wav,We noticed a gradual change in temperature.,Chúng tôi nhận thấy sự thay đổi nhiệt độ dần dần.,A2
d2HRQKhrSs0_sentence_911.wav,Excellence is the gradual result of always striving to do better.,Sự xuất sắc là kết quả dần dần của việc luôn phấn đấu để làm tốt hơn.,B1
d2HRQKhrSs0_sentence_913.wav,This tea is too sweet.,Trà này ngọt quá.,A1
d448ERf2gJk_sentence_022.wav,Doctor.,Bác sĩ.,A1
d448ERf2gJk_sentence_028.wav,He plays drums very well.,Anh ấy chơi trống rất giỏi.,A2
d448ERf2gJk_sentence_069.wav,Loan.,Cho vay.,A1
d448ERf2gJk_sentence_111.wav,It's characteristic of him to behave like that.,Hắn là loại người có tính cách như vậy.,A2
d448ERf2gJk_sentence_129.wav,Comedy,Hài kịch,A1
d448ERf2gJk_sentence_132.wav,Comedy and animation are my favorite types of film.,Hài kịch và hoạt hình là những thể loại phim yêu thích của tôi.,A2
d448ERf2gJk_sentence_145.wav,My head is spinning.,Đầu tôi quay mòng mòng.,A1
d448ERf2gJk_sentence_156.wav,Theatre,Rạp hát,A2
d448ERf2gJk_sentence_158.wav,There is a parking lot behind the theater.,Có một bãi đậu xe phía sau rạp hát.,A2
d448ERf2gJk_sentence_160.wav,Theater,Nhà hát,A1
d448ERf2gJk_sentence_170.wav,She is always very neatly dressed.,Cô ấy luôn ăn mặc gọn gàng.,A2
d448ERf2gJk_sentence_177.wav,My primary concern is your safety.,Mối quan tâm hàng đầu của tôi là sự an toàn của anh.,A2
d448ERf2gJk_sentence_181.wav,Bury She buried the box in the back garden.,Chôn cất Cô ấy chôn cái hộp ở khu vườn sau.,A1
d448ERf2gJk_sentence_184.wav,Barry.,Barry.,A1
d448ERf2gJk_sentence_185.wav,She buried the box in the back garden.,Bà chôn cái hộp ở khu vườn sau.,A2
d448ERf2gJk_sentence_187.wav,He was buried two days after he died.,Ông được chôn cất hai ngày sau khi qua đời.,A2
d448ERf2gJk_sentence_188.wav,I found my car keys buried under a pile of paper in my office. She buried the box in the back garden.,Tôi tìm thấy chìa khóa xe của mình vùi dưới một đống giấy tờ trong văn phòng. Cô ấy vùi cái hộp ở sân sau.,A2
d448ERf2gJk_sentence_190.wav,He was buried two days after he died. I found my car keys buried under a pile of paper in my office.,Ông được chôn cất hai ngày sau khi mất. Tôi tìm thấy chìa khóa xe của mình được chôn dưới một đống giấy tờ trong văn phòng.,A2
d448ERf2gJk_sentence_191.wav,Dust.,Bụi.,A1
d448ERf2gJk_sentence_196.wav,The floor was covered with dust.,Sàn nhà phủ đầy bụi.,A2
d448ERf2gJk_sentence_198.wav,He dusted the furniture.,Anh ta quét bụi đồ đạc.,A2
d448ERf2gJk_sentence_202.wav,combination.,"Nếu bạn không thể tìm thấy tên người dùng của mình, hãy nhấp vào tên của họ.",A2
d448ERf2gJk_sentence_203.wav,This color combination is stunningly effective.,Sự kết hợp màu sắc này rất hiệu quả.,A2
d448ERf2gJk_sentence_205.wav,Combination,Kết hợp,A1
d448ERf2gJk_sentence_210.wav,Bone,Xương,A1
d448ERf2gJk_sentence_213.wav,Phone.,Điện thoại.,A1
d448ERf2gJk_sentence_214.wav,The child was so thin that you could see his bones.,Đứa bé quá gầy đến nỗi bạn có thể nhìn thấy xương của nó.,A2
d448ERf2gJk_sentence_217.wav,His injuries included many broken bones.,Chấn thương của ông bao gồm nhiều xương gãy.,A2
d448ERf2gJk_sentence_218.wav,Informal.,Thông thường.,A1
d448ERf2gJk_sentence_220.wav,They got an informal warning.,Họ nhận được cảnh báo không chính thức.,A2
d448ERf2gJk_sentence_230.wav,Life is full of mysteries.,Cuộc sống đầy những bí ẩn.,A1
d448ERf2gJk_sentence_232.wav,Mystery,Sự bí ẩn,A1
d448ERf2gJk_sentence_236.wav,His identity remains a mystery.,Danh tính của hắn vẫn còn là một bí ẩn.,A2
d448ERf2gJk_sentence_248.wav,Flash.,Flash.,A1
d448ERf2gJk_sentence_257.wav,Please fasten your seat belt.,Xin hãy thắt dây an toàn.,A1
d448ERf2gJk_sentence_259.wav,Fasten.,Siết chặt.,A1
d448ERf2gJk_sentence_261.wav,She showed the passengers how to fasten their seat belts.,Cô chỉ cho hành khách cách thắt dây an toàn.,A2
d448ERf2gJk_sentence_264.wav,Reaction,Phản ứng,A1
d448ERf2gJk_sentence_266.wav,I wonder what her reaction will be.,Không biết phản ứng của cô ấy sẽ như thế nào.,A2
d448ERf2gJk_sentence_267.wav,Reaction.,Phản ứng.,A1
d448ERf2gJk_sentence_270.wav,What was his reaction to the news?,Phản ứng của anh ta với tin tức đó thế nào?,A2
d448ERf2gJk_sentence_281.wav,What's your role in the team?,Vai trò của bạn trong đội là gì?,A2
d448ERf2gJk_sentence_304.wav,V.,V.,A2
d448ERf2gJk_sentence_307.wav,How much is the annual membership fee?,Phí thành viên hàng năm là bao nhiêu?,A2
d448ERf2gJk_sentence_308.wav,Fee.,Phí.,A2
d448ERf2gJk_sentence_319.wav,I don't have much faith in his ability.,Tôi không tin tưởng nhiều vào khả năng của anh ta.,A2
d448ERf2gJk_sentence_325.wav,The bank loaned her$500.,Ngân hàng đã cho cô ấy vay 500 đô.,A2
d448ERf2gJk_sentence_336.wav,A green color is characteristic of that type of apple.,Màu xanh lá cây là đặc trưng của loại táo đó.,B1
d448ERf2gJk_sentence_368.wav,Relate.,Liên kết.,A1
d448ERf2gJk_sentence_380.wav,A company.,Một công ty.,A1
d448ERf2gJk_sentence_395.wav,Thorough.,Hoàn thiện.,A1
d448ERf2gJk_sentence_401.wav,A thorough investigation is now in progress.,Một cuộc điều tra kỹ lưỡng đang được tiến hành.,A2
d448ERf2gJk_sentence_422.wav,Breathe.,Hít thở.,A1
d448ERf2gJk_sentence_423.wav,She was breathing deeply.,Cô ấy đang thở sâu.,A1
d448ERf2gJk_sentence_429.wav,At least I'm still breathing. She was breathing deeply.,Ít nhất tôi vẫn còn thở. Cô ấy thở sâu.,A2
d448ERf2gJk_sentence_431.wav,At least I'm still breathing.,Ít nhất tôi vẫn còn thở.,A1
d448ERf2gJk_sentence_439.wav,We live in southern Vietnam.,Chúng tôi sống ở miền Nam Việt Nam.,A2
d448ERf2gJk_sentence_440.wav,Genuinely.,Thật sự.,A1
d448ERf2gJk_sentence_474.wav,It's a comedy movie.,Đó là một bộ phim hài.,A1
d448ERf2gJk_sentence_486.wav,Don't talk rubbish.,Đừng nói những điều vớ vẩn.,A1
d448ERf2gJk_sentence_505.wav,Characteristic.,Đặc trưng.,B1
d448ERf2gJk_sentence_559.wav,"The harder the battle, the sweeter the victory.","Trận chiến càng khó khăn, chiến thắng càng ngọt ngào.",B1
d448ERf2gJk_sentence_562.wav,What a wonderful victory.,Quả là một chiến thắng tuyệt vời.,A1
d448ERf2gJk_sentence_567.wav,Knitting,ĐanName,A1
d448ERf2gJk_sentence_573.wav,She is busy with her knitting.,Cô ấy đang bận đan len.,A1
d448ERf2gJk_sentence_574.wav,I learned knitting from my mom.,Tôi học đan từ mẹ.,A2
d448ERf2gJk_sentence_598.wav,Let's take a rest in the shade.,Hãy nghỉ ngơi trong bóng râm.,A1
d448ERf2gJk_sentence_601.wav,We sat in the shade of a big tree.,Chúng tôi ngồi dưới bóng một cái cây lớn.,A2
d448ERf2gJk_sentence_604.wav,Thank you for your kind assistance.,Cảm ơn sự giúp đỡ của anh.,A1
d448ERf2gJk_sentence_605.wav,I would appreciate any assistance you could offer.,Tôi sẽ rất cảm kích nếu anh có thể giúp.,A2
d448ERf2gJk_sentence_606.wav,Assistance,Hỗ trợ,A1
d448ERf2gJk_sentence_626.wav,What led you to this conclusion?,Điều gì đã dẫn ông đến kết luận này?,A2
d448ERf2gJk_sentence_639.wav,Neatly.,Phân bố gọn gàng.,A2
d448ERf2gJk_sentence_642.wav,Witness,Nhân chứng,A1
d448ERf2gJk_sentence_661.wav,Spin.,Quay.,A1
d448ERf2gJk_sentence_677.wav,I have never experienced such rude treatment.,Tôi chưa từng trải qua sự đối xử thô lỗ như vậy.,A2
d448ERf2gJk_sentence_690.wav,Period.,Chấm hết.,A2
d448ERf2gJk_sentence_692.wav,Ten years is really a long period of time.,10 năm là một khoảng thời gian dài.,A2
d448ERf2gJk_sentence_704.wav,Cooker.,Bếp.,A2
d448ERf2gJk_sentence_705.wav,There is a cooker in the kitchen.,Có một cái bếp trong bếp.,A1
d448ERf2gJk_sentence_711.wav,My mom bought a new electric cooker.,Mẹ tôi mua một cái bếp điện mới.,A1
d448ERf2gJk_sentence_728.wav,Tension.,Căng thẳng.,A1
d448ERf2gJk_sentence_736.wav,Rural,Nông thôn,A2
d448ERf2gJk_sentence_738.wav,This area is still very rural.,Khu vực này vẫn còn rất nông thôn.,A2
d448ERf2gJk_sentence_747.wav,Abandoned.,Bị bỏ rơi.,A2
d448ERf2gJk_sentence_756.wav,Planet.,Hành tinh.,A1
d448ERf2gJk_sentence_772.wav,What's the exchange rate?,Tỷ giá là bao nhiêu?,A2
d448ERf2gJk_sentence_779.wav,Strict.,Nghiêm khắc.,A1
d448ERf2gJk_sentence_781.wav,You have to go on a strict diet to lose weight.,Bạn phải có một chế độ ăn kiêng nghiêm ngặt để giảm cân.,A2
d448ERf2gJk_sentence_787.wav,Ideally.,Lý tưởng nhất.,A2
d448ERf2gJk_sentence_808.wav,Let's meet in front of the theater.,Hãy gặp nhau trước rạp hát.,A1
d448ERf2gJk_sentence_810.wav,Are there any movie theaters near here?,Có rạp chiếu phim nào gần đây không?,A1
d448ERf2gJk_sentence_819.wav,Make sure that you are a good role model for your child.,Đảm bảo rằng bạn là một tấm gương tốt cho con.,A2
d448ERf2gJk_sentence_831.wav,I came to the conclusion that I had been deceived.,Tôi đi đến kết luận rằng tôi đã bị lừa dối.,A2
d448ERf2gJk_sentence_840.wav,We need to dust the desk.,Chúng ta cần lau bụi bàn.,A1
d448ERf2gJk_sentence_851.wav,Don't you think that's a good combination?,Anh không nghĩ đó là một sự kết hợp tốt sao?,A2
d448ERf2gJk_sentence_859.wav,Meatly.,Thịt.,A2
d448ERf2gJk_sentence_863.wav,I think what he says is absolute rubbish.,Tôi nghĩ những gì anh ta nói là hoàn toàn vớ vẩn.,A2
d448ERf2gJk_sentence_866.wav,Rubbish.,Rác rưởi.,A1
d448ERf2gJk_sentence_887.wav,Loan,Cho vay,A1
d448ERf2gJk_sentence_905.wav,adequately.,"( 1) "" I'm sorry, I'm sorry.",A2
d448ERf2gJk_sentence_908.wav,Rough.,Thô bạo.,A1
d448ERf2gJk_sentence_924.wav,"The atmosphere is relaxed, informal and friendly.","Bầu không khí thoải mái, thân thiện và thân thiện.",A2
d448ERf2gJk_sentence_929.wav,It's only an informal meeting.,Chỉ là một cuộc họp không chính thức.,A2
d448ERf2gJk_sentence_959.wav,It's an easy victory.,Đó là một chiến thắng dễ dàng.,A1
d448ERf2gJk_sentence_970.wav,Where's my knitting?,Đồ đan của tôi đâu?,A1
d448ERf2gJk_sentence_977.wav,He thinks being a father is easy. What planet is he on?,Anh ta nghĩ làm bố thì dễ dàng.,A2
dOKwbK4u5zo_sentence_000.wav,Therefore,Vì vậy,A1
dOKwbK4u5zo_sentence_001.wav,"I got there really early, therefore I was first in line.","Tôi đến đó rất sớm, nên tôi là người đầu tiên trong hàng.",A2
dOKwbK4u5zo_sentence_003.wav,Ankle,Mắt cá chân,A2
dOKwbK4u5zo_sentence_004.wav,He has a broken ankle.,Anh ta bị gãy mắt cá chân.,A1
dOKwbK4u5zo_sentence_008.wav,I slipped and twisted my ankle.,Tôi trượt chân và bị trật mắt cá chân.,A2
dOKwbK4u5zo_sentence_018.wav,It's been a pleasure chatting with you.,Rất vui được nói chuyện với anh.,A2
dOKwbK4u5zo_sentence_020.wav,Why don't you come in for a cup of coffee and a chat?,Sao anh không vào uống cà phê và tán gẫu?,A1
dOKwbK4u5zo_sentence_023.wav,That man is a journalist.,Người đó là một nhà báo.,A1
dOKwbK4u5zo_sentence_029.wav,I want to be a journalist.,Tôi muốn trở thành một nhà báo.,A1
dOKwbK4u5zo_sentence_030.wav,Repeated.,Lặp lại.,A2
dOKwbK4u5zo_sentence_037.wav,He was repeated absences from work.,Ông đã bị vắng mặt nhiều lần từ công việc.,A2
dOKwbK4u5zo_sentence_045.wav,He recorded his observations in a notebook.,Ông ghi lại các quan sát của mình trong một cuốn sổ tay.,A2
dOKwbK4u5zo_sentence_052.wav,The damage cannot be undone.,Thiệt hại không thể được khắc phục.,A2
dOKwbK4u5zo_sentence_057.wav,Appeal,Kêu gọi,A1
dOKwbK4u5zo_sentence_058.wav,His idea doesn't appeal to me very much.,Ý tưởng của ông ấy không hấp dẫn tôi lắm.,A2
dOKwbK4u5zo_sentence_066.wav,The Beatles have never really lost their appeal.,The Beatles chưa bao giờ thực sự mất đi sức hấp dẫn của mình.,A2
dOKwbK4u5zo_sentence_068.wav,Aim.,Nhắm.,A1
dOKwbK4u5zo_sentence_077.wav,His aim is to become a doctor.,Mục tiêu của anh là trở thành một bác sĩ.,A2
dOKwbK4u5zo_sentence_079.wav,Contribute.,Đóng góp.,A1
dOKwbK4u5zo_sentence_090.wav,Bend,Uốn,A1
dOKwbK4u5zo_sentence_091.wav,The road bends to the left here. He bent down and picked her up.,Con đường uốn cong sang trái. Anh cúi xuống và bế cô lên.,A2
dOKwbK4u5zo_sentence_092.wav,Bend.,Uốn cong.,A1
dOKwbK4u5zo_sentence_093.wav,The road bends to the left here.,Đường cong sang trái ở đây.,A2
dOKwbK4u5zo_sentence_094.wav,He bent down and picked her up.,Anh cúi xuống và bế con bé lên.,A2
dOKwbK4u5zo_sentence_096.wav,conventional.,Thông thường.,A2
dOKwbK4u5zo_sentence_099.wav,Why are conventional language classes so boring?,Tại sao các lớp học ngôn ngữ truyền thống lại nhàm chán đến vậy?,A2
dOKwbK4u5zo_sentence_106.wav,This kind of plant grows only in the tropical regions.,Loại cây này chỉ mọc ở các vùng nhiệt đới.,A2
dOKwbK4u5zo_sentence_107.wav,The island has a tropical climate.,Hòn đảo có khí hậu nhiệt đới.,A2
dOKwbK4u5zo_sentence_117.wav,Resolve.,Giải quyết vấn đề.,A1
dOKwbK4u5zo_sentence_119.wav,I resolve to quit smoking.,Tôi quyết tâm bỏ thuốc lá.,A1
dOKwbK4u5zo_sentence_149.wav,calmly.,Bình tĩnh.,A1
dOKwbK4u5zo_sentence_152.wav,The man calmly talked to his customers.,Người đàn ông bình tĩnh nói chuyện với khách hàng của mình.,A2
dOKwbK4u5zo_sentence_157.wav,I've met him on several occasions.,Tôi đã gặp anh ta vài lần.,A2
dOKwbK4u5zo_sentence_165.wav,Passport.,Hộ chiếu.,A2
dOKwbK4u5zo_sentence_170.wav,May I see your passport?,Cho tôi xem hộ chiếu được không?,A2
dOKwbK4u5zo_sentence_174.wav,This passport is valid for five years.,Hộ chiếu này có giá trị 5 năm.,A2
dOKwbK4u5zo_sentence_178.wav,Grab him! Don't let him get away!,"Giữ lấy nó, đừng để nó chạy thoát!",A1
dOKwbK4u5zo_sentence_180.wav,He grabbed my hand.,Hắn nắm lấy tay tôi.,A1
dOKwbK4u5zo_sentence_195.wav,Musician,Nhạc sĩ,A2
dOKwbK4u5zo_sentence_197.wav,I want to become a musician.,Tôi muốn trở thành một nhạc sĩ.,A1
dOKwbK4u5zo_sentence_199.wav,Who's your favorite musician?,Ai là nhạc sĩ yêu thích của bạn?,A1
dOKwbK4u5zo_sentence_210.wav,Nothing satisfies him. He's always complaining.,"Không có gì làm hắn thoả mãn, hắn luôn phàn nàn.",B1
dOKwbK4u5zo_sentence_214.wav,It is still in the testing stage.,Nó vẫn đang trong giai đoạn thử nghiệm.,A2
dOKwbK4u5zo_sentence_220.wav,Who is the girl singing on the stage?,Cô gái đang hát trên sân khấu là ai?,A1
dOKwbK4u5zo_sentence_242.wav,Remarks.,Nhận xét.,A2
dOKwbK4u5zo_sentence_247.wav,Shell,Trình bao,A1
dOKwbK4u5zo_sentence_248.wav,We collected shells on the beach.,Chúng tôi thu thập vỏ sò trên bãi biển.,A1
dOKwbK4u5zo_sentence_254.wav,It's made of coconut shell.,Nó làm bằng vỏ dừa.,A2
dOKwbK4u5zo_sentence_256.wav,The shell of an egg is easily broken.,Vỏ trứng dễ bị vỡ.,A2
dOKwbK4u5zo_sentence_258.wav,Revision.,Sửa đổi.,A2
dOKwbK4u5zo_sentence_260.wav,He made some minor revisions to the report.,Ông đã thực hiện một số sửa đổi nhỏ cho báo cáo.,A2
dOKwbK4u5zo_sentence_268.wav,I need a shirt with a stiff collar.,Tôi cần một cái áo với cổ áo cứng.,A2
dOKwbK4u5zo_sentence_270.wav,I woke up with a stiff neck.,Tôi tỉnh dậy với cái cổ cứng đơ.,A2
dOKwbK4u5zo_sentence_274.wav,Irritate.,Bực bội.,A2
dOKwbK4u5zo_sentence_275.wav,Don't irritate me.,Đừng chọc tức tôi.,A2
dOKwbK4u5zo_sentence_289.wav,Truly.,Thật đấy.,A1
dOKwbK4u5zo_sentence_301.wav,Keep your receipt as proof of purchase.,Giữ hoá đơn làm bằng chứng mua hàng.,A2
dOKwbK4u5zo_sentence_317.wav,It's gradually getting colder.,Nó đang dần lạnh đi.,A2
dOKwbK4u5zo_sentence_336.wav,The room is newly painted.,Căn phòng mới được sơn lại.,A1
dOKwbK4u5zo_sentence_342.wav,Tidy,Tidy,A1
dOKwbK4u5zo_sentence_353.wav,Chairman?,Chủ tịch?,A2
dOKwbK4u5zo_sentence_354.wav,Chairwoman,Chủ tịch,A2
dOKwbK4u5zo_sentence_357.wav,She was the chairwoman of the finance committee.,Bà là chủ tịch của uỷ ban tài chính.,A2
dOKwbK4u5zo_sentence_360.wav,He is the chairman of the conference.,Ông ấy là chủ tịch của hội nghị.,A2
dOKwbK4u5zo_sentence_364.wav,We elected Jack Chairman.,Chúng ta đã bầu Jack Chủ tịch.,A2
dOKwbK4u5zo_sentence_373.wav,The chemical formula of water is H two O.,Công thức hoá học của nước là H2O.,A2
dOKwbK4u5zo_sentence_382.wav,Jive.,Jive.,A2
dOKwbK4u5zo_sentence_398.wav,Beginning.,Bắt đầu.,A1
dOKwbK4u5zo_sentence_399.wav,I'll start again from the beginning.,Tôi sẽ bắt đầu lại từ đầu.,A1
dOKwbK4u5zo_sentence_403.wav,Consideration.,Xem xét.,A2
dOKwbK4u5zo_sentence_410.wav,The problem is not worth consideration.,Vấn đề này không đáng để xem xét.,A2
dOKwbK4u5zo_sentence_414.wav,Army,Quân độiName,A1
dOKwbK4u5zo_sentence_416.wav,Her husband is in the army.,Chồng cô ấy đang ở trong quân đội.,A2
dOKwbK4u5zo_sentence_419.wav,He left home and joined the army after he graduated from high school.,Ông rời nhà và gia nhập quân đội sau khi tốt nghiệp trung học.,A2
dOKwbK4u5zo_sentence_421.wav,Why did you join the army?,Tại sao anh lại gia nhập quân đội?,A1
dOKwbK4u5zo_sentence_474.wav,She publicly admitted her mistake.,Bà công khai thừa nhận sai lầm của mình.,A2
dOKwbK4u5zo_sentence_484.wav,You should have behaved calmly to her.,Đáng lẽ anh phải cư xử bình tĩnh với cổ.,A2
dOKwbK4u5zo_sentence_495.wav,Contribution.,Đóng góp.,A2
dOKwbK4u5zo_sentence_497.wav,He went from door to door asking for contributions.,Ông ấy đi từ nhà này sang nhà khác để xin đóng góp.,A2
dOKwbK4u5zo_sentence_499.wav,contribution.,Bạn có thể tìm hiểu thêm về cách thức mà bạn có thể sử dụng để cải thiện sự tự tin của bản thân.,A2
dOKwbK4u5zo_sentence_508.wav,Did you make a formal agreement with him?,Anh có thoả thuận chính thức với anh ta không?,A2
dOKwbK4u5zo_sentence_509.wav,Formal education will make you a living. Self-education will make you a fortune. Jim Ron.,"Giáo dục chính quy sẽ giúp anh kiếm sống, tự học sẽ giúp anh giàu có, Jim Ron.",A2
dOKwbK4u5zo_sentence_511.wav,He has no formal education.,Anh không được giáo dục chính thức.,A2
dOKwbK4u5zo_sentence_519.wav,I don't like these remarks.,Tôi không thích những lời nhận xét này.,A1
dOKwbK4u5zo_sentence_535.wav,This is a very sophisticated device.,Đây là một thiết bị rất tinh vi.,A1
dOKwbK4u5zo_sentence_552.wav,Prisoner.,Tù nhân.,A1
dOKwbK4u5zo_sentence_563.wav,He deserves to be punished.,Hắn đáng bị trừng phạt.,A1
dOKwbK4u5zo_sentence_574.wav,What a dear child.,Đúng là một đứa trẻ đáng yêu.,A1
dOKwbK4u5zo_sentence_583.wav,Truly,Thật sự,A1
dOKwbK4u5zo_sentence_585.wav,I'm truly sorry about what happened.,Tôi thật sự xin lỗi về những gì đã xảy ra.,A1
dOKwbK4u5zo_sentence_589.wav,I wonder if you are truly happy.,Không biết anh có thực sự hạnh phúc không.,A1
dOKwbK4u5zo_sentence_616.wav,"I'm innocent, please believe me.","Tôi vô tội, xin hãy tin tôi.",A1
dOKwbK4u5zo_sentence_620.wav,He has just bought a new cabinet from the store.,Anh ấy vừa mua một cái tủ mới ở cửa hàng.,A2
dOKwbK4u5zo_sentence_633.wav,Everyone was shocked by what happened.,Mọi người đều bị sốc bởi những gì đã xảy ra.,A2
dOKwbK4u5zo_sentence_634.wav,She was shocked when she heard my story.,Cô ấy đã rất sốc khi nghe câu chuyện của tôi.,A2
dOKwbK4u5zo_sentence_635.wav,Wednesday,Thứ Tư,A1
dOKwbK4u5zo_sentence_636.wav,She has been absent since last Wednesday.,Cô đã vắng mặt kể từ thứ Tư tuần trước.,A2
dOKwbK4u5zo_sentence_645.wav,It is shade.,Nó là bóng râm.,A1
dOKwbK4u5zo_sentence_664.wav,Screen,Màn hình,A1
dOKwbK4u5zo_sentence_667.wav,The boy is staring at the television screen.,Thằng bé đang nhìn chằm chằm vào màn hình ti vi.,A1
dOKwbK4u5zo_sentence_677.wav,The books were stacked from floor to ceiling.,Sách vở chất đống từ sàn lên trần nhà.,A2
dOKwbK4u5zo_sentence_680.wav,Hero,Anh hùng,A1
dOKwbK4u5zo_sentence_681.wav,You guys are my heroes.,Các cậu là anh hùng của tớ.,A1
dOKwbK4u5zo_sentence_683.wav,He became a national hero.,Ông trở thành một anh hùng dân tộc.,A2
dOKwbK4u5zo_sentence_684.wav,Pepper.,Hạt tiêu.,A1
dOKwbK4u5zo_sentence_690.wav,We've run out of salt and pepper.,Chúng ta hết muối và tiêu rồi.,A2
dOKwbK4u5zo_sentence_699.wav,School violence is a big problem.,Bạo lực học đường là một vấn đề lớn.,A2
dOKwbK4u5zo_sentence_711.wav,I'm Claire.,Tôi là Claire.,A1
dOKwbK4u5zo_sentence_719.wav,Why are people clapping?,Tại sao mọi người lại vỗ tay?,A1
dOKwbK4u5zo_sentence_733.wav,Content,Nội dung,A2
dOKwbK4u5zo_sentence_736.wav,Are you content with your present salary?,Anh có bằng lòng với mức lương hiện tại không?,A2
dOKwbK4u5zo_sentence_741.wav,"The content of his essay is excellent, but it's not very well expressed.","Nội dung bài luận của ông rất tuyệt vời, nhưng nó không được diễn đạt tốt lắm.",B1
dOKwbK4u5zo_sentence_746.wav,"Don't worry, it was a false alarm.","Đừng lo, đó là báo động giả.",A1
dOKwbK4u5zo_sentence_752.wav,Attraction,Hấp dẫn,A1
dOKwbK4u5zo_sentence_755.wav,She felt an immediate attraction for him.,Cô cảm thấy ngay lập tức bị thu hút bởi anh.,A2
dOKwbK4u5zo_sentence_768.wav,Reputation.,Danh tiếng.,A2
dOKwbK4u5zo_sentence_775.wav,He doesn't care about his reputation anymore.,Anh ta không quan tâm đến danh tiếng của mình nữa.,A2
dOKwbK4u5zo_sentence_790.wav,He's a typical workaholic.,Anh ta là một kẻ nghiện công việc điển hình.,A2
dOKwbK4u5zo_sentence_791.wav,It was typical of her to be late.,Cô ấy thường đến muộn.,A2
dOKwbK4u5zo_sentence_795.wav,He lives on a pension.,Ông ấy sống nhờ tiền trợ cấp.,A2
dOKwbK4u5zo_sentence_807.wav,The thief ran away when he saw a policeman.,Tên trộm bỏ chạy khi hắn thấy một cảnh sát.,A2
dOKwbK4u5zo_sentence_825.wav,We received a large package.,Chúng tôi nhận được một gói hàng lớn.,A1
dOKwbK4u5zo_sentence_842.wav,That was a considerable distance.,Đó là một khoảng cách đáng kể.,A2
dOKwbK4u5zo_sentence_848.wav,"Behind every successful man, there's a lot of unsuccessful years.","Đằng sau mỗi người đàn ông thành công, có rất nhiều năm thất bại.",B1
dOKwbK4u5zo_sentence_852.wav,She blamed her unhappiness on her parents.,Cô đổ lỗi cho cha mẹ về sự bất hạnh của mình.,A2
dOKwbK4u5zo_sentence_855.wav,The railway is still under construction.,Đường sắt vẫn đang được xây dựng.,A2
dOKwbK4u5zo_sentence_860.wav,The railway is high.,Đường sắt ở trên cao.,A1
dOKwbK4u5zo_sentence_861.wav,"Hi, how are you doing?","Chào, anh khoẻ không?",A1
dOKwbK4u5zo_sentence_862.wav,I'm just calling to say hi.,Tôi chỉ gọi để chào hỏi thôi.,A1
dOKwbK4u5zo_sentence_869.wav,He touched me on the cheek.,Anh ta chạm vào má tôi.,A1
dOKwbK4u5zo_sentence_886.wav,Refusal.,Từ chối.,A2
dOKwbK4u5zo_sentence_896.wav,Winner,Người chiến thắng,A2
dOKwbK4u5zo_sentence_900.wav,"Congratulations, you are the winner.","Chúc mừng, anh là người chiến thắng.",A1
dOKwbK4u5zo_sentence_903.wav,There are no winners in a divorce.,Không có ai thắng trong một vụ ly dị.,A2
dOKwbK4u5zo_sentence_905.wav,I like this skirt. Can I try it on?,"Tôi thích cái váy này, tôi mặc thử được không?",A1
dOKwbK4u5zo_sentence_906.wav,"This skirt is too short, isn't it?","Cái váy này quá ngắn, phải không?",A2
dOKwbK4u5zo_sentence_924.wav,I have no sympathy for her.,Tôi không có sự thông cảm nào cho cô ấy.,A2
dOKwbK4u5zo_sentence_928.wav,I can remember the warmth of her hands.,Tôi có thể nhớ hơi ấm của bàn tay cô ấy.,A1
dOKwbK4u5zo_sentence_937.wav,The ball is in the net.,Bóng đã vào lưới.,A1
dOKwbK4u5zo_sentence_938.wav,We have a fish in the net.,Chúng ta có một con cá trong lưới.,A1
dVx3Jzfd7Hc_sentence_004.wav,Surrounding,Bao quanh,A1
dVx3Jzfd7Hc_sentence_006.wav,From here you can see the surrounding countryside.,Từ đây bạn có thể thấy vùng nông thôn xung quanh.,A2
dVx3Jzfd7Hc_sentence_017.wav,Lid.,Lid.,A2
dVx3Jzfd7Hc_sentence_019.wav,This lid is so tight that I can't open it.,Cái nắp này chặt quá tôi không mở được.,A2
dVx3Jzfd7Hc_sentence_071.wav,Pot.,Nồi.,A1
dVx3Jzfd7Hc_sentence_103.wav,I trust his executive ability.,Tôi tin tưởng vào khả năng điều hành của anh ta.,A2
dVx3Jzfd7Hc_sentence_116.wav,He majors in philosophy.,Anh ấy học triết học.,A2
dVx3Jzfd7Hc_sentence_126.wav,Argument,Đối số,A1
dVx3Jzfd7Hc_sentence_127.wav,We had an argument this morning.,Sáng nay chúng ta cãi nhau.,A2
dVx3Jzfd7Hc_sentence_141.wav,Function.,Chức năng.,A1
dVx3Jzfd7Hc_sentence_152.wav,All my attempts ended in failure.,Mọi nỗ lực của tôi đều thất bại.,A2
dVx3Jzfd7Hc_sentence_160.wav,Sleeve.,Cấp hiệu.,A2
dVx3Jzfd7Hc_sentence_166.wav,The sleeves are too long for me.,Tay áo quá dài so với tôi.,A2
dVx3Jzfd7Hc_sentence_168.wav,Plate.,Vật liệu.,A1
dVx3Jzfd7Hc_sentence_182.wav,He is a mere child.,Nó chỉ là một đứa trẻ.,A2
dVx3Jzfd7Hc_sentence_222.wav,Mistaken.,Nhầm.,A2
dVx3Jzfd7Hc_sentence_234.wav,The concert was broadcast live.,Buổi hoà nhạc được phát sóng trực tiếp.,A2
dVx3Jzfd7Hc_sentence_244.wav,Insect,Côn trùng,A1
dVx3Jzfd7Hc_sentence_248.wav,I hate insects.,Tôi ghét côn trùng.,A1
dVx3Jzfd7Hc_sentence_251.wav,What do you call this insect in English?,"Trong tiếng Anh, bạn gọi con côn trùng này là gì?",A2
dVx3Jzfd7Hc_sentence_255.wav,The internet has exploded in popularity.,Internet đã bùng nổ về mức độ phổ biến.,A2
dVx3Jzfd7Hc_sentence_263.wav,Reception.,Tiếp tân.,A1
dVx3Jzfd7Hc_sentence_265.wav,You can get the tickets at the reception.,Anh có thể lấy vé ở quầy lễ tân.,A1
dVx3Jzfd7Hc_sentence_266.wav,Reception,Tiếp nhận,A1
dVx3Jzfd7Hc_sentence_272.wav,First,Đầu tiên,A1
dVx3Jzfd7Hc_sentence_275.wav,Byte.,Byte.,A2
dVx3Jzfd7Hc_sentence_276.wav,Does your dog bite?,Chó có cắn không?,A1
dVx3Jzfd7Hc_sentence_277.wav,"He was curious about how it would taste, so he took a small bite. It's nearly lunchtime. Why don't we stop to have a bite to eat?","Nó tò mò không biết mùi vị của nó sẽ như thế nào, nên nó cắn một miếng nhỏ. Gần đến giờ ăn trưa rồi. Sao chúng ta không dừng lại để ăn một miếng nhỉ?",A2
dVx3Jzfd7Hc_sentence_288.wav,Don't let one mistake spoil your day.,Đừng để một sai lầm làm hỏng ngày của bạn.,A2
dVx3Jzfd7Hc_sentence_303.wav,Information leaflets are being distributed to hotels.,Các tờ rơi thông tin đang được phân phát đến các khách sạn.,A2
dVx3Jzfd7Hc_sentence_305.wav,New blankets were distributed to the poor.,Những chiếc chăn mới được phân phát cho người nghèo.,A2
dVx3Jzfd7Hc_sentence_308.wav,We only distribute this product in Vietnam.,Chúng tôi chỉ phân phối sản phẩm này tại Việt Nam.,A2
dVx3Jzfd7Hc_sentence_347.wav,This festival attracts thousands of visitors every year.,Lễ hội này thu hút hàng ngàn du khách mỗi năm.,A2
dVx3Jzfd7Hc_sentence_348.wav,Crop.,Cắt cỏ.,A2
dVx3Jzfd7Hc_sentence_350.wav,The crops were badly damaged by the storm.,Các vụ mùa bị hư hại nặng nề bởi cơn bão.,A2
dVx3Jzfd7Hc_sentence_377.wav,I will do my best to ensure that such mistakes do not occur in future.,Tôi sẽ cố hết sức để đảm bảo rằng những sai lầm như vậy sẽ không xảy ra trong tương lai.,A2
dVx3Jzfd7Hc_sentence_381.wav,Careful preparations ensure success.,Chuẩn bị cẩn thận sẽ đảm bảo thành công.,A2
dVx3Jzfd7Hc_sentence_401.wav,Things have improved considerably over the last few years.,Mọi thứ đã được cải thiện đáng kể trong vài năm qua.,A2
dVx3Jzfd7Hc_sentence_402.wav,It's considerably colder this morning.,Sáng nay trời lạnh hơn nhiều.,A2
dVx3Jzfd7Hc_sentence_405.wav,Considerably.,Đáng kể.,A2
dVx3Jzfd7Hc_sentence_422.wav,She is a sales executive.,Cô là một giám đốc bán hàng.,A2
dVx3Jzfd7Hc_sentence_449.wav,"As far as I know, there is no such function.","Theo như tôi biết, không có chức năng nào như vậy.",A2
dVx3Jzfd7Hc_sentence_470.wav,He always calculates how much something will cost.,Anh ta luôn tính toán giá của một thứ.,A2
dvmlHiHdqSs_sentence_001.wav,He and his wife are always fighting about money.,Anh ta và vợ luôn cãi nhau vì tiền.,A2
dvmlHiHdqSs_sentence_014.wav,He,Anh ta,A1
dvmlHiHdqSs_sentence_018.wav,What is he angry about?,Anh ta giận vì chuyện gì?,A1
dvmlHiHdqSs_sentence_027.wav,I didn't mean to insult you.,Tôi không có ý xúc phạm anh.,A2
dvmlHiHdqSs_sentence_042.wav,You're the most beautiful girl in the world.,Em là cô gái đẹp nhất thế giới.,A1
dvmlHiHdqSs_sentence_046.wav,What a cute girl.,Đúng là một cô gái dễ thương.,A1
dvmlHiHdqSs_sentence_051.wav,You may come whenever you like.,Anh có thể tới bất cứ khi nào anh muốn.,A1
dvmlHiHdqSs_sentence_059.wav,This is ridiculous.,Thật là lố bịch.,A1
dvmlHiHdqSs_sentence_090.wav,He broke up with his girlfriend.,Anh ta chia tay với bạn gái.,A2
dvmlHiHdqSs_sentence_099.wav,He guided us around the city.,Ông ấy hướng dẫn chúng tôi đi quanh thành phố.,A2
dvmlHiHdqSs_sentence_100.wav,See,Xem,A1
dvmlHiHdqSs_sentence_103.wav,I have a house by the sea.,Tôi có một ngôi nhà bên bờ biển.,A1
dvmlHiHdqSs_sentence_117.wav,Gift.,Quà tặng.,A1
dvmlHiHdqSs_sentence_118.wav,I'm looking for a gift for my wife.,Tôi đang tìm một món quà cho vợ tôi.,A1
dvmlHiHdqSs_sentence_124.wav,Party.,Tiệc.,A1
dvmlHiHdqSs_sentence_129.wav,I invited them to the party.,Tôi mời họ đến bữa tiệc.,A1
dvmlHiHdqSs_sentence_130.wav,I'm looking forward to the party.,Tôi rất mong chờ buổi tiệc.,A1
dvmlHiHdqSs_sentence_135.wav,Where would you like to go first?,Anh muốn đi đâu trước?,A1
dvmlHiHdqSs_sentence_138.wav,Uh.,Uh.,A1
dvmlHiHdqSs_sentence_185.wav,Hard.,Cứng.,A1
dvmlHiHdqSs_sentence_186.wav,It's hard not to worry about her.,Thật khó để không lo lắng cho cô ấy.,A1
dvmlHiHdqSs_sentence_214.wav,Nation,Quốc gia,A2
dvmlHiHdqSs_sentence_218.wav,Vietnam is an independent nation.,Việt Nam là một quốc gia độc lập.,A2
dvmlHiHdqSs_sentence_219.wav,Generous,Rộng,A1
dvmlHiHdqSs_sentence_224.wav,Thank you very much for your generous donation.,Cảm ơn rất nhiều vì sự đóng góp hào phóng của các bạn.,A1
dvmlHiHdqSs_sentence_267.wav,She was born in Vietnam.,Cô sinh ra ở Việt Nam.,A2
dvmlHiHdqSs_sentence_269.wav,"I was born on june ninth, nineteen eighty six.","Tôi sinh ngày 9 tháng sáu, năm 1986.",A2
dvmlHiHdqSs_sentence_279.wav,He looked so funny that I couldn't help laughing.,Trông anh ta buồn cười đến nỗi tôi không nhịn được cười.,A2
dvmlHiHdqSs_sentence_298.wav,Cancer kills thousands of people every year.,Ung thư giết chết hàng ngàn người mỗi năm.,A2
dvmlHiHdqSs_sentence_300.wav,He tried to kill himself with sleeping pills.,Anh ta đã cố tự tử bằng thuốc ngủ.,A2
dvmlHiHdqSs_sentence_303.wav,He finally achieved his goals.,Cuối cùng anh cũng đạt được mục tiêu của mình.,A2
dvmlHiHdqSs_sentence_321.wav,Can you give me a lift to the station?,Anh có thể cho tôi đi nhờ đến trạm không?,A1
dvmlHiHdqSs_sentence_328.wav,Green is my favorite colour.,Màu xanh lá là màu yêu thích của tôi.,A1
dvmlHiHdqSs_sentence_332.wav,Nearly.,Gần như.,A1
dvmlHiHdqSs_sentence_336.wav,"I've worked here for nearly two years, said","Tôi đã làm việc ở đây gần hai năm, nói",A2
dvmlHiHdqSs_sentence_356.wav,"If anything happens to him, let me know.","Nếu có chuyện gì xảy ra với anh ta, hãy cho tôi biết.",A2
dvmlHiHdqSs_sentence_368.wav,Here is a list of things I care about.,Đây là danh sách những điều tôi quan tâm.,A1
dvmlHiHdqSs_sentence_379.wav,Embarrassed.,Bối rối.,A1
dvmlHiHdqSs_sentence_386.wav,Shock.,Sốc.,A1
dvmlHiHdqSs_sentence_390.wav,Did the test result shock you?,Kết quả xét nghiệm có làm cô sốc không?,A2
dvmlHiHdqSs_sentence_391.wav,Prepare yourself for a shock.,Chuẩn bị tinh thần cho cú sốc.,A1
dvmlHiHdqSs_sentence_397.wav,There are many wild animals in this area.,Có rất nhiều động vật hoang dã trong khu vực này.,A2
dvmlHiHdqSs_sentence_398.wav,Each.,Mỗi người.,A1
dvmlHiHdqSs_sentence_400.wav,Do you know each other?,Hai người biết nhau không?,A1
dvmlHiHdqSs_sentence_401.wav,How much does each person need to pay?,Mỗi người cần phải trả bao nhiêu?,A2
dvmlHiHdqSs_sentence_406.wav,These clothes are finally dry.,Những bộ quần áo này cuối cùng cũng khô.,A1
dvmlHiHdqSs_sentence_418.wav,You look very nice.,Trông cô rất đẹp.,A1
dvmlHiHdqSs_sentence_428.wav,We saw a strange object in the sky.,Chúng tôi thấy một vật thể lạ trên bầu trời.,A2
dvmlHiHdqSs_sentence_435.wav,He likes geography and history.,Anh ấy thích địa lý và lịch sử.,A1
dvmlHiHdqSs_sentence_438.wav,Injure.,Bị thương.,A2
dvmlHiHdqSs_sentence_440.wav,I injured myself with a sharp knife.,Tôi đã tự làm mình bị thương bằng một con dao sắc.,A2
dvmlHiHdqSs_sentence_449.wav,There is a desk in a corner of the room.,Có một cái bàn ở góc phòng.,A2
dvmlHiHdqSs_sentence_456.wav,"She looks young, however, she's over 40.","Cô ấy trông trẻ, tuy nhiên, cô ấy đã hơn 40 tuổi.",A2
dvmlHiHdqSs_sentence_481.wav,I'd like to confirm our reservations.,Tôi muốn xác nhận lại sự đặt chỗ của chúng ta.,A1
dvmlHiHdqSs_sentence_485.wav,Realize,Nhận ra,A1
dvmlHiHdqSs_sentence_486.wav,I'm glad you realize that.,Tôi mừng là anh nhận ra điều đó.,A1
dvmlHiHdqSs_sentence_491.wav,You're standing on my foot.,Anh đang đứng trên chân tôi.,A1
dvmlHiHdqSs_sentence_498.wav,Are you hungry?,Bạn có đói bụng không?,A1
dvmlHiHdqSs_sentence_499.wav,I'm a little bit hungry.,Tôi hơi đói.,A1
dvmlHiHdqSs_sentence_501.wav,Trust.,Tin tưởng.,A1
dvmlHiHdqSs_sentence_508.wav,Spell,Chính tả,A1
dvmlHiHdqSs_sentence_509.wav,How do you spell your last name?,Anh đánh vần họ của mình thế nào?,A2
dvmlHiHdqSs_sentence_513.wav,I don't know how to spell this word.,Tôi không biết đánh vần từ này.,A2
dvmlHiHdqSs_sentence_514.wav,You spelled my name wrong.,Anh đánh vần sai tên tôi rồi.,A2
dvmlHiHdqSs_sentence_519.wav,"Excuse me, I would like to make a request.","Xin lỗi, tôi muốn đưa ra một yêu cầu.",A2
dvmlHiHdqSs_sentence_522.wav,Four,Chương 4,A1
dvmlHiHdqSs_sentence_527.wav,Thank you for your invitation.,Cảm ơn vì đã mời.,A1
dvmlHiHdqSs_sentence_529.wav,Increase. Increase.,Tăng lên. Tăng lên.,A1
dvmlHiHdqSs_sentence_530.wav,I want to increase my English vocabulary.,Tôi muốn tăng vốn từ vựng tiếng Anh của mình.,A1
dvmlHiHdqSs_sentence_535.wav,They asked for an increase in salary.,Họ yêu cầu tăng lương.,A2
eNFFf2rcKC8_sentence_005.wav,Why are you so cheerful?,Sao anh vui vẻ thế?,A1
eNFFf2rcKC8_sentence_010.wav,She talked to us with a cheerful voice.,Cô ấy nói chuyện với chúng tôi bằng giọng vui vẻ.,A2
eNFFf2rcKC8_sentence_011.wav,Defined.,Định nghĩa.,A2
eNFFf2rcKC8_sentence_015.wav,Some words are hard to define.,Một số từ rất khó định nghĩa.,A2
eNFFf2rcKC8_sentence_016.wav,Things are not clearly defined.,Mọi thứ không được xác định rõ ràng.,A2
eNFFf2rcKC8_sentence_032.wav,He ultimately agreed to the deal.,Cuối cùng ông đã đồng ý với thoả thuận.,A2
eNFFf2rcKC8_sentence_060.wav,Chocolate.,Sô cô la.,A1
eNFFf2rcKC8_sentence_062.wav,Who wants hot chocolate?,Ai muốn ăn sôcôla nóng nào?,A1
eNFFf2rcKC8_sentence_080.wav,Rear.,Sau lưng.,A2
eNFFf2rcKC8_sentence_092.wav,Fortune,May mắn,A1
eNFFf2rcKC8_sentence_103.wav,Dirt.,Bẩn.,A2
eNFFf2rcKC8_sentence_108.wav,You have to take a shower to get the dirt off.,Anh phải đi tắm để rửa sạch bụi bẩn.,A2
eNFFf2rcKC8_sentence_114.wav,The director resigned in protest at the decision.,Giám đốc đã từ chức để phản đối quyết định này.,B1
eNFFf2rcKC8_sentence_118.wav,Disgusting.,Ghê tởm.,A1
eNFFf2rcKC8_sentence_126.wav,Specialist,Chuyên gia,A2
eNFFf2rcKC8_sentence_130.wav,He is a specialist in economics.,Ông là một chuyên gia kinh tế.,A2
eNFFf2rcKC8_sentence_142.wav,Prayer.,Cầu nguyện.,A1
eNFFf2rcKC8_sentence_144.wav,My prayer is that one day he will be healed.,Lời cầu nguyện của tôi là một ngày nào đó anh ấy sẽ được chữa lành.,A2
eNFFf2rcKC8_sentence_159.wav,They confused me by asking so many questions.,Họ làm tôi bối rối vì hỏi quá nhiều.,A2
eNFFf2rcKC8_sentence_161.wav,Poetry,Thi ca,A1
eNFFf2rcKC8_sentence_177.wav,Bay.,Bay.,A1
eNFFf2rcKC8_sentence_180.wav,we have a house with a view across the bay.,Chúng tôi có một ngôi nhà nhìn ra vịnh.,A1
eNFFf2rcKC8_sentence_193.wav,"Nevertheless, I","Tuy nhiên, tôi",A1
eNFFf2rcKC8_sentence_195.wav,Nevertheless.,Tuy nhiên.,A2
eNFFf2rcKC8_sentence_204.wav,She is hunting for a job.,Cô ấy đang tìm việc làm.,A1
eNFFf2rcKC8_sentence_207.wav,My brother will be going to college next week.,Tuần tới em trai tôi sẽ vào đại học.,A1
eNFFf2rcKC8_sentence_219.wav,All we want is peace.,Tất cả những gì chúng tôi muốn là hoà bình.,A1
eNFFf2rcKC8_sentence_220.wav,"Peace comes from within, do not seek it without. Buddha.","Hoà bình đến từ bên trong, đừng tìm kiếm nó nếu không có Đức Phật.",B1
eNFFf2rcKC8_sentence_221.wav,Width.,Chiều rộng.,A2
eNFFf2rcKC8_sentence_222.wav,What is the width of the table?,Chiều rộng của cái bàn là bao nhiêu?,A2
eNFFf2rcKC8_sentence_223.wav,I carefully measured the length and width of the room.,Tôi cẩn thận đo chiều dài và chiều rộng của căn phòng.,A2
eNFFf2rcKC8_sentence_237.wav,Today there is a wide generation gap between parents and their children.,Ngày nay có một khoảng cách thế hệ rộng giữa cha mẹ và con cái của họ.,B1
eNFFf2rcKC8_sentence_242.wav,Children like to play outdoors.,Trẻ em thích chơi ngoài trời.,A1
eNFFf2rcKC8_sentence_252.wav,It has cost me a thousand dollars altogether.,Nó đã làm tôi mất cả ngàn đô la.,A2
eNFFf2rcKC8_sentence_268.wav,He lost a fortune in the stock market.,Ông ta mất cả gia tài trên thị trường chứng khoán.,A2
eNFFf2rcKC8_sentence_285.wav,Massive.,Khổng lồ.,A1
eNFFf2rcKC8_sentence_292.wav,Community.,Cộng đồng.,A1
eNFFf2rcKC8_sentence_300.wav,Do you take part in any community activities?,Bạn có tham gia vào hoạt động cộng đồng nào không?,A1
eNFFf2rcKC8_sentence_302.wav,That will benefit the community.,Điều đó sẽ có lợi cho cộng đồng.,A1
eNFFf2rcKC8_sentence_320.wav,She's a woman of strong character.,Cô ấy là một người phụ nữ mạnh mẽ.,A2
eNFFf2rcKC8_sentence_323.wav,This road curves gently to the right.,Con đường này uốn nhẹ nhàng sang bên phải.,A2
eNFFf2rcKC8_sentence_336.wav,Academic,Học thuật,A2
eNFFf2rcKC8_sentence_357.wav,Importantly.,Quan trọng hơn.,A2
eNFFf2rcKC8_sentence_358.wav,"Keep your head high, keep your chin up, and most importantly, keep smiling.","Ngẩng cao đầu, ngẩng cao đầu, và quan trọng nhất là luôn mỉm cười.",A2
eNFFf2rcKC8_sentence_359.wav,K safely.,K an toàn.,A2
eNFFf2rcKC8_sentence_367.wav,Do you have a train schedule?,Anh có lịch tàu hoả không?,A1
eNFFf2rcKC8_sentence_380.wav,"You don't like chocolate, do you?","Anh không thích sô cô la, phải không?",A2
eNFFf2rcKC8_sentence_383.wav,This shop specializes in chocolates.,Cửa hàng này chuyên bán sô cô la.,A2
eNFFf2rcKC8_sentence_388.wav,Pan,Pan,A1
eNFFf2rcKC8_sentence_389.wav,"Don't touch that pan, it's very hot.","Đừng đụng vào chảo, nóng lắm.",A1
eNFFf2rcKC8_sentence_392.wav,Do you have a bigger pan?,Anh có cái chảo lớn hơn không?,A1
eNFFf2rcKC8_sentence_423.wav,Literature.,Văn học.,A1
eNFFf2rcKC8_sentence_429.wav,My favorite subject is literature.,Môn yêu thích của tôi là văn học.,A1
eNFFf2rcKC8_sentence_430.wav,I majored in English literature.,Tôi học chuyên ngành văn học Anh.,A2
eNFFf2rcKC8_sentence_431.wav,Needle.,Kim tiêm.,A2
eNFFf2rcKC8_sentence_432.wav,I need a needle and thread.,Tôi cần một cây kim và sợi chỉ.,A1
eNFFf2rcKC8_sentence_445.wav,decade.,Tôi đã nói với cô ấy rằng tôi không thể làm được gì hơn.,B1
eNFFf2rcKC8_sentence_452.wav,We have experienced many changes over the last decade.,Chúng ta đã trải qua nhiều thay đổi trong thập kỷ qua.,A2
eNFFf2rcKC8_sentence_493.wav,Chinese characters are difficult to read.,Chữ Trung Quốc rất khó đọc.,A2
eNFFf2rcKC8_sentence_519.wav,"I'm at college, studying graphic design.","Tôi đang học đại học, thiết kế đồ hoạ.",A2
eNFFf2rcKC8_sentence_533.wav,It's standard procedure.,Đó là thủ tục chuẩn.,A2
eNFFf2rcKC8_sentence_541.wav,We climbed a steep slope.,Chúng tôi leo lên một sườn dốc.,A2
eNFFf2rcKC8_sentence_550.wav,Who gave the command?,Ai ra lệnh cho chúng?,A2
eNFFf2rcKC8_sentence_568.wav,Everything went according to our plan.,Mọi thứ đều theo kế hoạch.,A2
eNFFf2rcKC8_sentence_569.wav,All together.,Tất cả cùng nhau.,A1
eNFFf2rcKC8_sentence_611.wav,She is studying engineering at university.,Cô đang học ngành kỹ thuật tại trường đại học.,A1
eNFFf2rcKC8_sentence_616.wav,He is working towards a master's degree in engineering.,Anh đang làm việc để lấy bằng thạc sĩ về kỹ thuật.,A2
eNFFf2rcKC8_sentence_624.wav,"It will never happen again, I swear.","Chuyện đó sẽ không bao giờ xảy ra nữa, tôi thề.",A1
eNFFf2rcKC8_sentence_641.wav,We had an enjoyable day together at the zoo.,Chúng tôi đã có một ngày vui vẻ bên nhau ở sở thú.,A1
eNFFf2rcKC8_sentence_683.wav,She is working at an academic institution.,Cô đang làm việc tại một tổ chức học thuật.,A2
eNFFf2rcKC8_sentence_685.wav,His academic achievements are impressive.,Thành tích học tập của anh ấy rất ấn tượng.,A2
eNFFf2rcKC8_sentence_702.wav,What's the most disgusting food you have ever eaten?,Món ăn kinh tởm nhất mà anh từng ăn là gì?,A1
eNFFf2rcKC8_sentence_708.wav,Survive.,Sống sót.,A1
eNFFf2rcKC8_sentence_714.wav,No one can survive without water.,Không ai có thể sống sót mà không có nước.,A2
eNFFf2rcKC8_sentence_718.wav,The store is in the rear of the building.,Cửa hàng ở phía sau toà nhà.,A2
eNFFf2rcKC8_sentence_769.wav,I don't altogether agree with you.,Tôi hoàn toàn không đồng ý với anh.,A2
eNFFf2rcKC8_sentence_772.wav,The cat went through a gap in the fence.,Con mèo đã đi qua một khoảng trống trong hàng rào.,A2
eNFFf2rcKC8_sentence_778.wav,Flavor.,Hương vị.,A1
eNFFf2rcKC8_sentence_788.wav,There is a regular bus service to the airport.,Có một dịch vụ xe buýt thường xuyên đến sân bay.,A2
eNFFf2rcKC8_sentence_813.wav,Who's your favorite character in this book?,Nhân vật yêu thích của bạn trong cuốn sách này là ai?,A2
eNFFf2rcKC8_sentence_830.wav,Curve.,Đường cong.,A1
eNFFf2rcKC8_sentence_843.wav,My mother commands my presence at the party.,Mẹ tôi ra lệnh cho tôi có mặt tại bữa tiệc.,A2
eNFFf2rcKC8_sentence_846.wav,He commanded me to leave the room immediately.,Ông ra lệnh cho tôi rời khỏi phòng ngay lập tức.,A2
eNFFf2rcKC8_sentence_854.wav,I'm the only one who survived.,Tôi là người duy nhất sống sót.,A1
eNFFf2rcKC8_sentence_874.wav,He constantly criticizes other people.,Anh ta liên tục chỉ trích người khác.,A2
eRiQnLoDEqA_sentence_025.wav,Is it going to rain? Not likely.,Trời sẽ mưa chứ? Không có vẻ gì.,A2
eRiQnLoDEqA_sentence_044.wav,He is a powerful man.,Ông ấy là một người quyền lực.,A1
eRiQnLoDEqA_sentence_054.wav,She ignored all my warnings.,Cô ta phớt lờ mọi lời cảnh báo của tôi.,A1
eRiQnLoDEqA_sentence_096.wav,Keep your receipt in case you need to return it.,Giữ biên lai phòng trường hợp bạn cần trả lại.,A2
eRiQnLoDEqA_sentence_1008.wav,I'm so bad at singing.,Tôi hát tệ lắm.,A1
eRiQnLoDEqA_sentence_1027.wav,The children are building sand castles on the beach.,Bọn trẻ đang xây lâu đài cát trên bãi biển.,A1
eRiQnLoDEqA_sentence_103.wav,This idea isn't new.,Ý tưởng này không mới.,A1
eRiQnLoDEqA_sentence_1039.wav,I want you to consider this proposal.,Tôi muốn anh xem xét đề nghị này.,A1
eRiQnLoDEqA_sentence_1041.wav,Neighbor.,Hàng xóm.,A1
eRiQnLoDEqA_sentence_1055.wav,Virtually,Thực tế,A2
eRiQnLoDEqA_sentence_1072.wav,Admit.,Thừa nhận.,A1
eRiQnLoDEqA_sentence_1078.wav,"I hate to admit it, but he's right.","Tôi ghét phải thừa nhận, nhưng anh ta nói đúng.",A1
eRiQnLoDEqA_sentence_1086.wav,Unless,Trừ khi,A2
eRiQnLoDEqA_sentence_1088.wav,I won't go out unless it stops raining.,Tôi sẽ không ra ngoài trừ khi trời hết mưa.,A2
eRiQnLoDEqA_sentence_109.wav,She brushed off the sand from her shoes.,Cô ấy đã phủi cát khỏi giày.,A2
eRiQnLoDEqA_sentence_121.wav,There is a market in the town.,Có một khu chợ trong thị trấn.,A2
eRiQnLoDEqA_sentence_125.wav,She goes to the market once a week.,Cô ấy đi chợ một tuần một lần.,A2
eRiQnLoDEqA_sentence_147.wav,Send.,Gửi.,A1
eRiQnLoDEqA_sentence_165.wav,Sudden,Đột ngột,A1
eRiQnLoDEqA_sentence_185.wav,I'm your neighbor.,Tôi là hàng xóm của anh.,A1
eRiQnLoDEqA_sentence_216.wav,I'm amazed at her rapid progress in English.,Tôi ngạc nhiên với sự tiến bộ nhanh chóng của cô ấy trong tiếng Anh.,A2
eRiQnLoDEqA_sentence_217.wav,Bad. I'm so bad at singing.,"Tệ thật, tôi hát tệ lắm.",A1
eRiQnLoDEqA_sentence_218.wav,soap was bad for his face.,Xà phòng không tốt cho mặt.,A2
eRiQnLoDEqA_sentence_234.wav,It's virtually impossible.,Điều đó gần như là không thể.,A1
eRiQnLoDEqA_sentence_247.wav,She kept silent during the meal.,Cô giữ im lặng trong bữa ăn.,A2
eRiQnLoDEqA_sentence_258.wav,"To achieve something you've never had before, you must do something you've never done before.","Để đạt được điều mà bạn chưa từng có trước đây, bạn phải làm điều mà bạn chưa từng làm trước đây.",B1
eRiQnLoDEqA_sentence_281.wav,Don't talk about work. We're on vacation.,"Đừng nói về công việc, chúng ta đang đi nghỉ.",A1
eRiQnLoDEqA_sentence_294.wav,She is a very wealthy woman.,Cô ấy là một phụ nữ rất giàu có.,A2
eRiQnLoDEqA_sentence_309.wav,Normal.,Bình thường.,A1
eRiQnLoDEqA_sentence_311.wav,Everything is normal.,Mọi thứ đều bình thường.,A1
eRiQnLoDEqA_sentence_315.wav,It's normal to make mistakes.,Phạm sai lầm là điều bình thường.,A2
eRiQnLoDEqA_sentence_318.wav,My sister read various books.,Chị tôi đọc nhiều sách.,A1
eRiQnLoDEqA_sentence_326.wav,The soil in this area is very fertile.,Đất ở khu vực này rất màu mỡ.,A2
eRiQnLoDEqA_sentence_327.wav,Nothing seems to grow in this soil.,Dường như không có gì mọc trên đất này.,A2
eRiQnLoDEqA_sentence_328.wav,Store,Lưu,A1
eRiQnLoDEqA_sentence_334.wav,Can you take us to the nearest department store?,Anh có thể đưa chúng tôi đến trung tâm mua sắm gần nhất không?,A2
eRiQnLoDEqA_sentence_358.wav,We'll all be dead eventually.,Cuối cùng tất cả chúng ta sẽ chết.,A2
eRiQnLoDEqA_sentence_360.wav,She rejected my proposal.,Cô ta từ chối đề nghị của tôi.,A1
eRiQnLoDEqA_sentence_365.wav,He probably won't approve your proposal.,Có lẽ ông ấy sẽ không chấp nhận đề nghị của bạn.,A2
eRiQnLoDEqA_sentence_373.wav,C,CLanguage,A2
eRiQnLoDEqA_sentence_374.wav,See you again.,Gặp lại sau.,A1
eRiQnLoDEqA_sentence_378.wav,Do you see that small house?,Thấy ngôi nhà nhỏ đó không?,A1
eRiQnLoDEqA_sentence_389.wav,I agree with her one hundred percent.,Tôi đồng ý với cô ấy 100%.,A2
eRiQnLoDEqA_sentence_390.wav,I'm not 100% sure I'll be back.,Tôi không chắc 100% là tôi sẽ quay lại.,A2
eRiQnLoDEqA_sentence_397.wav,I lost my key somewhere around here.,Tôi làm mất chìa khoá ở đâu đó quanh đây.,A2
eRiQnLoDEqA_sentence_401.wav,Are you ready?,Bạn đã sẵn sàng chưa?,A1
eRiQnLoDEqA_sentence_404.wav,Just say yes or no.,Chỉ cần nói có hay không.,A1
eRiQnLoDEqA_sentence_407.wav,I am no longer a child.,Tôi không còn là một đứa trẻ nữa.,A2
eRiQnLoDEqA_sentence_414.wav,Raise your hands if you know the answer.,Giơ tay lên nếu bạn biết câu trả lời.,A2
eRiQnLoDEqA_sentence_420.wav,Arrive.,Đến dự.,A1
eRiQnLoDEqA_sentence_428.wav,He made an impressive presentation.,Anh ấy đã có một bài thuyết trình ấn tượng.,A2
eRiQnLoDEqA_sentence_444.wav,"Over time, he got used to the new environment.","Theo thời gian, anh đã quen với môi trường mới.",A2
eRiQnLoDEqA_sentence_456.wav,He's small for his age. Does he eat well?,Nó nhỏ so với tuổi. Nó ăn uống có ngon không?,A2
eRiQnLoDEqA_sentence_458.wav,She works for a small company.,Cô ấy làm việc cho một công ty nhỏ.,A2
eRiQnLoDEqA_sentence_479.wav,I owe you five dollars.,Tôi nợ anh 5 đô.,A1
eRiQnLoDEqA_sentence_503.wav,He looked directly at us.,Ông nhìn thẳng vào chúng tôi.,A2
eRiQnLoDEqA_sentence_507.wav,Unfortunately.,Thật không may.,A2
eRiQnLoDEqA_sentence_517.wav,That's an excellent idea.,Đó là một ý tưởng tuyệt vời.,A1
eRiQnLoDEqA_sentence_519.wav,Still,Vẫn,A1
eRiQnLoDEqA_sentence_543.wav,I'm confident that I'll pass the exam.,Tôi tự tin rằng tôi sẽ vượt qua kỳ thi.,A1
eRiQnLoDEqA_sentence_552.wav,confidence.,Hãy tự tin.,A2
eRiQnLoDEqA_sentence_553.wav,He doesn't have any confidence in himself.,Anh ta không có chút tự tin nào.,A2
eRiQnLoDEqA_sentence_559.wav,Tree.,Cây.,A1
eRiQnLoDEqA_sentence_569.wav,Scissors.,Kéo.,A1
eRiQnLoDEqA_sentence_575.wav,Give me the scissors on the table.,Đưa tôi cái kéo trên bàn.,A1
eRiQnLoDEqA_sentence_576.wav,Education,Giáo dục,A1
eRiQnLoDEqA_sentence_581.wav,Lie.,Nói dối.,A1
eRiQnLoDEqA_sentence_597.wav,Your son must be quite tall by now.,Con trai bà giờ chắc cao lắm rồi.,A2
eRiQnLoDEqA_sentence_605.wav,He earns three times more than me.,Hắn kiếm được gấp ba lần tôi.,A2
eRiQnLoDEqA_sentence_611.wav,The train stopped suddenly.,Bỗng nhiên đoàn tàu dừng lại.,A2
eRiQnLoDEqA_sentence_629.wav,He was tall and thin with dark hair.,Ông cao và gầy với mái tóc đen.,A2
eRiQnLoDEqA_sentence_636.wav,Have you ever climbed Mount Everest?,Anh đã leo lên đỉnh Everest chưa?,A1
eRiQnLoDEqA_sentence_643.wav,Can you tell the difference between these two pictures?,Bạn có thể phân biệt được sự khác nhau giữa hai bức ảnh này không?,A2
eRiQnLoDEqA_sentence_645.wav,It doesn't make any difference to me whether he comes or not.,Nó có đến hay không cũng không có gì khác biệt với tôi.,A2
eRiQnLoDEqA_sentence_647.wav,Short.,Ngắn.,A1
eRiQnLoDEqA_sentence_650.wav,It's just a short distance from here.,Chỉ cách đây một đoạn ngắn thôi.,A2
eRiQnLoDEqA_sentence_677.wav,Who is playing the guitar?,Ai đang chơi guitar vậy?,A1
eRiQnLoDEqA_sentence_688.wav,When will you come back?,Khi nào anh quay lại?,A1
eRiQnLoDEqA_sentence_716.wav,I think we have to make a decision.,Tôi nghĩ chúng ta phải quyết định.,A1
eRiQnLoDEqA_sentence_730.wav,Would you mind if I close the window?,Anh có phiền không nếu tôi đóng cửa sổ?,A1
eRiQnLoDEqA_sentence_732.wav,Would you please close that window?,Anh làm ơn đóng cửa sổ lại được không?,A1
eRiQnLoDEqA_sentence_734.wav,The hotel is close to this area.,Khách sạn ở gần khu vực này.,A2
eRiQnLoDEqA_sentence_737.wav,I can't stand the smell of cigarette smoke.,Tôi không thể chịu được mùi khói thuốc lá.,A2
eRiQnLoDEqA_sentence_745.wav,Stop pulling my hair.,Đừng kéo tóc tôi nữa.,A1
eRiQnLoDEqA_sentence_772.wav,Many thanks for your support.,Cảm ơn rất nhiều vì sự ủng hộ của các bạn.,A1
eRiQnLoDEqA_sentence_783.wav,Warning.,Cảnh báo.,A1
eRiQnLoDEqA_sentence_836.wav,He is a very strange person.,Anh ta là một người rất lạ.,A1
eRiQnLoDEqA_sentence_838.wav,Don't you think that's strange?,Anh không thấy lạ sao?,A1
eRiQnLoDEqA_sentence_848.wav,"If I were you, I'd ignore it.","Nếu tôi là anh, tôi sẽ lờ đi.",A1
eRiQnLoDEqA_sentence_849.wav,We can't ignore this problem.,Chúng ta không thể bỏ qua vấn đề này.,A1
eRiQnLoDEqA_sentence_853.wav,Activity,Hoạt động,A1
eRiQnLoDEqA_sentence_857.wav,She takes part in many school activities.,Cô tham gia vào nhiều hoạt động của trường.,A2
eRiQnLoDEqA_sentence_864.wav,I couldn't stop laughing.,Tôi không thể ngừng cười.,A1
eRiQnLoDEqA_sentence_866.wav,"I told him a joke, but he didn't laugh.","Tôi kể cho anh ta một câu chuyện cười, nhưng anh ta không cười.",A2
eRiQnLoDEqA_sentence_893.wav,They usually go to art galleries on Sundays.,Họ thường đi xem triển lãm nghệ thuật vào Chủ nhật.,A2
eRiQnLoDEqA_sentence_895.wav,He doesn't know much about art.,Ông không biết nhiều về nghệ thuật.,A2
eRiQnLoDEqA_sentence_903.wav,Visit.,Thăm.,A1
eRiQnLoDEqA_sentence_910.wav,Age.,Tuổi tác.,A2
eRiQnLoDEqA_sentence_916.wav,He looks old for his age.,Trông già so với tuổi của nó.,A1
eRiQnLoDEqA_sentence_921.wav,Good eating habits are essential.,Thói quen ăn uống lành mạnh là điều cần thiết.,A2
eRiQnLoDEqA_sentence_924.wav,Most.,Hầu hết.,A1
eRiQnLoDEqA_sentence_932.wav,What does this sentence mean?,Câu này có nghĩa là gì?,A1
eRiQnLoDEqA_sentence_968.wav,Don't forget to sign your name.,Đừng quên ký tên.,A2
eRiQnLoDEqA_sentence_990.wav,Please send an ambulance.,Xin hãy cho xe cứu thương.,A1
eRiQnLoDEqA_sentence_991.wav,Please send me a message as soon as you arrive.,Hãy gửi cho tôi một tin nhắn ngay khi anh đến.,A2
eRiQnLoDEqA_sentence_997.wav,He didn't participate in the discussion.,Anh ta không tham gia vào cuộc thảo luận.,A2
eklfrJkH6xw_sentence_001.wav,It's now my turn.,Giờ đến lượt tôi.,A1
eklfrJkH6xw_sentence_013.wav,Build.,Xây dựng.,A1
eklfrJkH6xw_sentence_014.wav,He abandoned his plan to build a factory.,Ông từ bỏ kế hoạch xây dựng một nhà máy.,A2
eklfrJkH6xw_sentence_024.wav,Advise.,Khuyên.,A2
eklfrJkH6xw_sentence_030.wav,The lawyer advised me against buying that house.,Luật sư khuyên tôi không nên mua căn nhà đó.,A2
eklfrJkH6xw_sentence_049.wav,These genes are designed specifically for women.,Những gen này được thiết kế đặc biệt cho phụ nữ.,A2
eklfrJkH6xw_sentence_055.wav,Let's have a minute of silence.,Hãy yên lặng một chút.,A1
eklfrJkH6xw_sentence_102.wav,This is the official website.,Đây là trang web chính thức.,A1
eklfrJkH6xw_sentence_154.wav,This list is updated frequently.,Danh sách này được cập nhật thường xuyên.,A2
eklfrJkH6xw_sentence_167.wav,Please give me a second chance.,Làm ơn cho tôi một cơ hội thứ hai.,A1
eklfrJkH6xw_sentence_185.wav,Let's change the subject.,Hãy đổi chủ đề đi.,A1
eklfrJkH6xw_sentence_202.wav,He wrote the name in capitals.,Hắn viết tên bằng chữ in hoa.,A2
eklfrJkH6xw_sentence_262.wav,She was rewarded for her hard work.,Cô ấy được tưởng thưởng vì sự chăm chỉ của mình.,A2
eklfrJkH6xw_sentence_298.wav,I suck at tennis.,Tôi chơi tennis dở tệ.,A1
eklfrJkH6xw_sentence_304.wav,I wrote to them last month and I'm still waiting for a reply.,Tôi đã viết thư cho họ tháng trước và tôi vẫn đang chờ hồi âm.,A2
eklfrJkH6xw_sentence_327.wav,The construction blocked the entrance to the street.,Công trình đã chặn lối vào đường phố.,A2
eklfrJkH6xw_sentence_344.wav,Where are my kids?,Con tôi đâu rồi?,A1
eklfrJkH6xw_sentence_347.wav,Train.,Huấn luyện.,A1
eklfrJkH6xw_sentence_353.wav,Could you give me a lift to the train station?,Anh có thể cho tôi đi nhờ tới nhà ga không?,A1
eklfrJkH6xw_sentence_355.wav,"Excuse me, where is the train station?","Xin lỗi, ga tàu ở đâu?",A1
eklfrJkH6xw_sentence_425.wav,"Don't be shy, come and say hello.","Đừng ngại, đến chào hỏi đi.",A2
eklfrJkH6xw_sentence_452.wav,You deserve a reward for your efforts.,Bạn xứng đáng được thưởng cho nỗ lực của mình.,A1
eklfrJkH6xw_sentence_469.wav,Advantage,Advantage,A1
eklfrJkH6xw_sentence_472.wav,You should take advantage of this opportunity.,Anh nên tận dụng cơ hội này.,A1
eklfrJkH6xw_sentence_488.wav,He has a son who is a construction worker.,Ông có một con trai là một công nhân xây dựng.,A2
eklfrJkH6xw_sentence_520.wav,I'm training her to take over my job when I retire.,Tôi đang huấn luyện cô ấy để tiếp quản công việc của tôi khi tôi nghỉ hưu.,A2
eklfrJkH6xw_sentence_534.wav,I demand to know what's happening.,Tôi yêu cầu được biết chuyện gì đang xảy ra.,A1
eklfrJkH6xw_sentence_569.wav,Second.,Thứ hai.,A1
eklfrJkH6xw_sentence_588.wav,Frequently.,Thường xuyên.,A2
eklfrJkH6xw_sentence_596.wav,Special,Đặc biệt,A1
eklfrJkH6xw_sentence_598.wav,Is there any special reason for it?,Có lý do đặc biệt nào cho việc đó không?,A2
eklfrJkH6xw_sentence_600.wav,She cooked a special dinner for me.,Cô ấy đã nấu một bữa tối đặc biệt cho tôi.,A1
eklfrJkH6xw_sentence_609.wav,That doesn't interest me.,Điều đó không làm tôi quan tâm.,A2
eklfrJkH6xw_sentence_633.wav,He placed his hand on her shoulder.,Anh đặt tay lên vai nàng.,A2
eklfrJkH6xw_sentence_671.wav,Related,Liên quan,A2
eklfrJkH6xw_sentence_689.wav,Narrow.,Hẹp.,A2
eklfrJkH6xw_sentence_713.wav,I have marked the event on my calendar.,Tôi đã đánh dấu sự kiện này trên lịch của tôi.,A2
eklfrJkH6xw_sentence_720.wav,I have marked demand.,Tôi đã đánh dấu nhu cầu.,A2
eklfrJkH6xw_sentence_756.wav,My house is under construction.,Nhà tôi đang được xây dựng.,A1
eklfrJkH6xw_sentence_765.wav,His books are not well known.,Sách của ông không được biết đến nhiều.,A2
eklfrJkH6xw_sentence_766.wav,She is a well-known singer.,Cô là một ca sĩ nổi tiếng.,A2
eklfrJkH6xw_sentence_783.wav,D. Crace,D. Crace,A2
eklfrJkH6xw_sentence_785.wav,This medicine will decrease your pain.,Thuốc này sẽ giúp giảm đau.,A2
eklfrJkH6xw_sentence_792.wav,The weather is wonderful.,Thời tiết tuyệt vời.,A1
eklfrJkH6xw_sentence_798.wav,"I grew up in a poor family, but","Tôi lớn lên trong một gia đình nghèo, nhưng",A2
eklfrJkH6xw_sentence_799.wav,They complained about the poor service.,Họ phàn nàn về dịch vụ tồi tệ.,A2
eklfrJkH6xw_sentence_817.wav,Can he speak English?,Nó nói được tiếng Anh không?,A1
eklfrJkH6xw_sentence_843.wav,There is no easy solution to this problem.,Không có giải pháp dễ dàng nào cho vấn đề này.,A2
eklfrJkH6xw_sentence_851.wav,We are looking for a project manager.,Chúng tôi đang tìm một quản lý dự án.,A2
eklfrJkH6xw_sentence_852.wav,Contain,Chứa,A2
eklfrJkH6xw_sentence_861.wav,"Don't worry, I will protect you.","Đừng lo, tôi sẽ bảo vệ cô.",A1
eklfrJkH6xw_sentence_862.wav,Sunglasses protect our eyes from the sun.,Kính râm bảo vệ mắt khỏi ánh nắng mặt trời.,A2
eklfrJkH6xw_sentence_873.wav,Moon,Mặt trăngName,A1
eklfrJkH6xw_sentence_882.wav,Progress.,Tiến bộ.,A2
eklfrJkH6xw_sentence_896.wav,Your work is below average.,Công việc của anh dưới mức trung bình.,A2
eklfrJkH6xw_sentence_911.wav,Foot.,Bàn chân.,A1
eklfrJkH6xw_sentence_916.wav,He has a small tattoo on his right foot.,Anh ta có một hình xăm nhỏ ở chân phải.,A2
eklfrJkH6xw_sentence_917.wav,It takes an hour to get to the station on foot.,Phải mất một tiếng để đi bộ đến nhà ga.,A2
eklfrJkH6xw_sentence_922.wav,You d wet.,Bạn ướt.,A1
eklfrJkH6xw_sentence_929.wav,Reveal,Reveal,A1
eklfrJkH6xw_sentence_930.wav,She revealed her secret to me.,Cô ấy đã tiết lộ bí mật của mình cho tôi.,A2
eklfrJkH6xw_sentence_938.wav,Her expression revealed nothing.,Nét mặt cô không biểu lộ điều gì.,B1
eklfrJkH6xw_sentence_939.wav,The doctors did not reveal the truth to him.,Các bác sĩ đã không tiết lộ sự thật cho anh ta.,A2
eklfrJkH6xw_sentence_942.wav,I can teach you how to swim.,Tôi có thể dạy anh bơi.,A1
eklfrJkH6xw_sentence_944.wav,She teach repeat.,Cô ấy dạy lặp lại.,A2
eklfrJkH6xw_sentence_953.wav,How do you spell your last name? Cover.,Đánh vần họ của anh thế nào?,A2
eklfrJkH6xw_sentence_955.wav,You can't judge a book by its cover.,Bạn không thể đánh giá một cuốn sách qua cái bìa.,A2
eklfrJkH6xw_sentence_969.wav,The serve.,Cú giao bóng.,A2
eklfrJkH6xw_sentence_993.wav,She mentioned you specifically.,Cô ấy đã đề cập đến anh.,A2
elCuqmWqd28_sentence_059.wav,The teacher demonstrated the idea with an experiment.,Giáo viên trình bày ý tưởng bằng một thí nghiệm.,A2
elCuqmWqd28_sentence_066.wav,Knowing how to use a computer is a crucial skill in today's professional job market.,Biết cách sử dụng máy tính là kỹ năng quan trọng trong thị trường việc làm chuyên nghiệp ngày nay.,B1
elCuqmWqd28_sentence_080.wav,This shirt is terribly expensive.,Cái áo này đắt khủng khiếp.,A1
elCuqmWqd28_sentence_118.wav,We don't have any proof.,Chúng ta không có bằng chứng nào.,A1
elCuqmWqd28_sentence_135.wav,The power of love is enormous.,Sức mạnh của tình yêu là vô cùng to lớn.,A1
elCuqmWqd28_sentence_164.wav,Separately.,Tách riêng.,A2
elCuqmWqd28_sentence_165.wav,Would you like to pay together or separately?,Anh muốn trả cùng nhau hay trả riêng?,A2
elCuqmWqd28_sentence_166.wav,We like to pay separately.,Chúng tôi muốn trả tiền riêng.,A2
elCuqmWqd28_sentence_171.wav,Are you free on Wednesday?,Thứ Tư anh rảnh chứ?,A1
elCuqmWqd28_sentence_172.wav,I'll see you next Wednesday.,Hẹn gặp lại vào thứ tư tới.,A1
elCuqmWqd28_sentence_173.wav,She has been absent since last week merely.,Cô ấy chỉ vắng mặt từ tuần trước.,A2
elCuqmWqd28_sentence_185.wav,How much grand.,Bao nhiêu ngàn đô.,A1
elCuqmWqd28_sentence_199.wav,They bought a new stove yesterday.,Hôm qua họ mua một cái lò mới.,A2
elCuqmWqd28_sentence_205.wav,This factory manufactures electric stoves.,Nhà máy này sản xuất bếp điện.,A2
elCuqmWqd28_sentence_209.wav,The movie is based on actual events.,Bộ phim dựa trên các sự kiện thực tế.,A2
elCuqmWqd28_sentence_211.wav,The entertain.,Giải trí.,A1
elCuqmWqd28_sentence_212.wav,He entertained us for hours with his stories and jokes.,Ông ấy đã giải trí cho chúng tôi hàng giờ với những câu chuyện và những câu chuyện cười của mình.,A2
elCuqmWqd28_sentence_213.wav,He certainly knows how to entertain people.,Hắn biết cách làm cho người ta vui.,A2
elCuqmWqd28_sentence_214.wav,Entertain.,Giải trí.,A1
elCuqmWqd28_sentence_261.wav,He seems to be unwilling to compromise.,Có vẻ như hắn không muốn thoả hiệp.,A2
elCuqmWqd28_sentence_264.wav,Why are you always so critical?,Sao lúc nào anh cũng chỉ trích vậy?,A1
elCuqmWqd28_sentence_307.wav,Upper.,Trên.,A2
elCuqmWqd28_sentence_309.wav,All of his upper teeth are missing.,Tất cả răng trên của nó đều mất.,A2
elCuqmWqd28_sentence_318.wav,They criticized me for coming late.,Họ chỉ trích tôi vì đến muộn.,A2
elCuqmWqd28_sentence_334.wav,Grand.,Lớn.,A1
elCuqmWqd28_sentence_346.wav,Advanced.,Nâng cao.,A1
elCuqmWqd28_sentence_351.wav,"We offer a variety of courses for elementary, intermediate, and advanced levels.","Chúng tôi cung cấp nhiều khóa học cho các cấp độ sơ cấp, trung cấp và nâng cao.",A2
elCuqmWqd28_sentence_361.wav,Pollution,Ô nhiễm,A1
elCuqmWqd28_sentence_365.wav,Air pollution is a serious problem.,Ô nhiễm không khí là một vấn đề nghiêm trọng.,A2
elCuqmWqd28_sentence_366.wav,We have to do more to protect the environment from pollution.,Chúng ta phải làm nhiều hơn nữa để bảo vệ môi trường khỏi ô nhiễm.,A2
elCuqmWqd28_sentence_377.wav,Slip.,Trượt.,A1
elCuqmWqd28_sentence_393.wav,Shiny.,Sáng bóng.,A2
elCuqmWqd28_sentence_394.wav,A shiny red car is coming.,Một chiếc xe màu đỏ sáng bóng đang tới.,A1
elCuqmWqd28_sentence_395.wav,His face was shiny with sweat.,Mặt anh ta sáng bóng mồ hôi.,A2
elCuqmWqd28_sentence_417.wav,You are too weak to do that.,Anh quá yếu để làm điều đó.,A1
elCuqmWqd28_sentence_418.wav,I am weak in math.,Tôi học toán rất kém.,A1
elCuqmWqd28_sentence_426.wav,"She spoke in a weak voice, but","Cô nói bằng giọng yếu ớt, nhưng",A2
elCuqmWqd28_sentence_427.wav,Critical.,Quan trọng.,A2
elCuqmWqd28_sentence_432.wav,He was in critical condition.,Anh ta đang trong tình trạng nguy kịch.,A2
elCuqmWqd28_sentence_458.wav,The patient's condition is stable. It is not getting worse.,"Tình trạng bệnh nhân ổn định, không có gì xấu đi.",A2
elCuqmWqd28_sentence_476.wav,Stove,Lò,A1
elCuqmWqd28_sentence_516.wav,I'd like to take an advanced English course.,Tôi muốn học một khoá tiếng Anh nâng cao.,A1
elCuqmWqd28_sentence_532.wav,She slipped and fell while walking down the stairs.,Cô trượt chân và ngã khi đi xuống cầu thang.,A2
elCuqmWqd28_sentence_538.wav,Arrow,Mũi tênStencils,A1
elCuqmWqd28_sentence_540.wav,The arrow hit its target.,Mũi tên trúng mục tiêu.,A2
elCuqmWqd28_sentence_587.wav,I can't understand why you are so critical of him.,Tôi không hiểu sao anh lại chỉ trích anh ta như vậy.,A2
elCuqmWqd28_sentence_607.wav,This is our main objective.,Đây là mục tiêu chính của chúng tôi.,A2
elCuqmWqd28_sentence_632.wav,This ladder doesn't seem very stable.,Cái thang này có vẻ không ổn định lắm.,A2
elCuqmWqd28_sentence_641.wav,They have a stable relationship.,Họ có một mối quan hệ ổn định.,A1
elCuqmWqd28_sentence_663.wav,He announced his intention to retire.,Ông tuyên bố ý định nghỉ hưu.,A2
elCuqmWqd28_sentence_676.wav,The software has many advanced features.,Phần mềm có nhiều tính năng nâng cao.,A2
elCuqmWqd28_sentence_692.wav,"He was unwilling to take on that responsibility, but","Ông ấy không muốn nhận trách nhiệm đó, nhưng",A2
elCuqmWqd28_sentence_699.wav,He is a leading authority in his field.,Ông là một người có thẩm quyền hàng đầu trong lĩnh vực của mình.,B1
elCuqmWqd28_sentence_705.wav,I don't have the authority to fire him.,Tôi không có thẩm quyền sa thải anh ta.,A2
elCuqmWqd28_sentence_710.wav,Objective,Mục tiêu,A2
elCuqmWqd28_sentence_727.wav,The salesman demonstrated how to use it.,Người bán hàng đã chứng minh cách sử dụng nó.,A2
elCuqmWqd28_sentence_738.wav,Be careful not to slip.,Cẩn thận đừng để trượt chân.,A1
elCuqmWqd28_sentence_749.wav,We have no alternative but to fire him.,Chúng ta không còn cách nào khác ngoài việc sa thải anh ta.,A2
elCuqmWqd28_sentence_750.wav,Dishonest.,Không trung thực.,A2
elCuqmWqd28_sentence_754.wav,He has a bad reputation of being dishonest.,Anh ta có tiếng xấu là không trung thực.,A2
elCuqmWqd28_sentence_755.wav,What they are doing is not considered dishonest.,Những gì họ đang làm không bị coi là không trung thực.,A2
elCuqmWqd28_sentence_766.wav,Actively.,Chủ động.,A1
elCuqmWqd28_sentence_769.wav,She actively takes part in social activities.,Cô tích cực tham gia vào các hoạt động xã hội.,A2
elCuqmWqd28_sentence_774.wav,She's actively looking for a job.,Cô ấy đang tích cực tìm việc làm.,A2
elCuqmWqd28_sentence_775.wav,Your proposal is being actively considered.,Đề xuất của anh đang được xem xét.,A2
elCuqmWqd28_sentence_776.wav,She activates automatically.,Cô ấy tự động kích hoạt.,A2
elCuqmWqd28_sentence_821.wav,I can't understand the appeal of fishing.,Tôi không thể hiểu được sức hấp dẫn của việc câu cá.,A2
elCuqmWqd28_sentence_831.wav,Wind direction is represented by arrows.,Hướng gió được biểu thị bằng mũi tên.,A2
elCuqmWqd28_sentence_839.wav,His beginning in business is not really smooth.,Khởi đầu kinh doanh của anh ta không suôn sẻ lắm.,A2
elCuqmWqd28_sentence_840.wav,"It's not much, but at least it's a successful beginning.","Không nhiều, nhưng ít nhất đó là một khởi đầu thành công.",A2
elCuqmWqd28_sentence_847.wav,He's not the kind of person who always criticizes others.,Anh ấy không phải là loại người luôn chỉ trích người khác.,A2
fWtRSg0GLYc_sentence_011.wav,Congratulations on your success. You deserve it.,"Chúc mừng sự thành công của anh, anh xứng đáng được như vậy.",A2
fWtRSg0GLYc_sentence_012.wav,There is no shortcut to success.,Không có con đường tắt dẫn đến thành công.,A2
fWtRSg0GLYc_sentence_016.wav,Double.,Gấp đôi.,A2
fWtRSg0GLYc_sentence_018.wav,He's paid double for the same job.,Hắn được trả gấp đôi cho cùng một công việc.,A2
fWtRSg0GLYc_sentence_030.wav,Excited.,Hào hứng.,A1
fWtRSg0GLYc_sentence_053.wav,Can you estimate its value?,Bạn có thể ước tính giá trị của nó không?,A2
fWtRSg0GLYc_sentence_103.wav,Can you help look after the kids?,Cô có thể giúp trông bọn trẻ không?,A1
fWtRSg0GLYc_sentence_129.wav,I dare you to say that again.,Tôi thách anh dám nói lại lần nữa.,A1
fWtRSg0GLYc_sentence_150.wav,You deserve to be happy.,Bạn xứng đáng được hạnh phúc.,A1
fWtRSg0GLYc_sentence_168.wav,I'll pass the information to our sales department.,Tôi sẽ chuyển thông tin cho bộ phận bán hàng.,A2
fWtRSg0GLYc_sentence_177.wav,Break. When did she break the window?,Cô ấy đập cửa sổ khi nào?,A1
fWtRSg0GLYc_sentence_181.wav,Let's take a 10-minute break. Notice,Hãy nghỉ 10 phút. Chú ý nhé.,A2
fWtRSg0GLYc_sentence_192.wav,"Although he has many friends, he is lonely.","Mặc dù có nhiều bạn bè, nhưng anh ta cô đơn.",A2
fWtRSg0GLYc_sentence_193.wav,"Although she is over seventy, she is still very active.","Mặc dù bà đã trên 70 tuổi, bà vẫn rất năng động.",A2
fWtRSg0GLYc_sentence_204.wav,Have you ever donated blood? I'd like to have a blood test.,Anh đã bao giờ hiến máu chưa?,A1
fWtRSg0GLYc_sentence_213.wav,I don't support his ideas.,Tôi không ủng hộ ý tưởng của ông ta.,A2
fWtRSg0GLYc_sentence_217.wav,Thanks for your support. I appreciate it.,"Cảm ơn sự hỗ trợ của anh, tôi rất cảm kích.",A1
fWtRSg0GLYc_sentence_222.wav,She advised him to get exercise every day.,Bà khuyên anh nên tập thể dục mỗi ngày.,A2
fWtRSg0GLYc_sentence_237.wav,"If you don't do it now, you'll regret it later.","Nếu không làm ngay, sau này bạn sẽ hối hận.",A2
fWtRSg0GLYc_sentence_267.wav,Kimchi is a traditional Korean dish.,Kimchi là một món ăn truyền thống của Hàn Quốc.,A2
fWtRSg0GLYc_sentence_274.wav,They crossed the border.,Họ đã vượt biên.,A1
fWtRSg0GLYc_sentence_300.wav,"In general, she is a trustworthy person.","Nói chung, cô ấy là một người đáng tin cậy.",A2
fWtRSg0GLYc_sentence_308.wav,She spent more money than usual.,Cô ấy tiêu nhiều tiền hơn bình thường.,A2
fWtRSg0GLYc_sentence_309.wav,He came home later than usual.,Anh ấy về muộn hơn thường lệ.,A1
fWtRSg0GLYc_sentence_313.wav,It's a mad idea.,Đó là một ý tưởng điên rồ.,A1
fWtRSg0GLYc_sentence_323.wav,My wife works in a travel agency.,Vợ tôi làm việc trong một công ty du lịch.,A2
fWtRSg0GLYc_sentence_339.wav,The joy you give to others is the joy that comes back to you.,Niềm vui mà bạn đem lại cho người khác chính là niềm vui quay trở lại với bạn.,A2
fWtRSg0GLYc_sentence_349.wav,Are you going to come?,Anh có đi không?,A1
fWtRSg0GLYc_sentence_350.wav,Perhaps,Có lẽ,A1
fWtRSg0GLYc_sentence_389.wav,I d single.,Tôi đã độc thân.,A2
fWtRSg0GLYc_sentence_398.wav,Do you have any news to report?,Anh có tin gì để báo không?,A1
fWtRSg0GLYc_sentence_440.wav,I don't want you involved in this.,Tôi không muốn anh dính vào chuyện này.,A1
fWtRSg0GLYc_sentence_461.wav,She surprised him with a kiss.,Cô ngạc nhiên với một nụ hôn.,A2
fWtRSg0GLYc_sentence_463.wav,Do you remember your first kiss?,Anh còn nhớ nụ hôn đầu không?,A1
fWtRSg0GLYc_sentence_471.wav,My father works in a factory.,Cha tôi làm việc trong một nhà máy.,A2
fWtRSg0GLYc_sentence_472.wav,He has worked in this factory for eleven years.,Ông đã làm việc trong nhà máy này trong mười một năm.,A2
fWtRSg0GLYc_sentence_479.wav,The bridge was built in the 1980s.,Cây cầu được xây dựng vào những năm 1980.,A2
fWtRSg0GLYc_sentence_488.wav,Except,Ngoại trừ,A2
fWtRSg0GLYc_sentence_498.wav,I look forward to seeing you again.,Tôi mong được gặp lại cô.,A1
fWtRSg0GLYc_sentence_513.wav,All of them are very poor.,Tất cả họ đều rất nghèo.,A1
fWtRSg0GLYc_sentence_514.wav,Speaker,Loa,A1
fXyoyYdUOvc_sentence_000.wav,Tent,Lều,A2
fXyoyYdUOvc_sentence_008.wav,allowed.,cho phép.,A1
fXyoyYdUOvc_sentence_013.wav,I could not stop myself from crying aloud.,Tôi không thể ngăn mình khóc to.,A2
fXyoyYdUOvc_sentence_017.wav,What's your favorite TV program?,Chương trình truyền hình yêu thích của bạn là gì?,A1
fXyoyYdUOvc_sentence_018.wav,This is an entertainment program.,Đây là một chương trình giải trí.,A1
fXyoyYdUOvc_sentence_020.wav,Program.,Chương trình.,A2
fXyoyYdUOvc_sentence_023.wav,Many T V programs have a bad influence on children.,Nhiều chương trình TV có ảnh hưởng xấu đến trẻ em.,A2
fXyoyYdUOvc_sentence_038.wav,You're in a restricted area.,Anh đang ở khu vực cấm.,A1
fXyoyYdUOvc_sentence_047.wav,His speech captured our attention.,Bài phát biểu của ông đã thu hút sự chú ý của chúng tôi.,A2
fXyoyYdUOvc_sentence_055.wav,"Whenever I hear that song, I remember my youth.","Bất cứ khi nào tôi nghe bài hát đó, tôi nhớ lại tuổi trẻ của mình.",A2
fXyoyYdUOvc_sentence_074.wav,"Give me a pin, please.",Đưa tôi cái ghim.,A1
fXyoyYdUOvc_sentence_093.wav,Clever.,Thông minh.,A1
fXyoyYdUOvc_sentence_113.wav,We sincerely apologize for our error.,Chúng tôi thành thật xin lỗi vì lỗi của chúng tôi.,A2
fXyoyYdUOvc_sentence_128.wav,Celebration.,Ăn mừng.,A1
fXyoyYdUOvc_sentence_150.wav,There are billions of stars in the universe.,Có hàng tỉ ngôi sao trong vũ trụ.,A2
fXyoyYdUOvc_sentence_169.wav,How could you be so cruel?,Sao anh có thể tàn nhẫn như vậy?,A1
fXyoyYdUOvc_sentence_183.wav,She gave me an approving nod.,Cô gật đầu tán thành.,A2
fXyoyYdUOvc_sentence_184.wav,Approving.,Phê duyệt.,A2
fXyoyYdUOvc_sentence_187.wav,Cell phone.,Điện thoại di động.,A1
fXyoyYdUOvc_sentence_192.wav,Her cell phone went bad because of the rain.,Điện thoại của cô ấy bị hỏng vì mưa.,A2
fXyoyYdUOvc_sentence_193.wav,They talk to each other on a cell phone for hours.,Họ nói chuyện với nhau qua điện thoại hàng giờ liền.,A2
fXyoyYdUOvc_sentence_195.wav,Officially,Chính thức,A1
fXyoyYdUOvc_sentence_199.wav,We are officially open today.,Chúng tôi chính thức mở cửa hôm nay.,A1
fXyoyYdUOvc_sentence_200.wav,Genuine,Chính xác,A1
fXyoyYdUOvc_sentence_202.wav,She always showed genuine concern for others.,Cô luôn tỏ ra quan tâm chân thành đến người khác.,A2
fXyoyYdUOvc_sentence_206.wav,The signature is genuine.,Chữ ký là thật.,A1
fXyoyYdUOvc_sentence_236.wav,She read the letter aloud to us.,Cô đọc to bức thư cho chúng tôi nghe.,A1
fXyoyYdUOvc_sentence_238.wav,Efficiently.,Hiệu quả.,A2
fXyoyYdUOvc_sentence_245.wav,It's hard to work efficiently in such noisy environment.,Thật khó để làm việc hiệu quả trong môi trường ồn ào như vậy.,B1
fXyoyYdUOvc_sentence_249.wav,Upstairs.,Trên lầu.,A1
fXyoyYdUOvc_sentence_253.wav,You can use the upstairs bathroom.,Anh có thể dùng phòng tắm trên lầu.,A1
fXyoyYdUOvc_sentence_254.wav,Take these bags upstairs.,Đem mấy cái túi lên lầu.,A1
fXyoyYdUOvc_sentence_259.wav,I felt a lot of shame and embarrassment.,Tôi cảm thấy rất xấu hổ và bối rối.,A2
fXyoyYdUOvc_sentence_260.wav,Embarrassment,Xấu hổ,A1
fXyoyYdUOvc_sentence_275.wav,Castle,Lâu đàiName,A1
fXyoyYdUOvc_sentence_277.wav,The castle is now in ruins.,Lâu đài bây giờ đã bị huỷ hoại.,A2
fXyoyYdUOvc_sentence_279.wav,This castle is beautiful.,Lâu đài này đẹp lắm.,A1
fXyoyYdUOvc_sentence_281.wav,"Seen from a distance, the big rock looks like an old castle.","Nhìn từ xa, tảng đá lớn trông giống như một lâu đài cổ.",A2
fXyoyYdUOvc_sentence_289.wav,This song is relaxing. I like it.,"Bài hát này rất thư giãn, tôi thích nó.",A1
fXyoyYdUOvc_sentence_293.wav,God.,Chúa ơi.,A1
fXyoyYdUOvc_sentence_294.wav,Oh my god!,Ôi chúa ơi!,A1
fXyoyYdUOvc_sentence_295.wav,Do you believe in God?,Anh có tin vào Chúa không?,A1
fXyoyYdUOvc_sentence_299.wav,I swear to god I didn't do anything.,"Thề có Chúa, tôi không làm gì hết.",A1
fXyoyYdUOvc_sentence_301.wav,I'd like to talk to you privately.,Tôi muốn nói chuyện riêng với anh.,A2
fXyoyYdUOvc_sentence_303.wav,Privately.,Giữ kín.,A2
fXyoyYdUOvc_sentence_305.wav,Their children were educated privately.,Con cái của họ được giáo dục riêng.,A2
fXyoyYdUOvc_sentence_308.wav,Collection,Bộ sưu tập,A2
fXyoyYdUOvc_sentence_309.wav,He showed me his collection of butterflies.,Ông ấy cho tôi xem bộ sưu tập bướm.,A1
fXyoyYdUOvc_sentence_321.wav,Properly.,Đúng vậy.,A1
fXyoyYdUOvc_sentence_332.wav,Tent.,Lều.,A1
fXyoyYdUOvc_sentence_338.wav,They arrived at the campsite and put up the tent.,Họ đến khu cắm trại và dựng lều lên.,A2
fXyoyYdUOvc_sentence_340.wav,Encounter.,Encounter (bằng tiếng Anh).,A2
fXyoyYdUOvc_sentence_349.wav,We encountered many difficulties.,Chúng tôi gặp nhiều khó khăn.,A2
fXyoyYdUOvc_sentence_361.wav,He was very hurt by her cruel words.,Anh ta rất đau đớn bởi những lời tàn nhẫn của cô.,A2
fXyoyYdUOvc_sentence_370.wav,Would you like to see my stamp collection?,Anh có muốn xem bộ sưu tập tem của tôi không?,A2
fXyoyYdUOvc_sentence_375.wav,Oddly.,Lạ thật.,A2
fXyoyYdUOvc_sentence_379.wav,He is behaving oddly.,Anh ta đang cư xử kỳ lạ.,A2
fXyoyYdUOvc_sentence_380.wav,Pregnant.,Mang thai.,A1
fXyoyYdUOvc_sentence_386.wav,She's six months pregnant.,Cô ấy mang thai sáu tháng.,A1
fXyoyYdUOvc_sentence_408.wav,The television isn't working properly.,TV không hoạt động bình thường.,A2
fXyoyYdUOvc_sentence_423.wav,How could you be so unkind?,Sao anh có thể tàn nhẫn thế?,A1
fXyoyYdUOvc_sentence_433.wav,Please give me a spool of white thread.,Làm ơn cho tôi một cuộn chỉ trắng.,A2
fXyoyYdUOvc_sentence_434.wav,Thread.,Chỉ.,A2
fXyoyYdUOvc_sentence_437.wav,Treat.,Điều trị.,A1
fXyoyYdUOvc_sentence_462.wav,I turned red with embarrassment.,Mặt tôi đỏ lên vì xấu hổ.,A2
fXyoyYdUOvc_sentence_471.wav,efficiently.,Một cách hiệu quả.,A2
fXyoyYdUOvc_sentence_473.wav,He gets things done quickly and efficiently.,Anh ấy hoàn thành công việc nhanh chóng và hiệu quả.,A2
fXyoyYdUOvc_sentence_478.wav,Accidental.,Tình cờ.,A2
fXyoyYdUOvc_sentence_483.wav,That discovery was quite accidental.,Khám phá đó khá tình cờ.,A2
fXyoyYdUOvc_sentence_485.wav,This is an accidental error.,Đây là một lỗi vô tình.,A2
fXyoyYdUOvc_sentence_489.wav,properly.,"Nếu bạn không thể tự mình làm điều này, hãy thử tìm một người bạn có thể giúp bạn làm điều này.",A1
fXyoyYdUOvc_sentence_548.wav,I hate it when people can't pronounce my name properly.,Tôi ghét khi người ta không thể phát âm tên tôi đúng.,A2
fXyoyYdUOvc_sentence_559.wav,Everyone deserves to be treated with respect.,Mọi người đều xứng đáng được đối xử tôn trọng.,A1
fXyoyYdUOvc_sentence_575.wav,Their wedding celebration is on December 20th.,Lễ cưới của họ là vào ngày 20 tháng 12.,A2
fXyoyYdUOvc_sentence_590.wav,What do you think of our collection?,Anh nghĩ sao về bộ sưu tập của chúng tôi?,A1
fXyoyYdUOvc_sentence_634.wav,He got his girlfriend pregnant and they're getting married.,Anh ta làm bạn gái có bầu và họ sẽ cưới nhau.,A2
fXyoyYdUOvc_sentence_636.wav,My wife is pregnant.,Vợ tôi đang mang thai.,A1
fXyoyYdUOvc_sentence_646.wav,I'm being treated like a criminal.,Tôi đang bị đối xử như một tên tội phạm.,A1
fXyoyYdUOvc_sentence_649.wav,My parents still treat me like a child.,Bố mẹ tôi vẫn đối xử với tôi như một đứa trẻ.,A1
fXyoyYdUOvc_sentence_664.wav,The birth of his son was a cause for celebration.,Sự ra đời của con trai ông là một lý do để ăn mừng.,A2
fXyoyYdUOvc_sentence_671.wav,The red.,Màu đỏ.,A1
fXyoyYdUOvc_sentence_672.wav,Her life is hanging by a thread.,Mạng sống của cô ấy như chỉ mành treo chuông.,A2
fXyoyYdUOvc_sentence_688.wav,I don't think our meeting was accidental.,Tôi không nghĩ cuộc gặp của chúng ta là tình cờ.,A2
fXyoyYdUOvc_sentence_690.wav,Unkind.,Không tử tế.,A2
fXyoyYdUOvc_sentence_694.wav,He was unkind to me.,Hắn không tốt với tôi.,A2
fXyoyYdUOvc_sentence_732.wav,That was our first encounter.,Đó là lần đầu tiên chúng tôi gặp nhau.,A1
fXyoyYdUOvc_sentence_734.wav,He encountered a friend on the road.,Anh gặp một người bạn trên đường.,A2
fXyoyYdUOvc_sentence_737.wav,We slept in a very small tent.,Chúng tôi ngủ trong một cái lều rất nhỏ.,A2
fXyoyYdUOvc_sentence_752.wav,"Treat your employees properly, they are your greatest assets.","Đối xử tốt với nhân viên, họ là tài sản quý giá nhất của bạn.",A2
fXyoyYdUOvc_sentence_802.wav,"I need some money, he said, with a tone of embarrassment.","Tôi cần ít tiền, hắn nói, với một giọng ngượng ngùng.",A2
fXyoyYdUOvc_sentence_809.wav,I'm trying to work more efficiently.,Tôi đang cố làm việc hiệu quả hơn.,A2
fXyoyYdUOvc_sentence_868.wav,She has a cruel fate.,Cô ta có một số phận tàn nhẫn.,A2
fXyoyYdUOvc_sentence_920.wav,He is very severe with his children.,Ông rất nghiêm khắc với con cái của mình.,A2
fYqpwIvbxIQ_sentence_007.wav,I'll take over your duties.,Tôi sẽ tiếp quản nhiệm vụ của anh.,A2
fYqpwIvbxIQ_sentence_072.wav,Initially the symptoms are mild.,Ban đầu các triệu chứng là nhẹ.,A2
fYqpwIvbxIQ_sentence_077.wav,She put me in a delicate situation.,Cô ta đẩy tôi vào tình huống nhạy cảm.,A2
fYqpwIvbxIQ_sentence_092.wav,Mixed,Trộn,A2
fYqpwIvbxIQ_sentence_095.wav,I have mixed feelings about this.,Tôi có cảm giác lẫn lộn về chuyện này.,A1
fYqpwIvbxIQ_sentence_145.wav,I want to talk to your superior.,Tôi muốn nói chuyện với cấp trên của anh.,A2
fYqpwIvbxIQ_sentence_214.wav,The work is proceeding slowly.,Công việc đang tiến triển chậm.,A2
fYqpwIvbxIQ_sentence_223.wav,Happily.,Hạnh phúc.,A2
fYqpwIvbxIQ_sentence_224.wav,The story ends happily.,Câu chuyện kết thúc một cách hạnh phúc.,A2
fYqpwIvbxIQ_sentence_230.wav,Lecture.,Bài giảng.,A1
fYqpwIvbxIQ_sentence_250.wav,He participated in the debate.,Ông đã tham gia vào cuộc tranh luận.,A2
fYqpwIvbxIQ_sentence_254.wav,We will debate this subject at the meeting.,Chúng ta sẽ thảo luận về chủ đề này tại cuộc họp.,A2
fYqpwIvbxIQ_sentence_256.wav,Unreasonable.,Bất hợp lý.,A2
fYqpwIvbxIQ_sentence_257.wav,Your demands are unreasonable.,Yêu cầu của anh không hợp lý.,A2
fYqpwIvbxIQ_sentence_259.wav,climate.,Khí hậu.,A2
fYqpwIvbxIQ_sentence_260.wav,The climate affected his health.,Khí hậu ảnh hưởng đến sức khoẻ của ông.,A2
fYqpwIvbxIQ_sentence_289.wav,It's like a scene from a movie.,Nó giống như một cảnh trong phim vậy.,A1
fYqpwIvbxIQ_sentence_312.wav,We're on the right track.,Chúng ta đang đi đúng hướng.,A2
fYqpwIvbxIQ_sentence_330.wav,Pleasant.,Pleasant.,A1
fYqpwIvbxIQ_sentence_338.wav,What a pleasant surprise.,Thật là một ngạc nhiên thú vị.,A1
fYqpwIvbxIQ_sentence_341.wav,Parallel.,Song song.,A2
fYqpwIvbxIQ_sentence_355.wav,"She urged him to drive carefully, and","Cô thúc giục anh ta lái xe cẩn thận, và",A2
fYqpwIvbxIQ_sentence_357.wav,I urged him to study harder.,Tôi thúc giục anh ta học chăm chỉ hơn.,A1
fYqpwIvbxIQ_sentence_361.wav,I just got a promotion and a raise.,Tôi vừa được thăng chức và được tăng lương.,A2
fYqpwIvbxIQ_sentence_371.wav,He got a position as a clerk.,Ông ấy có một vị trí thư ký.,A2
fYqpwIvbxIQ_sentence_374.wav,She had been working as a bank clerk for almost three years.,Bà đã làm thư ký ngân hàng gần ba năm.,A2
fYqpwIvbxIQ_sentence_407.wav,"If you take my advice, your chances of winning will increase significantly.","Nếu anh nghe lời khuyên của tôi, cơ hội chiến thắng của anh sẽ tăng lên đáng kể.",A2
fYqpwIvbxIQ_sentence_413.wav,My dream is to win a Nobel Prize.,Ước mơ của tôi là giành giải Nobel.,A2
fYqpwIvbxIQ_sentence_415.wav,She was awarded the Nobel Peace Prize.,Bà đã được trao giải Nobel Hoà bình.,A2
fYqpwIvbxIQ_sentence_419.wav,Religious.,Tôn giáo.,A1
fYqpwIvbxIQ_sentence_422.wav,Religious,Tôn giáo,A1
fYqpwIvbxIQ_sentence_428.wav,You should join a singing contest.,Cậu nên tham gia một cuộc thi hát.,A1
fYqpwIvbxIQ_sentence_432.wav,I don't usually sweat like this.,Tôi không hay đổ mồ hôi như thế này.,A2
fYqpwIvbxIQ_sentence_441.wav,Politician,Chính trị gia,A1
fYqpwIvbxIQ_sentence_444.wav,My uncle is a politician.,Chú tôi là một chính trị gia.,A2
fYqpwIvbxIQ_sentence_445.wav,Who's your favorite politician?,Chính trị gia yêu thích của anh là ai?,A2
fYqpwIvbxIQ_sentence_458.wav,Please look after my luggage.,Xin hãy trông hành lý của tôi.,A1
fYqpwIvbxIQ_sentence_465.wav,I'm happy to hear that your injuries aren't serious.,Tôi rất vui khi nghe tin vết thương của anh không nghiêm trọng.,A2
fYqpwIvbxIQ_sentence_476.wav,What's the theme of the novel?,Chủ đề của cuốn tiểu thuyết là gì?,A2
fYqpwIvbxIQ_sentence_503.wav,She stared at him with frightened eyes.,Cô bé nhìn chằm chằm vào nó với đôi mắt hoảng sợ.,A2
fYqpwIvbxIQ_sentence_504.wav,I'm not f superior.,Tôi không phải là cấp trên.,A2
fYqpwIvbxIQ_sentence_526.wav,I'm on duty from 9 a.m. to 5 p.m.,Tôi trực từ 9 giờ sáng đến 5 giờ chiều.,A2
fYqpwIvbxIQ_sentence_544.wav,You are exaggerating the problem.,Anh đang phóng đại vấn đề.,A2
fYqpwIvbxIQ_sentence_557.wav,The murderer is now on trial.,Kẻ giết người đang bị xét xử.,A2
fYqpwIvbxIQ_sentence_581.wav,Lecture,Bài giảng,A1
fYqpwIvbxIQ_sentence_582.wav,His lectures are terribly boring.,Các bài giảng của ông ấy chán kinh khủng.,A2
fYqpwIvbxIQ_sentence_587.wav,A few people clapped after his lecture.,Một vài người vỗ tay sau bài giảng của ông.,A2
fYqpwIvbxIQ_sentence_654.wav,Don't drag me into this.,Đừng lôi tôi vào chuyện này.,A1
fYqpwIvbxIQ_sentence_683.wav,I got promoted to manager yesterday.,Hôm qua tôi được thăng chức quản lý.,A2
fYqpwIvbxIQ_sentence_693.wav,The king always wears a crown.,Nhà vua luôn đội vương miện.,A2
fYqpwIvbxIQ_sentence_694.wav,Urge,Ham muốn,A2
fYqpwIvbxIQ_sentence_769.wav,I'm going to keep track of all the expenses on this trip.,Tôi sẽ theo dõi tất cả các chi phí trong chuyến đi này.,A2
fYqpwIvbxIQ_sentence_778.wav,duty.,- Anh có thể làm được không?,A1
fYqpwIvbxIQ_sentence_802.wav,I just pleasant.,Tôi chỉ dễ chịu.,A1
fYqpwIvbxIQ_sentence_818.wav,The railroad is parallel to the river.,Đường sắt song song với dòng sông.,A2
fYqpwIvbxIQ_sentence_842.wav,He has strong religious beliefs.,Anh ấy có niềm tin tôn giáo mạnh mẽ.,A2
fYqpwIvbxIQ_sentence_848.wav,Injury,Bị thương,A1
fYqpwIvbxIQ_sentence_857.wav,The cliff is almost vertical.,Vách đá gần như thẳng đứng.,A2
flLkzTtdkNM_sentence_016.wav,It's all over. There's nothing to be afraid of now.,"Tất cả đã kết thúc rồi, không còn gì phải sợ nữa.",A1
flLkzTtdkNM_sentence_041.wav,We need to develop a new kind of energy.,Chúng ta cần phát triển một loại năng lượng mới.,A2
flLkzTtdkNM_sentence_063.wav,I want to become a professional photographer.,Tôi muốn trở thành một nhiếp ảnh gia chuyên nghiệp.,A1
flLkzTtdkNM_sentence_064.wav,The presentation was very professional and persuasive.,Bài thuyết trình rất chuyên nghiệp và thuyết phục.,A2
flLkzTtdkNM_sentence_070.wav,I'm aware of its importance.,Tôi biết tầm quan trọng của nó.,A2
flLkzTtdkNM_sentence_072.wav,Importance,Tầm quan trọng,A1
flLkzTtdkNM_sentence_106.wav,He is very direct and honest.,Anh ấy rất thẳng thắn và trung thực.,A2
flLkzTtdkNM_sentence_148.wav,The doctor advised him to cut down on drinking.,Bác sĩ khuyên anh ta nên giảm uống rượu.,A2
flLkzTtdkNM_sentence_215.wav,There is an urgent need for clean energy.,Có một nhu cầu cấp thiết về năng lượng sạch.,A2
flLkzTtdkNM_sentence_223.wav,Let me make it plain to you.,Để tôi nói rõ cho anh nghe.,A2
flLkzTtdkNM_sentence_239.wav,We're trying to increase traffic to our website.,Chúng tôi đang cố gắng tăng lưu lượng truy cập vào trang web của chúng tôi.,A2
flLkzTtdkNM_sentence_240.wav,Form,Hình thức,A2
flLkzTtdkNM_sentence_242.wav,You need to attach your photo to the application form.,Bạn cần đính kèm ảnh vào mẫu đơn.,A2
flLkzTtdkNM_sentence_243.wav,The company was formed in nineteen eighty two.,Công ty được thành lập vào năm 1982.,A2
flLkzTtdkNM_sentence_259.wav,I have nothing to say.,Tôi không có gì để nói.,A1
flLkzTtdkNM_sentence_262.wav,Intention,Ý định,A1
flLkzTtdkNM_sentence_277.wav,Thank.,Cảm ơn.,A1
flLkzTtdkNM_sentence_281.wav,Thank,Cảm ơn,A1
flLkzTtdkNM_sentence_283.wav,Thank you for inviting me to your birthday party.,Cảm ơn vì đã mời tôi đến dự tiệc sinh nhật của cô.,A1
flLkzTtdkNM_sentence_292.wav,A cross.,Một cây thánh giá.,A1
flLkzTtdkNM_sentence_328.wav,Reservation.,Đặt phòng.,A2
flLkzTtdkNM_sentence_348.wav,The price has increased slightly.,Giá đã tăng nhẹ.,A2
flLkzTtdkNM_sentence_353.wav,Are you worried? Just slightly.,Anh có lo lắng không?,A1
flLkzTtdkNM_sentence_360.wav,Overall.,Nhìn chung.,A2
flLkzTtdkNM_sentence_362.wav,"He made a few mistakes, but did well overall.","Ông đã phạm một vài sai lầm, nhưng làm tốt tổng thể.",A2
flLkzTtdkNM_sentence_366.wav,This is surely the best dessert you have ever made.,Đây chắc chắn là món tráng miệng ngon nhất mà anh từng làm.,A1
flLkzTtdkNM_sentence_400.wav,It's amazing how much money he spends every day.,Thật ngạc nhiên khi thấy anh ta tiêu tiền mỗi ngày.,A2
flLkzTtdkNM_sentence_413.wav,Sentence,Câu,A1
flLkzTtdkNM_sentence_416.wav,This is a simple sentence.,Đây là một câu đơn giản.,A1
flLkzTtdkNM_sentence_422.wav,You should rewrite this sentence. It does not make sense.,Anh nên viết lại câu này. Nó không có nghĩa gì cả.,A2
flLkzTtdkNM_sentence_425.wav,She looks so tired today.,Hôm nay trông cô ấy mệt mỏi quá.,A1
flLkzTtdkNM_sentence_433.wav,I was really tired after the long trip.,Tôi đã rất mệt sau chuyến đi dài.,A1
flLkzTtdkNM_sentence_468.wav,Suggestion.,Gợi ý.,A2
flLkzTtdkNM_sentence_469.wav,Can I make a suggestion?,Tôi có một đề nghị được không?,A1
flLkzTtdkNM_sentence_470.wav,Do you have any suggestions?,Anh có đề nghị gì không?,A1
flLkzTtdkNM_sentence_475.wav,What do you think of his suggestion?,Anh nghĩ sao về đề nghị của anh ta?,A2
flLkzTtdkNM_sentence_486.wav,You must avoid making such mistakes.,Bạn phải tránh phạm phải sai lầm như vậy.,A2
flLkzTtdkNM_sentence_488.wav,Don't avoid my question.,Đừng tránh né câu hỏi của tôi.,A1
flLkzTtdkNM_sentence_495.wav,The main topic of conversation was his new girlfriend.,Chủ đề chính của cuộc trò chuyện là bạn gái mới của anh.,A2
flLkzTtdkNM_sentence_509.wav,Window.,Cửa sổ.,A1
flLkzTtdkNM_sentence_515.wav,There's only one window in my room.,Chỉ có một cửa sổ trong phòng tôi.,A1
flLkzTtdkNM_sentence_525.wav,You're making a terrible mistake.,Anh đang phạm sai lầm khủng khiếp.,A1
flLkzTtdkNM_sentence_531.wav,Shoe.,- Giày.,A1
flLkzTtdkNM_sentence_535.wav,I've got a new pair of shoes.,Tôi có một đôi giày mới.,A1
flLkzTtdkNM_sentence_546.wav,Race,Chủng tộc,A1
flLkzTtdkNM_sentence_554.wav,Who won the race?,Ai thắng cuộc đua?,A2
flLkzTtdkNM_sentence_557.wav,Something,Cái gì đó,A1
flLkzTtdkNM_sentence_561.wav,Would you like something to drink?,Anh muốn uống gì không?,A1
flLkzTtdkNM_sentence_615.wav,The news provoked an angry response.,Tin tức gây ra một phản ứng giận dữ.,A2
flLkzTtdkNM_sentence_630.wav,That man stole my wallet.,Gã đó đã lấy ví của tôi.,A1
flLkzTtdkNM_sentence_634.wav,I prefer to buy domestic rather than foreign products.,Tôi thích mua hàng nội địa hơn là hàng nước ngoài.,A2
flLkzTtdkNM_sentence_645.wav,I feel depressed whenever I think about that problem.,Tôi cảm thấy chán nản mỗi khi nghĩ về vấn đề đó.,A2
flLkzTtdkNM_sentence_647.wav,Whenever.,Bất cứ khi nào.,A1
flLkzTtdkNM_sentence_683.wav,Across.,Ngang qua.,A1
flLkzTtdkNM_sentence_692.wav,What do you think of his unfriendly attitude?,Anh nghĩ sao về thái độ không thân thiện của anh ta?,A2
flLkzTtdkNM_sentence_695.wav,She has a negative attitude towards life.,Cô ấy có thái độ tiêu cực với cuộc sống.,A2
flLkzTtdkNM_sentence_714.wav,I can't think of any solution to this problem.,Tôi không thể nghĩ ra giải pháp nào cho vấn đề này.,A2
flLkzTtdkNM_sentence_724.wav,Air pollution is a serious global problem.,Ô nhiễm không khí là một vấn đề nghiêm trọng toàn cầu.,A2
flLkzTtdkNM_sentence_728.wav,What are the advantages of this technology?,Những lợi thế của công nghệ này là gì?,A2
flLkzTtdkNM_sentence_733.wav,Modern technology has made our lives more comfortable.,Công nghệ hiện đại đã làm cho cuộc sống của chúng ta thoải mái hơn.,A2
flLkzTtdkNM_sentence_737.wav,It's nearly six o'clock.,Gần 6 giờ rồi.,A1
flLkzTtdkNM_sentence_748.wav,How long have you been living in this island?,Anh sống trên đảo này bao lâu rồi?,A1
flLkzTtdkNM_sentence_753.wav,What's the meaning of this word?,Từ này nghĩa là gì?,A2
flLkzTtdkNM_sentence_768.wav,That's surely a misunderstanding.,Chắc chắn là hiểu lầm rồi.,A2
flLkzTtdkNM_sentence_806.wav,Their performance was amazing.,Màn trình diễn của họ thật tuyệt vời.,A1
flLkzTtdkNM_sentence_815.wav,I bet you wish he'd come here to talk to you. Bet.,Tôi cá là anh ước gì hắn tới đây để nói chuyện với anh.,A2
flLkzTtdkNM_sentence_824.wav,Is French more difficult than English?,Tiếng Pháp có khó hơn tiếng Anh không?,A2
flLkzTtdkNM_sentence_825.wav,difficult.,Khó khăn.,A1
flLkzTtdkNM_sentence_826.wav,This question is difficult to answer.,Câu hỏi này rất khó trả lời.,A2
flLkzTtdkNM_sentence_829.wav,Proper.,Đúng.,A1
flLkzTtdkNM_sentence_830.wav,I will do it at the proper time.,Tôi sẽ làm điều đó vào thời điểm thích hợp.,A2
flLkzTtdkNM_sentence_837.wav,Nothing is in its proper place.,Không có gì ở đúng chỗ của nó.,A2
flLkzTtdkNM_sentence_874.wav,I don't want what I'm about to say to be recorded.,Tôi không muốn những gì tôi sắp nói bị ghi âm lại.,A2
flLkzTtdkNM_sentence_905.wav,What's your shoe size?,Cỡ giày của anh là bao nhiêu?,A1
flLkzTtdkNM_sentence_917.wav,"Tear, tear.","Nước mắt, nước mắt.",A1
flLkzTtdkNM_sentence_939.wav,Mention,Đề cập,A1
flLkzTtdkNM_sentence_948.wav,She mentioned my name in her book.,Bà ấy có nhắc đến tên tôi trong sách.,A1
flLkzTtdkNM_sentence_949.wav,Thanks for your help. Don't mention it.,Cảm ơn vì đã giúp đỡ.,A1
flLkzTtdkNM_sentence_955.wav,I will be your tour guide today.,Hôm nay tôi sẽ là hướng dẫn viên du lịch của anh.,A2
flLkzTtdkNM_sentence_969.wav,The film made$1 million in profit.,Bộ phim đã kiếm được 1 triệu đô la lợi nhuận.,A2
flLkzTtdkNM_sentence_970.wav,He works for a non-profit organization.,Anh ta làm việc cho một tổ chức phi lợi nhuận.,A2
gPNgMoikiVo_sentence_000.wav,Duress.,Cưỡng ép.,A2
gPNgMoikiVo_sentence_008.wav,Why do you want to dress like that?,Sao em lại muốn ăn mặc như vậy?,A1
gPNgMoikiVo_sentence_019.wav,Result.,Kết quả.,A1
gPNgMoikiVo_sentence_040.wav,I'm sorry to hear grateful.,Tôi rất tiếc khi nghe thấy sự biết ơn.,A1
gPNgMoikiVo_sentence_061.wav,We dated for three months.,Chúng tôi hẹn hò trong ba tháng.,A1
gPNgMoikiVo_sentence_1001.wav,This story is based on actual events.,Câu chuyện này dựa trên các sự kiện thực tế.,A2
gPNgMoikiVo_sentence_1012.wav,I hope your wish will come true.,Tôi hy vọng điều ước của anh sẽ thành sự thật.,A1
gPNgMoikiVo_sentence_1021.wav,I gave you an extra hour and you still didn't finish the job.,Tôi cho anh thêm một giờ và anh vẫn chưa hoàn thành công việc.,A2
gPNgMoikiVo_sentence_1026.wav,May I ask you a quick question?,Tôi hỏi anh một câu được không?,A2
gPNgMoikiVo_sentence_1067.wav,Don't you know his name?,Anh không biết tên hắn sao?,A2
gPNgMoikiVo_sentence_1069.wav,He admitted his defeat.,Ông ta đã thừa nhận thất bại của mình.,A2
gPNgMoikiVo_sentence_1070.wav,Flower,Hoa,A1
gPNgMoikiVo_sentence_1072.wav,Do you know the name of this flower?,Anh có biết tên của bông hoa này không?,A1
gPNgMoikiVo_sentence_108.wav,This is the most amazing wedding party I've ever attended.,Đây là bữa tiệc cưới tuyệt vời nhất mà tôi từng tham dự.,A1
gPNgMoikiVo_sentence_1091.wav,I think he is concerned with the accident.,Tôi nghĩ anh ta lo lắng về tai nạn.,A2
gPNgMoikiVo_sentence_1108.wav,First impressions are very important.,Ấn tượng đầu tiên rất quan trọng.,A2
gPNgMoikiVo_sentence_1123.wav,Have you ever eaten Japanese food?,Anh đã bao giờ ăn đồ Nhật chưa?,A1
gPNgMoikiVo_sentence_1126.wav,Is it safe to swim in this lake?,Bơi trong hồ này có an toàn không?,A1
gPNgMoikiVo_sentence_1145.wav,I don't fruit.,Tôi không ăn trái cây.,A2
gPNgMoikiVo_sentence_118.wav,We must consider every aspect of the problem.,Chúng ta phải xem xét mọi khía cạnh của vấn đề.,A2
gPNgMoikiVo_sentence_147.wav,Stay here with us.,Ở lại đây với chúng tôi.,A1
gPNgMoikiVo_sentence_156.wav,You can stay as long as you like.,Anh có thể ở lại bao lâu tuỳ thích.,A1
gPNgMoikiVo_sentence_159.wav,Their daughter is 10 years old.,Con gái họ 10 tuổi.,A2
gPNgMoikiVo_sentence_238.wav,I don't think there's any significant damage.,Tôi không nghĩ có tổn hại đáng kể nào.,A2
gPNgMoikiVo_sentence_244.wav,I learned a lot from you.,Tôi đã học được rất nhiều từ anh.,A2
gPNgMoikiVo_sentence_265.wav,She emphasized the importance of education.,Bà nhấn mạnh tầm quan trọng của giáo dục.,A2
gPNgMoikiVo_sentence_277.wav,There's something wrong with the T V.,Có gì đó không ổn với TV.,A2
gPNgMoikiVo_sentence_288.wav,I found this information quite useful.,Tôi thấy thông tin này khá hữu ích.,A2
gPNgMoikiVo_sentence_290.wav,Goal,Mục tiêu,A1
gPNgMoikiVo_sentence_291.wav,The crowd yelled when he scored a goal.,Đám đông la hét khi anh ghi bàn.,A2
gPNgMoikiVo_sentence_300.wav,He kicked the ball into the goal.,Anh ấy đá bóng vào khung thành.,A2
gPNgMoikiVo_sentence_318.wav,Get this stuff out of here.,Đem mấy thứ này ra khỏi đây.,A1
gPNgMoikiVo_sentence_331.wav,Where are the kids?,Bọn trẻ đâu rồi?,A1
gPNgMoikiVo_sentence_339.wav,"In the event of rain, the game will not be held.","Trong trường hợp mưa, trận đấu sẽ không được tổ chức.",B1
gPNgMoikiVo_sentence_353.wav,Completely.,Hoàn toàn.,A1
gPNgMoikiVo_sentence_362.wav,I am completely exhausted.,Tôi hoàn toàn kiệt sức.,A1
gPNgMoikiVo_sentence_412.wav,His,Của anh,A1
gPNgMoikiVo_sentence_423.wav,Stress is a major problem of modern life.,Căng thẳng là một vấn đề lớn của cuộc sống hiện đại.,B1
gPNgMoikiVo_sentence_434.wav,I got laid off yesterday.,Hôm qua tôi bị sa thải.,A2
gPNgMoikiVo_sentence_440.wav,Can you pick me up at the station?,Anh có thể đón tôi ở đồn không?,A1
gPNgMoikiVo_sentence_459.wav,Have a safe trip home.,Chúc chuyến đi về nhà an toàn.,A1
gPNgMoikiVo_sentence_466.wav,Have grateful.,Hãy biết ơn.,A1
gPNgMoikiVo_sentence_474.wav,Be grateful for what you have and stop complaining.,Biết ơn những gì bạn có và ngừng phàn nàn.,A2
gPNgMoikiVo_sentence_476.wav,What are you grateful for today?,Bạn biết ơn điều gì trong ngày hôm nay?,A1
gPNgMoikiVo_sentence_479.wav,Could you please help me clear the table?,Anh có thể giúp tôi dọn bàn được không?,A1
gPNgMoikiVo_sentence_484.wav,Is there a book on the table?,Có sách trên bàn không?,A1
gPNgMoikiVo_sentence_517.wav,Memory,Bộ nhớ,A1
gPNgMoikiVo_sentence_518.wav,He has a good memory.,Anh ta có trí nhớ tốt.,A1
gPNgMoikiVo_sentence_550.wav,I need an extra blanket.,Tôi cần thêm một cái chăn.,A1
gPNgMoikiVo_sentence_582.wav,Don't make fun of people.,Đừng trêu chọc người khác.,A1
gPNgMoikiVo_sentence_609.wav,What's the date today?,Hôm nay là ngày mấy?,A1
gPNgMoikiVo_sentence_618.wav,I'm dating a girl named Mary.,Tôi đang hẹn hò với một cô gái tên là Mary.,A1
gPNgMoikiVo_sentence_629.wav,I laughed out loud when I saw him.,Tôi cười lớn khi thấy anh ta.,A2
gPNgMoikiVo_sentence_665.wav,His speech made a strong impression on the students.,Bài phát biểu của ông đã gây ấn tượng mạnh mẽ với các sinh viên.,A2
gPNgMoikiVo_sentence_667.wav,You made a good impression on me.,Anh đã gây ấn tượng tốt với tôi.,A2
gPNgMoikiVo_sentence_671.wav,It's a lonely journey.,Đó là một hành trình đơn độc.,A1
gPNgMoikiVo_sentence_673.wav,He lives alone and often feels lonely.,Anh sống một mình và thường cảm thấy cô đơn.,A2
gPNgMoikiVo_sentence_678.wav,It's a lonely pain.,Đó là một nỗi đau cô đơn.,A2
gPNgMoikiVo_sentence_691.wav,They hit him on the back strongly.,Chúng đánh mạnh vào lưng anh ta.,A2
gPNgMoikiVo_sentence_701.wav,Reason,Lý do,A1
gPNgMoikiVo_sentence_708.wav,I don't see any reason why I have to apologize.,Tôi không thấy có lý do gì để phải xin lỗi cả.,A2
gPNgMoikiVo_sentence_770.wav,This shirt cost$25.,Chiếc áo này giá 25 đô.,A2
gPNgMoikiVo_sentence_778.wav,I'm sorry to hear that you got laid off.,Tôi rất tiếc khi nghe tin anh bị sa thải.,A2
gPNgMoikiVo_sentence_784.wav,I shouldn't stuff.,Tôi không nên stuff.,A1
gPNgMoikiVo_sentence_792.wav,Don't forget your stuff.,Đừng quên đồ đạc của bạn.,A1
gPNgMoikiVo_sentence_836.wav,He is a tough customer.,Hắn là một khách hàng khó tính.,A2
gPNgMoikiVo_sentence_841.wav,"Since there were no customers, we closed the shop early.","Vì không có khách, chúng tôi đóng cửa sớm.",A2
gPNgMoikiVo_sentence_842.wav,Why don't you call customer service?,Sao anh không gọi dịch vụ khách hàng?,A2
gPNgMoikiVo_sentence_859.wav,Is it hard to learn English?,Học tiếng Anh có khó không?,A2
gPNgMoikiVo_sentence_861.wav,What are you learning?,Bạn đang học được gì?,A1
gPNgMoikiVo_sentence_912.wav,She's a modern girl.,Cô ấy là một cô gái hiện đại.,A1
gPNgMoikiVo_sentence_917.wav,I cancelled my hotel reservations and stayed with friends.,Tôi huỷ đặt phòng khách sạn và ở với bạn bè.,A2
gPNgMoikiVo_sentence_922.wav,They arrived at the hotel.,Họ đã đến khách sạn.,A2
gPNgMoikiVo_sentence_926.wav,Will you marry me?,Em sẽ lấy anh chứ?,A1
gPNgMoikiVo_sentence_944.wav,Cake Coffee,Cà phê bánh,A1
gPNgMoikiVo_sentence_946.wav,We went out for a coffee.,Chúng tôi đi uống cà phê.,A1
gPNgMoikiVo_sentence_947.wav,Could I have some more coffee?,Cho tôi thêm cà phê được không?,A1
gPNgMoikiVo_sentence_948.wav,Coffee.,Cà phê.,A1
gPNgMoikiVo_sentence_971.wav,It is obvious that he is right.,Rõ ràng là ông ấy đúng.,A1
gPNgMoikiVo_sentence_975.wav,I don't want to rest.,Tôi không muốn nghỉ ngơi.,A1
gPNgMoikiVo_sentence_976.wav,I advised him to take a rest.,Tôi khuyên anh ta nên nghỉ ngơi.,A2
gPNgMoikiVo_sentence_992.wav,How many pens do you have?,Anh có bao nhiêu bút?,A1
gPNgMoikiVo_sentence_995.wav,How many event?,Bao nhiêu sự kiện?,A1
gUE72PlGRi0_sentence_005.wav,This channel is only available on cable.,Kênh này chỉ có sẵn trên cáp.,A2
gUE72PlGRi0_sentence_040.wav,Sugar dissolves in water.,Đường tan trong nước.,A2
gUE72PlGRi0_sentence_048.wav,The two countries established diplomatic relations in 1992.,Hai nước thiết lập quan hệ ngoại giao vào năm 1992.,A2
gUE72PlGRi0_sentence_073.wav,Servant,Người phục vụ,A1
gUE72PlGRi0_sentence_091.wav,Dismiss,Thải bỏ,A1
gUE72PlGRi0_sentence_092.wav,The professor dismissed his ideas.,Vị giáo sư bác bỏ ý tưởng của mình.,A2
gUE72PlGRi0_sentence_170.wav,I accidentally stepped on her toe.,Tôi vô tình giẫm phải ngón chân của cô ấy.,A1
gUE72PlGRi0_sentence_171.wav,She tapped her toes to the music.,Cô gõ ngón chân vào tiếng nhạc.,A2
gUE72PlGRi0_sentence_197.wav,Pay attention to the traffic signals.,Chú ý đến các tín hiệu giao thông.,A1
gUE72PlGRi0_sentence_198.wav,He signaled me to stop.,Anh ta ra hiệu cho tôi dừng lại.,A2
gUE72PlGRi0_sentence_239.wav,A series of events will take place.,Một loạt các sự kiện sẽ diễn ra.,A1
gUE72PlGRi0_sentence_254.wav,"I want to be your ally, not your enemy.","Tôi muốn là đồng minh của anh, không phải kẻ thù.",A2
gUE72PlGRi0_sentence_274.wav,He will inevitably hurt himself because he takes too many risks.,Anh ta chắc chắn sẽ tự làm mình bị thương vì đã liều lĩnh quá nhiều.,A2
gUE72PlGRi0_sentence_281.wav,"Celebrate what you've accomplished, but raise the bar a little higher each time you succeed.","Ăn mừng thành tựu của bản thân, nhưng nâng cao tiêu chuẩn một chút mỗi khi thành công.",A2
gUE72PlGRi0_sentence_360.wav,That very commonly happens.,Điều đó rất thường xảy ra.,A2
gUE72PlGRi0_sentence_361.wav,Me.,Tôi.,A1
gUE72PlGRi0_sentence_362.wav,My knee is bleeding.,Đầu gối tôi đang chảy máu.,A1
gUE72PlGRi0_sentence_363.wav,My knee hurts after sitting for a while.,Đầu gối tôi đau sau khi ngồi một lúc.,A2
gUE72PlGRi0_sentence_369.wav,concert.,Buổi hòa nhạc.,A1
gUE72PlGRi0_sentence_371.wav,I wish I could go to the concert.,Ước gì tôi có thể đi xem hoà nhạc.,A1
gUE72PlGRi0_sentence_373.wav,The concert was so amazing.,Buổi hoà nhạc thật tuyệt vời.,A1
gUE72PlGRi0_sentence_375.wav,Can I buy a ticket for the concert here?,Tôi có thể mua vé cho buổi hoà nhạc ở đây không?,A1
gUE72PlGRi0_sentence_384.wav,Queen,Nữ hoàng,A1
gUE72PlGRi0_sentence_385.wav,The rose is called the queen of flowers.,Hoa hồng được gọi là nữ hoàng hoa.,A2
gUE72PlGRi0_sentence_389.wav,She is known as the Queen of Fashion.,Cô được biết đến như Nữ hoàng thời trang.,A2
gUE72PlGRi0_sentence_392.wav,Statue,Thu,A1
gUE72PlGRi0_sentence_393.wav,This is a life-size statue.,Đây là một bức tượng to bằng người thật.,A1
gUE72PlGRi0_sentence_413.wav,"10,000 meters of cable was used for this building.",10.000 mét cáp đã được sử dụng cho tòa nhà này.,B1
gUE72PlGRi0_sentence_421.wav,"This cable is over 3,000 meters long.",Dây cáp này dài hơn 3000 mét.,A2
gUE72PlGRi0_sentence_422.wav,Fashionable.,Thời trang.,A2
gUE72PlGRi0_sentence_424.wav,Tattoos are very fashionable among young people lately.,Hình xăm là trào lưu thời trang của giới trẻ.,A2
gUE72PlGRi0_sentence_454.wav,Gentlemen,Các quý ông.,A1
gUE72PlGRi0_sentence_455.wav,There's a gentleman at the door.,Có một quý ông ở cửa.,A1
gUE72PlGRi0_sentence_456.wav,"Good evening, ladies and gentlemen.",Xin chào quý vị.,A1
gUE72PlGRi0_sentence_457.wav,Who is that gentleman?,Quý ông đó là ai?,A1
gUE72PlGRi0_sentence_458.wav,Their bandage.,Băng gạc.,A1
gUE72PlGRi0_sentence_465.wav,Bandage the foot so that the ankle is supported.,Băng bàn chân để hỗ trợ mắt cá chân.,A2
gUE72PlGRi0_sentence_469.wav,We found new ways to tackle the problem.,Chúng tôi tìm ra những cách mới để giải quyết vấn đề.,A2
gUE72PlGRi0_sentence_482.wav,"Discipline is doing what you know needs to be done, even though you don't want to.","Kỷ luật là làm những gì bạn biết cần phải làm, ngay cả khi bạn không muốn.",A2
gUE72PlGRi0_sentence_549.wav,We're not going to harm you.,Chúng tôi sẽ không làm hại cô.,A2
gUE72PlGRi0_sentence_560.wav,Faith is to believe what you do not see.,Niềm tin là tin vào những gì bạn không thấy.,A2
gUE72PlGRi0_sentence_596.wav,Cow.,Bò.,A1
gUE72PlGRi0_sentence_628.wav,They treat their mother like a servant.,Chúng đối xử với mẹ như một người hầu.,A2
gUE72PlGRi0_sentence_635.wav,I'm not your servant.,Tôi không phải là người hầu của ông.,A1
gUE72PlGRi0_sentence_684.wav,Tom donates half his salary to his favorite charity.,Tom dành một nửa tiền lương của mình cho tổ chức từ thiện yêu thích của mình.,A2
gUE72PlGRi0_sentence_701.wav,She always wears fashionable clothes.,Cô ấy luôn mặc quần áo thời trang.,A2
gUE72PlGRi0_sentence_737.wav,Toe.,Ngón chân.,A1
gUE72PlGRi0_sentence_745.wav,She celebrated with a glass of champagne.,Cô ấy ăn mừng bằng một ly sâm - banh.,A2
gUE72PlGRi0_sentence_768.wav,An awful accident will happen inevitably if you drive at 140 kilometers per hour.,Một tai nạn khủng khiếp sẽ xảy ra nếu bạn lái với tốc độ 140 km/h.,B1
gUE72PlGRi0_sentence_800.wav,Drum,Trống,A1
gUE72PlGRi0_sentence_820.wav,I'll tackle my homework later.,Tôi sẽ làm bài tập về nhà sau.,A1
gUE72PlGRi0_sentence_835.wav,We're in the middle of a crisis.,Chúng ta đang ở giữa một cuộc khủng hoảng.,A2
gUE72PlGRi0_sentence_839.wav,There will be an economic crisis at the end of this year.,Sẽ có một cuộc khủng hoảng kinh tế vào cuối năm nay.,A2
gUE72PlGRi0_sentence_868.wav,Primary,Chính,A2
gUE72PlGRi0_sentence_871.wav,The primary aim of this course is to improve your spoken English.,Mục đích chính của khóa học này là để cải thiện tiếng Anh nói của bạn.,A2
gUE72PlGRi0_sentence_877.wav,He exchanged his cow for two horses.,Hắn đổi bò lấy hai con ngựa.,A2
gUE72PlGRi0_sentence_883.wav,The cows are eating grass.,Những con bò đang ăn cỏ.,A1
gUE72PlGRi0_sentence_885.wav,Is that the way you milk a cow?,Đó là cách anh vắt sữa bò à?,A2
gskdnimT5iY_sentence_001.wav,It was much more difficult than I initially thought.,Nó khó hơn nhiều so với tôi nghĩ lúc đầu.,A2
gskdnimT5iY_sentence_008.wav,bid he bid three hundred dollars for the bicycle.,Ông ta trả giá 300 đô cho chiếc xe đạp.,A2
gskdnimT5iY_sentence_012.wav,He bid$300 for the bicycle.,Anh ta trả giá 300 đô la cho chiếc xe đạp.,A2
gskdnimT5iY_sentence_014.wav,Any higher bids?,Có ai trả giá cao hơn không?,A2
gskdnimT5iY_sentence_016.wav,The firm decided to bid on the new bridge.,Công ty đã quyết định đấu thầu cây cầu mới.,A2
gskdnimT5iY_sentence_082.wav,She has absolutely no enemies.,Cô ấy hoàn toàn không có kẻ thù.,A2
gskdnimT5iY_sentence_084.wav,the enemy attacked from behind.,kẻ thù tấn công từ phía sau.,A2
gskdnimT5iY_sentence_100.wav,Her talents are quite extraordinary.,Tài năng của cô ấy khá là phi thường.,A2
gskdnimT5iY_sentence_170.wav,They will survey the land again this month.,Họ sẽ khảo sát lại vùng đất trong tháng này.,A2
gskdnimT5iY_sentence_184.wav,Imaginary.,Tưởng tượng.,A1
gskdnimT5iY_sentence_191.wav,They are imaginary fears and do not exist.,Chúng chỉ là những nỗi sợ tưởng tượng và không tồn tại.,A2
gskdnimT5iY_sentence_209.wav,You've got nothing to be ashamed of.,Anh không có gì phải xấu hổ cả.,A1
gskdnimT5iY_sentence_216.wav,She was given a raise by her employer.,Cô ấy được tăng lương bởi chủ của mình.,A2
gskdnimT5iY_sentence_255.wav,The police were heavily armed.,Cảnh sát được trang bị vũ khí hạng nặng.,A1
gskdnimT5iY_sentence_276.wav,Apparently they are getting divorced soon.,Rõ ràng là họ sắp ly dị.,A2
gskdnimT5iY_sentence_287.wav,Is there any butter in the refrigerator?,Có bơ trong tủ lạnh không?,A1
gskdnimT5iY_sentence_288.wav,Our refrigerator isn't working.,Tủ lạnh của chúng ta không hoạt động.,A2
gskdnimT5iY_sentence_380.wav,My father rewarded me a new computer.,Cha tôi đã thưởng cho tôi một chiếc máy tính mới.,A2
gskdnimT5iY_sentence_381.wav,She works on a computer 15 hours a day.,Cô ấy làm việc trên máy tính 15 giờ một ngày.,A2
gskdnimT5iY_sentence_393.wav,Employer.,Chủ đầu tư.,A2
gskdnimT5iY_sentence_412.wav,Awfully.,Awfully.,A1
gskdnimT5iY_sentence_430.wav,Are you trace?,Anh có định vị không?,A1
gskdnimT5iY_sentence_431.wav,Is there any trace of the missing child?,Có dấu vết nào của đứa trẻ mất tích không?,A2
gskdnimT5iY_sentence_499.wav,This book is within the capacity of young readers.,Cuốn sách này nằm trong khả năng của những độc giả trẻ.,A2
gskdnimT5iY_sentence_528.wav,This hat is too tight for me.,Cái nón này quá chật với tôi.,A2
gskdnimT5iY_sentence_529.wav,She loves to wear tight clothes.,Cô ấy thích mặc quần áo bó.,A1
gskdnimT5iY_sentence_585.wav,"The sign read, No entry.","Biển ghi, Không có mục.",A2
gskdnimT5iY_sentence_601.wav,Please give my regards to your parents.,Xin hãy gửi lời chào của tôi tới cha mẹ cô.,A1
gskdnimT5iY_sentence_605.wav,Rule,Quy tắc,A1
gskdnimT5iY_sentence_607.wav,Don't break the rules.,Đừng phá vỡ quy tắc.,A1
gskdnimT5iY_sentence_614.wav,She looks odd in those clothes.,Cô ấy trông kỳ lạ trong bộ đồ đó.,A1
gskdnimT5iY_sentence_619.wav,Thirteen is an odd number.,13 là một số lẻ.,A2
gskdnimT5iY_sentence_716.wav,It's a pleasant environment to work in.,Đó là một môi trường làm việc dễ chịu.,A2
gskdnimT5iY_sentence_719.wav,This dictionary has about forty thousand entries.,Từ điển này có khoảng bốn mươi nghìn mục.,A2
gskdnimT5iY_sentence_724.wav,She was hired to do data entry.,Cô ấy được thuê để nhập dữ liệu.,A2
gskdnimT5iY_sentence_733.wav,They're very good employers.,Họ là những nhà tuyển dụng rất tốt.,A2
gskdnimT5iY_sentence_742.wav,I put all my heart and soul into it.,Tôi đã đặt hết tâm hồn và trái tim mình vào đó.,A2
gskdnimT5iY_sentence_760.wav,Trick.,Trick.,A1
gskdnimT5iY_sentence_762.wav,I know a few magic tricks.,Tôi biết vài trò ảo thuật.,A1
gskdnimT5iY_sentence_763.wav,It's not a trick question.,Đó không phải là một câu hỏi mẹo.,A2
gskdnimT5iY_sentence_783.wav,Trial,Thử nghiệm,A2
gskdnimT5iY_sentence_791.wav,Trial and error is a fundamental method of solving problems.,Thử và sai là phương pháp cơ bản để giải quyết vấn đề.,B1
gskdnimT5iY_sentence_794.wav,Powder.,Bột.,A1
gskdnimT5iY_sentence_800.wav,I study interior decoration.,Tôi học trang trí nội thất.,A1
gskdnimT5iY_sentence_827.wav,A few important facts emerged after the investigation.,Một vài sự thật quan trọng xuất hiện sau cuộc điều tra.,A2
gskdnimT5iY_sentence_836.wav,Let's end this debate.,Hãy kết thúc cuộc tranh luận này.,A1
gskdnimT5iY_sentence_862.wav,Relation,Quan hệ,A1
gskdnimT5iY_sentence_863.wav,I don't see any relation between them.,Tôi không thấy mối quan hệ nào giữa họ.,A2
gskdnimT5iY_sentence_875.wav,Do you know that naked baby?,Anh có biết đứa bé khoả thân đó không?,A1
gskdnimT5iY_sentence_878.wav,Patience.,Kiên nhẫn.,A1
gskdnimT5iY_sentence_879.wav,"Those people have been waiting for hours, and they're starting to run out of patience.","Những người đó đã chờ hàng giờ, và họ bắt đầu hết kiên nhẫn.",B1
gskdnimT5iY_sentence_880.wav,I don't have the patience to wait in line for hours just to buy a ticket.,Tôi không có đủ kiên nhẫn để xếp hàng hàng giờ chỉ để mua vé.,A2
gzFpOCgvfuY_sentence_018.wav,"Even with all his wealth and fame, he's unhappy.","Ngay cả với tất cả sự giàu có và danh tiếng của mình, anh ta cũng không hạnh phúc.",A2
gzFpOCgvfuY_sentence_027.wav,The instructions were somewhat confusing.,Các hướng dẫn có phần khó hiểu.,A2
gzFpOCgvfuY_sentence_039.wav,Track,Rãnh,A2
gzFpOCgvfuY_sentence_080.wav,She angrily concluded the meeting.,Bà giận dữ kết thúc cuộc họp.,A2
gzFpOCgvfuY_sentence_093.wav,The judge sentenced him to five years in prison.,Thẩm phán kết án anh năm năm tù giam.,A2
gzFpOCgvfuY_sentence_101.wav,"Out of sight, out of mind.","Không thấy, không nghĩ.",A2
gzFpOCgvfuY_sentence_140.wav,He left school with no formal qualifications.,Ông rời trường mà không có bằng cấp chính thức.,A2
gzFpOCgvfuY_sentence_171.wav,They are the cores of an organization.,Chúng là những nhân tố cốt lõi của một tổ chức.,B1
gzFpOCgvfuY_sentence_191.wav,He was a witness to a robbery.,Hắn là nhân chứng của một vụ cướp.,A2
gzFpOCgvfuY_sentence_205.wav,This looks somewhat dangerous.,Có vẻ hơi nguy hiểm đấy.,A1
gzFpOCgvfuY_sentence_262.wav,My mom told me to put my stuffs into this cabinet.,Mẹ tôi bảo tôi để đồ vào cái tủ này.,A1
gzFpOCgvfuY_sentence_266.wav,This cabinet is really old. We should sell it.,"Cái tủ này cũ lắm rồi, chúng ta nên bán nó đi.",A1
gzFpOCgvfuY_sentence_273.wav,Can you teach me how to defend myself?,Anh có thể dạy tôi cách tự vệ không?,A2
gzFpOCgvfuY_sentence_310.wav,She is an educated girl.,Cô ấy là một cô gái có học thức.,A1
gzFpOCgvfuY_sentence_319.wav,A good relationship is based on more than just physical attraction.,Một mối quan hệ tốt đẹp không chỉ dựa trên sự hấp dẫn về thể chất.,B1
gzFpOCgvfuY_sentence_320.wav,Western,TâyName,A2
gzFpOCgvfuY_sentence_324.wav,They are from the western United States.,Chúng đến từ miền tây Hoa Kỳ.,A2
gzFpOCgvfuY_sentence_343.wav,I'm not looking for your sympathy.,Tôi không tìm kiếm sự cảm thông của anh.,A2
gzFpOCgvfuY_sentence_359.wav,His father bought him a new ball.,Cha nó mua cho nó một buổi khiêu vũ mới.,A1
gzFpOCgvfuY_sentence_360.wav,"The boy burst into tears because of losing his ba,","Thằng bé bật khóc vì mất ba,",A2
gzFpOCgvfuY_sentence_361.wav,Is this ball yours or hers?,Đây là của anh hay của cô ấy?,A2
gzFpOCgvfuY_sentence_362.wav,His father bought Devotee.,Cha ông ta đã mua Devotee.,B1
gzFpOCgvfuY_sentence_367.wav,He devoted his whole life to science.,Ông dành cả cuộc đời mình cho khoa học.,A2
gzFpOCgvfuY_sentence_394.wav,What do you associate with summer?,Bạn liên hệ gì với mùa hè?,A2
gzFpOCgvfuY_sentence_427.wav,I'm not as conservative as I used to be.,Tôi không bảo thủ như trước đây.,A2
gzFpOCgvfuY_sentence_439.wav,I have to drag myself out of bed each day.,Tôi phải lê thân ra khỏi giường mỗi ngày.,A2
gzFpOCgvfuY_sentence_457.wav,The town was defended by a large army.,Thị trấn được bảo vệ bởi một đội quân lớn.,A2
gzFpOCgvfuY_sentence_496.wav,"Not long ago, I witnessed a traffic accident.","Cách đây không lâu, tôi đã chứng kiến một tai nạn giao thông.",A2
gzFpOCgvfuY_sentence_505.wav,I want to devote more time to my family.,Tôi muốn dành nhiều thời gian hơn cho gia đình.,A1
gzFpOCgvfuY_sentence_584.wav,They concluded that the dog was stolen.,Họ kết luận rằng con chó đã bị đánh cắp.,A2
gzFpOCgvfuY_sentence_624.wav,We will keep you informed of any changes as they arise.,Chúng tôi sẽ thông báo cho các bạn về bất kỳ thay đổi nào khi chúng phát sinh.,A2
gzFpOCgvfuY_sentence_625.wav,A new difficulty has arisen.,Một khó khăn mới đã nảy sinh.,A2
gzFpOCgvfuY_sentence_646.wav,My father is very strict.,Cha tôi rất nghiêm khắc.,A1
gzFpOCgvfuY_sentence_657.wav,Sight,Thị giác,A1
gzFpOCgvfuY_sentence_675.wav,Jim Vo.,Jim Vo.,A2
gzFpOCgvfuY_sentence_678.wav,Javo.,Javo.,A2
gzFpOCgvfuY_sentence_685.wav,I twisted my ankle while playing football.,Tôi bị trật mắt cá chân khi chơi bóng đá.,A2
gzFpOCgvfuY_sentence_686.wav,Twist.,Twist (Đo xoắn).,A1
gzFpOCgvfuY_sentence_696.wav,"Bend,","Uốn lại,",A1
gzFpOCgvfuY_sentence_724.wav,Conventional.,Thông thường.,A2
gzFpOCgvfuY_sentence_736.wav,He is under considerable stress.,Anh ta đang bị căng thẳng đáng kể.,A2
gzFpOCgvfuY_sentence_759.wav,The negotiations are at a very delicate stage.,Cuộc đàm phán đang ở giai đoạn rất tế nhị.,A2
gzFpOCgvfuY_sentence_772.wav,Let's put them side by side for comparison.,Hãy đặt chúng cạnh nhau để so sánh.,A2
gzFpOCgvfuY_sentence_774.wav,Comparison,So sánh,A2
gzFpOCgvfuY_sentence_782.wav,Butter is made from milk.,Bơ được làm từ sữa.,A2
gzFpOCgvfuY_sentence_789.wav,She went to Silicon Valley with the aim of finding a job.,Cô ấy đến Thung lũng Silicon với mục đích tìm việc làm.,A2
gzFpOCgvfuY_sentence_791.wav,I always aim high to achieve my best.,Tôi luôn luôn nhắm đến mục tiêu cao để đạt được điều tốt nhất.,A2
gzFpOCgvfuY_sentence_808.wav,He contributed a lot of money to the hospital.,Anh ấy đóng góp rất nhiều tiền cho bệnh viện.,A2
gzFpOCgvfuY_sentence_811.wav,How can you contribute to our organization?,Bạn có thể đóng góp như thế nào cho tổ chức của chúng tôi?,A2
gzFpOCgvfuY_sentence_813.wav,Would you like to contribute to the program?,Bạn có muốn đóng góp cho chương trình không?,A2
hhyViRq9AgI_sentence_012.wav,Temperature.,Nhiệt độ.,A1
hhyViRq9AgI_sentence_022.wav,"During the interview, they asked about my previous jobs.","Trong buổi phỏng vấn, họ hỏi về công việc trước đây của tôi.",A2
hhyViRq9AgI_sentence_056.wav,Was that helpful?,Điều đó có ích không?,A1
hhyViRq9AgI_sentence_080.wav,Woman,Phụ nữ,A1
hhyViRq9AgI_sentence_086.wav,It's been proven that women think differently than men.,Phụ nữ đã được chứng minh là suy nghĩ khác với nam giới.,A2
hhyViRq9AgI_sentence_094.wav,Mess.,Mess.,A1
hhyViRq9AgI_sentence_1009.wav,I need some garden tools.,Tôi cần vài dụng cụ làm vườn.,A1
hhyViRq9AgI_sentence_1044.wav,What do you really think about it?,Anh thực sự nghĩ gì về nó?,A1
hhyViRq9AgI_sentence_1048.wav,Tell me what really happened.,Nói cho tôi biết chuyện gì đã thực sự xảy ra.,A1
hhyViRq9AgI_sentence_1052.wav,She spoke to the children in a gentle voice.,Bà nói với bọn trẻ bằng một giọng dịu dàng.,A2
hhyViRq9AgI_sentence_124.wav,I am waiting for the store to open.,Tôi đang chờ cửa hàng mở cửa.,A1
hhyViRq9AgI_sentence_182.wav,Is this the key you are looking for?,Đây có phải là chìa khoá mà anh đang tìm kiếm?,A2
hhyViRq9AgI_sentence_191.wav,She has blue eyes.,Cô ấy có đôi mắt xanh.,A1
hhyViRq9AgI_sentence_192.wav,She handed him a light blue shirt.,Cô đưa cho anh ta một chiếc áo sơ mi màu xanh nhạt.,A2
hhyViRq9AgI_sentence_200.wav,Can you still remember where we first met?,Anh vẫn còn nhớ lần đầu chúng ta gặp nhau ở đâu không?,A1
hhyViRq9AgI_sentence_202.wav,I still have a lot of work to do.,Tôi vẫn còn nhiều việc phải làm.,A1
hhyViRq9AgI_sentence_205.wav,We need to plant some more trees here.,Chúng ta cần trồng thêm vài cái cây ở đây.,A1
hhyViRq9AgI_sentence_215.wav,What he said turned out to be a lie.,Những gì anh ta nói hoá ra là dối trá.,A2
hhyViRq9AgI_sentence_243.wav,He is not as tall as his father.,Nó không cao bằng cha nó.,A2
hhyViRq9AgI_sentence_248.wav,All plants need light and water.,Tất cả các loài cây đều cần ánh sáng và nước.,A2
hhyViRq9AgI_sentence_270.wav,"If you mix blue and yellow, you'll get green.","Nếu bạn pha màu xanh dương và vàng, bạn sẽ có màu xanh lá cây.",A2
hhyViRq9AgI_sentence_282.wav,It's probably a warning.,Có lẽ là một lời cảnh báo.,A1
hhyViRq9AgI_sentence_284.wav,He didn't pay any attention to the warning.,Nó không thèm để ý tới lời cảnh báo.,A2
hhyViRq9AgI_sentence_287.wav,I want to get off at the next bus stop.,Tôi muốn xuống xe ở trạm xe buýt kế tiếp.,A1
hhyViRq9AgI_sentence_304.wav,Welcome.,Chào mừng.,A1
hhyViRq9AgI_sentence_309.wav,Welcome to Vietnam.,Chào mừng đến Việt Nam.,A1
hhyViRq9AgI_sentence_318.wav,I didn't see anything strange.,Tôi không thấy gì lạ cả.,A1
hhyViRq9AgI_sentence_348.wav,Don't make any sudden movements.,Đừng cử động đột ngột.,A1
hhyViRq9AgI_sentence_409.wav,You don't have to go to the party unless you want to.,Bạn không cần phải đến bữa tiệc trừ khi bạn muốn.,A1
hhyViRq9AgI_sentence_433.wav,She is a professional dancer.,Cô ấy là một vũ công chuyên nghiệp.,A2
hhyViRq9AgI_sentence_451.wav,Fear is a powerful emotion.,Sợ hãi là một cảm xúc mạnh mẽ.,A2
hhyViRq9AgI_sentence_464.wav,Does anyone claim this umbrella?,Có ai đòi cây dù này không?,A2
hhyViRq9AgI_sentence_490.wav,Most,Hầu hết,A1
hhyViRq9AgI_sentence_542.wav,Please don't be concerned about me.,Xin đừng lo lắng cho tôi.,A1
hhyViRq9AgI_sentence_548.wav,I'd like to cancel my order.,Tôi muốn huỷ đơn hàng của tôi.,A1
hhyViRq9AgI_sentence_550.wav,Please arrange these books in alphabetical order.,Xin hãy sắp xếp những cuốn sách này theo thứ tự bảng chữ cái.,A2
hhyViRq9AgI_sentence_554.wav,Singer.,Ca sĩ.,A2
hhyViRq9AgI_sentence_555.wav,Who is your favorite singer?,Ca sĩ yêu thích của bạn là ai?,A1
hhyViRq9AgI_sentence_557.wav,His mother used to be a singer.,Mẹ anh ta từng là ca sĩ.,A2
hhyViRq9AgI_sentence_565.wav,It amazes me that no one noticed the air.,Tôi ngạc nhiên là không ai để ý đến không khí.,A2
hhyViRq9AgI_sentence_577.wav,I bought the car at a 10% discount.,Tôi đã mua chiếc xe với giá giảm 10%.,A2
hhyViRq9AgI_sentence_579.wav,Can you give me a discount?,Anh giảm giá cho tôi được không?,A2
hhyViRq9AgI_sentence_594.wav,Mail,ThưName,A1
hhyViRq9AgI_sentence_610.wav,Nobody understands me.,Không ai hiểu tôi.,A2
hhyViRq9AgI_sentence_614.wav,We shouldn't blame ourselves for what happened.,Chúng ta không nên tự trách mình vì những gì đã xảy ra.,A1
hhyViRq9AgI_sentence_628.wav,That's not my favorite topic.,Đó không phải chủ đề tôi thích.,A2
hhyViRq9AgI_sentence_643.wav,"I'm sorry, but that is simply impossible.","Tôi xin lỗi, nhưng điều đó đơn giản là không thể.",A2
hhyViRq9AgI_sentence_656.wav,Real.,Thật.,A1
hhyViRq9AgI_sentence_658.wav,The movie is based on real events.,Bộ phim dựa trên các sự kiện có thật.,A2
hhyViRq9AgI_sentence_660.wav,Tell me the real reason why you are not willing to do it.,Nói cho tôi biết lý do thật sự tại sao anh không sẵn sàng làm điều đó.,A2
hhyViRq9AgI_sentence_662.wav,Are these flowers real or fake?,Hoa này là thật hay giả?,A1
hhyViRq9AgI_sentence_668.wav,Get off this ship right now.,Ra khỏi tàu ngay.,A1
hhyViRq9AgI_sentence_678.wav,What is the level of this course?,Mức độ của khóa học này là gì?,A2
hhyViRq9AgI_sentence_681.wav,We are on the same level.,Chúng ta cùng đẳng cấp.,A2
hhyViRq9AgI_sentence_682.wav,Process,Tiến trình,A2
hhyViRq9AgI_sentence_689.wav,Study.,Học tập.,A1
hhyViRq9AgI_sentence_693.wav,Do you study English every day?,Anh có học tiếng Anh mỗi ngày không?,A1
hhyViRq9AgI_sentence_717.wav,His voice was shaky with emotion.,Giọng anh run rẩy vì xúc động.,A2
hhyViRq9AgI_sentence_719.wav,He's always found it hard to express his emotions.,Anh ấy luôn cảm thấy khó để bộc lộ cảm xúc của mình.,A2
hhyViRq9AgI_sentence_722.wav,Invite.,Mời.,A1
hhyViRq9AgI_sentence_726.wav,He invited,Anh ta mời,A1
hhyViRq9AgI_sentence_750.wav,Size,Cỡ,A1
hhyViRq9AgI_sentence_752.wav,What size are these shoes?,Đôi giày này cỡ bao nhiêu?,A1
hhyViRq9AgI_sentence_759.wav,Would you join me for a walk?,Anh đi dạo với tôi được không?,A1
hhyViRq9AgI_sentence_760.wav,Come over here and join us.,Lại đây và tham gia với chúng tôi.,A1
hhyViRq9AgI_sentence_790.wav,"His clothes were old, but clean.","Quần áo của ông đã cũ, nhưng sạch sẽ.",A2
hhyViRq9AgI_sentence_791.wav,The room was spotlessly clean.,Căn phòng sạch bong không một vết bẩn.,A2
hhyViRq9AgI_sentence_794.wav,Invitation,Giấy mời,A2
hhyViRq9AgI_sentence_795.wav,Thank you for the invitation.,Cảm ơn vì đã mời.,A1
hhyViRq9AgI_sentence_801.wav,International.,Quốc tế.,A2
hhyViRq9AgI_sentence_802.wav,This is an international community.,Đây là một cộng đồng quốc tế.,A1
hhyViRq9AgI_sentence_803.wav,English is an international language.,Tiếng Anh là một ngôn ngữ quốc tế.,A2
hhyViRq9AgI_sentence_808.wav,Afraid.,Sợ hãi.,A2
hhyViRq9AgI_sentence_819.wav,Take care not to catch cold.,Cẩn thận kẻo bị cảm lạnh.,A1
hhyViRq9AgI_sentence_836.wav,He said that poverty is the root of all evil.,Ông ấy nói nghèo đói là gốc rễ của mọi điều xấu xa.,A2
hhyViRq9AgI_sentence_837.wav,We need to get at the root of the matter.,Chúng ta cần phải tìm ra gốc rễ của vấn đề.,A2
hhyViRq9AgI_sentence_841.wav,What have you observed?,Bạn đã quan sát được gì?,A1
hhyViRq9AgI_sentence_848.wav,We had a wonderful time together.,Chúng tôi đã có một thời gian tuyệt vời bên nhau.,A1
hhyViRq9AgI_sentence_850.wav,I have a wonderful job.,Tôi có một công việc tuyệt vời.,A1
hhyViRq9AgI_sentence_860.wav,Can I talk to you for a second?,Tôi nói chuyện với anh một chút được không?,A1
hhyViRq9AgI_sentence_870.wav,Jacket,Áo,A1
hhyViRq9AgI_sentence_872.wav,It's in my jacket pocket.,Nó ở trong túi áo khoác của tôi.,A1
hhyViRq9AgI_sentence_874.wav,Can I try on this jacket?,Tôi mặc thử cái áo này được không?,A1
hhyViRq9AgI_sentence_899.wav,"If you remember anything at all, please let us know.","Nếu anh nhớ bất cứ điều gì, xin vui lòng cho chúng tôi biết.",A2
hhyViRq9AgI_sentence_901.wav,Did he say anything about it?,Anh ta có nói gì về chuyện đó không?,A1
hhyViRq9AgI_sentence_911.wav,He filled the bottle with water.,Anh ta đổ đầy nước vào chai.,A2
hhyViRq9AgI_sentence_914.wav,Guess.,Đoán.,A1
hhyViRq9AgI_sentence_927.wav,You look so pretty in that dress.,Cô trông thật xinh trong bộ váy đó.,A1
hhyViRq9AgI_sentence_941.wav,That guy has a tendency to ramble.,Gã đó có xu hướng nói huyên thuyên.,A2
hhyViRq9AgI_sentence_942.wav,Separate. Separate.,Tách biệt. Tách biệt.,A1
hhyViRq9AgI_sentence_944.wav,They separate us into two groups.,Họ chia chúng ta thành hai nhóm.,A2
hhyViRq9AgI_sentence_952.wav,He is an active member.,Anh ấy là một thành viên tích cực.,A1
hhyViRq9AgI_sentence_954.wav,He is like a member of my family.,Nó như một thành viên trong gia đình tôi.,A1
hhyViRq9AgI_sentence_960.wav,Her speech made a tremendous impact on everyone.,Bài phát biểu của bà đã gây ảnh hưởng to lớn đến mọi người.,A2
hhyViRq9AgI_sentence_979.wav,"The sun went behind a bank of clouds. She ran out of the room, slamming the door behind her.","Mặt trời đã lặn sau một dải mây. Cô chạy ra khỏi phòng, đóng sầm cửa lại sau lưng.",A2
hhyViRq9AgI_sentence_983.wav,No one knows what will happen next.,Không ai biết chuyện gì sẽ xảy ra tiếp theo.,A2
hhyViRq9AgI_sentence_990.wav,What's the latest news?,Tin mới nhất là gì?,A1
hhyViRq9AgI_sentence_991.wav,I have good news for you.,Tôi có tin tốt cho anh.,A1
hpNREux9pXU_sentence_039.wav,The restaurant has succeeded beyond expectations.,Nhà hàng đã thành công ngoài mong đợi.,A2
hpNREux9pXU_sentence_054.wav,Her parents are separated but not divorced.,Cha mẹ cô bị ly thân nhưng không ly dị.,A2
hpNREux9pXU_sentence_117.wav,Interpretation,Diễn giải,A2
hpNREux9pXU_sentence_121.wav,That's one interpretation.,Đó là một cách diễn giải.,A2
hpNREux9pXU_sentence_144.wav,We're looking for a sales representative position.,Chúng tôi đang tìm một vị trí đại diện bán hàng.,A2
hpNREux9pXU_sentence_150.wav,She's our representative in France.,Cô ấy là đại diện của chúng ta ở Pháp.,A2
hpNREux9pXU_sentence_152.wav,Bother.,Bận tâm.,A1
hpNREux9pXU_sentence_172.wav,Fry.,Chiên.,A1
hpNREux9pXU_sentence_197.wav,Membership.,Thành viên.,A2
hpNREux9pXU_sentence_202.wav,Unusual.,Không bình thường.,A2
hpNREux9pXU_sentence_224.wav,Pill.,Uống thuốc.,A1
hpNREux9pXU_sentence_226.wav,Did you take your pills?,Anh đã uống thuốc chưa?,A1
hpNREux9pXU_sentence_250.wav,A series of events will take place in June.,Một loạt các sự kiện sẽ diễn ra vào tháng Sáu.,A2
hpNREux9pXU_sentence_306.wav,Tip.,Mẹo.,A1
hpNREux9pXU_sentence_314.wav,He gave the waiter a generous tip.,Anh ta boa cho người phục vụ một khoản tiền lớn.,A2
hpNREux9pXU_sentence_331.wav,Incident,Sự cố,A2
hpNREux9pXU_sentence_335.wav,I will never forget this incident.,Tôi sẽ không bao giờ quên sự cố này.,A1
hpNREux9pXU_sentence_336.wav,That incident made him famous.,Sự việc đó đã làm cho ông nổi tiếng.,A2
hpNREux9pXU_sentence_351.wav,The sum of five and three is eight.,Tổng của 5 và 3 là 8.,A2
hpNREux9pXU_sentence_387.wav,I'm seriously annoyed at him.,Tôi đang rất bực mình với anh ta.,A1
hpNREux9pXU_sentence_403.wav,They're digging a hole.,Họ đang đào một cái hố.,A1
hpNREux9pXU_sentence_408.wav,How deep is the hole?,Cái hố sâu bao nhiêu?,A1
hpNREux9pXU_sentence_427.wav,He made an important discovery.,Ông đã có một khám phá quan trọng.,A2
hpNREux9pXU_sentence_446.wav,Please forgive me if I have offended you.,Xin tha thứ nếu tôi đã xúc phạm anh.,A2
hpNREux9pXU_sentence_480.wav,I think that he is a sensible person.,Tôi nghĩ anh ta là người nhạy cảm.,A1
hpNREux9pXU_sentence_514.wav,I packed the suitcase for you.,Tôi đã đóng gói hành lý cho cô.,A1
hpNREux9pXU_sentence_515.wav,Have you finished packing yet?,Anh đã đóng gói xong chưa?,A1
hpNREux9pXU_sentence_516.wav,I want to buy a pack of cigarettes.,Tôi muốn mua một gói thuốc lá.,A1
hpNREux9pXU_sentence_525.wav,What can I do to convince you?,Tôi có thể làm gì để thuyết phục anh?,A2
hpNREux9pXU_sentence_580.wav,I have a pain in my chest.,Tôi thấy đau ngực.,A1
hpNREux9pXU_sentence_581.wav,There is an old chest in our warehouse.,Có một cái rương cũ trong kho hàng của chúng tôi.,A2
hpNREux9pXU_sentence_635.wav,I think that's an exaggeration.,Tôi nghĩ đó là một sự cường điệu.,A2
hpNREux9pXU_sentence_691.wav,There is a huge hole in the wall.,Có một cái lỗ lớn trên tường.,A1
hpNREux9pXU_sentence_703.wav,Museum,Bảo tàng,A2
hpNREux9pXU_sentence_704.wav,Where's the museum?,Bảo tàng ở đâu?,A1
hpNREux9pXU_sentence_705.wav,She went to the museum by taxi.,Cô ấy đi taxi đến bảo tàng.,A2
hpNREux9pXU_sentence_706.wav,Is the museum open today?,Bảo tàng mở cửa hôm nay à?,A1
hpNREux9pXU_sentence_716.wav,Each individual is different from another.,Mỗi cá nhân khác nhau.,A2
hpNREux9pXU_sentence_732.wav,There's no membership fee for joining.,Không có phí thành viên khi tham gia.,A2
hpNREux9pXU_sentence_739.wav,Her skin is smooth.,Da cô ấy mịn màng.,A2
hpNREux9pXU_sentence_748.wav,What are the terms of the contract?,Điều khoản của hợp đồng là gì?,A1
hpNREux9pXU_sentence_758.wav,Where were you when the explosion occurred?,Anh đã ở đâu khi vụ nổ xảy ra?,A2
hpNREux9pXU_sentence_759.wav,The population explosion is a serious problem.,Bùng nổ dân số là một vấn đề nghiêm trọng.,A2
hpNREux9pXU_sentence_761.wav,What was the cause of the explosion?,Nguyên nhân vụ nổ là gì?,A2
hpNREux9pXU_sentence_768.wav,I am frying fish.,Tôi đang chiên cá.,A1
hpNREux9pXU_sentence_770.wav,Would you like a fry in the morning?,Anh có muốn ăn khoai chiên vào buổi sáng không?,A1
hpNREux9pXU_sentence_782.wav,Geography,Địa lýName,A1
hpNREux9pXU_sentence_791.wav,I need to get more organized.,Tôi cần phải ngăn nắp hơn.,A1
hpNREux9pXU_sentence_795.wav,Your work is poorly organized.,Công việc của bạn được tổ chức kém.,A2
hpNREux9pXU_sentence_818.wav,Can I help you? he asked pleasantly.,Tôi có thể giúp gì cho cô? anh hỏi một cách vui vẻ.,A2
hpNREux9pXU_sentence_840.wav,"I don't know the title, but I recognize the tune.","Tôi không biết tựa đề, nhưng tôi nhận ra giai điệu.",A2
hpNREux9pXU_sentence_866.wav,We meet on a monthly basis. The work is done on a voluntary basis.,Chúng tôi gặp nhau hàng tháng. Công việc được thực hiện trên cơ sở tự nguyện.,A2
hpNREux9pXU_sentence_874.wav,The twins are so alike that no one can distinguish one from the other.,Hai anh em sinh đôi giống nhau đến nỗi không ai có thể phân biệt được ai với ai.,A2
hpNREux9pXU_sentence_892.wav,Can you identify the man in this picture?,Anh có thể nhận dạng người đàn ông trong bức ảnh này không?,A2
hpNREux9pXU_sentence_950.wav,The reports were confusing.,Các báo cáo rất khó hiểu.,A2
hpNREux9pXU_sentence_967.wav,Don't outstanding.,Không nổi bật.,A2
hv9d7-jBg8E_sentence_013.wav,Can I make a reservation now?,Tôi đặt chỗ được chưa?,A1
hv9d7-jBg8E_sentence_018.wav,Smoking is a bad habit.,Hút thuốc là một thói quen xấu.,A2
hv9d7-jBg8E_sentence_058.wav,We talked about a variety of topics.,Chúng tôi nói về nhiều chủ đề khác nhau.,A2
hv9d7-jBg8E_sentence_117.wav,Nothing lasts forever.,Không có gì là mãi mãi.,A2
hv9d7-jBg8E_sentence_126.wav,They were stuck in traffic and missed their flight.,Họ bị kẹt xe và lỡ chuyến bay.,A2
hv9d7-jBg8E_sentence_149.wav,She wants a serious relationship.,Cô ấy muốn một mối quan hệ nghiêm túc.,A1
hv9d7-jBg8E_sentence_150.wav,I think it's time for me to give up on this relationship.,Tôi nghĩ đã đến lúc tôi từ bỏ mối quan hệ này.,A2
hv9d7-jBg8E_sentence_157.wav,I'll find him wherever he is.,Tôi sẽ tìm thấy hắn ở bất cứ đâu.,A1
hv9d7-jBg8E_sentence_178.wav,I lived on a farm when I was a kid.,Tôi sống ở nông trại khi còn nhỏ.,A2
hv9d7-jBg8E_sentence_188.wav,Question,Câu hỏi,A1
hv9d7-jBg8E_sentence_193.wav,May I ask you a question?,Tôi hỏi anh một câu được không?,A1
hv9d7-jBg8E_sentence_195.wav,Tire,Lốp,A1
hv9d7-jBg8E_sentence_202.wav,Seat.,Chỗ ngồi.,A1
hv9d7-jBg8E_sentence_206.wav,"Excuse me, you're in my seat.","Xin lỗi, anh đang ngồi chỗ tôi.",A1
hv9d7-jBg8E_sentence_214.wav,Please enter a valid email address.,Hãy nhập một địa chỉ email hợp lệ.,A2
hv9d7-jBg8E_sentence_221.wav,Do you often go shopping?,Bạn có thường đi mua sắm không?,A1
hv9d7-jBg8E_sentence_222.wav,I go shopping every morning.,Sáng nào tôi cũng đi mua sắm.,A1
hv9d7-jBg8E_sentence_226.wav,I touched him lightly on the shoulder.,Tôi chạm nhẹ lên vai anh.,A2
hv9d7-jBg8E_sentence_235.wav,"Unfortunately, there is no record of the transaction.","Thật không may, không có hồ sơ giao dịch.",A2
hv9d7-jBg8E_sentence_241.wav,He is thirsty for fame.,Hắn khát khao danh vọng.,A2
hv9d7-jBg8E_sentence_242.wav,We were hungry and thirsty.,Chúng tôi đói và khát.,A1
hv9d7-jBg8E_sentence_254.wav,I am going to start a new job next week.,Tuần tới tôi sẽ bắt đầu một công việc mới.,A1
hv9d7-jBg8E_sentence_270.wav,I advised him not to drink too much.,Tôi đã khuyên anh ta đừng uống nhiều quá.,A2
hv9d7-jBg8E_sentence_275.wav,"The food at this restaurant was acceptable, but no more.","Đồ ăn ở nhà hàng này được chấp nhận, nhưng không hơn.",A2
hv9d7-jBg8E_sentence_288.wav,He put the ring on her finger.,Anh đeo nhẫn vào ngón tay cô ấy.,A1
hv9d7-jBg8E_sentence_307.wav,anywhere.,Bất cứ nơi nào.,A1
hv9d7-jBg8E_sentence_311.wav,I will take you anywhere you want to go.,Tôi sẽ đưa cô đến bất cứ nơi nào cô muốn.,A1
hv9d7-jBg8E_sentence_312.wav,You can sit anywhere you want.,Anh có thể ngồi bất cứ đâu anh muốn.,A1
hv9d7-jBg8E_sentence_313.wav,I can't find my keys anywhere.,Tôi không thể tìm thấy chìa khóa của tôi ở bất cứ đâu.,A1
hv9d7-jBg8E_sentence_324.wav,"Overall, this is a very useful book.","Nhìn chung, đây là một cuốn sách rất hữu ích.",A1
hv9d7-jBg8E_sentence_336.wav,Japan is a rich country.,Nhật Bản là một nước giàu có.,A1
hv9d7-jBg8E_sentence_341.wav,Where did you get your hair cut?,Anh lấy đâu ra tóc thế?,A1
hv9d7-jBg8E_sentence_350.wav,Smoking is prohibited in this area.,Hút thuốc bị cấm ở khu vực này.,A2
hv9d7-jBg8E_sentence_352.wav,I quit smoking three years ago.,Tôi bỏ thuốc 3 năm trước.,A2
hv9d7-jBg8E_sentence_354.wav,Convenient.,Thuận lợi.,A1
hv9d7-jBg8E_sentence_357.wav,We must arrange a convenient time and place for the meeting.,Chúng ta phải sắp xếp thời gian và địa điểm thuận tiện cho cuộc gặp.,A2
hv9d7-jBg8E_sentence_377.wav,I'm gaining weight.,Tôi đang lên cân.,A1
hv9d7-jBg8E_sentence_383.wav,What are they doing?,Họ đang làm gì vậy?,A1
hv9d7-jBg8E_sentence_403.wav,What's your major?,Chuyên ngành của anh là gì?,A1
hv9d7-jBg8E_sentence_405.wav,We have encountered major problems.,Chúng ta đã gặp phải vấn đề lớn.,A2
hv9d7-jBg8E_sentence_415.wav,bit. He's getting better bit by bit.,Anh ấy đang dần khoẻ lên từng chút một.,A2
hv9d7-jBg8E_sentence_416.wav,I fell asleep for a bit.,Tôi ngủ một chút.,A1
hv9d7-jBg8E_sentence_433.wav,We've done the difficult part of the job.,Chúng ta đã hoàn thành phần khó nhất của công việc.,A2
hv9d7-jBg8E_sentence_438.wav,Health is an important factor of happiness.,Sức khoẻ là một yếu tố quan trọng của hạnh phúc.,A2
hv9d7-jBg8E_sentence_450.wav,Stop sucking your thumb.,Đừng có mút ngón tay nữa.,A1
hv9d7-jBg8E_sentence_454.wav,Comfortable.,Thoải mái.,A1
hv9d7-jBg8E_sentence_456.wav,Please make yourself comfortable.,Xin hãy tự nhiên nhé.,A1
hv9d7-jBg8E_sentence_457.wav,She didn't feel comfortable with my friend.,Cô ấy không cảm thấy thoải mái với bạn tôi.,A2
hv9d7-jBg8E_sentence_470.wav,That's an interesting suggestion.,Đó là một gợi ý thú vị.,A1
hv9d7-jBg8E_sentence_487.wav,My driver's license will expire next week.,Bằng lái xe của tôi sẽ hết hạn vào tuần tới.,A2
hv9d7-jBg8E_sentence_500.wav,I bought a new car last week.,Tuần trước tôi mua xe mới.,A1
hv9d7-jBg8E_sentence_504.wav,I intend to stay there for a week.,Tôi định ở lại đó một tuần.,A2
hv9d7-jBg8E_sentence_506.wav,T.,T.,A2
hv9d7-jBg8E_sentence_507.wav,Could I have some more tea?,Cho tôi thêm ít trà được không?,A1
hv9d7-jBg8E_sentence_511.wav,Would you like tea or coffee?,Cô muốn uống trà hay cà phê không?,A1
hv9d7-jBg8E_sentence_520.wav,Lawyer,Luật sư,A1
hv9d7-jBg8E_sentence_523.wav,We should hire a lawyer.,Chúng ta nên thuê luật sư.,A1
hv9d7-jBg8E_sentence_525.wav,It's not hard to find a lawyer who can speak English here.,Không khó để tìm một luật sư có thể nói tiếng Anh ở đây.,A2
hv9d7-jBg8E_sentence_529.wav,I don't mind if I get wet.,Tôi không phiền nếu tôi bị ướt.,A1
hv9d7-jBg8E_sentence_557.wav,We test your English before deciding which class to put you in.,Chúng tôi sẽ kiểm tra tiếng Anh của bạn trước khi quyết định đặt bạn vào lớp nào.,A2
hv9d7-jBg8E_sentence_559.wav,I'm so happy that I passed the test.,Tôi rất vui vì đã vượt qua bài kiểm tra.,A1
iV9Hex2vIdg_sentence_043.wav,"They had a wonderful holiday, despite the bad weather.","Họ đã có một kỳ nghỉ tuyệt vời, bất chấp thời tiết xấu.",A2
iV9Hex2vIdg_sentence_046.wav,He's just a temporary staff.,Anh ta chỉ là nhân viên tạm thời.,A2
iV9Hex2vIdg_sentence_055.wav,His mother is seriously ill.,Mẹ anh ta bị bệnh nặng.,A1
iV9Hex2vIdg_sentence_064.wav,Please fill out this application form.,Xin hãy điền vào mẫu đơn này.,A2
iV9Hex2vIdg_sentence_071.wav,We need to get a blood sample.,Chúng ta cần lấy mẫu máu.,A1
iV9Hex2vIdg_sentence_074.wav,We would like to see a sample of your work.,Chúng tôi muốn xem một mẫu trong tác phẩm của anh.,A2
iV9Hex2vIdg_sentence_081.wav,I agree with your point of view.,Tôi đồng ý với quan điểm của anh.,A2
iV9Hex2vIdg_sentence_122.wav,"The boy who lives next door often comes home late. I have known Tom since I was a little boy,",Thằng bé hàng xóm thường về nhà muộn.,A2
iV9Hex2vIdg_sentence_123.wav,"She put her little boy to bed,","Cô ta đưa con trai lên giường,",A1
iV9Hex2vIdg_sentence_127.wav,Do you ask your parents for permission?,Bạn có xin phép bố mẹ không?,A1
iV9Hex2vIdg_sentence_137.wav,He lost interest in everything.,Ông ấy mất hứng thú với mọi thứ.,A2
iV9Hex2vIdg_sentence_140.wav,I apologize for being late.,Tôi xin lỗi vì đã đến muộn.,A1
iV9Hex2vIdg_sentence_145.wav,He apologised to me for his rudeness.,Anh ta xin lỗi tôi vì sự thô lỗ của mình.,A2
iV9Hex2vIdg_sentence_163.wav,$100 will cover all your expenses for the trip.,100 đô sẽ trang trải mọi chi phí cho chuyến đi.,A2
iV9Hex2vIdg_sentence_164.wav,We're trying to cut down expenses.,Chúng tôi đang cố gắng cắt giảm chi phí.,A2
iV9Hex2vIdg_sentence_176.wav,We spent the entire day at the beach.,Chúng tôi ở bãi biển cả ngày.,A1
iV9Hex2vIdg_sentence_192.wav,We have to play fair whether we win or lose.,Chúng ta phải chơi công bằng dù thắng hay thua.,A2
iV9Hex2vIdg_sentence_194.wav,Hotel accommodation is included in the price of the tour.,Chỗ ở tại khách sạn được tính trong giá của tour du lịch.,A2
iV9Hex2vIdg_sentence_229.wav,His condition will soon change for the better.,Tình trạng của anh ấy sẽ sớm tốt hơn thôi.,A2
iV9Hex2vIdg_sentence_260.wav,He exchanges the blue shirt for a red one.,Anh ta đổi áo xanh lấy áo đỏ.,A2
iV9Hex2vIdg_sentence_287.wav,Do admire.,Hãy ngưỡng mộ.,A1
iV9Hex2vIdg_sentence_296.wav,He's a former student of mine.,Anh ấy là cựu học sinh của tôi.,A2
iV9Hex2vIdg_sentence_301.wav,He's currently abroad on business.,Anh ấy đang đi công tác nước ngoài.,A2
iV9Hex2vIdg_sentence_303.wav,They just returned from abroad.,Họ vừa từ nước ngoài về.,A1
iV9Hex2vIdg_sentence_321.wav,I did it because of you.,Tôi làm thế là vì anh.,A1
iV9Hex2vIdg_sentence_331.wav,Quality,Chất lượng,A2
iV9Hex2vIdg_sentence_339.wav,Check my messages and please call me back right after.,Kiểm tra tin nhắn của tôi và gọi lại cho tôi ngay sau đó.,A1
iV9Hex2vIdg_sentence_341.wav,Did anyone call me while I was out?,Có ai gọi cho tôi khi tôi ra ngoài không?,A1
iV9Hex2vIdg_sentence_347.wav,There are many wild animals in this forest.,Có rất nhiều động vật hoang dã trong khu rừng này.,A2
iV9Hex2vIdg_sentence_352.wav,I bought this house as an investment.,Tôi mua căn nhà này như một khoản đầu tư.,A2
iV9Hex2vIdg_sentence_356.wav,The best investment you can make is in yourself.,Sự đầu tư tốt nhất bạn có thể làm là ở bản thân bạn.,A2
iV9Hex2vIdg_sentence_357.wav,Brain. The brain is the center of the nervous system. The brain is the center of the nervous system.,Não bộ. Não bộ là trung tâm của hệ thần kinh.,B1
iV9Hex2vIdg_sentence_358.wav,Monday,Thứ Hai,A1
iV9Hex2vIdg_sentence_359.wav,"It's Monday today, isn't it?","Hôm nay là thứ Hai, phải không?",A2
iV9Hex2vIdg_sentence_360.wav,Are you busy next Monday?,Thứ Hai tới anh có bận không?,A1
iV9Hex2vIdg_sentence_383.wav,She has dark skin.,Cô ấy có làn da sẫm màu.,A2
iV9Hex2vIdg_sentence_387.wav,Recent,Gần đây,A2
iV9Hex2vIdg_sentence_391.wav,There have been many changes in recent years.,Đã có nhiều thay đổi trong những năm gần đây.,A2
iV9Hex2vIdg_sentence_406.wav,We've been searching for you for hours.,Chúng tôi đã tìm anh hàng giờ.,A2
iV9Hex2vIdg_sentence_407.wav,I found my dog after a long search.,Tôi tìm thấy con chó của mình sau một cuộc tìm kiếm dài.,A2
iV9Hex2vIdg_sentence_431.wav,The road ahead was blocked.,Con đường phía trước đã bị chặn.,A2
iV9Hex2vIdg_sentence_442.wav,Call me if you have any problems regarding your work.,Gọi cho tôi nếu anh có vấn đề gì liên quan đến công việc.,A2
iV9Hex2vIdg_sentence_443.wav,"If you have any questions regarding this problem, call me.","Nếu có bất kỳ câu hỏi nào liên quan đến vấn đề này, hãy gọi cho tôi.",A2
iV9Hex2vIdg_sentence_446.wav,"The boy who sat beside him was his son, who","Đứa bé ngồi cạnh ông là con trai ông, người đã",A2
iV9Hex2vIdg_sentence_454.wav,The country's economy is about to collapse.,Nền kinh tế của đất nước này sắp sụp đổ.,A2
iV9Hex2vIdg_sentence_458.wav,Have you already read this book?,Bạn đã đọc cuốn sách này chưa?,A1
iV9Hex2vIdg_sentence_464.wav,Limited.,Có giới hạn.,A2
iV9Hex2vIdg_sentence_466.wav,Your time is limited.,Thời gian của bạn có giới hạn.,A2
iV9Hex2vIdg_sentence_468.wav,We're working on a limited budget.,Chúng tôi đang làm việc với ngân sách hạn chế.,A2
iV9Hex2vIdg_sentence_471.wav,Around.,Xung quanh.,A1
iV9Hex2vIdg_sentence_484.wav,He is fully aware of the problem.,Anh ta hoàn toàn nhận thức được vấn đề.,A2
iV9Hex2vIdg_sentence_490.wav,My opinion differs from yours.,Ý kiến của tôi khác của anh.,A2
iV9Hex2vIdg_sentence_491.wav,"That is my pencil, and this is yours.","Đây là bút chì của tôi, còn đây là của anh.",A2
iV9Hex2vIdg_sentence_493.wav,My aunt sent me a birthday present.,Dì tôi gửi quà sinh nhật cho tôi.,A1
iV9Hex2vIdg_sentence_505.wav,The church was largely rebuilt at the end of the 15th century.,Nhà thờ được xây dựng lại phần lớn vào cuối thế kỷ 15.,A2
iV9Hex2vIdg_sentence_509.wav,He walked across the field.,Nó băng qua cánh đồng.,A1
ihK-SbRzvOk_sentence_014.wav,Ridiculous.,Thật lố bịch.,A1
ihK-SbRzvOk_sentence_022.wav,Your help is highly appreciated.,Sự giúp đỡ của anh rất cảm kích.,A1
ihK-SbRzvOk_sentence_039.wav,How is your holiday?,Kỳ nghỉ của anh thế nào?,A1
ihK-SbRzvOk_sentence_049.wav,She thanked him for his helpful advice.,Cô cảm ơn anh vì lời khuyên hữu ích của anh.,A2
ihK-SbRzvOk_sentence_054.wav,Swim.,Bơi.,A1
ihK-SbRzvOk_sentence_059.wav,I can swim across the river.,Tôi có thể bơi qua sông.,A1
ihK-SbRzvOk_sentence_070.wav,The book has been translated into several languages.,Cuốn sách đã được dịch sang nhiều ngôn ngữ.,A2
ihK-SbRzvOk_sentence_072.wav,What lesson?,Bài học gì?,A1
ihK-SbRzvOk_sentence_079.wav,Unique.,Nét riêng biệt.,A1
ihK-SbRzvOk_sentence_086.wav,Could you please tell me your height and weight?,Cô có thể cho tôi biết chiều cao và cân nặng của cô không?,A2
ihK-SbRzvOk_sentence_088.wav,What's the height of the mountain?,Độ cao của ngọn núi là bao nhiêu?,A2
ihK-SbRzvOk_sentence_117.wav,Including,Bao gồm,A2
ihK-SbRzvOk_sentence_118.wav,There are ten people including you.,"Có 10 người, kể cả anh.",A1
ihK-SbRzvOk_sentence_135.wav,She spends most of her income on books.,Cô ấy dành phần lớn thu nhập của mình cho sách.,A2
ihK-SbRzvOk_sentence_153.wav,"May I see your invitation, please?",Tôi có thể xem giấy mời của anh không?,A2
ihK-SbRzvOk_sentence_161.wav,Why don't you take your jacket off?,Sao anh không cởi áo khoác ra?,A1
ihK-SbRzvOk_sentence_173.wav,I'm satisfied with her progress.,Tôi hài lòng với tiến độ của cô ấy.,A2
ihK-SbRzvOk_sentence_226.wav,Breakfast is served between 7 and 9 a.m.,Bữa sáng được phục vụ từ 7 đến 9 giờ sáng.,A2
ihK-SbRzvOk_sentence_231.wav,She served deserve.,Cô ấy xứng đáng được phục vụ.,A2
ihK-SbRzvOk_sentence_235.wav,You deserve to be object. Object.,Bạn xứng đáng là đối tượng.,A2
ihK-SbRzvOk_sentence_246.wav,My mother objects to smoking.,Mẹ tôi phản đối hút thuốc.,A2
ja6qPCZlNbQ_sentence_001.wav,We only sell high quality products.,Chúng tôi chỉ bán những sản phẩm chất lượng cao.,A2
ja6qPCZlNbQ_sentence_002.wav,She has all the qualities of a good teacher.,Cô ấy có tất cả phẩm chất của một giáo viên tốt.,A2
ja6qPCZlNbQ_sentence_003.wav,Quality is more important than quantity.,Chất lượng quan trọng hơn số lượng.,A2
ja6qPCZlNbQ_sentence_017.wav,What's his most recent book?,Cuốn sách gần đây nhất của ông ấy là gì?,A2
ja6qPCZlNbQ_sentence_052.wav,Be it.,Hãy là nó.,A1
ja6qPCZlNbQ_sentence_060.wav,You can't force me to do anything.,Anh không thể ép tôi làm bất cứ điều gì.,A1
ja6qPCZlNbQ_sentence_061.wav,She forced him to sit down.,Cô ta ép anh ta ngồi xuống.,A1
ja6qPCZlNbQ_sentence_068.wav,I will show you around the town.,Tôi sẽ dẫn anh đi vòng quanh thị trấn.,A1
ja6qPCZlNbQ_sentence_072.wav,The nearest town is 10 miles away.,Thị trấn gần nhất cách đây 10 dặm.,A2
ja6qPCZlNbQ_sentence_077.wav,I was not fully aware of the danger.,Tôi không nhận thức được sự nguy hiểm.,A2
ja6qPCZlNbQ_sentence_101.wav,West.,Phía Tây.,A2
ja6qPCZlNbQ_sentence_103.wav,The sun rises in the east and sets in the west.,Mặt trời mọc ở phía đông và lặn ở phía tây.,A2
ja6qPCZlNbQ_sentence_105.wav,We have a good heating system.,Chúng tôi có hệ thống sưởi tốt.,A1
ja6qPCZlNbQ_sentence_109.wav,Insult. Insult.,Sỉ nhục. Sỉ nhục.,A2
ja6qPCZlNbQ_sentence_118.wav,"I didn't mean to make you nervous, said","Tôi không có ý làm cho bạn lo lắng, nói",A2
ja6qPCZlNbQ_sentence_124.wav,The Grand Canyon is one of the natural wonders of the world.,Hẻm núi Grand Canyon là một trong những kỳ quan thiên nhiên của thế giới.,A2
ja6qPCZlNbQ_sentence_146.wav,"the narrow roads were blocked by cars. He stood up, blocking her escape.",) Tôi không biết.,A2
ja6qPCZlNbQ_sentence_161.wav,Cancer.,Ung thư.,A2
ja6qPCZlNbQ_sentence_164.wav,A lot of cancers can now be treated successfully.,Rất nhiều loại ung thư giờ có thể được chữa thành công.,A2
ja6qPCZlNbQ_sentence_171.wav,I told him I was engaged.,Tôi nói với anh ta là tôi đã đính hôn.,A1
ja6qPCZlNbQ_sentence_182.wav,She is determined to leave the company.,Cô quyết tâm rời khỏi công ty.,A2
ja6qPCZlNbQ_sentence_201.wav,Thanks for your advice.,Cảm ơn lời khuyên của anh.,A1
ja6qPCZlNbQ_sentence_202.wav,Let me give you a piece of advice.,Để tôi cho anh một lời khuyên.,A1
ja6qPCZlNbQ_sentence_207.wav,"May I have your attention, please?",Xin mọi người chú ý.,A2
ja6qPCZlNbQ_sentence_232.wav,I am struggling with my health.,Tôi đang phải vật lộn với sức khoẻ của mình.,A2
ja6qPCZlNbQ_sentence_236.wav,He has taken over his father's business.,Anh ta đã tiếp quản công việc kinh doanh của cha mình.,A2
ja6qPCZlNbQ_sentence_241.wav,I want you to return the book I lent you the other day.,Tôi muốn anh trả lại cuốn sách tôi cho anh mượn hôm trước.,A2
ja6qPCZlNbQ_sentence_246.wav,They want me to organize the party.,Họ muốn tôi tổ chức bữa tiệc.,A1
ja6qPCZlNbQ_sentence_247.wav,You need to organize your time better.,Bạn cần sắp xếp thời gian tốt hơn.,A2
ja6qPCZlNbQ_sentence_271.wav,She has a soft voice.,Giọng cô ấy rất nhẹ nhàng.,A1
ja6qPCZlNbQ_sentence_274.wav,North.,Phía Bắc.,A2
ja6qPCZlNbQ_sentence_278.wav,I'm at the North Gate.,Tôi đang ở Cổng Bắc.,A1
ja6qPCZlNbQ_sentence_288.wav,"You really want to win this bet, don't you?","Anh thực sự muốn thắng vụ cá cược này, phải không?",A2
ja6qPCZlNbQ_sentence_292.wav,Sex,Giới tính,A1
ja6qPCZlNbQ_sentence_299.wav,Stupid.,Ngu ngốc.,A1
ja6qPCZlNbQ_sentence_304.wav,That's a stupid question.,Đó là một câu hỏi ngu ngốc.,A1
ja6qPCZlNbQ_sentence_305.wav,I think that's a really stupid idea.,Tôi nghĩ đó là một ý tưởng ngu ngốc.,A1
ja6qPCZlNbQ_sentence_325.wav,Absence.,Sự vắng mặt.,A2
ja6qPCZlNbQ_sentence_327.wav,The decision was made in my absence.,Quyết định được đưa ra khi tôi vắng mặt.,A2
ja6qPCZlNbQ_sentence_328.wav,He revealed the real reason for his absence.,Ông tiết lộ lý do thực sự cho sự vắng mặt của mình.,A2
ja6qPCZlNbQ_sentence_331.wav,I have no intention of doing that.,Tôi không có ý định làm thế.,A1
ja6qPCZlNbQ_sentence_333.wav,I have no intention of telling you the result.,Tôi không có ý định nói cho anh biết kết quả.,A2
ja6qPCZlNbQ_sentence_343.wav,Attitude is Everything is my favorite book.,Thái độ là tất cả mọi thứ là cuốn sách yêu thích của tôi.,A1
ja6qPCZlNbQ_sentence_346.wav,Asians generally have black hair.,Người châu Á thường có tóc đen.,A2
ja6qPCZlNbQ_sentence_351.wav,Birth. He was blind from birth. There were three births at the hospital last night.,Anh ta mù từ khi mới sinh. Có ba ca sinh tại bệnh viện tối qua.,A2
ja6qPCZlNbQ_sentence_361.wav,Are you having financial problems?,Bạn có vấn đề về tài chính không?,A1
ja6qPCZlNbQ_sentence_364.wav,Possibility.,Khả năng.,A2
ja6qPCZlNbQ_sentence_365.wav,We have three possibilities.,Chúng ta có 3 khả năng.,A1
ja6qPCZlNbQ_sentence_380.wav,Many young people in Vietnam are currently unemployed.,Nhiều thanh niên ở Việt Nam hiện đang thất nghiệp.,A2
ja6qPCZlNbQ_sentence_394.wav,Come and see me any time you like.,Hãy tới gặp tôi bất cứ lúc nào anh muốn.,A1
ja6qPCZlNbQ_sentence_409.wav,Lunch.,Ăn trưa.,A1
ja6qPCZlNbQ_sentence_414.wav,Would you like to have lunch together?,Hai người có muốn ăn trưa cùng nhau không?,A1
ja6qPCZlNbQ_sentence_420.wav,The rules need to be adjusted as soon as possible.,Các quy tắc cần được điều chỉnh càng sớm càng tốt.,A2
ja6qPCZlNbQ_sentence_421.wav,Wake.,Thức dậy.,A1
ja6qPCZlNbQ_sentence_427.wav,Please wake me up at 6.30.,Làm ơn đánh thức tôi dậy lúc 6 giờ 30.,A1
ja6qPCZlNbQ_sentence_437.wav,He spoke so fast that I couldn't follow him.,Anh nói nhanh đến nỗi tôi không thể theo kịp.,A2
ja6qPCZlNbQ_sentence_441.wav,Please follow me.,Xin hãy theo tôi.,A1
ja6qPCZlNbQ_sentence_444.wav,She argued with him about money.,Cô ta cãi nhau với hắn về tiền bạc.,A2
ja6qPCZlNbQ_sentence_445.wav,She argued that it's too early to make a decision.,Cô ấy cho rằng còn quá sớm để đưa ra quyết định.,A2
ja6qPCZlNbQ_sentence_446.wav,I don't want to argue with you about it.,Tôi không muốn tranh cãi với anh về chuyện đó.,A2
ja6qPCZlNbQ_sentence_457.wav,There's still plenty of room for improvement.,Vẫn còn nhiều chỗ để cải thiện.,A2
ja6qPCZlNbQ_sentence_461.wav,Suggest.,Đề xuất.,A2
ja6qPCZlNbQ_sentence_462.wav,I suggest a different approach to this problem.,Tôi đề nghị một cách tiếp cận khác cho vấn đề này.,A2
ja6qPCZlNbQ_sentence_465.wav,Can you suggest another solution?,Anh có thể đề nghị một giải pháp khác không?,A2
ja6qPCZlNbQ_sentence_470.wav,You can see many animals in this forest.,Bạn có thể thấy nhiều loài động vật trong khu rừng này.,A2
ja6qPCZlNbQ_sentence_472.wav,He walked through the forest.,Nó đi xuyên qua rừng.,A1
ja6qPCZlNbQ_sentence_475.wav,We are living in the 21st century.,Chúng ta đang sống trong thế kỷ 21.,A2
ja6qPCZlNbQ_sentence_484.wav,Does anyone here speak English?,Có ai ở đây nói tiếng Anh không?,A2
ja6qPCZlNbQ_sentence_490.wav,Glass.,Kính.,A1
ja6qPCZlNbQ_sentence_492.wav,He broke the glass.,Hắn đã làm vỡ kính.,A1
ja6qPCZlNbQ_sentence_522.wav,We should hire someone who can speak English.,Chúng ta nên thuê người nói tiếng Anh.,A2
kG1FsEsNE90_sentence_009.wav,Tomorrow is my first day at work. Do I need to buy a suit?,"Ngày mai là ngày đầu tiên tôi đi làm, tôi có cần mua một bộ vest không?",A2
kG1FsEsNE90_sentence_036.wav,You've got sharp eyes.,Anh có đôi mắt sắc sảo.,A1
kG1FsEsNE90_sentence_053.wav,Do you mind if I turn down the T V?,Anh có phiền không nếu tôi vặn nhỏ TV?,A2
kG1FsEsNE90_sentence_059.wav,Enjoy.,Hãy tận hưởng.,A1
kG1FsEsNE90_sentence_071.wav,My legs are beginning to tire.,Chân tôi bắt đầu mỏi rồi.,A2
kG1FsEsNE90_sentence_093.wav,Hanoi is the capital of Vietnam.,Hà Nội là thủ đô của Việt Nam.,A2
kG1FsEsNE90_sentence_095.wav,Capital is a critical ingredient for the success of a business.,Vốn là một yếu tố quan trọng cho sự thành công của doanh nghiệp.,B1
kG1FsEsNE90_sentence_1002.wav,I believe in you. I'm innocent. Please believe me.,"Tôi tin anh, tôi vô tội, xin hãy tin tôi.",A1
kG1FsEsNE90_sentence_113.wav,I'm raising money for good causes.,Tôi quyên tiền vì những mục đích tốt đẹp.,A2
kG1FsEsNE90_sentence_116.wav,The cause of the accident is not clear.,Nguyên nhân của vụ tai nạn không rõ ràng.,A2
kG1FsEsNE90_sentence_147.wav,The machine must be checked weekly.,Máy giặt phải được kiểm tra hàng tuần.,A2
kG1FsEsNE90_sentence_163.wav,She visits him quite often.,Cô ấy đến thăm anh ta khá thường xuyên.,A2
kG1FsEsNE90_sentence_173.wav,How much is this clock?,Cái đồng hồ này giá bao nhiêu?,A1
kG1FsEsNE90_sentence_233.wav,He whispered something in her ear.,Anh thì thầm gì đó vào tai cô.,A2
kG1FsEsNE90_sentence_242.wav,She's a government official.,Cô ấy là một quan chức chính phủ.,A1
kG1FsEsNE90_sentence_257.wav,Do you remember mail?,Anh có nhớ thư từ không?,A1
kG1FsEsNE90_sentence_267.wav,Husband,Người chồng,A1
kG1FsEsNE90_sentence_268.wav,He will be a good husband.,Anh ấy sẽ là một người chồng tốt.,A1
kG1FsEsNE90_sentence_269.wav,What's your husband's name?,Chồng cô tên gì?,A2
kG1FsEsNE90_sentence_270.wav,Where is my husband?,Chồng tôi đâu rồi?,A1
kG1FsEsNE90_sentence_273.wav,They had to leave at midnight.,Họ phải đi lúc nửa đêm.,A1
kG1FsEsNE90_sentence_274.wav,I often wake up at midnight.,Tôi thường thức dậy lúc nửa đêm.,A2
kG1FsEsNE90_sentence_278.wav,She used to hate him.,Cô ấy từng ghét anh ta.,A1
kG1FsEsNE90_sentence_280.wav,"You hate your job, don't you?","Anh ghét công việc của mình, phải không?",A2
kG1FsEsNE90_sentence_284.wav,What will happen if I push this button?,Chuyện gì sẽ xảy ra nếu tôi nhấn nút này?,A2
kG1FsEsNE90_sentence_295.wav,He is the image of his father.,Anh ta là hình ảnh của cha mình.,A2
kG1FsEsNE90_sentence_297.wav,Soap was bad for his face.,Xà phòng không tốt cho mặt.,A2
kG1FsEsNE90_sentence_298.wav,Bad.,Tồi tệ.,A1
kG1FsEsNE90_sentence_333.wav,I have nothing more to say on the subject.,Tôi không có gì để nói về chủ đề này.,A2
kG1FsEsNE90_sentence_357.wav,She falls in love with him.,Cô ấy yêu anh ta.,A2
kG1FsEsNE90_sentence_364.wav,He stumbled and fell.,Nó bị trượt chân và ngã.,A2
kG1FsEsNE90_sentence_439.wav,We plan to build a new house next year.,Chúng tôi dự định sẽ xây một ngôi nhà mới vào năm tới.,A2
kG1FsEsNE90_sentence_453.wav,Please accept our sincere apologies.,Xin hãy chấp nhận lời xin lỗi chân thành của chúng tôi.,A2
kG1FsEsNE90_sentence_455.wav,He asked me to marry him and I accepted.,Anh ấy hỏi cưới tôi và tôi đã đồng ý.,A2
kG1FsEsNE90_sentence_475.wav,Who invented this machine?,Ai phát minh ra cái máy này?,A2
kG1FsEsNE90_sentence_492.wav,He's just arrived.,Anh ta vừa mới đến.,A1
kG1FsEsNE90_sentence_506.wav,How long forecast?,Dự báo bao lâu?,A2
kG1FsEsNE90_sentence_519.wav,Have a nice day.,Chúc một ngày tốt lành.,A1
kG1FsEsNE90_sentence_520.wav,What time do you get up every day?,Anh thức dậy lúc mấy giờ mỗi ngày?,A1
kG1FsEsNE90_sentence_529.wav,Real,Thật,A1
kG1FsEsNE90_sentence_553.wav,She used capital.,Cô ấy đã sử dụng vốn.,A2
kG1FsEsNE90_sentence_566.wav,This is an ideal opportunity to save money.,Đây là cơ hội lý tưởng để tiết kiệm tiền.,A2
kG1FsEsNE90_sentence_585.wav,I greatly appreciate your kindness.,Tôi rất cảm kích lòng tốt của anh.,A1
kG1FsEsNE90_sentence_586.wav,She has contributed greatly to our success.,Cô ấy đã đóng góp rất nhiều vào thành công của chúng tôi.,A2
kG1FsEsNE90_sentence_591.wav,I was greatly impressed by your presentation.,Tôi đã rất ấn tượng với bài thuyết trình của anh.,A2
kG1FsEsNE90_sentence_622.wav,Don't let me fall asleep.,Đừng để tôi ngủ quên.,A1
kG1FsEsNE90_sentence_632.wav,She gently laid the baby down on the bed.,Cô nhẹ nhàng đặt đứa bé xuống giường.,A2
kG1FsEsNE90_sentence_648.wav,Such toys have a bad influence on children.,Những đồ chơi như vậy có ảnh hưởng xấu đến trẻ em.,A2
kG1FsEsNE90_sentence_661.wav,Tire.,Lốp xe.,A1
kG1FsEsNE90_sentence_699.wav,We're going to test the new material.,Chúng ta sẽ thử nghiệm vật liệu mới.,A2
kG1FsEsNE90_sentence_703.wav,Here's a sample of the material I want.,Đây là mẫu vật liệu tôi muốn.,A2
kG1FsEsNE90_sentence_710.wav,The supermarket opens at 7 AM.,Siêu thị mở cửa lúc 7 giờ sáng.,A1
kG1FsEsNE90_sentence_711.wav,"Excuse me, where is the nearest supermarket?","Xin lỗi, siêu thị gần nhất ở đâu?",A1
kG1FsEsNE90_sentence_712.wav,I used to work in a supermarket.,Tôi từng làm việc trong siêu thị.,A1
kG1FsEsNE90_sentence_725.wav,It's too shock.,Sốc quá.,A1
kG1FsEsNE90_sentence_731.wav,"Sooner or later, she'll get over the shock.",Sớm muộn gì cô ấy cũng sẽ vượt qua được cú sốc.,A2
kG1FsEsNE90_sentence_750.wav,Everywhere.,Mọi nơi.,A2
kG1FsEsNE90_sentence_752.wav,His dog follows him everywhere.,Con chó của hắn theo hắn khắp nơi.,A2
kG1FsEsNE90_sentence_761.wav,"Try it on, it's your size.","Mặc thử đi, cỡ của anh mà.",A1
kG1FsEsNE90_sentence_816.wav,There is no place like home.,Không có nơi nào như nhà.,A2
kG1FsEsNE90_sentence_819.wav,I plan to write a book.,Tôi dự định viết một cuốn sách.,A1
kG1FsEsNE90_sentence_820.wav,Please write your name in capitals.,Xin hãy viết tên của bạn bằng chữ in hoa.,A2
kG1FsEsNE90_sentence_821.wav,"Could you write it down for me, please?",Anh có thể viết ra cho tôi không?,A2
kG1FsEsNE90_sentence_822.wav,I plan to write Silence.,Tôi dự định viết Im lặng.,A1
kG1FsEsNE90_sentence_827.wav,She sat there in silence.,Cô ngồi đó trong im lặng.,A2
kG1FsEsNE90_sentence_845.wav,Have you finished your English homework yet?,Con đã làm xong bài tập tiếng Anh chưa?,A1
kG1FsEsNE90_sentence_846.wav,I've just finished my homework.,Tôi vừa làm xong bài tập về nhà.,A1
kG1FsEsNE90_sentence_849.wav,Each,Mỗi,A1
kG1FsEsNE90_sentence_853.wav,Brush influence.,Chải ảnh hưởng.,B1
kG1FsEsNE90_sentence_902.wav,I'm the only one you can trust.,Tôi là người duy nhất anh có thể tin tưởng.,A1
kG1FsEsNE90_sentence_903.wav,I have absolute trust in him.,Tôi hoàn toàn tin tưởng anh ta.,A1
kG1FsEsNE90_sentence_907.wav,You shouldn't trust that man.,Anh không nên tin người đó.,A1
kG1FsEsNE90_sentence_912.wav,Ha well known.,Ha nổi tiếng.,A2
kG1FsEsNE90_sentence_921.wav,They walked along a narrow path.,Hai đứa đi dọc theo một con đường hẹp.,A2
kG1FsEsNE90_sentence_932.wav,Forecast,Dự báo,A1
kG1FsEsNE90_sentence_933.wav,What's the weather forecast for tomorrow?,Dự báo thời tiết ngày mai thế nào?,A2
kG1FsEsNE90_sentence_937.wav,Rain is forecast for this evening.,Dự báo sẽ có mưa vào tối nay.,A2
kG1FsEsNE90_sentence_939.wav,Side,Mặt,A2
kG1FsEsNE90_sentence_947.wav,You can park on either side of the street.,Bạn có thể đỗ xe ở hai bên đường.,A2
kG1FsEsNE90_sentence_966.wav,I'll be back in a second.,Tôi sẽ quay lại ngay.,A1
kG1FsEsNE90_sentence_997.wav,I believe we've already met.,Tôi tin là chúng ta đã gặp nhau rồi.,A1
kG1FsEsNE90_sentence_999.wav,I believe in you.,Tôi tin tưởng ở anh.,A1
lQuu1XM80ng_sentence_002.wav,I'm not sure if he can come.,Tôi không chắc là anh ta có thể đến được không.,A1
lQuu1XM80ng_sentence_017.wav,he finds it difficult to stop drinking.,Anh ta thấy khó mà ngừng uống rượu.,A2
lQuu1XM80ng_sentence_021.wav,There is nothing as exciting as meeting an old friend unexpectedly.,Không có gì thú vị bằng việc gặp gỡ một người bạn cũ bất ngờ.,A2
lQuu1XM80ng_sentence_053.wav,No matter,Không quan trọng,A1
lQuu1XM80ng_sentence_079.wav,I assure you.,Tôi đảm bảo với anh.,A1
lQuu1XM80ng_sentence_090.wav,Enough to,Đủ để,A1
lQuu1XM80ng_sentence_097.wav,From scratch.,Từ đầu.,A1
lQuu1XM80ng_sentence_100.wav,from scratch.,từ đầu.,A1
lQuu1XM80ng_sentence_109.wav,How often do you,Bạn có thường xuyên,A1
lQuu1XM80ng_sentence_114.wav,How often do you see him?,Anh có thường gặp anh ta không?,A1
lQuu1XM80ng_sentence_143.wav,You are not too,Anh cũng không phải,A1
lQuu1XM80ng_sentence_144.wav,You are not to doze off in class.,Bạn không được ngủ gật trong lớp.,A1
lQuu1XM80ng_sentence_145.wav,You are not to waste your time doing nothing.,Đừng phí thời gian vô ích.,A2
lQuu1XM80ng_sentence_146.wav,You are not to scribble on the wall.,Bạn không được vẽ nguệch ngoạc lên tường.,A2
lQuu1XM80ng_sentence_155.wav,I the point is that.,Vấn đề là ở chỗ đó.,A1
lQuu1XM80ng_sentence_157.wav,The point is that you don't understand the question.,Vấn đề là anh không hiểu câu hỏi.,A2
lQuu1XM80ng_sentence_167.wav,This is by far the best method.,Đây là phương pháp tốt nhất.,A2
lQuu1XM80ng_sentence_174.wav,But this doesn't mean that.,Nhưng điều này không có nghĩa là như vậy.,A1
lQuu1XM80ng_sentence_175.wav,"We are your employees, but this doesn't mean that we must obey you unconditionally.","Chúng tôi là nhân viên của ngài, nhưng điều đó không có nghĩa là chúng tôi phải tuân lệnh ngài vô điều kiện.",B1
lQuu1XM80ng_sentence_186.wav,I jumped out of bed as soon as the alarm clock went off.,Tôi nhảy ra khỏi giường ngay khi đồng hồ báo thức kêu.,A2
lQuu1XM80ng_sentence_187.wav,What I'm trying to say is,Điều tôi muốn nói là,A2
lQuu1XM80ng_sentence_188.wav,What I'm trying to say is that he is a good husband.,Điều tôi muốn nói là anh ấy là một người chồng tốt.,A2
lQuu1XM80ng_sentence_189.wav,What I'm trying to say,Điều tôi muốn nói là,A1
lQuu1XM80ng_sentence_190.wav,is that it's worth buying.,là nó đáng để mua.,A1
lQuu1XM80ng_sentence_191.wav,What I'm trying to say is that human nature doesn't change.,Điều tôi muốn nói là bản chất con người không thay đổi.,A2
lQuu1XM80ng_sentence_192.wav,What I'm be careful with.,Thứ mà tôi phải cẩn thận với nó.,A1
lQuu1XM80ng_sentence_203.wav,As long as,Miễn là,A2
lQuu1XM80ng_sentence_204.wav,"As long as you promise to be careful, you can borrow my car.","Miễn là anh hứa sẽ cẩn thận, anh có thể mượn xe của tôi.",A2
lQuu1XM80ng_sentence_209.wav,You can go home early as long as you finish your work.,Anh có thể về nhà sớm miễn là anh làm xong việc.,A2
lQuu1XM80ng_sentence_218.wav,Turn out.,Turn out.,A1
lQuu1XM80ng_sentence_225.wav,"On one hand,","Một mặt,",A1
lQuu1XM80ng_sentence_226.wav,"On the other hand,","Mặt khác,",A2
lQuu1XM80ng_sentence_227.wav,"On one hand, it's convenient, but on the other hand, it's time consuming.","Một mặt, nó thuận tiện, nhưng mặt khác, nó tốn thời gian.",B1
lQuu1XM80ng_sentence_228.wav,"On one hand he is very obedient to his wife, on the other hand he treats his parents badly.","Một mặt anh rất vâng lời vợ, mặt khác anh đối xử với cha mẹ mình rất tệ.",A2
lQuu1XM80ng_sentence_229.wav,"On one hand, Jason does everything in the office. Deal with.","Một mặt, Jason làm mọi việc trong văn phòng.",A2
lQuu1XM80ng_sentence_243.wav,"I invited him for eight o'clock, but he didn't show up until nine thirty.","Tôi đã mời anh ta đến lúc 8 giờ, nhưng anh ta không xuất hiện cho đến 9 giờ 30.",A2
lQuu1XM80ng_sentence_256.wav,They will take about eighteen months.,Sẽ mất khoảng 18 tháng.,A2
lQuu1XM80ng_sentence_257.wav,How long does it take to get to the station by subway?,Mất bao lâu để đến ga bằng tàu điện ngầm?,A2
lQuu1XM80ng_sentence_262.wav,Do you have any tickets available?,Anh có vé nào không?,A1
lQuu1XM80ng_sentence_264.wav,Do you have any single rooms available?,Anh có phòng đơn nào không?,A2
lQuu1XM80ng_sentence_266.wav,Do you have any shoes in size twenty available?,Cô có đôi giày nào cỡ 20 không?,A2
lQuu1XM80ng_sentence_273.wav,"No matter how hard she tried, she couldn't please him.","Dù cố gắng đến đâu, cô ấy cũng không thể làm anh ta hài lòng.",A2
lQuu1XM80ng_sentence_278.wav,What do you like?,Anh thích gì nào?,A1
lQuu1XM80ng_sentence_282.wav,What are the chances of?,Cơ hội là gì?,A1
lQuu1XM80ng_sentence_283.wav,What are the chances of that happening?,Có khả năng nào điều đó sẽ xảy ra không?,A2
lQuu1XM80ng_sentence_284.wav,What are the chances of winning the game?,Cơ hội thắng cuộc chơi là bao nhiêu?,A2
lQuu1XM80ng_sentence_288.wav,What are the chances of getting a ticket?,Cơ hội để có vé phạt là bao nhiêu?,A2
lQuu1XM80ng_sentence_289.wav,On time.,Đúng giờ.,A1
lQuu1XM80ng_sentence_293.wav,Get along.,Hoà thuận.,A1
lQuu1XM80ng_sentence_301.wav,I found it difficult to get along with him.,Tôi thấy khó hoà hợp với anh ta.,A2
lQuu1XM80ng_sentence_304.wav,The first thing I'm going to do when,Điều đầu tiên tôi sẽ làm khi,A1
lQuu1XM80ng_sentence_306.wav,The first thing I'm going to do when I get home is sleep for a whole day.,Điều đầu tiên tôi sẽ làm khi về nhà là ngủ cả ngày.,A1
lQuu1XM80ng_sentence_307.wav,The first thing I'm going to do when I get a pay raise is to treat you to dinner.,Điều đầu tiên anh sẽ làm khi anh được tăng lương là đãi em bữa tối.,A2
lQuu1XM80ng_sentence_308.wav,What's your favorite?,Anh thích cái gì?,A1
lQuu1XM80ng_sentence_310.wav,Who's your favourite film star?,Ngôi sao điện ảnh yêu thích của bạn là ai?,A2
lQuu1XM80ng_sentence_311.wav,What's your favorite subject?,Môn học yêu thích của bạn là gì?,A1
lQuu1XM80ng_sentence_312.wav,What's your favorite dish?,Món ăn yêu thích của bạn là gì?,A1
lQuu1XM80ng_sentence_315.wav,I dare say.,Tôi dám nói.,A1
lQuu1XM80ng_sentence_319.wav,I dare say you will succeed in the election.,Tôi dám chắc là ngài sẽ thắng cử.,A2
lQuu1XM80ng_sentence_320.wav,I dare say he won't come.,Tôi dám nói là ổng sẽ không tới.,A1
lQuu1XM80ng_sentence_323.wav,It looks like,Nó trông giống như,A1
lQuu1XM80ng_sentence_324.wav,It looks like he has a crush on you.,Có vẻ như anh ấy thích cô.,A1
lQuu1XM80ng_sentence_325.wav,It looks like the flight was delayed.,Có vẻ như chuyến bay bị hoãn.,A2
lQuu1XM80ng_sentence_334.wav,I don't care.,Tôi không quan tâm.,A1
lQuu1XM80ng_sentence_336.wav,I don't care where we eat dinner. It's entirely up to you.,"Tôi không quan tâm chúng ta ăn tối ở đâu, hoàn toàn tùy thuộc vào anh.",A2
lQuu1XM80ng_sentence_346.wav,I'd be grateful if you'd be quiet.,Tôi sẽ rất biết ơn nếu anh im lặng.,A1
lQuu1XM80ng_sentence_348.wav,I'd be grateful.,Tôi sẽ rất biết ơn.,A1
lQuu1XM80ng_sentence_359.wav,I find it difficult to...,Tôi thấy khó để...,A2
lQuu1XM80ng_sentence_368.wav,What is it for?,Nó để làm gì?,A1
lQuu1XM80ng_sentence_369.wav,What did you say that for?,Anh nói vậy để làm gì?,A1
lQuu1XM80ng_sentence_370.wav,What do you need so much money for?,Anh cần nhiều tiền làm gì?,A1
lQuu1XM80ng_sentence_371.wav,What is,Cái gì?,A1
lQuu1XM80ng_sentence_373.wav,"According to what I heard, they have broken up.","Theo những gì tôi nghe được, họ đã chia tay.",A2
lQuu1XM80ng_sentence_381.wav,Let's try.,Hãy thử xem.,A1
lQuu1XM80ng_sentence_383.wav,Let's try to do it again.,Thử làm lại lần nữa xem.,A1
lQuu1XM80ng_sentence_385.wav,Let's try another approach.,Hãy thử cách tiếp cận khác.,A2
lQuu1XM80ng_sentence_400.wav,What do you think about?,Anh nghĩ về cái gì?,A1
lQuu1XM80ng_sentence_404.wav,"It may surprise you, but","Có thể làm anh ngạc nhiên, nhưng",A2
lQuu1XM80ng_sentence_405.wav,"It may surprise you, but I paid off all the debts in a year.","Có thể anh ngạc nhiên, nhưng tôi đã trả hết nợ trong một năm.",A2
lQuu1XM80ng_sentence_408.wav,"It may surprise you, but Maggie refused my proposal.","Có thể cô ngạc nhiên, nhưng Maggie từ chối lời cầu hôn của tôi.",A2
lQuu1XM80ng_sentence_409.wav,How much does it cost to,Nó tốn bao nhiêu để,A2
lQuu1XM80ng_sentence_410.wav,How much does it cost to become a member of the club?,Để trở thành thành viên của câu lạc bộ tốn bao nhiêu?,A2
lQuu1XM80ng_sentence_414.wav,How much does it cost to eat at such a place?,Ăn ở một nơi như vậy tốn bao nhiêu?,A2
lQuu1XM80ng_sentence_415.wav,How much does it cost to build a house?,Để xây một ngôi nhà tốn bao nhiêu tiền?,A2
lQuu1XM80ng_sentence_427.wav,Where can I?,Tôi có thể ở đâu?,A1
lQuu1XM80ng_sentence_428.wav,Where can I get a map?,Tôi có thể lấy bản đồ ở đâu?,A1
lQuu1XM80ng_sentence_429.wav,Where can I find a policeman?,Tôi có thể tìm cảnh sát ở đâu?,A1
lQuu1XM80ng_sentence_430.wav,Where can I find him?,Tôi có thể tìm hắn ở đâu?,A1
lQuu1XM80ng_sentence_431.wav,Where can I get a little bit of a drink?,Tôi có thể uống một chút ở đâu?,A1
lQuu1XM80ng_sentence_433.wav,"To be honest, you are the most beautiful woman I've ever met.","Thành thật mà nói, cô là người phụ nữ đẹp nhất mà tôi từng gặp.",A2
lQuu1XM80ng_sentence_434.wav,"To be honest, I think that tie doesn't suit you.","Thành thật mà nói, tôi nghĩ cái cà vạt đó không hợp với anh.",A2
lQuu1XM80ng_sentence_440.wav,How often do you check your email?,Bạn có thường kiểm tra email không?,A2
lQuu1XM80ng_sentence_445.wav,How often do you wash your bed sheets?,Tần suất giặt ga trải giường của bạn là bao nhiêu?,A1
lQuu1XM80ng_sentence_462.wav,I had my watch fixed yesterday afternoon.,Chiều qua tôi đã sửa đồng hồ.,A2
lQuu1XM80ng_sentence_467.wav,Get something done.,Hoàn thành công việc.,A1
lQuu1XM80ng_sentence_468.wav,I got my car washed at this place.,Tôi đã rửa xe ở chỗ này.,A1
lQuu1XM80ng_sentence_479.wav,Point out.,Chỉ ra.,A1
lQuu1XM80ng_sentence_481.wav,Let me point out some grammar mistakes in the essay.,Để tôi chỉ ra một số lỗi ngữ pháp trong bài luận.,A2
lQuu1XM80ng_sentence_483.wav,I'd like to point out some problems regarding your suggestion.,Tôi muốn chỉ ra một số vấn đề liên quan đến đề xuất của anh.,A2
lQuu1XM80ng_sentence_485.wav,He pointed out a few potential problems.,Ông chỉ ra một vài vấn đề tiềm ẩn.,A2
lQuu1XM80ng_sentence_491.wav,Don't be afraid to admit to your mistakes.,Đừng ngại thừa nhận sai lầm của mình.,A1
lQuu1XM80ng_sentence_493.wav,How about,Thế còn,A1
lQuu1XM80ng_sentence_494.wav,How about a cup of tea?,Một tách trà thì sao?,A1
lQuu1XM80ng_sentence_496.wav,How about going to a movie with me?,Đi xem phim với anh được không?,A1
lQuu1XM80ng_sentence_498.wav,How about staying for dinner?,Ở lại ăn tối nhé?,A1
lQuu1XM80ng_sentence_500.wav,I'm good at.,Tôi giỏi việc đó.,A1
lQuu1XM80ng_sentence_504.wav,Are you?,Bạn có?,A1
lQuu1XM80ng_sentence_506.wav,There's no need to be that tense.,Không cần phải căng thẳng như vậy.,A2
lQuu1XM80ng_sentence_507.wav,There's no need to ask for permission.,Không cần phải xin phép.,A2
lQuu1XM80ng_sentence_517.wav,I'd be grateful if you'd give me a hand.,Tôi sẽ rất biết ơn nếu anh giúp tôi một tay.,A1
lQuu1XM80ng_sentence_522.wav,I'd be grateful for your help.,Tôi sẽ rất biết ơn sự giúp đỡ của anh.,A1
lQuu1XM80ng_sentence_536.wav,I'm bored with.,Tôi chán lắm rồi.,A1
lQuu1XM80ng_sentence_538.wav,I was bored with his speech.,Tôi đã chán với bài phát biểu của anh ta.,A2
lQuu1XM80ng_sentence_539.wav,I was bored with your old jokes.,Tôi đã chán mấy trò đùa cũ của anh rồi.,A2
lQuu1XM80ng_sentence_540.wav,I'm bored with doing the same thing day after day.,Tôi chán làm cùng một việc ngày qua ngày.,A2
lQuu1XM80ng_sentence_553.wav,Are you interested in politics?,Bạn có quan tâm đến chính trị?,A2
lQuu1XM80ng_sentence_554.wav,Get over.,Get over.,A1
lQuu1XM80ng_sentence_555.wav,It took me three weeks to get over the flu.,Tôi mất ba tuần để vượt qua bệnh cúm.,A2
lQuu1XM80ng_sentence_562.wav,Are you sure?,Bạn có chắc chắn?,A1
lQuu1XM80ng_sentence_564.wav,Are you sure of what you said?,Anh có chắc về những gì anh nói không?,A1
lQuu1XM80ng_sentence_565.wav,Are you sure that he is not coming?,Anh có chắc là hắn sẽ không tới không?,A1
lQuu1XM80ng_sentence_566.wav,Are you sure about that?,Anh chắc về điều đó chứ?,A1
lQuu1XM80ng_sentence_567.wav,All of a sudden.,Đột nhiên.,A2
lQuu1XM80ng_sentence_569.wav,All of a sudden we heard a loud noise.,Đột nhiên chúng tôi nghe thấy một tiếng động lớn.,A1
lQuu1XM80ng_sentence_578.wav,I'm able to.,Tôi có thể.,A1
lQuu1XM80ng_sentence_585.wav,I don't mind.,Tôi không phiền đâu.,A1
lQuu1XM80ng_sentence_590.wav,It's my turn to.,Đến lượt tôi rồi.,A1
lQuu1XM80ng_sentence_592.wav,It's my turn to pay this time.,Lần này đến lượt tôi trả tiền.,A2
lQuu1XM80ng_sentence_596.wav,It's your turn to wash the dishes today.,Hôm nay đến lượt anh rửa chén.,A1
lQuu1XM80ng_sentence_597.wav,I should have.,Tôi nên làm thế.,A1
lQuu1XM80ng_sentence_603.wav,I should have spent more time preparing my presentation.,Đáng lẽ tôi nên dành nhiều thời gian hơn để chuẩn bị bài thuyết trình của mình.,A2
lQuu1XM80ng_sentence_608.wav,Figure out.,Tìm hiểu.,A1
lQuu1XM80ng_sentence_611.wav,I can't figure out why he didn't tell the truth.,Tôi không thể hiểu tại sao anh ta không nói sự thật.,A2
lQuu1XM80ng_sentence_630.wav,I'm not sure if it's a compliment or an insult.,Tôi không chắc đó là lời khen hay sự sỉ nhục.,A2
lQuu1XM80ng_sentence_640.wav,Do you get along with your boss?,Bạn có hòa thuận với sếp không?,A2
lQuu1XM80ng_sentence_655.wav,It looks like.,Nó trông giống như.,A1
lQuu1XM80ng_sentence_666.wav,It looks like you're in a good mood.,Có vẻ như tâm trạng của anh đang tốt.,A1
lQuu1XM80ng_sentence_681.wav,Let's try to figure out how to solve this problem.,Hãy cùng tìm cách giải quyết vấn đề này.,A2
lQuu1XM80ng_sentence_694.wav,There's no need to.,Không cần phải thế.,A1
lQuu1XM80ng_sentence_709.wav,I look forward to,Tôi mong chờ,A1
lQuu1XM80ng_sentence_727.wav,By accident.,Ngẫu nhiên.,A2
lQuu1XM80ng_sentence_731.wav,I only found it by accident.,Tôi chỉ tình cờ tìm thấy nó.,A2
lQuu1XM80ng_sentence_735.wav,As well as,Cũng như,A2
lQuu1XM80ng_sentence_737.wav,I can speak Japanese as well as English.,Tôi có thể nói tiếng Nhật cũng như tiếng Anh.,A2
lQuu1XM80ng_sentence_738.wav,I love playing football as well as my other friends.,Tôi thích chơi bóng đá cũng như những người bạn khác.,A1
lQuu1XM80ng_sentence_739.wav,She has experience as well as knowledge.,Cô ấy có kinh nghiệm cũng như kiến thức.,A2
lQuu1XM80ng_sentence_750.wav,I apologize for,Tôi xin lỗi vì,A1
lQuu1XM80ng_sentence_751.wav,I sincerely apologize for what I have done.,Tôi thành thật xin lỗi vì những gì tôi đã làm.,A1
lQuu1XM80ng_sentence_756.wav,We apologize for the late arrival of the train.,Chúng tôi xin lỗi vì chuyến tàu đến trễ.,A2
lQuu1XM80ng_sentence_763.wav,I assure you that an error like this will never happen again.,Tôi đảm bảo với anh rằng một lỗi lầm như thế này sẽ không bao giờ xảy ra nữa.,A2
lQuu1XM80ng_sentence_764.wav,In order to,Để,A2
lQuu1XM80ng_sentence_765.wav,"In order to use this service, you need to register an account.","Để sử dụng dịch vụ này, bạn cần đăng ký tài khoản.",B1
lQuu1XM80ng_sentence_769.wav,He came home early in order to see the kids before they went to bed.,Ông về nhà sớm để gặp bọn trẻ trước khi chúng đi ngủ.,A2
lQuu1XM80ng_sentence_770.wav,I got up early in order to catch the first train.,Tôi dậy sớm để bắt chuyến tàu đầu tiên.,A2
lQuu1XM80ng_sentence_773.wav,Will we have to start from scratch?,Liệu chúng ta có phải bắt đầu lại từ đầu?,A2
lQuu1XM80ng_sentence_782.wav,"In retrospect, I should have treated her with more respect.","Nhìn lại, lẽ ra tôi nên tôn trọng cô ấy hơn.",A2
lQuu1XM80ng_sentence_784.wav,I guess I should have read the instructions more carefully.,Tôi nghĩ tôi nên đọc hướng dẫn cẩn thận hơn.,A1
lQuu1XM80ng_sentence_808.wav,compared to,so với,A2
lQuu1XM80ng_sentence_809.wav,"Compared to other students, she is quite hardworking.","So với các sinh viên khác, cô ấy khá chăm chỉ.",A2
lQuu1XM80ng_sentence_810.wav,"Compared to city life, country life is quiet and peaceful.","So với cuộc sống thành thị, cuộc sống thôn quê yên tĩnh và bình yên.",A2
lQuu1XM80ng_sentence_811.wav,"Compared to fans, air conditioners are more comfortable.","So với quạt, điều hoà nhiệt độ sẽ dễ chịu hơn.",A2
lQuu1XM80ng_sentence_851.wav,You can have a dog as long as you promise to take care of it.,Bạn có thể nuôi chó miễn là bạn hứa sẽ chăm sóc nó.,A2
lQuu1XM80ng_sentence_882.wav,All of a sudden it became cloudy and began to rain.,Bỗng nhiên trời trở nên nhiều mây và bắt đầu mưa.,A2
lQuu1XM80ng_sentence_885.wav,I'm interested in,Tôi rất thích thú với,A1
lQuu1XM80ng_sentence_949.wav,Take over.,Tiếp quản.,A1
lYaX3YkFvKQ_sentence_024.wav,She is trying to prove the existence of ghosts.,Cô ấy đang cố chứng minh sự tồn tại của ma quỷ.,A2
lYaX3YkFvKQ_sentence_025.wav,Remarkably.,Đáng chú ý.,A2
lYaX3YkFvKQ_sentence_030.wav,"Remarkably, she wasn't hurt in the crash.",Đáng chú ý là cô ấy không bị thương trong vụ tai nạn.,A2
lYaX3YkFvKQ_sentence_031.wav,It is a remarkably noisy and crowded city.,Đó là một thành phố ồn ào và đông đúc đáng kể.,A2
lYaX3YkFvKQ_sentence_075.wav,He struggled to retain control of the situation.,Ông đã cố gắng để giữ lại sự kiểm soát tình hình.,A2
lYaX3YkFvKQ_sentence_084.wav,It's a pity that you can't come.,Đáng tiếc là anh không thể tới.,A1
lYaX3YkFvKQ_sentence_088.wav,Producer.,Nhà sản xuất.,A2
lYaX3YkFvKQ_sentence_090.wav,Vietnam is one of the largest rice producers in the world.,Việt Nam là một trong những nước sản xuất gạo lớn nhất thế giới.,A2
lYaX3YkFvKQ_sentence_094.wav,He is the producer of this film.,Ông ấy là nhà sản xuất của bộ phim này.,A2
lYaX3YkFvKQ_sentence_104.wav,My company launched a new product last month.,Công ty tôi ra mắt sản phẩm mới tháng trước.,A2
lYaX3YkFvKQ_sentence_123.wav,Match.,Khớp.,A1
lYaX3YkFvKQ_sentence_129.wav,I don't want to lose this match.,Tôi không muốn thua trận này.,A1
lYaX3YkFvKQ_sentence_131.wav,My answer matches yours.,Câu trả lời của tôi khớp với của cô.,A2
lYaX3YkFvKQ_sentence_133.wav,These two colors do not match.,Hai màu này không khớp.,A2
lYaX3YkFvKQ_sentence_142.wav,Local.,Địa phương.,A1
lYaX3YkFvKQ_sentence_148.wav,It's difficult to understand the local dialect.,Rất khó để hiểu được phương ngữ địa phương.,A2
lYaX3YkFvKQ_sentence_164.wav,Alarming.,Đáng lo ngại.,A2
lYaX3YkFvKQ_sentence_174.wav,Citizen.,Công dân.,A1
lYaX3YkFvKQ_sentence_177.wav,Every citizen may claim the protection of the law.,Mọi công dân đều có quyền yêu cầu được pháp luật bảo vệ.,B1
lYaX3YkFvKQ_sentence_179.wav,Are you a Japanese citizen?,Anh là công dân Nhật Bản à?,A1
lYaX3YkFvKQ_sentence_180.wav,A good citizen obeys the laws.,Một công dân tốt phải tuân theo luật pháp.,A2
lYaX3YkFvKQ_sentence_184.wav,She gave,Cô ấy đã cho,A1
lYaX3YkFvKQ_sentence_194.wav,We shouldn't deny the existence of these problems.,Chúng ta không nên phủ nhận sự tồn tại của những vấn đề này.,A2
lYaX3YkFvKQ_sentence_197.wav,Existence,Tồn tại,A1
lYaX3YkFvKQ_sentence_199.wav,Do you believe in the existence of God?,Anh có tin vào sự tồn tại của Chúa không?,A2
lYaX3YkFvKQ_sentence_233.wav,Most of the students are in the 17 to 20 age range.,Hầu hết các học sinh ở độ tuổi từ 17 đến 20.,A2
lYaX3YkFvKQ_sentence_240.wav,All our dreams can come true if we have the courage to pursue them.,Tất cả những giấc mơ của chúng ta có thể thành sự thật nếu chúng ta có can đảm để theo đuổi chúng.,B1
lYaX3YkFvKQ_sentence_250.wav,I don't think this idea is worth pursuing.,Tôi không nghĩ ý tưởng này đáng để theo đuổi.,A2
lYaX3YkFvKQ_sentence_266.wav,I don't need your pity.,Tôi không cần sự thương hại của anh.,A1
lYaX3YkFvKQ_sentence_287.wav,gain.,tăng.,A2
lYaX3YkFvKQ_sentence_303.wav,He was so confused that his answer did not make any sense.,Nó bối rối đến nỗi câu trả lời của nó chẳng có nghĩa lý gì.,A2
lYaX3YkFvKQ_sentence_308.wav,Advertising,Quảng cáo,A1
lYaX3YkFvKQ_sentence_312.wav,The company spends a lot of money on advertising.,Công ty chi rất nhiều tiền cho quảng cáo.,A2
lYaX3YkFvKQ_sentence_313.wav,Cigarette advertising has been banned.,Quảng cáo thuốc lá đã bị cấm.,A2
lYaX3YkFvKQ_sentence_314.wav,She works for an advertising agency.,Cô ấy làm việc cho một công ty quảng cáo.,A2
lYaX3YkFvKQ_sentence_318.wav,Resource,Tài nguyên,A2
lYaX3YkFvKQ_sentence_326.wav,The two reports are remarkably similar.,Hai báo cáo này tương tự nhau một cách đáng kể.,A2
lYaX3YkFvKQ_sentence_336.wav,She has been working in the Institute since 1999.,Cô đã làm việc tại Viện từ năm 1999.,A2
lYaX3YkFvKQ_sentence_342.wav,Score.,Điểm số.,A1
lYaX3YkFvKQ_sentence_343.wav,Messi scored four goals.,Messi ghi được bốn bàn thắng.,A2
lYaX3YkFvKQ_sentence_344.wav,What's the score now?,Giờ thì sao đây?,A2
lYaX3YkFvKQ_sentence_348.wav,The final score was one to one.,Tỉ số cuối cùng là 1 - 1.,A2
lYaX3YkFvKQ_sentence_360.wav,Contest.,Cuộc thi.,A2
lYaX3YkFvKQ_sentence_362.wav,There will be a music contest at our school.,Sẽ có một cuộc thi âm nhạc ở trường chúng ta.,A1
lYaX3YkFvKQ_sentence_371.wav,Eastern.,Miền Đông.,A2
lYaX3YkFvKQ_sentence_374.wav,Japan is in eastern Asia.,Nhật Bản nằm ở Đông Á.,A2
lYaX3YkFvKQ_sentence_375.wav,The eastern part of the country is very mountainous.,Phần phía đông của đất nước rất nhiều núi.,A2
lYaX3YkFvKQ_sentence_376.wav,Stamp.,Dấu.,A1
lYaX3YkFvKQ_sentence_378.wav,He has been collecting stamps since he was eight.,Anh ấy đã sưu tập tem từ khi lên 8.,A2
lYaX3YkFvKQ_sentence_382.wav,Where can I buy stamps?,Tôi có thể mua tem ở đâu?,A2
lYaX3YkFvKQ_sentence_384.wav,Fold.,Xếp.,A1
lYaX3YkFvKQ_sentence_385.wav,Fold the paper in the middle.,Gấp giấy ở giữa.,A1
lYaX3YkFvKQ_sentence_386.wav,Please put the folding chairs away.,Xin hãy cất ghế gấp đi.,A1
lYaX3YkFvKQ_sentence_387.wav,It took me several hours to fold all the clothes.,Tôi phải mất vài giờ để gấp hết quần áo.,A2
lYaX3YkFvKQ_sentence_392.wav,The frame is made of steel.,Khung được làm bằng thép.,A2
lYaX3YkFvKQ_sentence_398.wav,Steel is an important industry in this area.,Thép là một ngành công nghiệp quan trọng trong lĩnh vực này.,A2
lYaX3YkFvKQ_sentence_401.wav,Treat him right or I'll kick your ass.,Đối xử tốt với anh ta hoặc tôi sẽ đá đít anh.,A2
lYaX3YkFvKQ_sentence_410.wav,Garbage.,Rác.,A1
lYaX3YkFvKQ_sentence_426.wav,He plans to pursue a career in advertising.,Anh dự định theo đuổi sự nghiệp quảng cáo.,A2
lYaX3YkFvKQ_sentence_429.wav,Anniversary,Kỷ niệm,A1
lYaX3YkFvKQ_sentence_431.wav,Congratulations on your wedding anniversary.,Chúc mừng ngày kỉ niệm đám cưới của hai người.,A1
lYaX3YkFvKQ_sentence_432.wav,They invited over three hundred guests to their wedding anniversary.,Họ đã mời hơn 300 khách đến lễ kỷ niệm đám cưới của họ.,A2
lYaX3YkFvKQ_sentence_434.wav,Today is my parents' wedding anniversary.,Hôm nay là ngày kỉ niệm đám cưới của bố mẹ tôi.,A1
lYaX3YkFvKQ_sentence_448.wav,What time is your plane scheduled to take off?,Máy bay cất cánh lúc mấy giờ?,A2
lYaX3YkFvKQ_sentence_450.wav,"Take off your shoes, please.",Làm ơn cởi giày ra.,A1
lYaX3YkFvKQ_sentence_457.wav,We must pay attention to environmental problems.,Chúng ta phải chú ý đến các vấn đề môi trường.,A2
lg4eZ34RtJM_sentence_024.wav,She didn't finish the race.,Cô ấy không hoàn thành cuộc đua.,A2
lg4eZ34RtJM_sentence_052.wav,He presents a convincing case.,Ông ấy đưa ra một trường hợp thuyết phục.,A2
lg4eZ34RtJM_sentence_081.wav,Who is the owner of this car?,Ai là chủ chiếc xe này?,A2
lg4eZ34RtJM_sentence_082.wav,She claimed to be the owner of the land.,Bà tuyên bố là chủ sở hữu của mảnh đất.,A2
lg4eZ34RtJM_sentence_119.wav,The sea is calm this morning.,Sáng nay biển lặng.,A2
lg4eZ34RtJM_sentence_152.wav,I can assure you that's not true.,Tôi có thể đảm bảo với anh điều đó không đúng.,A2
lg4eZ34RtJM_sentence_182.wav,The exhibition was very impressive.,Buổi triển lãm rất ấn tượng.,A1
lg4eZ34RtJM_sentence_196.wav,He is planning to develop his business.,Anh ta đang lên kế hoạch phát triển doanh nghiệp của mình.,A2
lg4eZ34RtJM_sentence_209.wav,"Fortunately, no passengers were injured.","May mắn thay, không có hành khách nào bị thương.",A2
lg4eZ34RtJM_sentence_215.wav,Somehow,Bằng cách nào đó,A1
lg4eZ34RtJM_sentence_216.wav,Somehow we got lost and left behind.,Bằng cách nào đó chúng tôi bị lạc và bỏ lại phía sau.,A2
lg4eZ34RtJM_sentence_217.wav,We will get through the jungle somehow.,Chúng ta sẽ đi xuyên qua rừng bằng cách nào đó.,A2
lg4eZ34RtJM_sentence_232.wav,He dried his hair with a towel.,Anh ta dùng khăn lau tóc.,A2
lg4eZ34RtJM_sentence_234.wav,The paint on the door is not dry yet.,Sơn trên cửa vẫn chưa khô.,A2
lg4eZ34RtJM_sentence_237.wav,We don't intend to give up.,Chúng tôi không có ý định từ bỏ.,A2
lg4eZ34RtJM_sentence_245.wav,I work about 40 hours a week.,Tôi làm việc khoảng 40 giờ một tuần.,A2
lg4eZ34RtJM_sentence_247.wav,I'm afraid that you have to work overtime.,Tôi e là anh phải làm việc quá giờ.,A2
lg4eZ34RtJM_sentence_262.wav,I listed my likes and dislikes.,Tôi đã liệt kê những điều tôi thích và không thích.,A2
lg4eZ34RtJM_sentence_275.wav,Please wait at the bottom of the stairs.,Xin hãy đợi ở dưới chân cầu thang.,A1
lg4eZ34RtJM_sentence_277.wav,"In case of fire, do not use the elevator. Use stairs.","Khi có cháy, không dùng thang máy, dùng thang bộ.",A2
lg4eZ34RtJM_sentence_297.wav,Eventually,Cuối cùng,A2
lg4eZ34RtJM_sentence_334.wav,Pretty soon I realized that I was lost.,Tôi sớm nhận ra rằng mình đã lạc lối.,A2
lg4eZ34RtJM_sentence_339.wav,Request,Yêu cầu,A2
lg4eZ34RtJM_sentence_341.wav,I have the information you requested.,Tôi có thông tin anh yêu cầu.,A2
lg4eZ34RtJM_sentence_392.wav,I noticed them coming in.,Tôi để ý thấy họ tới.,A1
lg4eZ34RtJM_sentence_394.wav,He was fired without notice.,Anh ta bị sa thải mà không báo trước.,A2
lg4eZ34RtJM_sentence_407.wav,The cost of living has increased dramatically.,Chi phí sinh hoạt đã tăng lên đáng kể.,A2
lg4eZ34RtJM_sentence_416.wav,Prove.,Chứng minh.,A1
lg4eZ34RtJM_sentence_423.wav,Letter.,Thư.,A1
lg4eZ34RtJM_sentence_429.wav,"You're waiter, waitress.","Cô là bồi bàn, bồi bàn.",A1
lg4eZ34RtJM_sentence_431.wav,She asked the waiter for a menu.,Cô ấy hỏi bồi bàn về thực đơn.,A2
lg4eZ34RtJM_sentence_435.wav,"Waiter, I'd like to order.","Bồi bàn, tôi muốn gọi món.",A1
lg4eZ34RtJM_sentence_450.wav,I would like to speak to the head of the department.,Tôi muốn nói chuyện với người đứng đầu của sở.,A2
lg4eZ34RtJM_sentence_453.wav,Do you want me to throw it away?,Anh muốn tôi vứt nó đi không?,A1
lg4eZ34RtJM_sentence_458.wav,Independent.,Độc lập.,A2
lg4eZ34RtJM_sentence_461.wav,She is independent of her parents.,Cô độc lập với cha mẹ.,A2
lg4eZ34RtJM_sentence_468.wav,I feel very proud to be a part of the team.,Tôi cảm thấy rất tự hào là một phần của đội.,A1
lg4eZ34RtJM_sentence_479.wav,Name.,Tên.,A1
lg4eZ34RtJM_sentence_490.wav,Why do you lie?,Sao anh lại nói dối?,A1
lg4eZ34RtJM_sentence_491.wav,I lied to my girlfriend about my age.,Tôi đã nói dối bạn gái về tuổi tác.,A2
lg4eZ34RtJM_sentence_495.wav,She sat next to me.,Cô ấy ngồi cạnh tôi.,A2
lg4eZ34RtJM_sentence_496.wav,She is very attractive.,Cô ấy rất hấp dẫn.,A1
lg4eZ34RtJM_sentence_497.wav,What does your sister do? She's a dentist.,Chị gái anh làm gì?,A1
lg4eZ34RtJM_sentence_516.wav,Lack of sleep willing.,Thiếu ngủ.,A2
lg4eZ34RtJM_sentence_521.wav,I'm willing to take care of your children if you want me to.,Tôi sẵn sàng chăm sóc con của anh nếu anh muốn.,A2
lg4eZ34RtJM_sentence_522.wav,He is always willing to help others.,Anh ấy luôn sẵn sàng giúp đỡ người khác.,A2
lg4eZ34RtJM_sentence_530.wav,Valley,Thung lũng,A1
lg4eZ34RtJM_sentence_533.wav,The river flows through the valley.,Dòng sông chảy qua thung lũng.,A2
lg4eZ34RtJM_sentence_535.wav,Laugh.,Cười.,A1
lg4eZ34RtJM_sentence_537.wav,Why is everyone laughing at me?,Sao mọi người lại cười tôi?,A1
lg4eZ34RtJM_sentence_540.wav,Ask.,Hỏi.,A1
lg4eZ34RtJM_sentence_545.wav,Don't hesitate to ask if you want anything.,Đừng ngần ngại hỏi nếu bạn muốn bất cứ điều gì.,A2
lg4eZ34RtJM_sentence_546.wav,Don't ask me for money.,Đừng hỏi tiền tôi.,A1
lg4eZ34RtJM_sentence_549.wav,You can't imagine how tired I am.,Anh không thể tưởng tượng được tôi mệt mỏi thế nào đâu.,A1
lg4eZ34RtJM_sentence_551.wav,I can't imagine that it's true.,Tôi không thể tưởng tượng được đó là sự thật.,A1
lhfQCs4mfjU_sentence_009.wav,You can purchase souvenirs at the gift shop.,Bạn có thể mua quà lưu niệm tại cửa hàng lưu niệm.,A2
lhfQCs4mfjU_sentence_010.wav,How do you want to pay for your purchases?,Bạn muốn trả tiền mua sắm như thế nào?,A2
lhfQCs4mfjU_sentence_028.wav,Their house is massive.,Nhà của họ rất đồ sộ.,A1
lhfQCs4mfjU_sentence_076.wav,You're ruining everything.,Anh đang phá hỏng mọi thứ.,A1
lhfQCs4mfjU_sentence_089.wav,We are hiring a marketing specialist.,Chúng tôi đang thuê một chuyên gia marketing.,A2
lhfQCs4mfjU_sentence_126.wav,I am in a rush.,Tôi đang vội lắm.,A1
lhfQCs4mfjU_sentence_128.wav,Rush.,Nhanh lên.,A1
lhfQCs4mfjU_sentence_154.wav,It's a mid-size car.,Nó là một chiếc xe cỡ trung.,A1
lhfQCs4mfjU_sentence_162.wav,Put on your rubber gloves.,Đeo găng tay cao su.,A1
lhfQCs4mfjU_sentence_182.wav,"By investing wisely, she accumulated a fortune.","Bằng cách đầu tư khôn ngoan, cô đã tích luỹ được một gia tài.",B1
lhfQCs4mfjU_sentence_194.wav,We collected grandparents.,Chúng tôi đã gặp ông bà.,A1
lhfQCs4mfjU_sentence_197.wav,I'm going to phrase.,Tôi sẽ diễn đạt lại.,A2
lhfQCs4mfjU_sentence_221.wav,Adventures are popular themes in children's books.,Những cuộc phiêu lưu là chủ đề phổ biến trong sách thiếu nhi.,A2
lhfQCs4mfjU_sentence_249.wav,Irritated.,Bực mình.,A1
lhfQCs4mfjU_sentence_251.wav,He seldom gets angry or irritated.,Anh ta ít khi nổi giận hay cáu kỉnh.,A2
lhfQCs4mfjU_sentence_293.wav,"Excuse me, where is the railway station?","Xin lỗi, ga xe lửa ở đâu?",A1
lhfQCs4mfjU_sentence_294.wav,Government,Chính phủ,A1
lhfQCs4mfjU_sentence_298.wav,A temporary government was established.,Một chính phủ tạm thời được thành lập.,A2
lhfQCs4mfjU_sentence_310.wav,Wave.,Wave.,A1
lhfQCs4mfjU_sentence_333.wav,The garden is at the rear of the house.,Khu vườn ở phía sau nhà.,A2
lhfQCs4mfjU_sentence_375.wav,Occasionally.,Thỉnh thoảng.,A2
lhfQCs4mfjU_sentence_379.wav,We occasionally meet for a drink after work.,Thỉnh thoảng chúng tôi gặp nhau để uống nước sau giờ làm.,A2
lhfQCs4mfjU_sentence_380.wav,It happens occasionally.,Nó thỉnh thoảng xảy ra.,A2
lhfQCs4mfjU_sentence_417.wav,For me it was one of the most enjoyable experiences of the festival.,Đối với tôi đó là một trong những trải nghiệm thú vị nhất của lễ hội.,A2
lhfQCs4mfjU_sentence_443.wav,Immediate.,Ngay lập tức.,A2
lhfQCs4mfjU_sentence_445.wav,I can't give you an immediate answer.,Tôi không thể trả lời ngay được.,A2
lhfQCs4mfjU_sentence_446.wav,The medicine had an immediate effect.,Thuốc có tác dụng ngay lập tức.,A2
lhfQCs4mfjU_sentence_451.wav,This problem demands immediate attention.,Vấn đề này cần được quan tâm ngay lập tức.,A2
lhfQCs4mfjU_sentence_455.wav,Let's approach this problem from a different angle.,Hãy tiếp cận vấn đề này từ một góc độ khác.,A2
lhfQCs4mfjU_sentence_461.wav,The photo was taken from an unusual angle.,Bức ảnh được chụp từ một góc độ khác thường.,A2
lhfQCs4mfjU_sentence_512.wav,"I like poetry, music, and art.","Tôi thích thơ ca, âm nhạc và nghệ thuật.",A1
lhfQCs4mfjU_sentence_531.wav,Protest.,Biểu tình.,A1
lhfQCs4mfjU_sentence_540.wav,His clothes were covered with dirt.,Quần áo của anh ta phủ đầy bụi bẩn.,A2
lhfQCs4mfjU_sentence_549.wav,"In Vietnam, tropical fruits are dirt cheap when they are in season.","Ở Việt Nam, trái cây nhiệt đới rẻ mạt khi chúng đang trong mùa.",B1
lhfQCs4mfjU_sentence_556.wav,We believe in the power of prayer.,Chúng tôi tin vào sức mạnh của lời cầu nguyện.,A2
lhfQCs4mfjU_sentence_558.wav,Equally,Bằng nhau,A2
lhfQCs4mfjU_sentence_561.wav,The profits are shared out equally among the partners.,Lợi nhuận được chia đều giữa các đối tác.,B1
lhfQCs4mfjU_sentence_567.wav,They share the housework equally between them.,Họ chia sẻ công việc nhà như nhau.,A2
lhfQCs4mfjU_sentence_570.wav,She waved goodbye to me.,Cô vẫy tay tạm biệt tôi.,A2
lhfQCs4mfjU_sentence_571.wav,I tried to approach but he waved me away.,Tôi cố gắng tiếp cận nhưng anh ta xua tôi đi.,A2
lhfQCs4mfjU_sentence_580.wav,Snake.,Rắn.,A1
lhfQCs4mfjU_sentence_581.wav,I'm afraid of snakes.,Tôi sợ rắn.,A1
lhfQCs4mfjU_sentence_582.wav,Is the snake alive?,Con rắn còn sống không?,A1
lhfQCs4mfjU_sentence_589.wav,It's absolutely disgusting.,Nó thật sự kinh tởm.,A1
lhfQCs4mfjU_sentence_602.wav,The room was painted in cheerful colors.,Căn phòng được sơn màu sắc vui vẻ.,A2
mCWg98-YBsA_sentence_006.wav,The house is relatively new.,Ngôi nhà này tương đối mới.,A2
mCWg98-YBsA_sentence_013.wav,I don't agree with the government's policy on education.,Tôi không đồng ý với chính sách của chính phủ về giáo dục.,A2
mCWg98-YBsA_sentence_023.wav,He can drive almost any kind of vehicle.,Anh ta có thể lái hầu hết mọi loại xe.,A2
mCWg98-YBsA_sentence_043.wav,She is my lover.,Cô ấy là người yêu của tôi.,A1
mCWg98-YBsA_sentence_047.wav,He's a cat lover.,Anh ta là người yêu mèo.,A1
mCWg98-YBsA_sentence_059.wav,I always confuse John and his twin brother.,Tôi luôn nhầm lẫn John và anh trai sinh đôi của anh ta.,A2
mCWg98-YBsA_sentence_067.wav,You must encourage him to try again.,Anh phải khuyến khích anh ta thử lại.,A2
mCWg98-YBsA_sentence_083.wav,You need to set realistic goals.,Bạn cần đặt ra mục tiêu thực tế.,A2
mCWg98-YBsA_sentence_195.wav,The prisoners tried to escape through the main gate.,Các tù nhân cố gắng trốn thoát qua cổng chính.,A2
mCWg98-YBsA_sentence_196.wav,These prisoners were set free yesterday.,Những tù nhân này đã được thả tự do ngày hôm qua.,A2
mCWg98-YBsA_sentence_235.wav,Automatic,Tự động,A1
mCWg98-YBsA_sentence_240.wav,Breathing is an automatic function of the body.,Hít thở là một chức năng tự động của cơ thể.,A2
mCWg98-YBsA_sentence_275.wav,They stick together like glue.,Chúng dính chặt như keo.,A1
mCWg98-YBsA_sentence_287.wav,Stop biting your nails.,Ngừng cắn móng tay.,A1
mCWg98-YBsA_sentence_290.wav,"Can I borrow your nail clipper, please?",Cho tôi mượn cái bấm móng tay của anh được không?,A2
mCWg98-YBsA_sentence_292.wav,We're conducting a survey.,Chúng tôi đang tiến hành một cuộc khảo sát.,A1
mCWg98-YBsA_sentence_304.wav,Don't rush me. I'm thinking.,"Đừng thúc ép tôi, tôi đang suy nghĩ.",A1
mCWg98-YBsA_sentence_374.wav,Do you therefore,Vậy thì bạn có,A1
mCWg98-YBsA_sentence_382.wav,We have four bedrooms upstairs.,Chúng tôi có bốn phòng ngủ trên lầu.,A1
mCWg98-YBsA_sentence_397.wav,and courage.,và lòng can đảm.,A1
mCWg98-YBsA_sentence_403.wav,Would you like some salad?,Anh muốn ăn salad không?,A1
mCWg98-YBsA_sentence_406.wav,This is the best salad I've ever tasted.,Đây là món salad ngon nhất tôi từng ăn.,A1
mCWg98-YBsA_sentence_421.wav,"She married again in her mid forties, and","Cô kết hôn lần nữa ở tuổi bốn mươi, và",A2
mCWg98-YBsA_sentence_430.wav,He is particularly kind to her.,Anh đặc biệt tốt với cô.,A2
mCWg98-YBsA_sentence_439.wav,Soup.,Súp.,A1
mCWg98-YBsA_sentence_440.wav,"Bring me a bowl of soup, please.",Làm ơn mang cho tôi một bát súp.,A1
mCWg98-YBsA_sentence_442.wav,You should eat your soup before it gets cold.,Anh nên ăn súp trước khi nó nguội.,A1
mCWg98-YBsA_sentence_444.wav,The chicken soup is delicious.,Súp gà ngon lắm.,A1
mCWg98-YBsA_sentence_453.wav,Stir the paint before you use it.,Khuấy sơn trước khi sử dụng.,A1
mCWg98-YBsA_sentence_456.wav,He was very clever at getting what he wanted.,Anh ta rất thông minh trong việc đạt được điều mình muốn.,A2
mCWg98-YBsA_sentence_467.wav,She is highly skilled at dealing with difficult customers.,Cô ấy có kỹ năng cao trong việc đối phó với những khách hàng khó tính.,B1
mCWg98-YBsA_sentence_477.wav,We asked people to boil their drinking water.,Chúng tôi yêu cầu mọi người đun sôi nước uống.,A2
mCWg98-YBsA_sentence_478.wav,The matter boils down to this,Vấn đề là thế này.,A2
mCWg98-YBsA_sentence_497.wav,Quarter.,Một phần tư.,A1
mCWg98-YBsA_sentence_502.wav,Cut the apple into quarters.,Cắt táo làm tư.,A2
mCWg98-YBsA_sentence_503.wav,I waited a quarter of an hour and then went home.,Tôi chờ 15 phút rồi về nhà.,A2
mCWg98-YBsA_sentence_508.wav,Be patient and the situation may resolve itself.,Hãy kiên nhẫn và tình hình có thể tự nó được giải quyết.,B1
mCWg98-YBsA_sentence_513.wav,He resolved not to tell her the truth.,Anh quyết tâm không nói với cô sự thật.,A2
mCWg98-YBsA_sentence_525.wav,This is an automatic door.,Đây là cửa tự động.,A1
mCWg98-YBsA_sentence_551.wav,Alphabetical.,Theo thứ tự chữ cái.,A2
mCWg98-YBsA_sentence_584.wav,They commit a serious crime.,Họ phạm một tội nghiêm trọng.,A2
mCWg98-YBsA_sentence_603.wav,I encouraged him to exercise more often.,Tôi khuyến khích nó tập thể dục thường xuyên hơn.,A1
mCWg98-YBsA_sentence_610.wav,Rubber.,Cao su.,A2
mCWg98-YBsA_sentence_620.wav,Please refer to page 9.,Xin hãy xem trang 9.,A2
mCWg98-YBsA_sentence_670.wav,He is a skilled engineer.,Anh ấy là một kỹ sư lành nghề.,A2
mCWg98-YBsA_sentence_680.wav,He reacted instinctively.,Anh ta phản ứng theo bản năng.,A2
mCWg98-YBsA_sentence_697.wav,Strictly.,Nghiêm túc.,A2
mCWg98-YBsA_sentence_709.wav,He was irritated by her delay.,Anh ta bực bội vì sự chậm trễ của cô.,A2
mCWg98-YBsA_sentence_718.wav,It is crucial that you get regular exercise if you want to lose weight.,Tập thể dục thường xuyên là điều quan trọng nếu bạn muốn giảm cân.,A2
mCWg98-YBsA_sentence_760.wav,"I love music, particularly classical music.","Tôi yêu âm nhạc, đặc biệt là nhạc cổ điển.",A2
mCWg98-YBsA_sentence_793.wav,Put these words in alphabetical order.,Sắp xếp các từ theo thứ tự bảng chữ cái.,A1
mCWg98-YBsA_sentence_794.wav,The names on the list are in alphabetical order.,Tên trong danh sách theo thứ tự chữ cái.,A2
mCWg98-YBsA_sentence_839.wav,Tires are made of rubber.,Lốp xe được làm từ cao su.,A2
mCWg98-YBsA_sentence_893.wav,He taught the dog to perform some very clever tricks.,Ông dạy con chó thực hiện một số thủ thuật rất thông minh.,A2
mCWg98-YBsA_sentence_894.wav,She was an extremely clever and studious young woman.,Cô ấy là một cô gái trẻ cực kỳ thông minh và siêng năng.,A2
mCWg98-YBsA_sentence_897.wav,Thursday.,Thứ Năm.,A1
mCWg98-YBsA_sentence_899.wav,We'll meet on Thursday morning.,Chúng ta sẽ gặp nhau vào sáng thứ Năm.,A1
mCWg98-YBsA_sentence_900.wav,It has been raining since last Thursday.,Trời đã mưa từ thứ Năm tuần trước.,A2
mCWg98-YBsA_sentence_902.wav,Hairdresser.,Thợ làm tóc.,A1
mCWg98-YBsA_sentence_904.wav,He is the best hairdresser here.,Anh ấy là thợ làm tóc giỏi nhất ở đây.,A2
mOz6lGMKetU_sentence_030.wav,You made a wise decision.,Anh đã có một quyết định sáng suốt.,A1
mOz6lGMKetU_sentence_034.wav,I think this is a wise choice.,Tôi nghĩ đây là một lựa chọn sáng suốt.,A2
mOz6lGMKetU_sentence_037.wav,I've got a rough idea of where I want to go.,Tôi đã có một ý tưởng sơ bộ về nơi tôi muốn đi.,A2
mOz6lGMKetU_sentence_067.wav,Prince,Hoàng tử,A1
mOz6lGMKetU_sentence_069.wav,He is the Prince of England.,Ông ấy là Hoàng tử nước Anh.,A1
mOz6lGMKetU_sentence_078.wav,Argument.,Tranh luận.,A1
mOz6lGMKetU_sentence_080.wav,Your arguments don't convince me.,Lý lẽ của anh không thuyết phục được tôi.,A2
mOz6lGMKetU_sentence_085.wav,The argument ended in a fight.,Cuộc tranh cãi kết thúc bằng một cuộc chiến.,A2
mOz6lGMKetU_sentence_109.wav,He genuinely cares about me.,Anh ấy thật sự quan tâm đến tôi.,A1
mOz6lGMKetU_sentence_127.wav,She is receiving treatment for cancer.,Cô đang được điều trị ung thư.,A2
mOz6lGMKetU_sentence_162.wav,Are you sure you don't want me to accompany you?,Anh có chắc là không muốn tôi đi cùng không?,A2
mOz6lGMKetU_sentence_174.wav,She has some lovely pieces of jewelry.,Cô ấy có vài món trang sức đáng yêu.,A1
mOz6lGMKetU_sentence_175.wav,My wife works at a jewelry store.,Vợ tôi làm việc ở một cửa hàng trang sức.,A2
mOz6lGMKetU_sentence_201.wav,The audience exploded with laughter.,Khán giả cười ồ lên.,A2
mOz6lGMKetU_sentence_225.wav,I can relate to your feelings.,Tôi có thể hiểu cảm giác của anh.,A1
mOz6lGMKetU_sentence_237.wav,That's a mistaken belief.,Đó là một niềm tin sai lầm.,A2
mOz6lGMKetU_sentence_248.wav,Is there any tea in the pot?,Trong ấm có trà không?,A1
mOz6lGMKetU_sentence_250.wav,There's no coffee left in the pot.,Không còn cà phê trong bình.,A2
mOz6lGMKetU_sentence_254.wav,Separation,& Phân cách,A1
mOz6lGMKetU_sentence_255.wav,She's considering separation or divorce.,Cô ấy đang cân nhắc ly thân hoặc ly dị.,A2
mOz6lGMKetU_sentence_259.wav,She met her family after a long separation.,Cô gặp gia đình sau một thời gian dài xa cách.,A2
mOz6lGMKetU_sentence_269.wav,The camping trip was spoiled by bad weather.,Chuyến đi cắm trại bị phá hỏng bởi thời tiết xấu.,A2
mOz6lGMKetU_sentence_273.wav,Mir,Mir,A2
mOz6lGMKetU_sentence_278.wav,The mere thought of it is enough to make me happy.,Chỉ cần nghĩ về nó là đủ để làm cho tôi hạnh phúc.,A2
mOz6lGMKetU_sentence_288.wav,She always wants to dominate everyone.,Cô ta luôn muốn thống trị tất cả mọi người.,A2
mOz6lGMKetU_sentence_294.wav,There are no clean plates left.,Không còn tấm nào sạch.,A2
mOz6lGMKetU_sentence_297.wav,Award,Giải thưởng,A2
mOz6lGMKetU_sentence_299.wav,The winner was awarded a gold medal.,Người chiến thắng đã được trao huy chương vàng.,A2
mOz6lGMKetU_sentence_301.wav,He certainly deserves the award.,Anh ta chắc chắn xứng đáng với giải thưởng.,A1
mOz6lGMKetU_sentence_305.wav,Ultimately.,Cuối cùng.,A2
mOz6lGMKetU_sentence_313.wav,Guilty.,Tội.,A1
mOz6lGMKetU_sentence_317.wav,Do you think he's innocent or guilty?,Anh nghĩ anh ta vô tội hay có tội?,A2
mOz6lGMKetU_sentence_318.wav,Don't feel guilty about it. It's not your fault.,Đừng cảm thấy tội lỗi về điều đó.,A1
mOz6lGMKetU_sentence_323.wav,Roll up your sleeves and get to work.,Xắn tay áo lên và bắt tay vào việc.,A1
mOz6lGMKetU_sentence_335.wav,He cheerfully admits that he is over 50 years old.,Anh vui vẻ thừa nhận rằng anh đã hơn 50 tuổi.,A2
mOz6lGMKetU_sentence_337.wav,Firmly.,Một cách dứt khoát.,A1
mOz6lGMKetU_sentence_345.wav,Formally,Chính thức,A1
mOz6lGMKetU_sentence_346.wav,This method has not been formally admitted.,Phương pháp này chưa được chính thức thừa nhận.,B1
mOz6lGMKetU_sentence_352.wav,We've never been formally introduced.,Chúng ta chưa bao giờ được giới thiệu chính thức.,A2
mOz6lGMKetU_sentence_353.wav,Impatient.,Nôn nóng.,A2
mOz6lGMKetU_sentence_356.wav,You're so impatient.,Anh thật thiếu kiên nhẫn.,A1
mOz6lGMKetU_sentence_357.wav,Don't be so impatient. There's no need to hurry.,"Đừng nóng vội thế, không cần phải vội đâu.",A2
mOz6lGMKetU_sentence_364.wav,Please help me take this lid off.,Làm ơn giúp tôi mở nắp ra.,A1
mOz6lGMKetU_sentence_370.wav,Trap.,Bẫy.,A1
mOz6lGMKetU_sentence_376.wav,He was trapped in an unhappy marriage.,Anh ta bị mắc kẹt trong một cuộc hôn nhân không hạnh phúc.,A2
mOz6lGMKetU_sentence_377.wav,Generously.,Rộng rãi.,A2
mOz6lGMKetU_sentence_378.wav,She tipped the waiter generously.,Cô ta boa cho bồi bàn rất hào phóng.,A2
mOz6lGMKetU_sentence_379.wav,He treats his employees generously.,Ông ta đối xử với nhân viên rất hào phóng.,A2
mOz6lGMKetU_sentence_383.wav,It was one of the most painful experiences of my life.,Đó là một trong những trải nghiệm đau đớn nhất trong đời tôi.,A2
mOz6lGMKetU_sentence_384.wav,Painful.,Đau.,A2
mOz6lGMKetU_sentence_399.wav,Explode.,Đổ vào trong.,A1
mOz6lGMKetU_sentence_406.wav,Writing,Đang ghi,A1
mOz6lGMKetU_sentence_412.wav,He has a unique writing style.,Ông có một phong cách viết độc đáo.,A2
mOz6lGMKetU_sentence_413.wav,She made a lot of money from her writing.,Cô ấy kiếm được rất nhiều tiền từ việc viết lách.,A2
mOz6lGMKetU_sentence_422.wav,I couldn't eat solid food for a week.,Tôi không thể ăn thức ăn đặc trong một tuần.,A2
mOz6lGMKetU_sentence_443.wav,The new machine functions well.,Máy mới hoạt động tốt.,A2
mOz6lGMKetU_sentence_458.wav,"If you pull too hard, the chain will break.","Nếu kéo quá mạnh, sợi xích sẽ bị đứt.",A2
mOz6lGMKetU_sentence_469.wav,That company dominates the market with over 50% market share.,Công ty đó thống trị thị trường với hơn 50% thị phần.,B1
mOz6lGMKetU_sentence_499.wav,The surrounding area is very quiet.,Khu vực xung quanh rất yên tĩnh.,A2
mVebDiDUOqA_sentence_009.wav,I don't speak English well enough to apply for that job.,Tôi không nói tiếng Anh đủ tốt để nộp đơn xin việc đó.,A2
mVebDiDUOqA_sentence_012.wav,He claimed to be an expert in finance.,Ông tuyên bố là một chuyên gia tài chính.,A2
mVebDiDUOqA_sentence_017.wav,He is an expert at solving such problems.,Ông là một chuyên gia trong việc giải quyết những vấn đề như vậy.,A2
mVebDiDUOqA_sentence_047.wav,Carefully.,Cẩn thận.,A1
mVebDiDUOqA_sentence_052.wav,I made a stupid mistake.,Tôi đã phạm một sai lầm ngu ngốc.,A1
mVebDiDUOqA_sentence_058.wav,Guy.,Guy.,A1
mVebDiDUOqA_sentence_072.wav,Alcoholic.,Rượu.,A2
mVebDiDUOqA_sentence_075.wav,I don't like alcoholic drinks.,Tôi không thích đồ uống có cồn.,A1
mVebDiDUOqA_sentence_1001.wav,You can borrow my keys. I have a spare set.,"Anh có thể mượn chìa khóa của tôi, tôi có một bộ dự phòng.",A1
mVebDiDUOqA_sentence_1013.wav,Phil,Phil,A2
mVebDiDUOqA_sentence_1019.wav,I filled up the bottle with water.,Tôi đổ đầy nước vào chai.,A1
mVebDiDUOqA_sentence_1020.wav,The office was filled with reporters.,Văn phòng đầy những phóng viên.,A2
mVebDiDUOqA_sentence_103.wav,I'm aware of the difficulties.,Tôi biết những khó khăn.,A2
mVebDiDUOqA_sentence_115.wav,I don't think it will rain this afternoon.,Tôi không nghĩ chiều nay trời sẽ mưa.,A2
mVebDiDUOqA_sentence_127.wav,Fact.,Sự thật.,A2
mVebDiDUOqA_sentence_132.wav,Both his parents indulged him.,Cả bố mẹ đều nuông chiều nó.,A2
mVebDiDUOqA_sentence_137.wav,I'd like a glass of wine.,Tôi muốn một ly rượu vang.,A1
mVebDiDUOqA_sentence_138.wav,Please give me a glass of water.,Làm ơn cho tôi một ly nước.,A1
mVebDiDUOqA_sentence_142.wav,"I have confidence in his abilities, and","Tôi tin tưởng vào khả năng của anh ấy, và",A2
mVebDiDUOqA_sentence_160.wav,He made a big mistake.,Anh ta đã phạm sai lầm lớn.,A1
mVebDiDUOqA_sentence_176.wav,I couldn't think of anything appropriate to say.,Tôi không thể nghĩ ra điều gì thích hợp để nói.,A2
mVebDiDUOqA_sentence_182.wav,You should wear something more appropriate for your age.,Bạn nên mặc trang phục phù hợp với độ tuổi của mình.,A2
mVebDiDUOqA_sentence_196.wav,Keep story.,Giữ câu chuyện.,A1
mVebDiDUOqA_sentence_202.wav,"She heard him scream, so she ran into his bedroom.","Cô nghe thấy anh hét lên, nên cô chạy vào phòng ngủ của anh.",A1
mVebDiDUOqA_sentence_210.wav,What's the scale of the map?,Tỉ lệ của bản đồ là bao nhiêu?,A2
mVebDiDUOqA_sentence_221.wav,They are jealous of our success.,Họ ghen tị với thành công của chúng ta.,A2
mVebDiDUOqA_sentence_225.wav,I'm jealous of the people who get to see and be with you every day.,Em ghen tị với những người được gặp và ở bên anh mỗi ngày.,A2
mVebDiDUOqA_sentence_238.wav,Withdraw.,Rút lui.,A1
mVebDiDUOqA_sentence_245.wav,I withdrew my application for the job.,Tôi đã rút đơn xin việc.,A2
mVebDiDUOqA_sentence_246.wav,How much money would you like to withdraw?,Anh muốn rút bao nhiêu tiền?,A2
mVebDiDUOqA_sentence_247.wav,I withdrew$200 from my savings account.,Tôi đã rút 200 đô - la từ tài khoản tiết kiệm của mình.,A2
mVebDiDUOqA_sentence_270.wav,Are you a student?,Anh là sinh viên à?,A1
mVebDiDUOqA_sentence_277.wav,Wife.,Vợ.,A1
mVebDiDUOqA_sentence_278.wav,His wife is a teacher.,Vợ anh ta là giáo viên.,A2
mVebDiDUOqA_sentence_281.wav,His around.,Của mình xung quanh.,A1
mVebDiDUOqA_sentence_289.wav,He entered the room and looked around.,Ông bước vào phòng và nhìn quanh.,A2
mVebDiDUOqA_sentence_298.wav,"Prices will go up, I suppose.","Giá cả sẽ tăng lên, tôi nghĩ vậy.",A2
mVebDiDUOqA_sentence_313.wav,Please wait in the airport lounge. I'll come back soon.,"Xin hãy đợi ở sảnh chờ sân bay, tôi sẽ quay lại ngay.",A2
mVebDiDUOqA_sentence_314.wav,How long will it take to go to the airport?,Mất bao lâu để đến sân bay?,A2
mVebDiDUOqA_sentence_333.wav,Hesitate.,Do dự.,A1
mVebDiDUOqA_sentence_358.wav,The cost of living is rising.,Chi phí sinh hoạt đang tăng lên.,A2
mVebDiDUOqA_sentence_369.wav,He shows great enthusiasm for his work.,Anh ấy thể hiện sự nhiệt tình với công việc của mình.,A2
mVebDiDUOqA_sentence_392.wav,He hesitated a moment before answering.,Anh ngập ngừng một lúc trước khi trả lời.,A2
mVebDiDUOqA_sentence_397.wav,I appreciate your enthusiasm.,Tôi đánh giá cao sự nhiệt tình của anh.,A1
mVebDiDUOqA_sentence_407.wav,Belt. Please fasten your seat belt.,Xin hãy thắt chặt dây an toàn.,A1
mVebDiDUOqA_sentence_412.wav,We gather here once a week.,Chúng tôi tụ họp ở đây mỗi tuần một lần.,A2
mVebDiDUOqA_sentence_438.wav,She has good social skills.,Cô ấy có kỹ năng xã hội tốt.,A1
mVebDiDUOqA_sentence_451.wav,Assist.,Hỗ trợ.,A1
mVebDiDUOqA_sentence_457.wav,I assisted her in moving the furniture.,Tôi giúp cô ấy di chuyển đồ đạc.,A2
mVebDiDUOqA_sentence_467.wav,We are thinking of buying some new furniture.,Chúng tôi đang nghĩ đến việc mua vài món đồ nội thất mới.,A2
mVebDiDUOqA_sentence_474.wav,Getting a visa isn't as simple as you might suppose.,Xin visa không đơn giản như bạn nghĩ.,A2
mVebDiDUOqA_sentence_500.wav,She appears to be angry.,Cô ấy có vẻ giận dữ.,A2
mVebDiDUOqA_sentence_506.wav,My name doesn't appear on the list.,Tên tôi không có trong danh sách.,A2
mVebDiDUOqA_sentence_510.wav,Example,Ví dụ,A1
mVebDiDUOqA_sentence_515.wav,The price is too high.,Giá quá cao.,A1
mVebDiDUOqA_sentence_525.wav,My house is north of the city.,Nhà tôi ở phía Bắc thành phố.,A2
mVebDiDUOqA_sentence_534.wav,I like your help.,Tôi thích sự giúp đỡ của anh.,A1
mVebDiDUOqA_sentence_555.wav,Legal,Hợp pháp,A1
mVebDiDUOqA_sentence_567.wav,He plans on taking legal action against the company.,Ông dự định sẽ có hành động pháp lý chống lại công ty.,A2
mVebDiDUOqA_sentence_577.wav,"It is very early, the sun has not risen yet.","Trời còn sớm, mặt trời vẫn chưa mọc.",A2
mVebDiDUOqA_sentence_593.wav,The cat jumped onto the table.,Con mèo nhảy lên bàn.,A2
mVebDiDUOqA_sentence_615.wav,You must gather further information.,Anh phải thu thập thêm thông tin.,A2
mVebDiDUOqA_sentence_616.wav,Thousands of people gathered there.,Hàng ngàn người đã tập trung ở đó.,A1
mVebDiDUOqA_sentence_624.wav,Noise,Nhiễu,A1
mVebDiDUOqA_sentence_627.wav,I can't stand the noise outside.,Tôi không thể chịu nổi tiếng ồn bên ngoài.,A1
mVebDiDUOqA_sentence_642.wav,Room,Phòng,A1
mVebDiDUOqA_sentence_648.wav,There used to be a castle on the hill.,Đã từng có một lâu đài trên đồi.,A2
mVebDiDUOqA_sentence_656.wav,You can see the whole city from this hill.,"Từ ngọn đồi này, bạn có thể nhìn thấy toàn bộ thành phố.",A2
mVebDiDUOqA_sentence_661.wav,The accident happened at 3 p.m.,Vụ tai nạn xảy ra lúc 3 giờ chiều.,A2
mVebDiDUOqA_sentence_662.wav,The accident was caused by a sleepy driver.,Tai nạn xảy ra bởi một tài xế buồn ngủ.,A2
mVebDiDUOqA_sentence_667.wav,We have limited resources.,Chúng ta có nguồn lực hạn chế.,A2
mVebDiDUOqA_sentence_695.wav,Please contact my secretary to make an appointment.,Xin hãy liên lạc với thư ký của tôi để đặt lịch hẹn.,A2
mVebDiDUOqA_sentence_716.wav,Bus. I sometimes go to school by bus. She advised him to walk instead of taking a bus.,Xe buýt. Đôi khi tôi đi học bằng xe buýt. Cô khuyên nó nên đi bộ thay vì đi xe buýt.,A2
mVebDiDUOqA_sentence_717.wav,Where's the nearest bus stop? Cigarette.,Trạm xe buýt gần nhất ở đâu?,A2
mVebDiDUOqA_sentence_720.wav,She caught him smoking a cigarette.,Cô ta bắt gặp anh ta hút thuốc.,A1
mVebDiDUOqA_sentence_722.wav,I promise you I will wait for you to return.,Tôi hứa sẽ chờ anh quay lại.,A2
mVebDiDUOqA_sentence_725.wav,Return,Quay lại,A1
mVebDiDUOqA_sentence_739.wav,This room is reserved.,Phòng này là dành riêng.,A1
mVebDiDUOqA_sentence_747.wav,Next.,Tiếp theo.,A1
mVebDiDUOqA_sentence_750.wav,Who's next?,Ai tiếp theo đây?,A1
mVebDiDUOqA_sentence_756.wav,Who painted this picture?,Ai đã vẽ bức tranh này?,A1
mVebDiDUOqA_sentence_768.wav,What you did was not legal.,Những gì anh làm là không hợp pháp.,A2
mVebDiDUOqA_sentence_772.wav,I'd like to reserve a table for three at eight o'clock.,Tôi muốn đặt một bàn cho ba người lúc tám giờ.,A2
mVebDiDUOqA_sentence_787.wav,Don't jump to any conclusions.,Đừng vội đưa ra kết luận.,A1
mVebDiDUOqA_sentence_810.wav,He complained about the noise.,Anh ta phàn nàn về tiếng ồn.,A2
mVebDiDUOqA_sentence_839.wav,Wedding,Đám cưới,A1
mVebDiDUOqA_sentence_841.wav,Tomorrow is our wedding anniversary.,Ngày mai là kỉ niệm ngày cưới của chúng ta.,A1
mVebDiDUOqA_sentence_843.wav,The wedding was put off.,Đám cưới bị hoãn lại.,A2
mVebDiDUOqA_sentence_845.wav,This wedding dress is very beautiful.,Chiếc váy cưới này rất đẹp.,A1
mVebDiDUOqA_sentence_854.wav,"Wait a minute, I will return shortly.","Chờ một chút, tôi sẽ quay lại ngay.",A2
mVebDiDUOqA_sentence_884.wav,He helped me clean up the mess.,Anh ấy giúp tôi dọn dẹp đống lộn xộn.,A1
mVebDiDUOqA_sentence_888.wav,You must pay attention to him.,Anh phải để ý tới hắn.,A1
mVebDiDUOqA_sentence_891.wav,Happy.,Hạnh phúc.,A1
mVebDiDUOqA_sentence_893.wav,Do what makes you happy. Be with who makes you smile.,Hãy làm những gì khiến bạn hạnh phúc. Hãy ở bên những người khiến bạn mỉm cười.,A2
mVebDiDUOqA_sentence_895.wav,Body,Thân,A1
mVebDiDUOqA_sentence_930.wav,Growth begins where we begin to accept our own weakness.,Sự phát triển bắt đầu khi chúng ta bắt đầu chấp nhận điểm yếu của chính mình.,B1
mVebDiDUOqA_sentence_947.wav,We that.,Chúng tôi đó.,A1
mVebDiDUOqA_sentence_948.wav,That's exactly what I thought.,Đó chính xác là điều tôi nghĩ.,A1
mVebDiDUOqA_sentence_951.wav,That experiment.,Thí nghiệm đó.,A1
mVebDiDUOqA_sentence_980.wav,Group.,Nhóm.,A1
mVebDiDUOqA_sentence_982.wav,Who is the group leader?,Ai là trưởng nhóm?,A1
my310Q7i_5c_sentence_018.wav,He has proposed a list of political reforms.,Ông đã đề xuất một danh sách các cải cách chính trị.,A2
my310Q7i_5c_sentence_024.wav,He has several annoying habits.,Anh ta có vài thói quen khó chịu.,A2
my310Q7i_5c_sentence_066.wav,The unemployment rate went up to 5%.,Tỷ lệ thất nghiệp lên tới 5%.,A2
my310Q7i_5c_sentence_078.wav,She accused him of lying.,Cô ta buộc tội anh ta nói dối.,A2
my310Q7i_5c_sentence_127.wav,He couldn't adapt to new circumstances.,Anh ấy không thể thích nghi với hoàn cảnh mới.,A2
my310Q7i_5c_sentence_161.wav,I finally got used to urban life.,Cuối cùng tôi cũng quen với cuộc sống thành thị.,A2
my310Q7i_5c_sentence_164.wav,More and more people are moving to urban areas.,Ngày càng có nhiều người chuyển đến các khu vực thành thị.,A2
my310Q7i_5c_sentence_168.wav,I work at the Ministry of Foreign Affairs.,Tôi làm việc ở Bộ Ngoại giao.,A2
my310Q7i_5c_sentence_182.wav,I need some glue to seal the envelope.,Tôi cần keo dán để dán phong bì.,A1
my310Q7i_5c_sentence_187.wav,"Briefly, I think we should accept their offer.","Nói ngắn gọn, tôi nghĩ ta nên chấp nhận đề nghị của họ.",A2
my310Q7i_5c_sentence_257.wav,She is so annoying.,Cô ấy thật phiền phức.,A1
my310Q7i_5c_sentence_295.wav,Lemon.,Chanh.,A1
my310Q7i_5c_sentence_297.wav,"If life gives you lemons, make lemonade.","Nếu cuộc sống cho bạn chanh, hãy pha nước chanh.",A2
my310Q7i_5c_sentence_303.wav,"No matter how hard I tried, I couldn't remember that song's title.","Dù tôi có cố gắng thế nào, tôi cũng không thể nhớ được tiêu đề của bài hát.",A2
my310Q7i_5c_sentence_326.wav,I'm afraid of snakes. Conduct.,Tôi sợ rắn.,A2
my310Q7i_5c_sentence_347.wav,Don't swim in large waves.,Đừng bơi theo những con sóng lớn.,A1
my310Q7i_5c_sentence_353.wav,The bus was late because of the traffic jam.,Xe buýt bị trễ vì tắc đường.,A2
my310Q7i_5c_sentence_369.wav,Ministry,Bộ,A1
my310Q7i_5c_sentence_396.wav,He has a strong fighting spirit.,Anh ấy có tinh thần chiến đấu mạnh mẽ.,A2
my310Q7i_5c_sentence_404.wav,She is in the publishing business.,Cô ấy làm trong ngành xuất bản.,A2
my310Q7i_5c_sentence_428.wav,Shadow,Bóng,A2
my310Q7i_5c_sentence_462.wav,conduct.,Hành vi.,A2
my310Q7i_5c_sentence_484.wav,Rapidly,Nhanh,A1
my310Q7i_5c_sentence_485.wav,It's a rapidly growing economy.,Đó là một nền kinh tế đang phát triển nhanh chóng.,A2
my310Q7i_5c_sentence_486.wav,His business is growing rapidly.,Công việc kinh doanh của anh ta đang phát triển nhanh chóng.,A2
my310Q7i_5c_sentence_565.wav,Without a shadow of a doubt he is lying.,"Không chút nghi ngờ, hắn đang nói dối.",A2
my310Q7i_5c_sentence_602.wav,It is widely known that she is a famous singer.,Được biết đến rộng rãi rằng cô là một ca sĩ nổi tiếng.,A2
my310Q7i_5c_sentence_614.wav,Throat.,Cổ họng.,A1
my310Q7i_5c_sentence_616.wav,"Does your throat hurt? Yes, a little.",Cổ họng anh có đau không?,A2
my310Q7i_5c_sentence_617.wav,I have a sore throat and a slight fever.,Tôi bị đau họng và sốt nhẹ.,A2
my310Q7i_5c_sentence_622.wav,Do you have a headache and a sore throat?,Bạn có bị đau đầu và đau họng không?,A2
my310Q7i_5c_sentence_625.wav,Slice.,Cắt.,A1
my310Q7i_5c_sentence_626.wav,Would you like a slice of bread?,Anh có muốn một lát bánh mì không?,A1
my310Q7i_5c_sentence_631.wav,I need a different knife to slice the onion.,Tôi cần một con dao khác để cắt hành tây.,A2
my310Q7i_5c_sentence_632.wav,Cut the meat into thin slices.,Cắt thịt thành lát mỏng.,A2
my310Q7i_5c_sentence_642.wav,He glanced up briefly as Connie walked in. She told them briefly what happened. Unemployment.,Hắn ngước lên nhìn Connie. Nó kể vắn tắt cho họ nghe. Tiền trợ cấp thất nghiệp.,A2
my310Q7i_5c_sentence_646.wav,What is the unemployment rate at the moment?,Tỷ lệ thất nghiệp hiện tại là bao nhiêu?,A2
my310Q7i_5c_sentence_650.wav,Originally,Ban đầu,A1
my310Q7i_5c_sentence_651.wav,"The school was originally very small, but","Trường ban đầu rất nhỏ, nhưng",A2
my310Q7i_5c_sentence_652.wav,This book was originally written in French.,Cuốn sách này ban đầu được viết bằng tiếng Pháp.,A2
my310Q7i_5c_sentence_671.wav,Translation.,Dịch.,A2
my310Q7i_5c_sentence_674.wav,She is working on a translation of the novel.,Cô đang làm việc để dịch cuốn tiểu thuyết.,A2
my310Q7i_5c_sentence_675.wav,The book loses something in translation.,Cuốn sách bị mất một cái gì đó trong bản dịch.,A2
my310Q7i_5c_sentence_695.wav,Scientist,Nhà khoa học,A1
my310Q7i_5c_sentence_696.wav,His father is a scientist.,Cha anh ta là một nhà khoa học.,A2
my310Q7i_5c_sentence_698.wav,He is a world-class scientist.,Ông là một nhà khoa học đẳng cấp thế giới.,A2
my310Q7i_5c_sentence_700.wav,She wants to be a scientist in the future.,Cô ấy muốn trở thành một nhà khoa học trong tương lai.,A2
my310Q7i_5c_sentence_702.wav,Decorate.,Trang trí.,A1
my310Q7i_5c_sentence_703.wav,She decorated the wall with pictures.,Bà trang trí tường bằng tranh.,A1
my310Q7i_5c_sentence_708.wav,Let's decorate the Christmas tree.,Hãy trang trí cây thông Noel.,A1
my310Q7i_5c_sentence_709.wav,We are decorating the conference room.,Chúng tôi đang trang trí phòng họp.,A1
my310Q7i_5c_sentence_713.wav,"Actor, actress.","Diễn viên, diễn viên.",A2
my310Q7i_5c_sentence_714.wav,He is a talented actor.,Anh ấy là một diễn viên tài năng.,A1
my310Q7i_5c_sentence_718.wav,She wants to become an actress in the future.,Cô ấy muốn trở thành một diễn viên trong tương lai.,A2
my310Q7i_5c_sentence_719.wav,I agree with you that the actors and actresses in the movie are really good looking.,Tôi đồng ý với anh là các diễn viên trong phim rất đẹp trai.,A2
my310Q7i_5c_sentence_741.wav,Labor.,Lao động.,A2
my310Q7i_5c_sentence_743.wav,We need some manual labor this afternoon.,Chúng ta cần lao động chân tay chiều nay.,A2
my310Q7i_5c_sentence_746.wav,RAH,RAH,A1
my310Q7i_5c_sentence_750.wav,RAW,RAW,A1
my310Q7i_5c_sentence_751.wav,Have you ever eaten raw fish?,Anh đã bao giờ ăn cá sống chưa?,A2
my310Q7i_5c_sentence_752.wav,Onions can be eaten raw or cooked.,Hành tây có thể ăn sống hoặc nấu chín.,A2
my310Q7i_5c_sentence_753.wav,I never feed my dog raw meat.,Tôi không bao giờ cho chó ăn thịt sống.,A2
my310Q7i_5c_sentence_760.wav,He is very proud of his custom bike.,Anh ấy rất tự hào về chiếc xe đạp riêng của mình.,A2
nI9Abalkh0o_sentence_015.wav,Various,& Khác,A2
nI9Abalkh0o_sentence_024.wav,Please wait a moment while I write out your receipt. Keep your receipt in case you need to return it.,"Xin chờ một chút để tôi viết biên lai của cô, giữ lại biên lai phòng trường hợp cô cần trả lại.",A2
nI9Abalkh0o_sentence_054.wav,We're in the process of selling our house.,Chúng tôi đang trong quá trình bán nhà.,A2
nI9Abalkh0o_sentence_061.wav,There are fifteen pupils in the kindergarten class.,Có mười lăm học sinh trong lớp mẫu giáo.,A1
nI9Abalkh0o_sentence_062.wav,How many pupils are there in the school?,Có bao nhiêu học sinh trong trường?,A1
nI9Abalkh0o_sentence_084.wav,I didn't quite catch the name of that designer.,Tôi không biết rõ tên của nhà thiết kế đó.,A2
nI9Abalkh0o_sentence_120.wav,We sleep in separate rooms.,Chúng ta ngủ ở phòng riêng.,A1
nI9Abalkh0o_sentence_135.wav,He is struggling with his disease.,Anh ấy đang phải vật lộn với căn bệnh của mình.,A2
nI9Abalkh0o_sentence_148.wav,They were seen kissing in public.,Họ đã được nhìn thấy hôn nhau ở nơi công cộng.,A2
nI9Abalkh0o_sentence_150.wav,The palace is now open to the public.,Cung điện hiện đã mở cửa cho công chúng.,A2
nI9Abalkh0o_sentence_162.wav,She couldn't stop the tears.,Cô không thể ngăn được những giọt nước mắt.,A1
nI9Abalkh0o_sentence_218.wav,Tone,Sắc,A1
nI9Abalkh0o_sentence_242.wav,Type.,Gõ.,A2
nI9Abalkh0o_sentence_246.wav,These types of books have almost no value.,Những loại sách này hầu như không có giá trị.,A2
nI9Abalkh0o_sentence_247.wav,She's not my type.,Cô ấy không phải gu của tôi.,A2
nI9Abalkh0o_sentence_252.wav,The bank is opposite the supermarket.,Ngân hàng ở đối diện siêu thị.,A2
nI9Abalkh0o_sentence_254.wav,Strange.,Lạ thật.,A1
nI9Abalkh0o_sentence_309.wav,I'm so glad to see you.,Rất vui được gặp anh.,A1
nI9Abalkh0o_sentence_313.wav,Without,Không có,A1
nI9Abalkh0o_sentence_316.wav,She left the room without saying a word.,Cô rời khỏi phòng mà không nói một lời.,A2
nI9Abalkh0o_sentence_327.wav,Look.,Nhìn này.,A1
nI9Abalkh0o_sentence_344.wav,Did you wash your hands?,Anh đã rửa tay chưa?,A1
nI9Abalkh0o_sentence_346.wav,What are you washing?,Anh đang giặt gì vậy?,A1
nI9Abalkh0o_sentence_399.wav,I am looking for a management position.,Tôi đang tìm một vị trí quản lý.,A2
nI9Abalkh0o_sentence_442.wav,I honestly don't care.,Tôi thực sự không quan tâm.,A1
nI9Abalkh0o_sentence_458.wav,She's never satisfied with what she's got.,Cô ta không bao giờ hài lòng với những gì mình có.,A2
nI9Abalkh0o_sentence_463.wav,He is quite satisfied with his new job.,Anh ấy khá hài lòng với công việc mới của mình.,A2
nI9Abalkh0o_sentence_481.wav,She has a lovely voice.,Cô ấy có một giọng nói đáng yêu.,A1
nI9Abalkh0o_sentence_499.wav,Please wait a moment while I write out your receipt.,Xin chờ một chút để tôi viết hoá đơn cho cô.,A2
nI9Abalkh0o_sentence_509.wav,Bathroom,Nhà tắm,A1
nI9Abalkh0o_sentence_516.wav,I'm in perfect health now.,Giờ tôi hoàn toàn khoẻ mạnh.,A2
nI9Abalkh0o_sentence_526.wav,The bus is heading toward town.,Xe buýt đang hướng về thị trấn.,A1
nY2XN0diEB4_sentence_018.wav,She was nearly hit by a car.,Cô ấy suýt bị xe tông.,A1
nY2XN0diEB4_sentence_036.wav,It was a remarkable achievement for such a young leader.,Đó là một thành tựu đáng kể đối với một nhà lãnh đạo trẻ như vậy.,A2
nY2XN0diEB4_sentence_047.wav,I don't want to end up in court.,Tôi không muốn kết thúc ở tòa án.,A1
nY2XN0diEB4_sentence_076.wav,I like walking alone on the deserted beach.,Tôi thích đi bộ một mình trên bãi biển vắng vẻ.,A1
nY2XN0diEB4_sentence_094.wav,I want a large tube of toothpaste.,Tôi muốn một ống kem đánh răng lớn.,A1
nY2XN0diEB4_sentence_103.wav,That was a frightening accident.,Đó là một tai nạn đáng sợ.,A2
nY2XN0diEB4_sentence_110.wav,They decided to adopt a child.,Họ quyết định nhận nuôi một đứa trẻ.,A1
nY2XN0diEB4_sentence_127.wav,It's hard to give up gambling.,Thật khó để từ bỏ cờ bạc.,A2
nY2XN0diEB4_sentence_133.wav,It's a shocking waste of money.,Thật là lãng phí tiền bạc.,A2
nY2XN0diEB4_sentence_183.wav,We have important issues to discuss.,Chúng ta có những vấn đề quan trọng cần thảo luận.,A1
nY2XN0diEB4_sentence_203.wav,the mud has been baked hardly by the sun.,Bùn đã bị mặt trời thiêu rụi.,B1
nY2XN0diEB4_sentence_204.wav,She bakes her own bread. Did you fry it or bake it?,"Cô ấy tự làm bánh mì cho mình, cậu chiên hay nướng?",A2
nY2XN0diEB4_sentence_210.wav,Preference.,Ưu tiên.,A2
nY2XN0diEB4_sentence_250.wav,She's banned from that club.,Cô ấy bị cấm vào câu lạc bộ đó.,A1
nY2XN0diEB4_sentence_272.wav,He hit me on the head.,Hắn đánh vào đầu tôi.,A1
nY2XN0diEB4_sentence_297.wav,Are you on your way to the tennis court?,Anh đang trên đường đến sân tennis à?,A1
nY2XN0diEB4_sentence_298.wav,Deliberately.,Cố ý.,A2
nY2XN0diEB4_sentence_327.wav,Our dog has been poisoned.,Con chó của chúng ta đã bị đầu độc.,A1
nY2XN0diEB4_sentence_345.wav,Their parallel lines.,Các đường song song.,A2
nY2XN0diEB4_sentence_349.wav,Ladder.,Thang.,A1
nY2XN0diEB4_sentence_367.wav,I've lost my passport. What should I do?,"Tôi làm mất hộ chiếu, tôi phải làm gì đây?",A1
nY2XN0diEB4_sentence_376.wav,She was born in a remote village in Vietnam.,Cô sinh ra ở một ngôi làng hẻo lánh ở Việt Nam.,A2
nY2XN0diEB4_sentence_425.wav,Navy,Hải quânName,A1
nY2XN0diEB4_sentence_429.wav,Why do you want to join the Navy?,Tại sao anh muốn gia nhập Hải quân?,A1
nY2XN0diEB4_sentence_430.wav,"He's an officer in the Navy, said","Ông là một sĩ quan Hải quân, cho biết",A2
nY2XN0diEB4_sentence_436.wav,"As a rule, I don't drink coffee.","Theo quy định, tôi không uống cà phê.",A2
nY2XN0diEB4_sentence_438.wav,This rule has no exceptions.,Quy tắc này không có ngoại lệ.,A2
nY2XN0diEB4_sentence_496.wav,The latter point is the most important.,Điểm thứ hai là quan trọng nhất.,A2
nY2XN0diEB4_sentence_497.wav,It happened in the latter half of the year.,Nó xảy ra vào nửa cuối năm.,A2
nY2XN0diEB4_sentence_502.wav,The latter half of the game was very exciting.,Nửa sau của trận đấu rất thú vị.,A2
nY2XN0diEB4_sentence_518.wav,Do you know how to operate this machine?,Anh có biết cách vận hành cỗ máy này không?,A1
nY2XN0diEB4_sentence_527.wav,Communicate.,Giao tiếp.,A1
nY2XN0diEB4_sentence_529.wav,Pilots communicate with the airport by radio.,Phi công liên lạc với sân bay bằng radio.,A2
nY2XN0diEB4_sentence_533.wav,We communicate with each other by telephone every day.,Chúng tôi liên lạc với nhau qua điện thoại mỗi ngày.,A2
nY2XN0diEB4_sentence_536.wav,I want a leather jacket.,Tôi muốn một cái áo da.,A1
nY2XN0diEB4_sentence_559.wav,The book was banned in several countries.,Cuốn sách đã bị cấm ở một số quốc gia.,A2
nY2XN0diEB4_sentence_565.wav,Technical.,Kỹ thuật.,A2
nY2XN0diEB4_sentence_568.wav,The article is full of technical terms.,Bài viết này có đầy đủ các thuật ngữ kỹ thuật.,A2
nY2XN0diEB4_sentence_573.wav,There are a few technical problems.,Có một vài vấn đề kỹ thuật.,A2
nY2XN0diEB4_sentence_574.wav,We had to make ten calls to technical support to get the computer working.,Chúng tôi phải gọi 10 cuộc để hỗ trợ kỹ thuật để máy tính hoạt động.,A2
nY2XN0diEB4_sentence_589.wav,He made fun of my accent.,Hắn chế nhạo giọng của tôi.,A2
nY2XN0diEB4_sentence_618.wav,I didn't do it deliberately.,Tôi không cố ý làm thế.,A2
nY2XN0diEB4_sentence_623.wav,It was the most frightening experience in my life.,Đó là trải nghiệm đáng sợ nhất trong đời tôi.,A2
nY2XN0diEB4_sentence_662.wav,It's his arrogance that really irritates me.,Chính sự kiêu ngạo của anh ta mới làm tôi khó chịu.,A2
nY2XN0diEB4_sentence_731.wav,The school is quite deserted.,Trường học hoàn toàn vắng vẻ.,A2
nY2XN0diEB4_sentence_749.wav,Spread.,Lan rộng.,A1
nY2XN0diEB4_sentence_806.wav,Suffering,Đau khổ,A1
nY2XN0diEB4_sentence_811.wav,Are you okay?,Em không sao chứ?,A1
nY2XN0diEB4_sentence_812.wav,Respond.,Đáp lại.,A1
nY2XN0diEB4_sentence_821.wav,You haven't responded to my email yet.,Anh vẫn chưa trả lời email của tôi.,A2
nY2XN0diEB4_sentence_826.wav,Let's go say hi to them.,Đi chào họ đi.,A1
nY2XN0diEB4_sentence_854.wav,These proposals will need a lot of revision.,Những đề xuất này sẽ cần phải sửa đổi nhiều.,A2
nY2XN0diEB4_sentence_884.wav,His wife is very religious.,Vợ anh ta rất sùng đạo.,A2
nY2XN0diEB4_sentence_909.wav,I love green peppers.,Tôi thích ớt xanh.,A1
nlFf2MKo-UE_sentence_002.wav,What is the departure time?,Thời gian khởi hành là bao lâu?,A2
nlFf2MKo-UE_sentence_010.wav,This new investment will multiply our profit.,Khoản đầu tư mới này sẽ nhân lên lợi nhuận của chúng ta.,A2
nlFf2MKo-UE_sentence_028.wav,"The narrow roads were blocked by cars,","Những con đường hẹp bị xe cộ chặn lại,",A2
nlFf2MKo-UE_sentence_068.wav,Entire.,Toàn bộ.,A2
nlFf2MKo-UE_sentence_081.wav,Good time management skills are essential to success in any area.,Kỹ năng quản lý thời gian tốt là điều cần thiết để thành công trong bất kỳ lĩnh vực nào.,B1
nlFf2MKo-UE_sentence_145.wav,I like to shop at the department store.,Tôi thích mua sắm ở trung tâm thương mại.,A1
nlFf2MKo-UE_sentence_149.wav,I never dream of doing such a thing.,Tôi chưa bao giờ mơ làm một việc như vậy.,A2
nlFf2MKo-UE_sentence_168.wav,Entirely.,Hoàn toàn.,A2
nlFf2MKo-UE_sentence_178.wav,Who moved the furniture?,Ai đã di chuyển đồ đạc?,A2
nlFf2MKo-UE_sentence_239.wav,Tell me the reason why he has been fired.,Nói cho tôi biết lý do tại sao anh ta bị sa thải.,A1
nlFf2MKo-UE_sentence_248.wav,Try to recall exactly what happened.,Cố gắng nhớ lại chính xác những gì đã xảy ra.,A1
nlFf2MKo-UE_sentence_262.wav,We forget.,Chúng ta quên.,A1
nlFf2MKo-UE_sentence_265.wav,I forgot to turn off the T V before going Hope.,Tôi quên tắt TV trước khi đi Hope.,A2
nlFf2MKo-UE_sentence_267.wav,I hope that he will succeed.,Tôi hy vọng ông ấy sẽ thành công.,A1
nlFf2MKo-UE_sentence_286.wav,Please put it back in its place.,Làm ơn để nó lại chỗ cũ.,A1
nlFf2MKo-UE_sentence_295.wav,I had a fight with my older brother yesterday.,Hôm qua tôi đã cãi nhau với anh trai.,A2
nlFf2MKo-UE_sentence_306.wav,The teacher told us a funny story.,Cô giáo kể cho chúng tôi nghe một câu chuyện vui.,A1
nlFf2MKo-UE_sentence_318.wav,"I'm sorry, I didn't do it on purpose.","Tôi xin lỗi, tôi không cố ý.",A1
nlFf2MKo-UE_sentence_324.wav,I'm not used to getting up early.,Tôi không quen dậy sớm.,A2
nlFf2MKo-UE_sentence_325.wav,Why did you come home so early?,Sao anh về sớm vậy?,A1
nlFf2MKo-UE_sentence_329.wav,Call me early tomorrow morning.,Sáng sớm mai gọi cho tôi.,A1
nlFf2MKo-UE_sentence_340.wav,What a gloomy day It makes me feel blue.,Thật là một ngày ảm đạm Nó làm tôi cảm thấy buồn.,A2
nlFf2MKo-UE_sentence_356.wav,I think I smell something burning.,Tôi ngửi thấy mùi gì cháy.,A1
nlFf2MKo-UE_sentence_380.wav,Capital.,Vốn.,A2
nlFf2MKo-UE_sentence_417.wav,I'm not looking for a favor.,Tôi không cần một đặc ân.,A2
nlFf2MKo-UE_sentence_418.wav,Wherever.,Bất cứ nơi nào.,A1
nlFf2MKo-UE_sentence_437.wav,Do you think it'll make a difference?,Anh có nghĩ nó sẽ tạo ra sự khác biệt không?,A2
nlFf2MKo-UE_sentence_440.wav,Do you think equal?,Anh nghĩ nó bằng nhau?,A2
nlFf2MKo-UE_sentence_450.wav,He doesn't like us.,Anh ta không thích chúng ta.,A1
nlFf2MKo-UE_sentence_463.wav,I've just finished lunch.,Tôi vừa ăn xong.,A1
nlFf2MKo-UE_sentence_468.wav,Where do you want to go for lunch?,Anh muốn đi đâu ăn trưa?,A1
nlFf2MKo-UE_sentence_472.wav,flat.,Bạn có thể tìm thấy những tấm bảng như vậy ở các cửa hàng bán đồ thủ công hoặc các cửa hàng bán đồ thủ công.,A2
nlFf2MKo-UE_sentence_484.wav,We often express our emotions non-verbally.,Chúng ta thường bộc lộ cảm xúc của mình bằng ngôn ngữ không lời.,B1
nlFf2MKo-UE_sentence_525.wav,"Of these two options, the former is less expensive, while the latter is less risky.","Trong hai lựa chọn này, lựa chọn đầu tiên ít tốn kém hơn, trong khi lựa chọn thứ hai ít rủi ro hơn.",B1
nlFf2MKo-UE_sentence_537.wav,I can understand French to a certain extent.,Tôi có thể hiểu tiếng Pháp ở một mức độ nhất định.,A2
nlFf2MKo-UE_sentence_566.wav,"He stood up, blocking her escape.","Anh ta đứng dậy, chặn đường thoát của cô.",A2
nlFf2MKo-UE_sentence_629.wav,I've never been this nervous in my entire life.,Tôi chưa bao giờ lo lắng như thế này trong suốt cuộc đời.,A2
nlFf2MKo-UE_sentence_632.wav,I read the entire book.,Tôi đã đọc hết cuốn sách.,A1
nlFf2MKo-UE_sentence_663.wav,Your future is created by what you do today.,Tương lai của bạn được tạo ra bởi những gì bạn làm hôm nay.,A2
nlFf2MKo-UE_sentence_665.wav,Don't point your finger at me.,Đừng chỉ ngón tay vào tôi.,A1
nlFf2MKo-UE_sentence_682.wav,Below,Dưới,A2
nlFf2MKo-UE_sentence_683.wav,Please do not write below this line.,Xin đừng ghi dưới dòng này.,A2
nlFf2MKo-UE_sentence_750.wav,You look nice with your hair short.,Tóc ngắn trông đẹp lắm.,A1
nlFf2MKo-UE_sentence_762.wav,Box,Hộp,A1
nlFf2MKo-UE_sentence_764.wav,"She tried to lift the box, but found it impossible. Do you know how to open this box?","Cô cố gắng nâng chiếc hộp, nhưng không thể. Bạn có biết cách mở chiếc hộp này không?",A2
nlFf2MKo-UE_sentence_766.wav,She ate a whole box of chocolates that night.,Tối đó cô ấy ăn cả hộp sôcôla.,A1
nlFf2MKo-UE_sentence_784.wav,Enjoy your meal.,Thưởng thức bữa ăn.,A1
nlFf2MKo-UE_sentence_800.wav,He offered to pay for the damages.,Anh ta đề nghị trả tiền bồi thường thiệt hại.,A2
nlFf2MKo-UE_sentence_805.wav,How bad is the damage?,Thiệt hại nghiêm trọng đến mức nào?,A1
nlFf2MKo-UE_sentence_806.wav,Confidence.,Tự tin.,A2
nlFf2MKo-UE_sentence_811.wav,Self-confidence is the key to success.,Tự tin là chìa khóa dẫn đến thành công.,A2
nlFf2MKo-UE_sentence_817.wav,Please arrange a meeting with your manager.,Xin hãy sắp xếp một cuộc gặp với quản lý của anh.,A2
nlFf2MKo-UE_sentence_818.wav,Can you arrange for us to meet your parents?,Cô có thể sắp xếp cho chúng tôi gặp bố mẹ cô không?,A2
nlFf2MKo-UE_sentence_821.wav,Why don't we go swimming this afternoon?,Sao chiều nay chúng ta không đi bơi nhỉ?,A1
nlFf2MKo-UE_sentence_848.wav,You look very lovely tonight.,Tối nay trông em rất đáng yêu.,A1
nlFf2MKo-UE_sentence_855.wav,Organize.,Sắp xếp.,A1
nlFf2MKo-UE_sentence_867.wav,No one can replace you.,Không ai có thể thay thế anh.,A1
nlFf2MKo-UE_sentence_873.wav,Are you ready? I'm not ready yet.,Anh sẵn sàng chưa? Tôi vẫn chưa sẵn sàng.,A1
nlFf2MKo-UE_sentence_878.wav,Everything is ready.,Mọi thứ đã sẵn sàng.,A1
nlFf2MKo-UE_sentence_893.wav,I'd like some more water.,Tôi muốn thêm nước.,A1
nlFf2MKo-UE_sentence_908.wav,Life.,Cuộc sống.,A1
nlFf2MKo-UE_sentence_910.wav,Just be yourself. Life is too short to be someone else.,Hãy là chính mình Cuộc sống quá ngắn ngủi để trở thành một người khác,A2
nlFf2MKo-UE_sentence_914.wav,Enjoy life today. Yesterday is gone and tomorrow may never come.,Hãy tận hưởng cuộc sống hôm nay. Ngày mai có thể sẽ không bao giờ đến.,A2
nlFf2MKo-UE_sentence_918.wav,That's against the law.,Điều đó là trái pháp luật.,A1
nlFf2MKo-UE_sentence_942.wav,She loved him with all her heart.,Cô ấy yêu anh ấy bằng cả trái tim.,A1
nlFf2MKo-UE_sentence_966.wav,Please reply to me as soon as possible.,Xin hãy trả lời tôi càng sớm càng tốt.,A2
nlFf2MKo-UE_sentence_968.wav,Should I reply to his email?,Tôi có nên trả lời email của anh ấy không?,A2
nn2VCV-u0-8_sentence_005.wav,It's not surprising that they lost.,Không ngạc nhiên khi họ thua.,A2
nn2VCV-u0-8_sentence_015.wav,Majority.,Đa số.,A2
nn2VCV-u0-8_sentence_016.wav,He spends a majority of his time helping her.,Anh dành phần lớn thời gian để giúp đỡ cô.,A2
nn2VCV-u0-8_sentence_029.wav,permanently,vĩnh viễn,A2
nn2VCV-u0-8_sentence_046.wav,He had an affair with a co-worker.,Anh ta ngoại tình với một đồng nghiệp.,A2
nn2VCV-u0-8_sentence_061.wav,His music reflects his interest in African culture.,Âm nhạc của ông phản ánh sự quan tâm của ông đối với văn hóa châu Phi.,B1
nn2VCV-u0-8_sentence_084.wav,Do you think I'm qualified for that job?,Anh nghĩ tôi có đủ trình độ cho công việc đó không?,A2
nn2VCV-u0-8_sentence_113.wav,Atmosphere.,Khí quyển.,A1
nn2VCV-u0-8_sentence_137.wav,"Apart from that, I don't know anything.","Ngoài ra, tôi không biết gì cả.",A2
nn2VCV-u0-8_sentence_183.wav,He lost all his possessions.,Anh ta mất hết tài sản.,A1
nn2VCV-u0-8_sentence_195.wav,"If that accident had happened in a city, it would have caused a disaster.","Nếu tai nạn đó xảy ra trong một thành phố, nó sẽ gây ra một thảm hoạ.",A2
nn2VCV-u0-8_sentence_229.wav,I heard an unusual noise.,Tôi nghe thấy một tiếng động bất thường.,A1
nn2VCV-u0-8_sentence_261.wav,He maintains his car well.,Anh ta bảo dưỡng xe rất tốt.,A2
nn2VCV-u0-8_sentence_328.wav,His advice is always very sensible.,Lời khuyên của ông ấy luôn rất hợp lý.,A2
nn2VCV-u0-8_sentence_338.wav,The magician performed some amazing tricks.,Ảo thuật gia đã thực hiện một số trò ảo thuật tuyệt vời.,A1
nn2VCV-u0-8_sentence_415.wav,His life was a long series of failures.,Cuộc đời ông là một chuỗi dài thất bại.,A2
nn2VCV-u0-8_sentence_426.wav,She suffering from a serious disease.,Cô ấy đang bị một căn bệnh nghiêm trọng.,A2
nn2VCV-u0-8_sentence_438.wav,The house is large and difficult to maintain.,Ngôi nhà rộng và khó bảo trì.,A2
nn2VCV-u0-8_sentence_440.wav,Spoon.,Thìa.,A1
nn2VCV-u0-8_sentence_447.wav,"Give me a bowl and a spoon, please.",Đưa tôi cái tô và cái thìa.,A1
nn2VCV-u0-8_sentence_462.wav,His inability to speak English puts him at a disadvantage.,Việc không nói được tiếng Anh khiến anh gặp bất lợi.,A2
nn2VCV-u0-8_sentence_503.wav,A surprising number of people were laid off last month.,Một số lượng đáng ngạc nhiên những người đã bị sa thải tháng trước.,A2
nn2VCV-u0-8_sentence_507.wav,Naked.,Trần truồng.,A1
nn2VCV-u0-8_sentence_511.wav,Don't come in. I'm naked.,"Đừng vào, tôi trần truồng.",A1
nn2VCV-u0-8_sentence_544.wav,Sum up your idea in one hundred and fifty words or less.,Tóm tắt ý tưởng của bạn trong 150 từ hoặc ít hơn.,A2
nn2VCV-u0-8_sentence_578.wav,Explosion,Nổ bung,A1
nn2VCV-u0-8_sentence_597.wav,Unhappy.,Không hài lòng.,A1
nn2VCV-u0-8_sentence_599.wav,He's had many unhappy experiences.,Anh ấy đã có nhiều trải nghiệm không vui.,A2
nn2VCV-u0-8_sentence_600.wav,She looks unhappy.,Cô ấy trông không vui.,A1
nn2VCV-u0-8_sentence_614.wav,I sincerely believe that this is the right decision.,Tôi chân thành tin rằng đây là quyết định đúng đắn.,A1
nn2VCV-u0-8_sentence_616.wav,Data.,Dữ liệu.,A1
nn2VCV-u0-8_sentence_617.wav,Here are the data you will need.,Đây là những dữ liệu bạn cần.,A2
nn2VCV-u0-8_sentence_618.wav,There is very little data available.,Có rất ít dữ liệu có sẵn.,A2
nn2VCV-u0-8_sentence_625.wav,Would you like some powdered sugar?,Cô muốn dùng đường bột không?,A1
nn2VCV-u0-8_sentence_631.wav,Mix this powder with some water.,Hoà bột này với một ít nước.,A1
nn2VCV-u0-8_sentence_646.wav,"Next time, just smile happily and say hi.","Lần sau, chỉ cần cười vui vẻ và chào hỏi.",A1
nn2VCV-u0-8_sentence_659.wav,Significantly.,Đáng kể.,A2
nn2VCV-u0-8_sentence_660.wav,My English has improved significantly.,Tiếng Anh của tôi đã được cải thiện đáng kể.,A2
nn2VCV-u0-8_sentence_674.wav,Smell is one of the five senses.,Khứu giác là một trong năm giác quan.,A2
nn2VCV-u0-8_sentence_695.wav,I didn't see anything unusual.,Tôi không thấy có gì bất thường.,A2
nn2VCV-u0-8_sentence_723.wav,Pill,Viên uống,A1
nn2VCV-u0-8_sentence_724.wav,Take three pills daily after meals.,Uống 3 viên mỗi ngày sau mỗi bữa ăn.,A1
nn2VCV-u0-8_sentence_730.wav,I need some sleeping pills.,Tôi cần vài viên thuốc ngủ.,A1
nn2VCV-u0-8_sentence_750.wav,I don't like fried food.,Tôi không thích đồ chiên.,A1
nn2VCV-u0-8_sentence_817.wav,He spends all his free time chasing girls.,Hắn dành hết thời gian rảnh để đuổi theo các cô gái.,A2
nn2VCV-u0-8_sentence_879.wav,Refrigerator.,Tủ lạnh.,A1
nn2VCV-u0-8_sentence_882.wav,We need a new refrigerator.,Chúng ta cần một cái tủ lạnh mới.,A1
pVwMUP_iDq0_sentence_010.wav,Jupiter is the largest planet in the solar system.,Sao Mộc là hành tinh lớn nhất trong hệ Mặt Trời.,A2
pVwMUP_iDq0_sentence_012.wav,He's good at fundraising.,Anh ta giỏi gây quỹ.,A2
pVwMUP_iDq0_sentence_060.wav,Alright.,Được rồi.,A1
pVwMUP_iDq0_sentence_070.wav,I was genuinely concerned about you.,Tôi thực sự lo lắng cho anh.,A1
pVwMUP_iDq0_sentence_098.wav,The road to the village is very rough.,Đường đến làng rất gồ ghề.,A2
pVwMUP_iDq0_sentence_107.wav,I will give you an example to illustrate what I mean.,Tôi sẽ đưa ra một ví dụ để minh họa cho điều tôi muốn nói.,A2
pVwMUP_iDq0_sentence_110.wav,I saw an amusing comedy last night.,Tối qua tôi đã xem một vở hài kịch thú vị.,A1
pVwMUP_iDq0_sentence_122.wav,Conclusion.,Kết luận.,A2
pVwMUP_iDq0_sentence_127.wav,Rate.,Tỷ lệ.,A1
pVwMUP_iDq0_sentence_139.wav,Ideally you should exercise for thirty minutes every day.,Lý tưởng nhất là bạn nên tập thể dục 30 phút mỗi ngày.,A2
pVwMUP_iDq0_sentence_142.wav,Her experience makes her ideally suited to the job.,Kinh nghiệm của cô ấy làm cho cô ấy lý tưởng phù hợp với công việc.,B1
pVwMUP_iDq0_sentence_153.wav,The government is determined to tackle inflation.,Chính phủ quyết tâm giải quyết lạm phát.,A2
pVwMUP_iDq0_sentence_165.wav,Did you see that flash of lightning?,Anh có thấy tia chớp đó không?,A1
pVwMUP_iDq0_sentence_184.wav,All of that information made my head spin.,Tất cả những thông tin đó làm đầu tôi quay cuồng.,A2
pVwMUP_iDq0_sentence_208.wav,He wants to pay off his loan.,Anh ta muốn trả hết nợ.,A1
pVwMUP_iDq0_sentence_227.wav,Are you adequately prepared for the exam?,Bạn đã chuẩn bị đầy đủ cho kỳ thi chưa?,A1
pVwMUP_iDq0_sentence_236.wav,The tuition fees went up this year.,Học phí đã tăng trong năm nay.,A2
pVwMUP_iDq0_sentence_242.wav,He suggested that I accompany him to the party.,Ông ấy đề nghị tôi đi cùng ông ấy đến bữa tiệc.,A2
pVwMUP_iDq0_sentence_251.wav,Victory.,Chiến thắng.,A1
pVwMUP_iDq0_sentence_305.wav,Text.,Văn bản.,A1
pVwMUP_iDq0_sentence_315.wav,"He is working as an administrator, but his background is in law.","Anh ta đang làm quản trị viên, nhưng nền tảng của anh ta là luật.",A2
pVwMUP_iDq0_sentence_316.wav,Programs can be left running in the background.,Các chương trình có thể được để chạy ngầm.,A2
pVwMUP_iDq0_sentence_317.wav,Background,Nền,A2
pVwMUP_iDq0_sentence_318.wav,The word is written in white on a red background.,Từ này được viết bằng màu trắng trên nền đỏ.,A2
pVwMUP_iDq0_sentence_357.wav,How do we know it's not a trap?,Làm sao chúng ta biết đó không phải là bẫy?,A2
pVwMUP_iDq0_sentence_365.wav,Do you think this will ruin my reputation?,Anh nghĩ chuyện này sẽ huỷ hoại danh tiếng của tôi sao?,A2
pVwMUP_iDq0_sentence_368.wav,Drugs can ruin your life.,Ma tuý có thể huỷ hoại cuộc sống của anh.,A1
pVwMUP_iDq0_sentence_383.wav,There are eight planets in the solar system.,Có tám hành tinh trong hệ Mặt Trời.,A2
pVwMUP_iDq0_sentence_399.wav,An idea just flashed through my mind.,Một ý tưởng chợt lóe lên trong đầu tôi.,A2
pVwMUP_iDq0_sentence_423.wav,Repeatedly.,Lặp đi lặp lại.,A2
pVwMUP_iDq0_sentence_447.wav,The bomb was timed to explode during the rush hour.,Quả bom được hẹn giờ để phát nổ trong giờ cao điểm.,A2
pVwMUP_iDq0_sentence_514.wav,"The teacher's words were a great encouragement to him, but","Những lời của thầy giáo là một sự khích lệ lớn đối với anh, nhưng",B1
pVwMUP_iDq0_sentence_547.wav,The house has a solid foundation.,Ngôi nhà có một nền móng vững chắc.,A2
pVwMUP_iDq0_sentence_607.wav,I have confidence that the plan will ultimately succeed.,Tôi tin tưởng rằng kế hoạch cuối cùng sẽ thành công.,A2
pVwMUP_iDq0_sentence_623.wav,Do you need my assistance?,Anh cần tôi giúp không?,A1
pVwMUP_iDq0_sentence_650.wav,I live in a rural area.,Tôi sống ở một vùng nông thôn.,A2
pVwMUP_iDq0_sentence_664.wav,Don't listen to this rubbish music.,Đừng nghe thứ nhạc vớ vẩn này.,A2
pVwMUP_iDq0_sentence_700.wav,This book is beautifully illustrated.,Cuốn sách này được minh hoạ rất đẹp.,A1
pVwMUP_iDq0_sentence_719.wav,The divorce rate is increasing.,Tỷ lệ ly hôn đang tăng lên.,A2
pVwMUP_iDq0_sentence_742.wav,I've asked her repeatedly to leave me alone.,Tôi đã nhiều lần bảo cô ấy để tôi yên.,A2
pVwMUP_iDq0_sentence_762.wav,I found it difficult to relate the two ideas in my mind.,Tôi thấy khó để liên hệ hai ý tưởng trong đầu mình.,A2
pVwMUP_iDq0_sentence_821.wav,I wish I were a prince.,Ước gì tôi là một hoàng tử.,A1
pVwMUP_iDq0_sentence_844.wav,Sticky.,Dính.,A1
pVwMUP_iDq0_sentence_897.wav,You are mistaken about that.,Anh đã nhầm về điều đó.,A2
pVwMUP_iDq0_sentence_936.wav,May I accompany you home?,Tôi có thể đi cùng cô về nhà không?,A2
q0g5JAFFqPo_sentence_002.wav,He showed a lack of judgment.,Anh ta tỏ ra thiếu phán xét.,A2
q0g5JAFFqPo_sentence_022.wav,Minor.,Nhỏ.,A2
q0g5JAFFqPo_sentence_032.wav,These shirts are 100% pure cotton.,Những chiếc áo này được làm từ 100% cotton nguyên chất.,A2
q0g5JAFFqPo_sentence_078.wav,I'm bleeding badly.,Tôi chảy máu nhiều lắm.,A1
q0g5JAFFqPo_sentence_082.wav,Behaviour,Hành vi,A1
q0g5JAFFqPo_sentence_083.wav,Her behavior is not quite adult.,Hành vi của cô ấy không hoàn toàn trưởng thành.,A2
q0g5JAFFqPo_sentence_099.wav,It was tough to quit smoking.,Cai thuốc lá thật khó khăn.,A1
q0g5JAFFqPo_sentence_120.wav,We live in an age of rapid technological advance.,Chúng ta đang sống trong thời đại công nghệ phát triển nhanh chóng.,A2
q0g5JAFFqPo_sentence_136.wav,He supplies us with everything we need.,Ông ấy cung cấp cho chúng ta mọi thứ chúng ta cần.,A2
q0g5JAFFqPo_sentence_196.wav,"If you want something badly enough, you'll find a way.","Nếu anh muốn điều gì đó, anh sẽ tìm ra cách.",A2
q0g5JAFFqPo_sentence_209.wav,We are expecting the publication of his book.,Chúng tôi đang chờ xuất bản cuốn sách của ông ấy.,A2
q0g5JAFFqPo_sentence_215.wav,Punch.,Đấm.,A1
q0g5JAFFqPo_sentence_218.wav,Punch,Nhấn,A1
q0g5JAFFqPo_sentence_235.wav,We don't anticipate any major problems.,Chúng tôi không lường trước được bất kỳ vấn đề lớn nào.,B1
q0g5JAFFqPo_sentence_244.wav,The job was harder than I anticipated.,Công việc khó khăn hơn tôi dự đoán.,A2
q0g5JAFFqPo_sentence_248.wav,Judgment,Phán xét,A1
q0g5JAFFqPo_sentence_253.wav,Invent.,Sáng tạo.,A1
q0g5JAFFqPo_sentence_256.wav,Paper was invented in China.,Giấy được phát minh ở Trung Quốc.,A2
q0g5JAFFqPo_sentence_280.wav,Prrr,Prrr,A2
q0g5JAFFqPo_sentence_296.wav,She sent me a funny text message.,Cô ấy gửi cho tôi một tin nhắn hài hước.,A1
q0g5JAFFqPo_sentence_299.wav,Could you help me to translate this text?,Anh có thể giúp tôi dịch đoạn văn này không?,A2
q0g5JAFFqPo_sentence_301.wav,Why do you want to be a soldier?,Tại sao anh muốn làm một người lính?,A1
q0g5JAFFqPo_sentence_331.wav,It's just a minor problem.,Chỉ là một vấn đề nhỏ thôi.,A1
q0g5JAFFqPo_sentence_332.wav,Pants,Quần,A1
q0g5JAFFqPo_sentence_335.wav,I need to buy a new pair of pants.,Tôi cần mua một cái quần mới.,A1
q0g5JAFFqPo_sentence_336.wav,The red pants are hers.,Quần đỏ là của cô ấy.,A2
q0g5JAFFqPo_sentence_341.wav,There are a lot of abandoned houses in this area.,Có rất nhiều nhà bỏ hoang trong khu vực này.,A2
q0g5JAFFqPo_sentence_349.wav,badly.,""" Tệ quá. "" '",A1
q0g5JAFFqPo_sentence_364.wav,Presence.,Sự hiện diện.,A2
q0g5JAFFqPo_sentence_371.wav,Your presence is required at the meeting.,Cuộc họp yêu cầu sự có mặt của anh.,A2
q0g5JAFFqPo_sentence_372.wav,Please don't smoke in my presence.,Xin đừng hút thuốc trước mặt tôi.,A1
q0g5JAFFqPo_sentence_373.wav,Don't talk about it in my mother's presence.,Đừng nói về chuyện đó trước mặt mẹ tôi.,A1
q0g5JAFFqPo_sentence_377.wav,"This business card is quite simple, but looks clean and professional.",Danh thiếp này khá đơn giản nhưng trông sạch sẽ và chuyên nghiệp.,A2
q0g5JAFFqPo_sentence_389.wav,Who punched you?,Ai đấm anh vậy?,A1
q0g5JAFFqPo_sentence_391.wav,I punched him in the face.,Tôi đấm vào mặt hắn.,A1
q0g5JAFFqPo_sentence_404.wav,He was born in September.,Ông sinh vào tháng 9.,A2
q0g5JAFFqPo_sentence_412.wav,"Are you asleep? No, I'm awake. I fell asleep while reading.","Không, tôi đang thức, tôi ngủ trong khi đọc sách.",A1
q0g5JAFFqPo_sentence_416.wav,I fell asleep while reading.,Tôi ngủ gật trong khi đọc.,A1
q0g5JAFFqPo_sentence_420.wav,Release.,Thả tay.,A1
q0g5JAFFqPo_sentence_425.wav,He refused to release her arm.,Anh từ chối thả tay cô.,A2
q0g5JAFFqPo_sentence_426.wav,Exercise is a good way to release stress and feel better.,Tập thể dục là một cách hay để giải toả căng thẳng và cảm thấy tốt hơn.,A2
q0g5JAFFqPo_sentence_427.wav,"Sooner or later, the hostages will be released.","Sớm muộn gì, các con tin cũng sẽ được thả.",A2
q0g5JAFFqPo_sentence_444.wav,Who invented the telephone?,Ai phát minh ra điện thoại?,A2
q0g5JAFFqPo_sentence_450.wav,I wonder who invented it.,Không biết ai đã phát minh ra nó.,A1
q0g5JAFFqPo_sentence_463.wav,She died at the age of sixty nine after a long illness.,Bà qua đời ở tuổi sáu mươi chín sau một thời gian dài bị bệnh.,A2
q0g5JAFFqPo_sentence_465.wav,He was absent because of illness.,Ông vắng mặt vì bệnh tật.,A2
q0g5JAFFqPo_sentence_473.wav,Can you sail a boat?,Anh có thể lái thuyền không?,A1
q0g5JAFFqPo_sentence_484.wav,I couldn't answer the phone because I was in the shower.,Tôi không thể trả lời điện thoại vì tôi đang tắm.,A2
q0g5JAFFqPo_sentence_493.wav,I have sufficient time to answer all your questions.,Tôi có đủ thời gian để trả lời tất cả các câu hỏi của anh.,A2
q0g5JAFFqPo_sentence_506.wav,They found an abandoned car by the river.,Họ tìm thấy một chiếc xe bị bỏ lại bên bờ sông.,A2
q0g5JAFFqPo_sentence_513.wav,Smoking is strictly forbidden here.,Ở đây nghiêm cấm hút thuốc.,A2
q0g5JAFFqPo_sentence_520.wav,Violent,Bạo lực,A1
q0g5JAFFqPo_sentence_523.wav,That man is extremely violent.,Gã đó cực kỳ bạo lực.,A1
q0g5JAFFqPo_sentence_525.wav,He doesn't like watching violent movies.,Anh ta không thích xem phim bạo lực.,A1
q0g5JAFFqPo_sentence_531.wav,Birthday. Happy birthday.,"Sinh nhật, chúc mừng sinh nhật.",A1
q0g5JAFFqPo_sentence_533.wav,My birthday is very near Christmas.,Sinh nhật của tôi sắp đến Giáng sinh rồi.,A1
q0g5JAFFqPo_sentence_534.wav,Happy Birthday!,Chúc mừng sinh nhật!,A1
q0g5JAFFqPo_sentence_535.wav,Their birthdays are very close together.,Sinh nhật của chúng rất gần nhau.,A2
q0g5JAFFqPo_sentence_537.wav,Suspect. Suspect.,Nghi phạm. Nghi phạm.,A1
q0g5JAFFqPo_sentence_543.wav,The suspect is armed and dangerous.,Nghi phạm có vũ trang và nguy hiểm.,A2
q0g5JAFFqPo_sentence_554.wav,I'm sorry for being grumpy. I've been under stress at work lately.,"Xin lỗi vì đã gắt gỏng, tôi đang bị căng thẳng ở chỗ làm.",A2
q0g5JAFFqPo_sentence_556.wav,What is the best way to get rid of stress immediately?,Cách tốt nhất để giải toả căng thẳng ngay lập tức là gì?,A2
q0g5JAFFqPo_sentence_559.wav,Invest.,Đầu tư.,A1
q0g5JAFFqPo_sentence_561.wav,They invest a lot of money in advertising.,Họ đầu tư rất nhiều tiền vào quảng cáo.,A2
q0g5JAFFqPo_sentence_562.wav,"We need to invest in clean, renewable energy.","Chúng ta cần đầu tư vào năng lượng sạch, tái tạo.",A2
q0g5JAFFqPo_sentence_566.wav,Use wood of at least twelve millimeters thickness.,Sử dụng gỗ dày ít nhất 12 mm.,A2
q0g5JAFFqPo_sentence_569.wav,The walls are at least 20 centimeters in thickness.,Tường dày ít nhất 20 cm.,A2
q0g5JAFFqPo_sentence_581.wav,Disagree.,Không đồng ý.,A2
q0g5JAFFqPo_sentence_585.wav,They disagreed about the price.,Họ không đồng ý về giá cả.,A2
q0g5JAFFqPo_sentence_586.wav,I completely disagree with you.,Tôi hoàn toàn không đồng ý với anh.,A2
q0g5JAFFqPo_sentence_590.wav,The group consists of 50 students in all.,Nhóm bao gồm 50 sinh viên trong tất cả.,A2
q0g5JAFFqPo_sentence_605.wav,Why didn't you tell me in advance?,Sao anh không nói trước với em?,A2
q0g5JAFFqPo_sentence_615.wav,We have to be realistic about our chances of winning.,Chúng ta phải thực tế về cơ hội chiến thắng của chúng ta.,A2
q0g5JAFFqPo_sentence_629.wav,Don't believe the media.,Đừng tin vào truyền thông.,A1
q0g5JAFFqPo_sentence_634.wav,Blind.,Mù.,A1
q0g5JAFFqPo_sentence_635.wav,He was blind in one eye.,Ông ấy bị mù một mắt.,A1
q0g5JAFFqPo_sentence_637.wav,Kindness is the language which the deaf can hear and the blind can see.,Tử tế là ngôn ngữ mà người điếc có thể nghe và người mù có thể nhìn thấy.,B1
q0g5JAFFqPo_sentence_638.wav,He was blind in one eye. They say love is blind. Kindness is the language which the deaf can hear and the blind can see.,"Một mắt anh ta mù, người ta nói tình yêu là mù, lòng nhân từ là ngôn ngữ mà người điếc có thể nghe và người mù có thể nhìn.",B1
q0g5JAFFqPo_sentence_654.wav,I'd like to have the gift wrapped.,Tôi muốn gói quà lại.,A1
q0g5JAFFqPo_sentence_659.wav,The situation got steadily worse.,Tình hình ngày càng tồi tệ hơn.,A2
q0g5JAFFqPo_sentence_665.wav,The cup was presented to the winning team's captain.,Chiếc cúp được trao cho đội trưởng của đội chiến thắng.,B1
q0g5JAFFqPo_sentence_700.wav,Let's play hide and seek.,Chơi trốn tìm đi.,A1
q0g5JAFFqPo_sentence_704.wav,"Somebody threw a brick at my window, said","Ai đó ném gạch vào cửa sổ của tôi, nói",A2
q0g5JAFFqPo_sentence_708.wav,Giving advice to her is like talking to a brick wall. She just won't listen.,Khuyên bảo cô ấy cũng giống như nói chuyện với bức tường vậy.,A2
q0g5JAFFqPo_sentence_709.wav,Somebody threw a brick at my window.,Ai đó ném gạch vào cửa sổ nhà tôi.,A1
q0g5JAFFqPo_sentence_722.wav,The teacher stressed the importance of taking notes.,Giáo viên nhấn mạnh tầm quan trọng của việc ghi chép.,A2
q0g5JAFFqPo_sentence_746.wav,A football team consists of 11 players.,Một đội bóng đá bao gồm 11 cầu thủ.,A2
q0g5JAFFqPo_sentence_767.wav,He is very thorough about everything.,Anh ấy rất cẩn thận về mọi thứ.,A1
q0g5JAFFqPo_sentence_780.wav,The paint was still sticky.,Sơn vẫn còn dính.,A2
q0g5JAFFqPo_sentence_791.wav,Please hold the camera steadily.,Xin hãy giữ máy quay thật chắc.,A2
q0g5JAFFqPo_sentence_829.wav,How can you justify your behavior?,Bạn có thể biện minh cho hành vi của mình như thế nào?,A2
q0g5JAFFqPo_sentence_830.wav,You don't have to justify your decision.,Bạn không cần phải biện minh cho quyết định của mình.,A2
q0g5JAFFqPo_sentence_850.wav,His book became an object of criticism.,Cuốn sách của ông đã trở thành một đối tượng chỉ trích.,A2
q0g5JAFFqPo_sentence_852.wav,Don't be so sensitive to criticism.,Đừng quá nhạy cảm với sự chỉ trích.,A2
qH5cnyKSL9w_sentence_018.wav,I'll keep my lips sealed.,Tôi sẽ giữ kín miệng.,A1
qH5cnyKSL9w_sentence_070.wav,"If you don't like your seat, I'll trade with you.","Nếu anh không thích chỗ ngồi của mình, tôi sẽ đổi cho anh.",A2
qH5cnyKSL9w_sentence_079.wav,This machine saves us a lot of labor.,Cỗ máy này tiết kiệm cho chúng ta rất nhiều công sức.,A2
qH5cnyKSL9w_sentence_095.wav,He couldn't escape his father's shadow.,Nó không thể thoát khỏi cái bóng của cha nó.,A2
qH5cnyKSL9w_sentence_098.wav,Yoga is very healthy for both body and spirit.,Yoga rất tốt cho sức khoẻ cả về thể chất lẫn tinh thần.,A2
qH5cnyKSL9w_sentence_104.wav,He still has a curious and youthful spirit.,Nó vẫn còn một tinh thần hiếu kỳ và trẻ trung.,A2
qH5cnyKSL9w_sentence_120.wav,We have to respect local customs.,Chúng ta phải tôn trọng phong tục địa phương.,A2
qH5cnyKSL9w_sentence_232.wav,She looked enthusiastic and capable.,Cô ấy trông rất nhiệt tình và có năng lực.,A2
qH5cnyKSL9w_sentence_245.wav,Here are some tips for headache relief.,Sau đây là một số lời khuyên giúp giảm đau đầu.,A1
qH5cnyKSL9w_sentence_251.wav,Rapidly.,Nhanh chóng.,A1
qH5cnyKSL9w_sentence_261.wav,His daughter is growing up rapidly.,Con gái ông ấy đang lớn nhanh.,A2
qH5cnyKSL9w_sentence_277.wav,Foundation.,Nền móng.,A2
qH5cnyKSL9w_sentence_280.wav,They established a foundation to help patients with cancer.,Họ đã thiết lập một nền tảng để giúp đỡ bệnh nhân ung thư.,A2
qH5cnyKSL9w_sentence_314.wav,Beautifully.,Thật đẹp.,A2
qH5cnyKSL9w_sentence_317.wav,"The water was beautifully cool,","Nước mát tuyệt đẹp,",A1
qH5cnyKSL9w_sentence_357.wav,"Let the past make you better, not bitter.","Hãy để quá khứ làm bạn tốt hơn, không phải cay đắng.",A2
qH5cnyKSL9w_sentence_362.wav,He had a bitter experience.,Ông đã có một trải nghiệm cay đắng.,A2
qH5cnyKSL9w_sentence_436.wav,Sh barrier.,Sh rào cản.,A2
qH5cnyKSL9w_sentence_437.wav,The greatest barrier to success is the fear of failure.,Rào cản lớn nhất dẫn đến thành công là nỗi sợ thất bại.,B1
qH5cnyKSL9w_sentence_482.wav,he is ashamed of his son's conduct.,Ông ấy xấu hổ về hành vi của con trai mình.,A2
qH5cnyKSL9w_sentence_509.wav,Alphabetically.,Theo thứ tự abc.,A2
qH5cnyKSL9w_sentence_534.wav,"Roughly speaking, there are about thirty people in the bus.","Nói chung, có khoảng 30 người trên xe buýt.",A2
qH5cnyKSL9w_sentence_581.wav,She told them briefly what happened.,Cô bé kể ngắn gọn cho họ nghe những gì đã xảy ra.,A2
qH5cnyKSL9w_sentence_584.wav,cycle.,Bạn có thể dùng máy sấy tóc để làm khô tóc.,A1
qH5cnyKSL9w_sentence_591.wav,Every product has a life cycle.,Mỗi sản phẩm đều có vòng đời riêng.,A2
qH5cnyKSL9w_sentence_606.wav,Boot.,Boot (Khởi động).,A1
qH5cnyKSL9w_sentence_611.wav,That boots are too expensive.,Đôi giày đó đắt quá.,A1
qH5cnyKSL9w_sentence_612.wav,She has just bought new boots.,Cô ấy vừa mua đôi giày mới.,A1
qH5cnyKSL9w_sentence_622.wav,We must adapt our plan to these new circumstances and,Chúng ta phải điều chỉnh kế hoạch của chúng ta cho phù hợp với hoàn cảnh mới và,B1
qH5cnyKSL9w_sentence_635.wav,"I should have got a better price for the car, but I'm not much of a business man.","Đáng lẽ tôi phải có giá xe cao hơn, nhưng tôi không phải là một doanh nhân.",A2
qH5cnyKSL9w_sentence_637.wav,I should substantial.,Tôi nên đáng kể.,A2
qH5cnyKSL9w_sentence_651.wav,I lost my son about a decade ago.,Tôi mất con trai tôi khoảng một thập kỷ trước.,A2
qH5cnyKSL9w_sentence_653.wav,Conduct.,Ứng xử.,A2
qH5cnyKSL9w_sentence_668.wav,Old people are usually more conservative than young people.,Người già thường bảo thủ hơn người trẻ.,A2
qH5cnyKSL9w_sentence_694.wav,My joke amused everyone.,Câu chuyện cười của tôi làm mọi người thích thú.,A2
qH5cnyKSL9w_sentence_697.wav,Behaviour.,Hành vi.,A2
qH5cnyKSL9w_sentence_723.wav,Personality,Tính cách,A1
qH5cnyKSL9w_sentence_729.wav,His wife has a strong personality.,Vợ anh ta có tính cách mạnh mẽ.,A2
qH5cnyKSL9w_sentence_734.wav,Her questions about my private life embarrassed me.,Những câu hỏi của cô ấy về đời tư làm tôi xấu hổ.,B1
qH5cnyKSL9w_sentence_748.wav,We must compete with the local stores in price.,Chúng ta phải cạnh tranh với các cửa hàng địa phương về giá cả.,A2
qH5cnyKSL9w_sentence_766.wav,"Usually, I cycle or get the bus to work.",Thường thì tôi đạp xe hoặc bắt xe buýt đi làm.,A2
qH5cnyKSL9w_sentence_776.wav,Protection.,Bảo vệ.,A1
qH5cnyKSL9w_sentence_778.wav,I don't need your protection.,Tôi không cần sự bảo vệ của anh.,A1
qH5cnyKSL9w_sentence_780.wav,The witness was placed under police protection.,Nhân chứng được cảnh sát bảo vệ.,A2
qH5cnyKSL9w_sentence_826.wav,"Are you asleep? No, I'm awake.","Không, tôi đang thức.",A1
qH5cnyKSL9w_sentence_847.wav,I really appreciate his contribution for this work.,Tôi thực sự đánh giá cao sự đóng góp của anh ấy cho công việc này.,A1
qH5cnyKSL9w_sentence_852.wav,That organization depends on voluntary contributions.,Tổ chức đó phụ thuộc vào sự đóng góp tự nguyện.,A2
qH5cnyKSL9w_sentence_856.wav,The names are arranged alphabetically.,Tên được sắp xếp theo thứ tự bảng chữ cái.,A2
qH5cnyKSL9w_sentence_898.wav,Revise.,Xem xét lại.,A1
qH5cnyKSL9w_sentence_900.wav,I think we need to revise our plan.,Tôi nghĩ chúng ta cần phải xem lại kế hoạch.,A1
qH5cnyKSL9w_sentence_901.wav,A revised edition of the book was published last month.,Một phiên bản sửa đổi của cuốn sách đã được xuất bản vào tháng trước.,A2
qH5cnyKSL9w_sentence_902.wav,Can you please revise this essay?,Anh có thể sửa bài luận này không?,A2
rRE4l40V9rQ_sentence_007.wav,Method,Phương pháp,A2
rRE4l40V9rQ_sentence_012.wav,I tried many different methods.,Tôi đã thử nhiều cách khác nhau.,A2
rRE4l40V9rQ_sentence_023.wav,I asked James to buy some bread.,Tôi đã nhờ James mua ít bánh mì.,A1
rRE4l40V9rQ_sentence_037.wav,Color.,Màu sắc.,A1
rRE4l40V9rQ_sentence_038.wav,Purple is my favorite color.,Màu tím là màu yêu thích của tôi.,A1
rRE4l40V9rQ_sentence_040.wav,Do you know what color she likes?,Anh có biết cô ấy thích màu gì không?,A1
rRE4l40V9rQ_sentence_085.wav,He is considered an expert in his field.,Ông được coi là một chuyên gia trong lĩnh vực của mình.,A2
rRE4l40V9rQ_sentence_098.wav,"With the exception of him, nobody else came to the party.","Ngoại trừ anh ta, không ai khác đến bữa tiệc.",A2
rRE4l40V9rQ_sentence_100.wav,Countryside.,Nông thôn.,A2
rRE4l40V9rQ_sentence_103.wav,He loves to hike in the quiet countryside.,Nó thích đi bộ ở vùng quê yên tĩnh.,A2
rRE4l40V9rQ_sentence_119.wav,Derek.,Derek.,A1
rRE4l40V9rQ_sentence_154.wav,The doctors couldn't determine the cause of death.,Các bác sĩ không thể xác định nguyên nhân cái chết.,A2
rRE4l40V9rQ_sentence_164.wav,Arm.,Cánh tay.,A1
rRE4l40V9rQ_sentence_170.wav,He has a tattoo on his right arm.,Anh ta có một hình xăm trên cánh tay phải.,A2
rRE4l40V9rQ_sentence_182.wav,Our discussion was interrupted by a phone call.,Cuộc thảo luận của chúng tôi bị gián đoạn bởi một cuộc điện thoại.,A2
rRE4l40V9rQ_sentence_195.wav,Hope is not a strategy.,Hy vọng không phải là một chiến lược.,A2
rRE4l40V9rQ_sentence_196.wav,What's your strategy for losing weight?,Chiến lược giảm cân của bạn là gì?,A2
rRE4l40V9rQ_sentence_207.wav,"Excuse me, who are you?","Xin lỗi, anh là ai?",A1
rRE4l40V9rQ_sentence_274.wav,What's your favorite domestic beer?,Loại bia nội địa ưa thích của bạn là gì?,A1
rRE4l40V9rQ_sentence_332.wav,I don't think you fully understand the consequences of your action.,Tôi không nghĩ là anh hiểu hết hậu quả của hành động của mình.,A2
rRE4l40V9rQ_sentence_359.wav,I crossed the river by boat.,Tôi đã vượt sông bằng thuyền.,A1
rRE4l40V9rQ_sentence_415.wav,Do not open any mail marked confidential.,Đừng mở bất kỳ thư nào có dấu mật.,A2
rRE4l40V9rQ_sentence_453.wav,Do you have any employees who speak French?,Anh có nhân viên nào nói tiếng Pháp không?,A2
rRE4l40V9rQ_sentence_456.wav,We spend all day at the beach.,Chúng tôi dành cả ngày ở bãi biển.,A1
rRE4l40V9rQ_sentence_464.wav,"In fact, he can't swim well.","Thực tế, nó không bơi giỏi.",A2
rRE4l40V9rQ_sentence_481.wav,Bye. He'll finish the job by to morrow.,"Tạm biệt, ngày mai anh ấy sẽ hoàn thành công việc.",A2
rvjLZBOi-I8_sentence_060.wav,I like collecting gold and silver coins.,Tôi thích sưu tập vàng và bạc.,A1
rvjLZBOi-I8_sentence_105.wav,He has a job with good prospects.,Anh ta có một công việc có triển vọng.,A2
rvjLZBOi-I8_sentence_116.wav,He tried desperately to get her attention.,Anh ta cố gắng một cách tuyệt vọng để thu hút sự chú ý của cô.,A2
rvjLZBOi-I8_sentence_133.wav,He is now working as a chemist in an institute.,Hiện tại ông đang làm việc như một nhà hoá học trong một viện nghiên cứu.,A2
rvjLZBOi-I8_sentence_134.wav,His father is a chemist.,Cha anh ta là một nhà hoá học.,A2
rvjLZBOi-I8_sentence_145.wav,"You're wrong, she said with absolute certainty.","Anh sai rồi, cô ấy nói với sự chắc chắn tuyệt đối.",A2
rvjLZBOi-I8_sentence_156.wav,"Sadly, I did not pass the exam.",Đáng buồn là tôi đã không qua được kỳ thi.,A2
rvjLZBOi-I8_sentence_181.wav,He is leaning against the rail.,Anh ta đang dựa vào lan can.,A1
rvjLZBOi-I8_sentence_186.wav,I will travel by rail.,Tôi sẽ đi bằng tàu hoả.,A1
rvjLZBOi-I8_sentence_189.wav,My husband and I have a joint bank account.,Chồng tôi và tôi có một tài khoản chung.,A2
rvjLZBOi-I8_sentence_195.wav,Passenger.,Hành khách.,A2
rvjLZBOi-I8_sentence_197.wav,How many passengers are there on the bus?,Có bao nhiêu hành khách trên xe buýt?,A2
rvjLZBOi-I8_sentence_203.wav,Retirement.,Nghỉ hưu.,A2
rvjLZBOi-I8_sentence_205.wav,I have eight years left until retirement.,Tôi còn 8 năm nữa là về hưu.,A2
rvjLZBOi-I8_sentence_206.wav,I'm looking forward to retirement.,Tôi đang mong được về hưu.,A2
rvjLZBOi-I8_sentence_214.wav,Independence,Độc lập,A2
rvjLZBOi-I8_sentence_217.wav,Nothing is more precious than independence and freedom.,Không có gì quý giá hơn sự độc lập và tự do.,A2
rvjLZBOi-I8_sentence_218.wav,Today is Independence Day.,Hôm nay là ngày Độc lập.,A1
rvjLZBOi-I8_sentence_219.wav,Ambition.,Tham vọng.,A2
rvjLZBOi-I8_sentence_229.wav,His job application has been rejected.,Đơn xin việc của anh ta bị từ chối.,A2
rvjLZBOi-I8_sentence_231.wav,Application,Ứng dụng,A2
rvjLZBOi-I8_sentence_237.wav,May I have an application form in Vietnamese?,Tôi có thể xin một tờ đơn bằng tiếng Việt không?,A2
rvjLZBOi-I8_sentence_251.wav,Disadvantage,Bất lợi,A1
rvjLZBOi-I8_sentence_253.wav,Each plant has its own advantages and disadvantages.,Mỗi loài cây có ưu và nhược điểm riêng.,B1
rvjLZBOi-I8_sentence_261.wav,He described his new invention to me.,Ông ấy đã mô tả phát minh mới của mình cho tôi.,A2
rvjLZBOi-I8_sentence_263.wav,"Final exams are coming up, so I'm very busy.","Bài kiểm tra cuối kỳ sắp tới, nên tôi rất bận.",A2
rvjLZBOi-I8_sentence_271.wav,"I must pass this exam, no matter what.",Dù thế nào thì tôi cũng phải vượt qua kỳ thi này.,A1
rvjLZBOi-I8_sentence_300.wav,June.,June.,A1
rvjLZBOi-I8_sentence_301.wav,"I was born on june 9th, 1986.",Tôi sinh ngày 9 tháng 6 năm 1986.,A2
rvjLZBOi-I8_sentence_302.wav,We will get married in June.,Chúng ta sẽ kết hôn vào tháng 6.,A1
rvjLZBOi-I8_sentence_303.wav,I was rely.,Tôi đã được tin tưởng.,A1
rvjLZBOi-I8_sentence_309.wav,He's a man you can rely on.,Anh ấy là người mà cô có thể tin cậy.,A2
rvjLZBOi-I8_sentence_314.wav,Retired.,Đã nghỉ hưu.,A2
rvjLZBOi-I8_sentence_320.wav,He's a retired doctor.,Ông ấy là bác sĩ về hưu.,A2
rvjLZBOi-I8_sentence_321.wav,"As far as I know, he is retired.","Theo như tôi biết, ông ấy đã nghỉ hưu.",A2
rvjLZBOi-I8_sentence_330.wav,I declined his invitation to dinner.,Tôi đã từ chối lời mời ăn tối của anh ta.,A1
rvjLZBOi-I8_sentence_340.wav,I found her extremely irritating.,Tôi thấy cô ấy cực kỳ khó chịu.,A2
rvjLZBOi-I8_sentence_342.wav,Giant,Khổng lồ,A1
rvjLZBOi-I8_sentence_346.wav,The company has been a giant in the toy industry.,Công ty đã là một người khổng lồ trong ngành công nghiệp đồ chơi.,A2
rvjLZBOi-I8_sentence_353.wav,Revolution,Cách mạng,A1
rvjLZBOi-I8_sentence_354.wav,A revolution in information technology is taking place.,Một cuộc cách mạng trong công nghệ thông tin đang diễn ra.,A2
rvjLZBOi-I8_sentence_355.wav,We should start a revolution.,Chúng ta nên bắt đầu một cuộc cách mạng.,A1
rvjLZBOi-I8_sentence_367.wav,"If you're sick, you should stay home to avoid infecting other people in the office.","Nếu bị ốm, bạn nên ở nhà để tránh lây bệnh cho người khác trong văn phòng.",A2
rvjLZBOi-I8_sentence_376.wav,Attack.,Tấn công.,A1
rvjLZBOi-I8_sentence_377.wav,He died after a serious heart attack.,Ông qua đời sau một cơn đau tim nghiêm trọng.,A2
rvjLZBOi-I8_sentence_378.wav,The man attacked him with a knife.,Hắn tấn công anh ta bằng một con dao.,A2
rvjLZBOi-I8_sentence_379.wav,He was attacked by a dog.,Anh ta bị chó tấn công.,A1
rvjLZBOi-I8_sentence_380.wav,itself.,Bạn có thể tìm thấy những hình ảnh này trên mạng.,A2
rvjLZBOi-I8_sentence_381.wav,The cat is licking itself.,Con mèo đang liếm chính nó.,A1
rvjLZBOi-I8_sentence_382.wav,The pain will go away by itself within a few days.,Cơn đau sẽ tự khỏi trong vài ngày.,A2
rvjLZBOi-I8_sentence_383.wav,Unfair.,Không công bằng.,A1
rvjLZBOi-I8_sentence_384.wav,Life is unfair.,Cuộc sống không công bằng.,A1
rvjLZBOi-I8_sentence_387.wav,It was an unfair exam.,Đó là một bài thi không công bằng.,A1
rvjLZBOi-I8_sentence_388.wav,Swimming.,Bơi lội.,A1
rvjLZBOi-I8_sentence_389.wav,Swimming is a good form of exercise.,Bơi lội là một hình thức tập thể dục tốt.,A1
rvjLZBOi-I8_sentence_390.wav,Swimming is not allowed here.,Ở đây không được phép bơi.,A1
rvjLZBOi-I8_sentence_391.wav,We have a swimming race today.,Hôm nay chúng ta có một cuộc thi bơi.,A1
rvjLZBOi-I8_sentence_392.wav,Swimming efficient.,Bơi hiệu quả.,A2
rvjLZBOi-I8_sentence_398.wav,I need to be more efficient at work.,Tôi cần làm việc hiệu quả hơn.,A2
rvjLZBOi-I8_sentence_400.wav,Transfer,Truyền,A1
rvjLZBOi-I8_sentence_404.wav,Transfer.,Chuyển.,A2
rvjLZBOi-I8_sentence_406.wav,The patient was transferred to another hospital.,Bệnh nhân đã được chuyển đến một bệnh viện khác.,A2
rvjLZBOi-I8_sentence_410.wav,She was transferred to the head office in Ho Chi Minh City.,Bà được chuyển đến trụ sở chính tại thành phố Hồ Chí Minh.,B1
rvjLZBOi-I8_sentence_419.wav,String,Chuỗi,A1
rvjLZBOi-I8_sentence_420.wav,How much is that string of pearls?,Chuỗi ngọc trai đó bao nhiêu tiền?,A1
rvjLZBOi-I8_sentence_424.wav,He tied the packages together with string.,Hắn cột các gói hàng lại bằng dây.,A2
rvjLZBOi-I8_sentence_435.wav,Don't forget to attach your photo to the application form.,Đừng quên đính kèm ảnh vào mẫu đơn.,A2
rvjLZBOi-I8_sentence_438.wav,Praise.,Khen ngợi.,A1
rvjLZBOi-I8_sentence_440.wav,He received a lot of praise for his efforts.,Ông nhận được rất nhiều lời khen ngợi cho những nỗ lực của mình.,A2
rvjLZBOi-I8_sentence_446.wav,I don't need your praise.,Tôi không cần lời khen của anh.,A2
rvjLZBOi-I8_sentence_457.wav,Phase,Pha,A2
rvjLZBOi-I8_sentence_492.wav,Upon,Khi,A2
rvjLZBOi-I8_sentence_527.wav,Efficient.,Hiệu quả.,A1
rvjLZBOi-I8_sentence_541.wav,I want to keep my room as neat as possible.,Tôi muốn giữ phòng mình gọn gàng nhất có thể.,A1
rvjLZBOi-I8_sentence_590.wav,Phase 1 is complete.,Giai đoạn 1 đã hoàn thành.,A2
rvjLZBOi-I8_sentence_599.wav,She told the children an amusing story.,Bà kể cho bọn trẻ nghe một câu chuyện thú vị.,A1
rvjLZBOi-I8_sentence_633.wav,He acknowledges that he was defeated.,Anh ta thừa nhận rằng anh ta đã bị đánh bại.,A2
rvjLZBOi-I8_sentence_634.wav,The defeat completely crushed him.,Thất bại hoàn toàn nghiền nát ông.,A2
rvjLZBOi-I8_sentence_643.wav,Each watch comes with a certificate of authenticity.,Mỗi chiếc đồng hồ đều có giấy chứng nhận về tính xác thực.,A2
rvjLZBOi-I8_sentence_651.wav,He's a giant compared to you.,So với anh thì nó to lớn lắm.,A2
rvjLZBOi-I8_sentence_659.wav,It seems that your computer was infected by a virus.,Có vẻ như máy tính của anh đã bị nhiễm virus.,A2
rvjLZBOi-I8_sentence_695.wav,Prospect.,Triển vọng.,A2
rvjLZBOi-I8_sentence_697.wav,I'm very excited at the prospect of seeing her again.,Tôi rất phấn khích với viễn cảnh được gặp lại cô ấy.,A2
rvjLZBOi-I8_sentence_710.wav,"There used to be a mental hospital here, but","Ở đây từng có bệnh viện tâm thần, nhưng",A2
rvjLZBOi-I8_sentence_767.wav,The meeting is held annually.,Cuộc họp được tổ chức hàng năm.,A2
rvjLZBOi-I8_sentence_771.wav,Northern.,Miền Bắc.,A2
rvjLZBOi-I8_sentence_775.wav,The capital Hanoi is in northern Vietnam.,Thủ đô Hà Nội nằm ở miền bắc Việt Nam.,A2
rvjLZBOi-I8_sentence_776.wav,She speaks northern accent.,Cô ấy nói giọng miền Bắc.,A2
rvjLZBOi-I8_sentence_783.wav,"He has such a weird beard, said","Ông có một bộ râu kỳ lạ, nói",A2
rvjLZBOi-I8_sentence_790.wav,The floor is covered with a thick carpet.,Sàn nhà được phủ một tấm thảm dày.,A2
rvjLZBOi-I8_sentence_809.wav,The girl screamed when she saw the flames.,Cô bé hét lên khi nhìn thấy ngọn lửa.,A2
rvjLZBOi-I8_sentence_812.wav,The destruction of the ozone layer affects the environment.,Sự phá huỷ tầng ozone ảnh hưởng đến môi trường.,A2
rvjLZBOi-I8_sentence_813.wav,We are trying to save the building from destruction.,Chúng tôi đang cố cứu toà nhà khỏi bị phá huỷ.,A2
rvjLZBOi-I8_sentence_822.wav,I found her very amusing.,Tôi thấy cô ta rất thú vị.,A2
rvjLZBOi-I8_sentence_851.wav,You can't rely on his help.,Anh không thể trông cậy vào sự giúp đỡ của anh ta.,A2
rvjLZBOi-I8_sentence_874.wav,We need a leader with vision and experience.,Chúng ta cần một nhà lãnh đạo có tầm nhìn và kinh nghiệm.,A2
rvjLZBOi-I8_sentence_893.wav,I'm keen on cooking.,Tôi thích nấu ăn.,A1
rvjLZBOi-I8_sentence_938.wav,We praised him for his wonderful performance.,Chúng tôi ca ngợi anh ấy vì màn trình diễn tuyệt vời.,A2
rvjLZBOi-I8_sentence_982.wav,Climbing.,Đang leo lên.,A1
rvjLZBOi-I8_sentence_983.wav,He goes climbing nearly every weekend.,Gần như cuối tuần nào nó cũng leo núi.,A2
rvjLZBOi-I8_sentence_987.wav,Some animals are very good at climbing.,Một số loài động vật leo trèo rất giỏi.,A2
rvjLZBOi-I8_sentence_988.wav,He loves camping and climbing.,Anh ấy thích cắm trại và leo núi.,A1
rvjLZBOi-I8_sentence_989.wav,Mouse,Chuột,A1
rvjLZBOi-I8_sentence_990.wav,Is the mouse dead or alive?,Con chuột còn sống hay đã chết?,A2
rvjLZBOi-I8_sentence_991.wav,My cat killed this mouse.,Con mèo của tôi đã giết con chuột này.,A1
sTgtFzcpy6M_sentence_016.wav,Your room is a mess.,Phòng của anh bừa bộn quá.,A1
sTgtFzcpy6M_sentence_024.wav,He claimed to be the most.,Ông ta tự nhận là người giỏi nhất.,A2
sTgtFzcpy6M_sentence_025.wav,Most people think I'm crazy.,Hầu hết mọi người nghĩ tôi bị điên.,A1
sTgtFzcpy6M_sentence_030.wav,This is the most difficult book I have ever read.,Đây là cuốn sách khó nhất mà tôi từng đọc.,A1
sTgtFzcpy6M_sentence_054.wav,They refuse to admit defeat.,Họ từ chối thừa nhận thất bại.,A2
sTgtFzcpy6M_sentence_085.wav,He is one of our most frequent customers.,Hắn là một trong những khách hàng thường xuyên nhất của chúng tôi.,A2
sTgtFzcpy6M_sentence_115.wav,No one can separate them.,Không ai có thể tách chúng ra.,A1
sTgtFzcpy6M_sentence_164.wav,I'm going to tear down this wall.,Tôi sẽ phá bức tường này.,A1
sTgtFzcpy6M_sentence_172.wav,"All of a sudden, all the lights went out.","Đột nhiên, tất cả đèn đều tắt.",A2
sTgtFzcpy6M_sentence_210.wav,That disease is incurable.,Căn bệnh đó không chữa được.,A1
sTgtFzcpy6M_sentence_215.wav,Stress can have a negative impact on your health.,Căng thẳng có thể tác động tiêu cực đến sức khoẻ.,A2
sTgtFzcpy6M_sentence_255.wav,Carry.,Carry.,A1
sTgtFzcpy6M_sentence_268.wav,We will divide class into two teams.,Chúng ta sẽ chia lớp thành hai đội.,A1
sTgtFzcpy6M_sentence_272.wav,I am a member of the basketball team.,Tôi là thành viên của đội bóng rổ.,A1
sTgtFzcpy6M_sentence_302.wav,Public speaking is the number one fear of the majority of people.,Nói trước đám đông là nỗi sợ hãi số một của đa số mọi người.,A2
sTgtFzcpy6M_sentence_315.wav,I am interested in music.,Tôi thích âm nhạc.,A1
sTgtFzcpy6M_sentence_319.wav,Why are you so interested?,Sao anh lại quan tâm đến vậy?,A1
sTgtFzcpy6M_sentence_345.wav,Can you show me another example?,Anh có thể cho tôi một ví dụ khác không?,A2
sTgtFzcpy6M_sentence_358.wav,I was amazed at his courage.,Tôi ngạc nhiên về lòng can đảm của anh ta.,A2
sTgtFzcpy6M_sentence_361.wav,I borrowed a large amount of money from her.,Tôi đã mượn một số tiền lớn từ cô ấy.,A2
sTgtFzcpy6M_sentence_372.wav,I am familiar with the way he asks questions.,Tôi đã quen với cách hắn hỏi.,A2
sTgtFzcpy6M_sentence_378.wav,I haven't seen him since last year.,Tôi đã không gặp anh ta từ năm ngoái.,A2
sTgtFzcpy6M_sentence_405.wav,Will you accept my invitation?,Anh có chấp nhận lời mời của tôi không?,A1
sTgtFzcpy6M_sentence_411.wav,She found beauty in everything.,Cô ấy thấy cái đẹp trong mọi thứ.,A2
sTgtFzcpy6M_sentence_419.wav,The doctor examined him and took his temperature.,Bác sĩ kiểm tra và đo nhiệt độ cho anh.,A2
sTgtFzcpy6M_sentence_486.wav,I am able to swim across the river.,Tôi có thể bơi qua sông.,A1
sTgtFzcpy6M_sentence_513.wav,The population of this city is decreasing every year.,Dân số của thành phố này đang giảm mỗi năm.,A2
sTgtFzcpy6M_sentence_522.wav,My hobby is collecting old bottles.,Sở thích của tôi là sưu tầm chai cũ.,A2
sTgtFzcpy6M_sentence_529.wav,The equipment is relatively cheap and simple to use.,Thiết bị này tương đối rẻ và dễ sử dụng.,A2
sdf_678alCI_sentence_022.wav,Everyone recognized him as a brilliant scientist.,Mọi người đều công nhận ông là một nhà khoa học xuất sắc.,A2
sdf_678alCI_sentence_042.wav,We must try to conserve our natural resources.,Chúng ta phải cố gắng bảo tồn tài nguyên thiên nhiên.,A2
sdf_678alCI_sentence_100.wav,What a pity.,Thật đáng tiếc.,A1
sdf_678alCI_sentence_126.wav,Her eyes were red and swollen from crying.,Mắt bà đỏ hoe và sưng lên vì khóc.,A2
sdf_678alCI_sentence_127.wav,Her face is swollen.,Mặt cô ấy sưng lên.,A2
sdf_678alCI_sentence_133.wav,What time does that contest start?,Cuộc thi bắt đầu lúc mấy giờ?,A2
sdf_678alCI_sentence_134.wav,contest.,cuộc thi.,A2
sdf_678alCI_sentence_138.wav,I entered a speech contest.,Tôi tham gia một cuộc thi diễn văn.,A1
sdf_678alCI_sentence_146.wav,What's your favorite local restaurant?,Nhà hàng yêu thích của bạn ở địa phương là gì?,A1
sdf_678alCI_sentence_165.wav,I'm not trying to cheat you.,Tôi không cố lừa anh.,A2
sdf_678alCI_sentence_198.wav,Remember to take off your hat before entering the classroom.,Nhớ bỏ mũ ra trước khi vào lớp.,A2
sdf_678alCI_sentence_240.wav,It's your turn to take out the garbage.,Đến lượt anh đi đổ rác.,A2
sdf_678alCI_sentence_241.wav,This movie is pure garbage.,Bộ phim này hoàn toàn là rác rưởi.,A1
sdf_678alCI_sentence_255.wav,Environmental.,Môi trường.,A2
sdf_678alCI_sentence_282.wav,channel.,kênh.,A1
sdf_678alCI_sentence_285.wav,They have just published a new television channel.,Họ vừa cho ra mắt một kênh truyền hình mới.,A2
sdf_678alCI_sentence_288.wav,What is on VTV3 channel?,Kênh VTV3 có gì?,A2
sdf_678alCI_sentence_290.wav,The kids are watching cartoons on the Disney Channel.,Bọn trẻ đang xem hoạt hình trên kênh Disney Channel.,A1
sdf_678alCI_sentence_302.wav,"No pain, no gain.","Không đau đớn, không thành công.",A2
sdf_678alCI_sentence_306.wav,Some people gain weight when they stop smoking.,Một số người tăng cân khi ngừng hút thuốc.,A2
sdf_678alCI_sentence_309.wav,Farmer,Farmer,A1
sdf_678alCI_sentence_311.wav,My grandmother was a farmer.,Bà tôi là một nông dân.,A2
sdf_678alCI_sentence_313.wav,Farmer.,Farmer.,A2
sdf_678alCI_sentence_319.wav,She borrowed a saw from the farmer.,Cô ấy mượn một cái cưa của người nông dân.,A2
sdf_678alCI_sentence_343.wav,The boy looks confused when he sees his parents at the door of his classroom.,Cậu bé có vẻ bối rối khi nhìn thấy cha mẹ mình ở cửa lớp.,A2
sdf_678alCI_sentence_368.wav,I've come up with a brilliant idea.,Tôi đã nghĩ ra một ý tưởng tuyệt vời.,A1
sdf_678alCI_sentence_386.wav,This institute was established in 2004.,Viện này được thành lập vào năm 2004.,A2
sdf_678alCI_sentence_391.wav,The hotel offers a wide range of facilities.,Khách sạn cung cấp một loạt các cơ sở vật chất.,A2
sdf_678alCI_sentence_406.wav,Environmental pollution is causing abnormal weather conditions.,Ô nhiễm môi trường đang gây ra điều kiện thời tiết bất thường.,A2
sdf_678alCI_sentence_412.wav,Session,Phiên chạy,A2
sdf_678alCI_sentence_457.wav,I bought eggs and milk from a farmer.,Tôi mua trứng và sữa từ một nông dân.,A2
sdf_678alCI_sentence_469.wav,Their business is expanding rapidly.,Ngành kinh doanh của họ đang mở rộng nhanh chóng.,A2
sdf_678alCI_sentence_477.wav,He made me confused.,Anh ta làm tôi bối rối.,A2
sdf_678alCI_sentence_491.wav,She gave a brilliant performance.,Cô ấy đã có một màn trình diễn xuất sắc.,A1
sdf_678alCI_sentence_502.wav,I haven't retained much of what I learned.,Tôi đã không giữ lại nhiều những gì tôi đã học được.,A2
sdf_678alCI_sentence_536.wav,The boy kicked the ball to me.,Thằng bé đá bóng về phía tôi.,A2
sdf_678alCI_sentence_545.wav,His wife kicked him out of the house.,Vợ anh ta đá anh ta ra khỏi nhà.,A2
sdf_678alCI_sentence_591.wav,Take off.,Cất cánh.,A1
tAgsbxzQJ9I_sentence_013.wav,I reject.,Tôi từ chối.,A2
tAgsbxzQJ9I_sentence_014.wav,My plan was rejected.,Kế hoạch của tôi bị từ chối.,A1
tAgsbxzQJ9I_sentence_024.wav,I maximum.,Tôi tối đa.,A2
tAgsbxzQJ9I_sentence_025.wav,That's the maximum speed.,Đó là tốc độ tối đa.,A1
tAgsbxzQJ9I_sentence_032.wav,"To tell the truth, I don't really like him.","Nói thật, tôi không thích anh ta lắm.",A1
tAgsbxzQJ9I_sentence_033.wav,I want you pencil.,Tôi muốn bút chì của anh.,A1
tAgsbxzQJ9I_sentence_045.wav,We had a wonderful weekend.,Chúng ta đã có một cuối tuần tuyệt vời.,A1
tAgsbxzQJ9I_sentence_046.wav,Have a nice weekend. Message.,Chúc cuối tuần vui vẻ.,A1
tAgsbxzQJ9I_sentence_050.wav,Throw,Ném,A1
tAgsbxzQJ9I_sentence_051.wav,Who threw a stone at my dog?,Ai đã ném đá vào con chó của tôi?,A2
tAgsbxzQJ9I_sentence_059.wav,Here are some common mistakes when booking a flight.,Dưới đây là một số sai lầm phổ biến khi đặt vé máy bay.,A2
tAgsbxzQJ9I_sentence_064.wav,How is they?,Họ thế nào?,A1
tAgsbxzQJ9I_sentence_067.wav,Do you know when they will arrive?,Anh có biết khi nào họ tới không?,A2
tAgsbxzQJ9I_sentence_068.wav,What wait.,Chờ đợi gì.,A1
tAgsbxzQJ9I_sentence_072.wav,Wait without.,Chờ đợi mà không.,A1
tAgsbxzQJ9I_sentence_073.wav,You can't leave the country without a passport.,Bạn không thể rời khỏi đất nước mà không có hộ chiếu.,A2
tAgsbxzQJ9I_sentence_075.wav,She left accommodation.,Cô ấy rời khỏi chỗ ở.,A2
tAgsbxzQJ9I_sentence_089.wav,You are no longer welcome here.,Ngươi không còn được chào đón ở đây nữa.,A1
tAgsbxzQJ9I_sentence_090.wav,Thank you. See ya.,"Cảm ơn, hẹn gặp lại.",A1
tAgsbxzQJ9I_sentence_101.wav,"His debts amount to$2,000.",Số nợ của anh ta lên tới 2.000 đô la.,A2
tAgsbxzQJ9I_sentence_104.wav,Can you show it to me on the map?,Anh có thể cho tôi xem bản đồ không?,A2
tAgsbxzQJ9I_sentence_110.wav,T account.,Tài khoản T.,A2
tAgsbxzQJ9I_sentence_113.wav,Here's my account number.,Đây là số tài khoản của tôi.,A2
tAgsbxzQJ9I_sentence_114.wav,They don't have a bank account.,Họ không có tài khoản ngân hàng.,A2
tAgsbxzQJ9I_sentence_128.wav,What do you spend most of your time doing?,Bạn dành phần lớn thời gian để làm gì?,A1
tAgsbxzQJ9I_sentence_158.wav,The boy rowing the boat is a friend of mine.,Cậu bé chèo thuyền là bạn của tôi.,A2
tAgsbxzQJ9I_sentence_168.wav,Can I claim?,Tôi có thể nhận không?,A2
tAgsbxzQJ9I_sentence_182.wav,Let me ask you a simple question.,Để tôi hỏi anh một câu đơn giản.,A1
tAgsbxzQJ9I_sentence_183.wav,There's a simple solution to this problem.,Có một giải pháp đơn giản cho vấn đề này.,A2
tAgsbxzQJ9I_sentence_185.wav,Even a child can understand the book.,Ngay cả một đứa trẻ cũng có thể hiểu được cuốn sách.,A1
tAgsbxzQJ9I_sentence_197.wav,I can't figure out how to open this suitcase.,Tôi không biết làm sao mở cái va-li này.,A2
tAgsbxzQJ9I_sentence_198.wav,Where's my suitcase?,Vali của tôi đâu?,A1
tAgsbxzQJ9I_sentence_204.wav,Don't touch month.,Đừng chạm tháng.,A2
tAgsbxzQJ9I_sentence_210.wav,Please empty the garbage more often.,Xin hãy đổ rác thường xuyên hơn.,A1
tAgsbxzQJ9I_sentence_215.wav,comfortable.,Bạn có thể dùng khăn giấy hoặc khăn giấy để lau khô người.,A1
tAgsbxzQJ9I_sentence_216.wav,I hope you'll be comfortable here.,Hy vọng anh sẽ thoải mái ở đây.,A1
tAgsbxzQJ9I_sentence_236.wav,Is there an elevator in the building?,Có thang máy trong toà nhà không?,A1
tAgsbxzQJ9I_sentence_237.wav,Have you ever been stuck in an elevator?,Anh đã bao giờ bị kẹt trong thang máy chưa?,A1
tAgsbxzQJ9I_sentence_242.wav,I'm not very good at drawing.,Tôi không giỏi vẽ lắm.,A2
tAgsbxzQJ9I_sentence_243.wav,She made a drawing of the house.,Cô ấy đã vẽ một bức tranh về ngôi nhà.,A1
tAgsbxzQJ9I_sentence_244.wav,Reasonable.,Hợp lý.,A1
tAgsbxzQJ9I_sentence_245.wav,This sounds reasonable.,Điều này nghe có vẻ hợp lý.,A1
tAgsbxzQJ9I_sentence_246.wav,That's a reasonable price.,Đó là một cái giá hợp lý.,A2
tAgsbxzQJ9I_sentence_250.wav,I'm sure there's a reasonable explanation for this.,Tôi chắc là có một lời giải thích hợp lý cho chuyện này.,A2
tAgsbxzQJ9I_sentence_252.wav,I don't think it's fair.,Tôi không nghĩ như vậy là công bằng.,A1
tAgsbxzQJ9I_sentence_275.wav,He insulted me without any reason.,Hắn sỉ nhục tôi mà không có lý do.,A2
tAgsbxzQJ9I_sentence_285.wav,Do you still collect stamps?,Anh vẫn sưu tập tem chứ?,A1
tAgsbxzQJ9I_sentence_293.wav,These flowers have a unique smell.,Những bông hoa này có mùi hương đặc trưng.,A2
tAgsbxzQJ9I_sentence_294.wav,Everyone is unique in their own way.,Mỗi người đều có một cá tính riêng.,A2
tAgsbxzQJ9I_sentence_303.wav,especially when children are concerned.,Đặc biệt là khi trẻ em đang lo lắng.,A2
tAgsbxzQJ9I_sentence_319.wav,I am interested in studying German culture.,Tôi thích nghiên cứu văn hoá Đức.,A1
tAgsbxzQJ9I_sentence_325.wav,Same-sex marriage is legal here.,Hôn nhân đồng giới là hợp pháp ở đây.,A2
tAgsbxzQJ9I_sentence_330.wav,They cut out all the sex scenes.,Họ cắt bỏ tất cả các cảnh sex.,A1
tAgsbxzQJ9I_sentence_335.wav,It's in form.,Nó ở dạng này.,A1
tAgsbxzQJ9I_sentence_353.wav,I'm in charge of the sales department.,Tôi phụ trách bộ phận bán hàng.,A2
tAgsbxzQJ9I_sentence_355.wav,This is virtually.,Đây là ảo giác.,A1
tAgsbxzQJ9I_sentence_381.wav,Can you give me an explanation?,Anh có thể giải thích cho tôi không?,A1
tAgsbxzQJ9I_sentence_391.wav,Is that a recent photo of you?,Đó là bức ảnh gần đây của anh à?,A2
tAgsbxzQJ9I_sentence_396.wav,I arrive.,Tôi đến.,A1
tAgsbxzQJ9I_sentence_403.wav,"Waiter, waitress.","Bồi bàn, bồi bàn.",A1
tAgsbxzQJ9I_sentence_404.wav,She is a waitress.,Cô ấy là bồi bàn.,A1
tAgsbxzQJ9I_sentence_407.wav,See patient.,Gặp bệnh nhân.,A1
tAgsbxzQJ9I_sentence_411.wav,Master,Sư phụ.,A1
tAgsbxzQJ9I_sentence_423.wav,Only you can give me that feeling.,Chỉ có anh mới có thể cho em cảm giác đó.,A1
tAgsbxzQJ9I_sentence_431.wav,Who is that beautiful woman?,Người phụ nữ xinh đẹp đó là ai?,A1
tAgsbxzQJ9I_sentence_434.wav,He has got cancer.,Anh ta bị ung thư.,A1
tAgsbxzQJ9I_sentence_440.wav,Urgent.,Khẩn cấp.,A1
tAgsbxzQJ9I_sentence_442.wav,I have an urgent message for him.,Tôi có một tin khẩn cấp cho anh ta.,A1
tAgsbxzQJ9I_sentence_444.wav,There is an urgent need for water.,Có nhu cầu cấp thiết về nước.,A1
tAgsbxzQJ9I_sentence_445.wav,Area,Diện tích,A2
tAgsbxzQJ9I_sentence_456.wav,Can I use your pencil?,Tôi dùng bút chì của anh được không?,A1
tAgsbxzQJ9I_sentence_468.wav,I like the way you talk.,Tôi thích cách anh nói chuyện.,A1
tAgsbxzQJ9I_sentence_470.wav,I am on my way to work.,Tôi đang trên đường đi làm.,A1
tAgsbxzQJ9I_sentence_474.wav,Impact,Ảnh hưởng,A1
tAgsbxzQJ9I_sentence_487.wav,Need any help? No thanks. I can manage.,"Không, cảm ơn, tôi có thể xoay xở được.",A1
tAgsbxzQJ9I_sentence_488.wav,He manages a small team.,Anh ấy quản lý một đội nhỏ.,A2
tAgsbxzQJ9I_sentence_499.wav,Japan Countryside,Nhật Bản quê hương,A2
tAgsbxzQJ9I_sentence_508.wav,"There are many kinds of books, novels, comics, etc in this library.","Có rất nhiều loại sách, tiểu thuyết, truyện tranh, v. v... trong thư viện này.",A2
tAgsbxzQJ9I_sentence_515.wav,The boy rowing the boat is a friend of mine. I crossed the river by boat.,"Cậu bé chèo thuyền là bạn tôi, tôi đã vượt sông bằng thuyền.",A2
tAgsbxzQJ9I_sentence_525.wav,You are the master of your own destiny.,Bạn là chủ nhân của số phận của chính mình.,A2
tAgsbxzQJ9I_sentence_527.wav,The dog saved its master's life.,Con chó đã cứu mạng chủ của nó.,A2
tAgsbxzQJ9I_sentence_541.wav,Please don't be,Xin đừng như vậy.,A1
tAgsbxzQJ9I_sentence_548.wav,It's an insult.,Đó là một sự sỉ nhục.,A2
tAgsbxzQJ9I_sentence_577.wav,You need to vary the diet.,Bạn cần phải thay đổi chế độ ăn.,A2
tAgsbxzQJ9I_sentence_585.wav,"Personally, I prefer the second option.",Cá nhân tôi thì thích lựa chọn thứ hai hơn.,A2
tAgsbxzQJ9I_sentence_590.wav,I will personally visit you.,Tôi sẽ đích thân đến thăm anh.,A1
tAgsbxzQJ9I_sentence_591.wav,Impact.,Tác động.,A2
tAgsbxzQJ9I_sentence_605.wav,Don't look at me that way.,Đừng nhìn tôi như thế.,A1
tAgsbxzQJ9I_sentence_623.wav,Take this medicine after meals.,Uống thuốc sau bữa ăn.,A1
tAgsbxzQJ9I_sentence_649.wav,Belief,Niềm tin,A1
tAgsbxzQJ9I_sentence_650.wav,"His belief in God gave him hope during difficult times, and","Niềm tin vào Chúa đã cho anh hy vọng trong những thời điểm khó khăn, và",B1
tAgsbxzQJ9I_sentence_679.wav,Is it convenient for you if I come at 2 PM?,Có tiện cho anh không nếu tôi tới lúc 2 giờ chiều?,A2
tAgsbxzQJ9I_sentence_685.wav,I couldn't help laughing.,Tôi không thể nhịn cười.,A1
tAgsbxzQJ9I_sentence_686.wav,It's afternoon.,Bây giờ là buổi chiều.,A1
tAgsbxzQJ9I_sentence_687.wav,I have a lot of things to do this afternoon.,Chiều nay tôi có nhiều việc phải làm lắm.,A1
tAgsbxzQJ9I_sentence_689.wav,Are you ready for this afternoon's meeting?,Anh đã sẵn sàng cho cuộc gặp chiều nay chưa?,A1
tAgsbxzQJ9I_sentence_708.wav,Glasses.,Kính.,A1
tAgsbxzQJ9I_sentence_712.wav,Everything is a blur when I take my glasses off.,Mọi thứ đều mờ mịt khi tôi tháo kính ra.,A2
tAgsbxzQJ9I_sentence_714.wav,He eventually found a job that he liked.,Cuối cùng anh ấy đã tìm được một công việc mà anh ấy thích.,A2
tAgsbxzQJ9I_sentence_715.wav,"Eventually, he changed his mind.","Cuối cùng, anh ấy đổi ý.",A2
tAgsbxzQJ9I_sentence_716.wav,The pain will eventually go away.,Cơn đau cuối cùng sẽ qua.,A2
tAgsbxzQJ9I_sentence_724.wav,Interesting.,Thú vị.,A1
tAgsbxzQJ9I_sentence_725.wav,What an interesting book.,Một cuốn sách thú vị.,A1
tAgsbxzQJ9I_sentence_740.wav,He is extremely shy.,Anh ấy rất nhút nhát.,A2
tAgsbxzQJ9I_sentence_754.wav,I'm not interested in sport.,Tôi không có hứng thú với thể thao.,A2
tAgsbxzQJ9I_sentence_768.wav,He's likely to be late.,Anh ta có thể sẽ đến muộn.,A2
tAgsbxzQJ9I_sentence_776.wav,I will consider all possibilities.,Tôi sẽ xem xét mọi khả năng.,A1
tAgsbxzQJ9I_sentence_780.wav,There's a possibility that what he said is true.,Có khả năng những gì anh ta nói là sự thật.,A2
tAgsbxzQJ9I_sentence_793.wav,His parents won't allow him to stay out late.,Bố mẹ cậu ta không cho phép cậu ta ở ngoài muộn.,A2
tAgsbxzQJ9I_sentence_795.wav,Smoking is not allowed in this area.,Không được hút thuốc ở khu vực này.,A2
tAgsbxzQJ9I_sentence_796.wav,Give.,Cho đi.,A1
tAgsbxzQJ9I_sentence_801.wav,Could you do me a favour?,Anh giúp tôi một việc được không?,A1
tAgsbxzQJ9I_sentence_807.wav,Please list your previous jobs in the past three years.,Xin hãy liệt kê công việc trước đây của anh trong ba năm qua.,A2
tAgsbxzQJ9I_sentence_809.wav,Iron.,Sắt.,A1
tAgsbxzQJ9I_sentence_811.wav,Is this made of iron?,Cái này làm bằng sắt à?,A1
tAgsbxzQJ9I_sentence_812.wav,I'm wondering if I need to iron my shirt.,Tôi tự hỏi không biết có cần ủi áo không.,A1
tAgsbxzQJ9I_sentence_813.wav,Iron,Sắt,A1
tAgsbxzQJ9I_sentence_815.wav,Can I borrow your iron?,Tôi mượn bàn là của anh được không?,A1
tAgsbxzQJ9I_sentence_818.wav,He has short curly hair.,Anh ta có mái tóc ngắn xoăn.,A2
tAgsbxzQJ9I_sentence_822.wav,Don't wear that short skirt anymore. It's too sexy.,"Đừng mặc cái váy ngắn đó nữa, nó quá sexy.",A1
tAgsbxzQJ9I_sentence_824.wav,Estimate,Ước tính,A1
tAgsbxzQJ9I_sentence_838.wav,You don't have to we.,Anh không cần phải làm thế.,A1
tAgsbxzQJ9I_sentence_843.wav,I always read the sports section first.,Tôi luôn đọc mục thể thao trước.,A1
tAgsbxzQJ9I_sentence_855.wav,I was born in a small village.,Tôi sinh ra trong một ngôi làng nhỏ.,A2
tAgsbxzQJ9I_sentence_858.wav,I master.,Tôi là chủ.,A1
tAgsbxzQJ9I_sentence_867.wav,I like to master English.,Tôi thích học tiếng Anh.,A1
tAgsbxzQJ9I_sentence_876.wav,It's the repetition of affirmations that leads to belief.,Chính sự lặp lại của những khẳng định dẫn đến niềm tin.,B1
tAgsbxzQJ9I_sentence_885.wav,Belief creates the actual fact.,Niềm tin tạo ra sự kiện thực tế.,A2
tAgsbxzQJ9I_sentence_889.wav,Put.,Đặt.,A1
tAgsbxzQJ9I_sentence_893.wav,Don't put it on my desk bath He took an early bath,Đừng để nó trên bàn làm việc của tôi tắm Anh ta đã tắm sớm,A2
tAgsbxzQJ9I_sentence_894.wav,I was in the bath when you rang.,Tôi đang tắm thì anh gọi.,A2
tAgsbxzQJ9I_sentence_896.wav,He took an early bath.,Anh ấy tắm sớm.,A1
tAgsbxzQJ9I_sentence_898.wav,He takes a cold bath every morning.,Sáng nào nó cũng tắm nước lạnh.,A1
tAgsbxzQJ9I_sentence_900.wav,I am a slow runner.,Tôi là một người chạy chậm.,A1
tAgsbxzQJ9I_sentence_904.wav,Instruction.,Chỉ thị.,A1
tAgsbxzQJ9I_sentence_908.wav,You should normal.,Bạn nên bình thường.,A1
tAgsbxzQJ9I_sentence_909.wav,It's normal to feel tired after such a long trip.,Cảm thấy mệt mỏi sau một chuyến đi dài như vậy là điều bình thường.,A2
tAgsbxzQJ9I_sentence_915.wav,Somehow I can't trust him.,Không hiểu sao tôi không thể tin anh ta.,A1
tAgsbxzQJ9I_sentence_926.wav,I need some coloured pencils.,Tôi cần bút chì màu.,A1
tAgsbxzQJ9I_sentence_946.wav,It's extremely cold today.,Hôm nay trời lạnh lắm.,A2
tAgsbxzQJ9I_sentence_955.wav,Are you allergic to any medicine?,Cô có dị ứng với thuốc nào không?,A2
td7W9lJknM0_sentence_010.wav,He is in the hospital recovering from a drug overdose.,Anh đang trong bệnh viện hồi phục sau khi dùng thuốc quá liều.,A2
td7W9lJknM0_sentence_014.wav,Do you want me to take care of your dog?,Anh có muốn tôi chăm sóc con chó của anh không?,A1
td7W9lJknM0_sentence_015.wav,What do you feed your dog?,Bạn cho chó ăn gì?,A1
td7W9lJknM0_sentence_045.wav,It was a traditional ceremony.,Đó là một nghi lễ truyền thống.,A1
td7W9lJknM0_sentence_049.wav,Exact.,Chính xác.,A2
td7W9lJknM0_sentence_067.wav,The future depends on what we do in the present.,Tương lai phụ thuộc vào những gì chúng ta làm ở hiện tại.,A2
td7W9lJknM0_sentence_098.wav,The district is known for a beautiful scenery.,Huyện được biết đến với một phong cảnh đẹp.,A2
td7W9lJknM0_sentence_107.wav,I always fly business class.,Tôi luôn bay hạng thương gia.,A1
td7W9lJknM0_sentence_109.wav,Sometimes I wish I could fly.,Đôi khi tôi ước mình có thể bay.,A1
td7W9lJknM0_sentence_120.wav,The sound came from that direction.,Âm thanh đến từ hướng đó.,A2
td7W9lJknM0_sentence_148.wav,Do you have a pair of scissors?,Anh có kéo không?,A1
td7W9lJknM0_sentence_152.wav,I bought a pair of scissors.,Tôi mua một cái kéo.,A1
td7W9lJknM0_sentence_165.wav,"Somebody, someone","Ai đó, ai đó",A1
td7W9lJknM0_sentence_184.wav,Cary.,Cary.,A2
td7W9lJknM0_sentence_190.wav,I always carry a bottle of mineral water with me.,Tôi luôn mang theo một chai nước khoáng.,A2
td7W9lJknM0_sentence_194.wav,He looked at me with a strange expression.,Anh nhìn tôi với một vẻ mặt lạ lùng.,A2
td7W9lJknM0_sentence_214.wav,Favorite.,Yêu thích.,A1
td7W9lJknM0_sentence_221.wav,Summer is my favorite season.,Mùa hè là mùa yêu thích của tôi.,A1
td7W9lJknM0_sentence_237.wav,One day delivery will cost an additional$9.99.,"Một ngày giao hàng sẽ tốn thêm 9,99 đô la.",A2
td7W9lJknM0_sentence_253.wav,Dinner.,Ăn tối.,A1
td7W9lJknM0_sentence_257.wav,Have you had dinner yet?,Anh ăn tối chưa?,A1
td7W9lJknM0_sentence_258.wav,They were in the middle of dinner when I called.,Họ đang ăn tối thì tôi gọi.,A2
td7W9lJknM0_sentence_259.wav,Where are we going for dinner?,Chúng ta đi ăn tối ở đâu?,A1
td7W9lJknM0_sentence_261.wav,She is connected with that company.,Cô ta có liên hệ với công ty đó.,A2
td7W9lJknM0_sentence_270.wav,Connect the two cables together.,Nối hai cáp lại với nhau.,A2
td7W9lJknM0_sentence_271.wav,Tree,Cây,A1
td7W9lJknM0_sentence_273.wav,Can you climb up that tree?,Anh trèo lên cây được không?,A1
td7W9lJknM0_sentence_278.wav,What would you like to drink?,Anh muốn uống gì?,A1
td7W9lJknM0_sentence_279.wav,She advised him not to drink too much.,Bà khuyên anh không nên uống quá nhiều.,A2
td7W9lJknM0_sentence_282.wav,That was so dark that night.,Tối hôm đó trời rất tối.,A2
td7W9lJknM0_sentence_283.wav,Are you afraid of the dark?,Anh sợ bóng tối à?,A2
td7W9lJknM0_sentence_291.wav,Direction.,Hướng.,A1
td7W9lJknM0_sentence_300.wav,Please follow the nurse's directions.,Làm theo chỉ dẫn của y tá.,A1
td7W9lJknM0_sentence_302.wav,Service.,Dịch vụ.,A2
td7W9lJknM0_sentence_303.wav,Please call Customer Service for help.,Hãy gọi Dịch vụ khách hàng để được giúp đỡ.,A2
td7W9lJknM0_sentence_312.wav,We guarantee excellent service.,Chúng tôi đảm bảo dịch vụ tuyệt vời.,A2
td7W9lJknM0_sentence_314.wav,I don't want to work under these conditions.,Tôi không muốn làm việc trong điều kiện như thế này.,A2
td7W9lJknM0_sentence_320.wav,The house was in poor condition.,Ngôi nhà trong tình trạng tồi tệ.,A2
td7W9lJknM0_sentence_324.wav,Dad.,Bố à.,A1
td7W9lJknM0_sentence_331.wav,"In my opinion, he is correct.","Theo tôi, ông ấy đúng.",A2
td7W9lJknM0_sentence_338.wav,That's perfectly natural.,Điều đó hoàn toàn tự nhiên.,A1
td7W9lJknM0_sentence_344.wav,Your email will be forwarded to my manager.,Email của bạn sẽ được chuyển tiếp cho quản lý của tôi.,A2
td7W9lJknM0_sentence_346.wav,I'm looking forward to hearing from you.,Tôi rất mong chờ được nghe tin từ anh.,A2
td7W9lJknM0_sentence_350.wav,She took a small step forward.,Cô bé bước một bước về phía trước.,A1
td7W9lJknM0_sentence_352.wav,Twice.,Hai lần.,A1
td7W9lJknM0_sentence_356.wav,I don't know him well. I've only met him twice.,"Tôi không biết rõ anh ta, tôi chỉ gặp anh ta hai lần.",A2
td7W9lJknM0_sentence_357.wav,They go there twice a week.,Họ đến đó hai lần một tuần.,A2
td7W9lJknM0_sentence_375.wav,You're going to be fine.,Anh sẽ ổn thôi.,A1
td7W9lJknM0_sentence_388.wav,The team was divided into smaller groups.,Đội được chia thành các nhóm nhỏ hơn.,A2
td7W9lJknM0_sentence_415.wav,The leaves are turning red.,Lá cây đang chuyển sang màu đỏ.,A1
td7W9lJknM0_sentence_416.wav,Why is your eye red?,Sao mắt anh đỏ vậy?,A1
td7W9lJknM0_sentence_429.wav,Heavy.,Nặng.,A1
td7W9lJknM0_sentence_430.wav,I was caught in heavy traffic.,Tôi bị kẹt xe.,A2
td7W9lJknM0_sentence_432.wav,We couldn't go out because of the heavy rain.,Chúng tôi không thể ra ngoài vì mưa to.,A2
td7W9lJknM0_sentence_450.wav,There is a letter for you from your mother.,Có một lá thư cho con từ mẹ con.,A1
td7W9lJknM0_sentence_455.wav,Your letter made me happy.,Lá thư của anh làm tôi vui.,A1
td7W9lJknM0_sentence_461.wav,S independent.,S độc lập.,A2
td7W9lJknM0_sentence_462.wav,She's a smart and independent girl.,Cô ấy thông minh và độc lập.,A1
td7W9lJknM0_sentence_478.wav,His writing is impossible to read.,Chữ viết của ông ấy không thể đọc được.,A2
td7W9lJknM0_sentence_520.wav,Kitchen.,Bếp.,A1
td7W9lJknM0_sentence_529.wav,Little.,Một chút.,A1
td7W9lJknM0_sentence_534.wav,Can I stay a little longer?,Tôi ở lại thêm chút nữa được không?,A1
td7W9lJknM0_sentence_535.wav,We need a little more time.,Chúng ta cần thêm chút thời gian.,A1
td7W9lJknM0_sentence_541.wav,She picked a flower for her mother.,Nó hái một bông hoa cho mẹ nó.,A1
td7W9lJknM0_sentence_569.wav,He tried to hide his anxiety.,Anh ta cố giấu nỗi lo lắng.,A2
td7W9lJknM0_sentence_575.wav,Do you think he is a good driver?,Anh có nghĩ anh ta là một tài xế giỏi không?,A1
td7W9lJknM0_sentence_578.wav,I am in a good mood.,Tôi đang có tâm trạng tốt.,A1
td7W9lJknM0_sentence_586.wav,He doesn't look like a professor.,Trông ông ta không giống một giáo sư.,A1
td7W9lJknM0_sentence_591.wav,My brother is a professor.,Anh trai tôi là giáo sư.,A1
td7W9lJknM0_sentence_609.wav,"She advised him to see a lawyer, so he did.","Cô ấy khuyên anh ta nên gặp luật sư, và anh ta đã làm thế.",A2
td7W9lJknM0_sentence_612.wav,She had double.,Cô ấy đã gấp đôi.,A1
td7W9lJknM0_sentence_628.wav,I can't hear you.,Tôi không nghe thấy gì cả.,A1
td7W9lJknM0_sentence_642.wav,How heavy is your suitcase?,Vali của anh nặng bao nhiêu?,A1
td7W9lJknM0_sentence_657.wav,I saw it in a magazine.,Tôi thấy nó trên tạp chí.,A1
td7W9lJknM0_sentence_658.wav,It's a weekly magazine.,Nó là một tạp chí hàng tuần.,A1
td7W9lJknM0_sentence_659.wav,What's your favorite magazine?,Tạp chí yêu thích của bạn là gì?,A1
td7W9lJknM0_sentence_663.wav,He won entirely.,Anh ta đã thắng.,A2
td7W9lJknM0_sentence_664.wav,My opinion is entirely different from yours.,Ý kiến của tôi hoàn toàn khác của anh.,A2
td7W9lJknM0_sentence_694.wav,Professor,Giáo sư,A1
td7W9lJknM0_sentence_702.wav,He's a professor at the National University.,Ông ấy là giáo sư ở Đại học Quốc gia.,A2
td7W9lJknM0_sentence_704.wav,My double.,Đôi của tôi.,A1
td7W9lJknM0_sentence_723.wav,I will lend you a pen.,Tôi sẽ cho anh mượn bút.,A1
td7W9lJknM0_sentence_738.wav,What are they hiding?,Họ đang giấu gì?,A1
td7W9lJknM0_sentence_760.wav,I invited my neighbors to dinner.,Tôi mời hàng xóm ăn tối.,A1
td7W9lJknM0_sentence_763.wav,The question is under discussion.,Câu hỏi đang được thảo luận.,A2
td7W9lJknM0_sentence_769.wav,I see no reason to continue this discussion.,Tôi thấy không có lý do gì để tiếp tục cuộc thảo luận này.,A2
td7W9lJknM0_sentence_774.wav,How many options do we have?,Chúng ta có bao nhiêu lựa chọn?,A2
td7W9lJknM0_sentence_776.wav,We must consider all options.,Chúng ta phải cân nhắc mọi lựa chọn.,A1
td7W9lJknM0_sentence_800.wav,He is an active member of the club.,Anh là một thành viên tích cực của câu lạc bộ.,A2
td7W9lJknM0_sentence_836.wav,I'm looking for a private English teacher.,Tôi đang tìm một giáo viên tiếng Anh tư.,A2
td7W9lJknM0_sentence_862.wav,I learned a valuable lesson today.,Hôm nay tôi đã học được một bài học quý giá.,A2
td7W9lJknM0_sentence_868.wav,Uncle,Chú ơi!,A1
td7W9lJknM0_sentence_873.wav,The hotel is run by his uncle.,Khách sạn do chú của anh ta điều hành.,A2
td7W9lJknM0_sentence_880.wav,I would like to meet him.,Tôi muốn gặp anh ta.,A1
td7W9lJknM0_sentence_882.wav,Responsibility.,Trách nhiệm.,A1
td7W9lJknM0_sentence_885.wav,Take 100% responsibility for your life.,Chịu trách nhiệm 100% về cuộc sống của bạn.,A1
td7W9lJknM0_sentence_890.wav,Friday.,Thứ Sáu.,A1
td7W9lJknM0_sentence_892.wav,I need your answer by Friday.,Tôi cần câu trả lời của anh trước thứ sáu.,A2
td7W9lJknM0_sentence_898.wav,The meeting was put off until next Friday.,Cuộc họp đã được hoãn lại cho đến thứ Sáu tuần tới.,A2
td7W9lJknM0_sentence_914.wav,Where did loss?,Mất mát ở đâu?,A2
td7W9lJknM0_sentence_917.wav,His death is a great loss.,Cái chết của ông ấy là một mất mát lớn.,A2
td7W9lJknM0_sentence_933.wav,We can either eat now or after the show. It's up to you.,"Chúng ta có thể ăn ngay bây giờ hoặc sau buổi diễn, tùy anh thôi.",A2
vqMjAXiY44g_sentence_005.wav,I want more detailed information.,Tôi muốn thông tin chi tiết hơn.,A1
vqMjAXiY44g_sentence_006.wav,Please show me your detailed plan.,Cho tôi xem kế hoạch chi tiết của anh.,A1
vqMjAXiY44g_sentence_026.wav,Everyone knows each other and there is no need for a formal introduction.,Mọi người đều biết nhau và không cần phải giới thiệu chính thức.,A2
vqMjAXiY44g_sentence_036.wav,I'll never forget your kindness.,Tôi sẽ không bao giờ quên lòng tốt của anh.,A1
vqMjAXiY44g_sentence_045.wav,I'll never meet him.,Tôi sẽ không bao giờ gặp anh ta.,A1
vqMjAXiY44g_sentence_078.wav,He had a frugal meal of bread and cheese.,Ông ấy ăn bánh mì và phô mai.,A2
vqMjAXiY44g_sentence_1002.wav,Don't you want to go out?,Anh không muốn ra ngoài à?,A1
vqMjAXiY44g_sentence_1008.wav,It turned out I was right.,Hóa ra tôi đã đúng.,A1
vqMjAXiY44g_sentence_1021.wav,I've lost my job.,Tôi đã mất việc.,A1
vqMjAXiY44g_sentence_128.wav,I returned the book to the library.,Tôi trả lại cuốn sách cho thư viện.,A1
vqMjAXiY44g_sentence_143.wav,Street.,Đường phố.,A1
vqMjAXiY44g_sentence_144.wav,The bank is just across the street.,Ngân hàng ở ngay bên kia đường.,A1
vqMjAXiY44g_sentence_154.wav,Stand.,Đứng dậy.,A1
vqMjAXiY44g_sentence_175.wav,"Winners are not people who never fail, but people who never quit.","Người chiến thắng không phải là người không bao giờ thất bại, mà là người không bao giờ bỏ cuộc.",A2
vqMjAXiY44g_sentence_180.wav,Lock.,Khóa.,A1
vqMjAXiY44g_sentence_189.wav,"Don't take it seriously, I'm just joking.","Đừng nghiêm trọng hóa vấn đề, tôi chỉ đùa thôi.",A1
vqMjAXiY44g_sentence_215.wav,I forgot to lock the door.,Tôi quên khoá cửa.,A1
vqMjAXiY44g_sentence_286.wav,Please select one item from the list below.,Hãy chọn một mục từ danh sách bên dưới.,A2
vqMjAXiY44g_sentence_302.wav,Japan is to the east of China.,Nhật Bản nằm ở phía đông của Trung Quốc.,A2
vqMjAXiY44g_sentence_394.wav,Women tend to live longer than men.,Phụ nữ thường sống thọ hơn nam giới.,A2
vqMjAXiY44g_sentence_396.wav,Your question is not relevant to the problem.,Câu hỏi của bạn không liên quan đến vấn đề.,A2
vqMjAXiY44g_sentence_407.wav,It's a basic human right.,Đó là quyền cơ bản của con người.,A2
vqMjAXiY44g_sentence_431.wav,I have been working as a teaching assistant for several years.,Tôi đã làm trợ giảng trong nhiều năm.,A2
vqMjAXiY44g_sentence_432.wav,I am looking for an assistant.,Tôi đang tìm một trợ lý.,A1
vqMjAXiY44g_sentence_449.wav,She is indeed a lovely girl.,Cô ấy thực sự là một cô gái đáng yêu.,A1
vqMjAXiY44g_sentence_450.wav,A friend in need is a friend indeed.,Một người bạn đang cần giúp đỡ thực sự là một người bạn.,A2
vqMjAXiY44g_sentence_465.wav,Her books have been translated into twenty-four languages.,Sách của bà đã được dịch sang hai mươi bốn ngôn ngữ.,A2
vqMjAXiY44g_sentence_531.wav,Is there any bread left? We have barely enough bread for breakfast. Bread.,Chúng ta chỉ còn đủ bánh mì cho bữa sáng. Bánh mì.,A2
vqMjAXiY44g_sentence_549.wav,The title is right at the top of the page.,Tiêu đề sẽ nằm ngay đầu trang.,A2
vqMjAXiY44g_sentence_593.wav,Is it possible to get there by bus?,Có thể đến đó bằng xe buýt không?,A2
vqMjAXiY44g_sentence_597.wav,How is that possible?,Sao lại có thể như vậy được?,A1
vqMjAXiY44g_sentence_615.wav,We missed the opening of her speech.,Chúng ta đã bỏ lỡ phần mở đầu của bài phát biểu.,A2
vqMjAXiY44g_sentence_626.wav,Why is everyone staring at me?,Sao mọi người cứ nhìn tôi chằm chằm thế?,A1
vqMjAXiY44g_sentence_631.wav,Did you go out last night?,Tối qua anh có ra ngoài không?,A1
vqMjAXiY44g_sentence_696.wav,She needs to face reality.,Cô ấy cần đối mặt với thực tế.,A1
vqMjAXiY44g_sentence_728.wav,Do you like running?,Anh có thích chạy không?,A1
vqMjAXiY44g_sentence_744.wav,She lives at the top of the hill.,Cô ấy sống trên đỉnh đồi.,A2
vqMjAXiY44g_sentence_764.wav,It was the most exciting holiday I've ever had.,Đó là kỳ nghỉ thú vị nhất mà tôi từng có.,A1
vqMjAXiY44g_sentence_769.wav,It was an exciting game.,Đó là một trò chơi thú vị.,A1
vqMjAXiY44g_sentence_772.wav,Reading.,Đọc sách.,A1
vqMjAXiY44g_sentence_778.wav,It w long.,Nó W dài.,A1
vqMjAXiY44g_sentence_799.wav,He's friendly with everyone in his class.,Cậu ấy thân thiện với mọi người trong lớp.,A2
vqMjAXiY44g_sentence_801.wav,He missed the last train.,Anh ta lỡ chuyến tàu cuối cùng.,A1
vqMjAXiY44g_sentence_836.wav,The reality is that we can't afford to buy a house.,Thực tế là chúng ta không đủ khả năng mua một ngôi nhà.,A2
vqMjAXiY44g_sentence_853.wav,There is a nice park in the center of the town.,Có một công viên đẹp ở trung tâm thị trấn.,A1
vqMjAXiY44g_sentence_855.wav,Children like to be the center of attention.,Trẻ thích được chú ý.,A2
vqMjAXiY44g_sentence_865.wav,"Is there anything wrong? No, everything's fine.","Không, mọi thứ đều ổn.",A1
vqMjAXiY44g_sentence_882.wav,Why don't you take your coat off?,Sao anh không cởi áo khoác ra?,A1
vqMjAXiY44g_sentence_892.wav,Explanation.,Giải thích.,A1
vqMjAXiY44g_sentence_913.wav,Fixed cost should be kept to a minimum.,Chi phí cố định nên được giữ ở mức tối thiểu.,A2
vqMjAXiY44g_sentence_920.wav,She went out to buy some food.,Cô ấy ra ngoài mua thức ăn.,A1
vqMjAXiY44g_sentence_981.wav,I just want to take a quick look.,Tôi chỉ muốn xem qua một chút.,A1
w9FIqvip19Y_sentence_006.wav,"We provide breakfast and dinner, but you need to make your own arrangements for lunch.","Chúng tôi cung cấp bữa sáng và bữa tối, nhưng anh cần tự sắp xếp cho bữa trưa.",A2
w9FIqvip19Y_sentence_033.wav,His books have become classics.,Sách của ông đã trở thành tác phẩm kinh điển.,A2
w9FIqvip19Y_sentence_034.wav,He owns a classic novel.,Ông ta sở hữu một cuốn tiểu thuyết kinh điển.,A1
w9FIqvip19Y_sentence_035.wav,I was very impressed with the quality of classic car that I saw at the show.,Tôi đã rất ấn tượng với chất lượng của chiếc xe cổ điển mà tôi thấy tại chương trình.,A2
w9FIqvip19Y_sentence_052.wav,I used to work at an electronics store.,Tôi từng làm việc ở một cửa hàng điện tử.,A2
w9FIqvip19Y_sentence_055.wav,You should get your eyes examined.,Anh nên đi khám mắt đi.,A1
w9FIqvip19Y_sentence_084.wav,The car struck the tree.,Chiếc xe đâm vào cây.,A1
w9FIqvip19Y_sentence_120.wav,Beer,Bia,A1
w9FIqvip19Y_sentence_121.wav,I went to drink a beer with friends.,Tôi đi uống bia với bạn bè.,A1
w9FIqvip19Y_sentence_122.wav,Don't drink beer before going to bed. We had several bottles of beer left.,"Đừng uống bia trước khi đi ngủ, chúng ta còn vài chai bia.",A2
w9FIqvip19Y_sentence_127.wav,Chairwoman.,Chủ tịch.,A2
w9FIqvip19Y_sentence_131.wav,Combine.,Kết hợp.,A2
w9FIqvip19Y_sentence_134.wav,Combined.,Kết hợp.,A2
w9FIqvip19Y_sentence_135.wav,He combined two ideas into one.,Ông đã kết hợp hai ý tưởng thành một.,A2
w9FIqvip19Y_sentence_138.wav,He makes more money than all the rest of us combined.,Hắn kiếm nhiều tiền hơn tất cả chúng ta cộng lại.,A2
w9FIqvip19Y_sentence_150.wav,carelessly.,Bất cẩn.,A2
w9FIqvip19Y_sentence_151.wav,She drove home carelessly because she was drunk.,Cô ấy lái xe về nhà bất cẩn vì cô ấy say.,A2
w9FIqvip19Y_sentence_152.wav,My brother cleans his room carelessly.,Anh trai tôi lau phòng bừa bãi.,A2
w9FIqvip19Y_sentence_164.wav,Split.,Chia ra.,A1
w9FIqvip19Y_sentence_165.wav,Let's split the bill.,Hãy chia tiền ra.,A1
w9FIqvip19Y_sentence_170.wav,The teacher split the class into small groups.,Giáo viên chia lớp thành các nhóm nhỏ.,A2
w9FIqvip19Y_sentence_176.wav,He left without saying goodbye.,Anh ta bỏ đi mà không nói lời tạm biệt.,A2
w9FIqvip19Y_sentence_177.wav,I think it's time for me to say goodbye.,Tôi nghĩ đã đến lúc tôi nói lời tạm biệt.,A1
w9FIqvip19Y_sentence_178.wav,Goodbye. See you later.,"Tạm biệt, gặp lại sau.",A1
w9FIqvip19Y_sentence_179.wav,He let collapse.,Anh ta gục xuống.,A2
w9FIqvip19Y_sentence_187.wav,The roof collapsed on top of me.,Mái nhà đổ sập xuống người tôi.,A2
w9FIqvip19Y_sentence_198.wav,Satisfaction.,Sự hài lòng.,A2
w9FIqvip19Y_sentence_205.wav,I get a lot of satisfaction from my work.,Tôi nhận được rất nhiều sự hài lòng từ công việc của mình.,A2
w9FIqvip19Y_sentence_209.wav,Routine,Chương trình,A1
w9FIqvip19Y_sentence_222.wav,Baggage,Hành lý,A2
w9FIqvip19Y_sentence_224.wav,My baggage is missing.,Hành lý của tôi bị mất.,A2
w9FIqvip19Y_sentence_233.wav,Funeral,Đám tang,A1
w9FIqvip19Y_sentence_239.wav,Many people attended his funeral.,Nhiều người đã tham dự đám tang của ông.,A2
w9FIqvip19Y_sentence_240.wav,Her funeral will be held on Friday.,Tang lễ của cô ấy sẽ được tổ chức vào thứ sáu.,A2
w9FIqvip19Y_sentence_281.wav,You are an extraordinary woman.,Cô là một phụ nữ phi thường.,A1
w9FIqvip19Y_sentence_289.wav,He is an athlete with extraordinary speed.,Anh ấy là một vận động viên với tốc độ phi thường.,A2
w9FIqvip19Y_sentence_316.wav,Pilot,Phi công,A1
w9FIqvip19Y_sentence_317.wav,My dream is to become a pilot.,Ước mơ của tôi là trở thành một phi công.,A2
w9FIqvip19Y_sentence_318.wav,I have a friend who is a pilot.,Tôi có một người bạn là phi công.,A2
w9FIqvip19Y_sentence_319.wav,I want to be a pilot when I grow up.,Tôi muốn trở thành phi công khi lớn lên.,A2
w9FIqvip19Y_sentence_329.wav,Election,Bầu cử,A1
w9FIqvip19Y_sentence_339.wav,This morning I woke up with an upset stomach.,Sáng nay tôi thức dậy với một cái bụng đau.,A2
w9FIqvip19Y_sentence_340.wav,Stomach.,Dạ dày.,A1
w9FIqvip19Y_sentence_343.wav,You shouldn't exercise with a full stomach.,Bạn không nên tập thể dục khi bụng đói.,A2
w9FIqvip19Y_sentence_361.wav,Elbow.,Khuỷu tay.,A1
w9FIqvip19Y_sentence_364.wav,My elbow really hurts. I think I should go to the hospital.,"Cùi chỏ của tôi thực sự đau, tôi nghĩ tôi nên đến bệnh viện.",A1
w9FIqvip19Y_sentence_365.wav,Take your elbows off the table.,Bỏ khuỷu tay ra khỏi bàn.,A1
w9FIqvip19Y_sentence_366.wav,Float.,Nổi.,A1
w9FIqvip19Y_sentence_379.wav,"Hurry up, I said impatiently. We have only an hour left.","Nhanh lên, tôi sốt ruột nói. Chúng ta chỉ còn một tiếng nữa thôi.",A2
w9FIqvip19Y_sentence_395.wav,Essay,Tiểu luận,A2
w9FIqvip19Y_sentence_400.wav,I have to write an essay about a movie.,Tôi phải viết một bài luận về một bộ phim.,A1
w9FIqvip19Y_sentence_405.wav,She spent a lot of time writing her essay.,Cô ấy dành rất nhiều thời gian để viết bài luận.,A2
w9FIqvip19Y_sentence_407.wav,Where can I pick up my baggage?,Tôi có thể lấy hành lý ở đâu?,A2
w9FIqvip19Y_sentence_441.wav,aggressive.,"Bạn có thể nói, "" Em rất thích anh, nhưng em không thích anh.",A2
w9FIqvip19Y_sentence_445.wav,He gets aggressive when he's drunk.,Hắn hung hăng khi say.,A2
w9FIqvip19Y_sentence_488.wav,He demanded a 50-50 split in the profits.,Ông yêu cầu chia 50-50 trong lợi nhuận.,A2
w9FIqvip19Y_sentence_492.wav,imply.,ngụ ý.,A2
w9FIqvip19Y_sentence_518.wav,Customer satisfaction is our number one priority.,Sự hài lòng của khách hàng là ưu tiên số một của chúng tôi.,A2
w9FIqvip19Y_sentence_523.wav,You'd better examine the contract carefully before signing.,Tốt hơn là anh nên xem xét kỹ hợp đồng trước khi ký.,A2
w9FIqvip19Y_sentence_532.wav,This is a steep hill. Be careful.,"Đây là một ngọn đồi dốc, cẩn thận đấy.",A1
w9FIqvip19Y_sentence_560.wav,They are very disgusted with their boss.,Họ rất ghê tởm sếp của họ.,A2
w9FIqvip19Y_sentence_574.wav,I am getting tired of the daily routine.,Tôi thấy mệt mỏi với những việc thường ngày.,A1
w9FIqvip19Y_sentence_581.wav,There is a telephone pole in front of the school.,Có một cột điện thoại ở trước trường.,A2
w9FIqvip19Y_sentence_586.wav,Impatiently.,Nôn nóng.,A2
w9FIqvip19Y_sentence_597.wav,Salt helps to preserve food from decay.,Muối giúp bảo quản thực phẩm khỏi bị thối rữa.,B1
w9FIqvip19Y_sentence_638.wav,Computer is an electronic device.,Máy tính là một thiết bị điện tử.,A1
w9FIqvip19Y_sentence_649.wav,"Wood floats, but iron sinks.","Gỗ nổi, nhưng sắt chìm.",B1
w9FIqvip19Y_sentence_650.wav,Temporarily,Tạm thời,A2
w9FIqvip19Y_sentence_661.wav,Please help me with this heavy baggage.,Xin hãy giúp tôi với hành lý nặng này.,A2
w9FIqvip19Y_sentence_678.wav,His essay was concise and to the point.,Bài tiểu luận của ông súc tích và đi thẳng vào vấn đề.,A2
w9FIqvip19Y_sentence_704.wav,Silence implies consent.,Im lặng có nghĩa là sự đồng ý.,A2
w9FIqvip19Y_sentence_712.wav,We're disgusted by his bad manners.,Chúng tôi ghê tởm cách cư xử tồi tệ của anh ta.,A2
w9FIqvip19Y_sentence_734.wav,impatiently.,Một cách sốt ruột.,A2
w9FIqvip19Y_sentence_772.wav,I can't predict what will happen.,Tôi không thể đoán trước được chuyện gì sẽ xảy ra.,A2
w9FIqvip19Y_sentence_776.wav,Sales are predicted to be the same as last year.,Doanh số dự đoán sẽ giống như năm ngoái.,A2
w9FIqvip19Y_sentence_779.wav,The store is temporarily closed for renovations.,Cửa hàng tạm thời đóng cửa để cải tạo.,A2
w9FIqvip19Y_sentence_797.wav,Is there any possibility that he'll win the election?,Có khả năng nào ông ta sẽ thắng cử không?,A2
w9FIqvip19Y_sentence_798.wav,He defeated his opponent in the election.,Ông đã đánh bại đối thủ của mình trong cuộc bầu cử.,B1
w9FIqvip19Y_sentence_803.wav,It strikes me that nobody is willing to help.,Tôi nhận ra là không ai sẵn sàng giúp đỡ.,A2
w9FIqvip19Y_sentence_809.wav,Stranger,Người lạ,A1
w9FIqvip19Y_sentence_811.wav,She treats me like a stranger.,Cô ấy đối xử với tôi như một người lạ.,A2
w9FIqvip19Y_sentence_812.wav,He is a complete stranger to me.,Anh ta hoàn toàn xa lạ với tôi.,A2
w9FIqvip19Y_sentence_814.wav,desert.,sa mạc.,A2
w9FIqvip19Y_sentence_822.wav,They lost their way in the desert and died of thirst.,Họ lạc lối trong sa mạc và chết khát.,A2
w9FIqvip19Y_sentence_823.wav,Crossing that desert is dangerous.,Băng qua sa mạc rất nguy hiểm.,A2
w9FIqvip19Y_sentence_824.wav,We got lost in the desert with no water or food.,Chúng tôi lạc trong sa mạc không có nước và thức ăn.,A2
w9FIqvip19Y_sentence_825.wav,Prison.,Nhà tù.,A1
w9FIqvip19Y_sentence_826.wav,he will end up in prison.,hắn sẽ kết thúc trong tù.,A1
w9FIqvip19Y_sentence_828.wav,There used to be a prison here.,Ở đây từng có một nhà tù.,A2
w9FIqvip19Y_sentence_830.wav,She is in prison awaiting trial.,Cô ấy đang ở trong tù chờ xét xử.,A2
w9FIqvip19Y_sentence_832.wav,Awake.,Tỉnh táo.,A1
w9FIqvip19Y_sentence_834.wav,She was awoken by the noise.,Cô ấy bị đánh thức bởi tiếng ồn.,A2
w9FIqvip19Y_sentence_835.wav,I awoke several times during the night.,Tôi thức dậy nhiều lần trong đêm.,A2
w9FIqvip19Y_sentence_837.wav,Are you still awake?,Anh vẫn còn thức à?,A1
w9FIqvip19Y_sentence_856.wav,"A lot of my friends were there, John and Mary for instance.","Rất nhiều bạn bè của tôi đã ở đó, ví dụ như John và Mary.",A2
w9FIqvip19Y_sentence_868.wav,Stop dragging your heels.,Đừng có lê gót nữa.,A1
w9FIqvip19Y_sentence_870.wav,Heel.,Heel.,A1
w9FIqvip19Y_sentence_902.wav,Register.,Đăng ký.,A1
w9FIqvip19Y_sentence_907.wav,The car was registered under my name.,Chiếc xe được đăng ký dưới tên tôi.,A2
wucc1NAphz4_sentence_040.wav,Do you think we can find someone to replace him?,Anh nghĩ chúng ta có thể tìm ai đó thay thế anh ta không?,A2
wucc1NAphz4_sentence_1004.wav,Maybe he'll come. Maybe he won't.,"Có thể anh ta sẽ đến, có thể không.",A1
wucc1NAphz4_sentence_1036.wav,You're asking the wrong question.,Anh hỏi sai rồi.,A2
wucc1NAphz4_sentence_1037.wav,It is wrong to tell a lie.,Nói dối là sai.,A2
wucc1NAphz4_sentence_1045.wav,Are you looking for anyone in particular?,Anh có đang tìm ai đặc biệt không?,A2
wucc1NAphz4_sentence_1082.wav,What's your favorite novel?,Tiểu thuyết yêu thích của bạn là gì?,A1
wucc1NAphz4_sentence_1089.wav,"Don't worry, it's not important.","Đừng lo, không quan trọng đâu.",A1
wucc1NAphz4_sentence_109.wav,The patient got better little by little.,Bệnh nhân dần dần khoẻ lên.,A2
wucc1NAphz4_sentence_112.wav,I'm not a patient person.,Tôi không phải là người kiên nhẫn.,A2
wucc1NAphz4_sentence_144.wav,The sun has disappeared behind a cloud.,Mặt trời đã biến mất sau một đám mây.,A2
wucc1NAphz4_sentence_156.wav,I'll make the decision on my own.,Tôi sẽ tự quyết định.,A2
wucc1NAphz4_sentence_159.wav,Have you made a decision yet?,Anh đã quyết định chưa?,A1
wucc1NAphz4_sentence_162.wav,Have you school?,Bạn có đi học không?,A1
wucc1NAphz4_sentence_211.wav,They don't get along together.,Họ không hòa hợp với nhau.,A2
wucc1NAphz4_sentence_268.wav,She quickly opened the door.,Cô nhanh chóng mở cửa.,A1
wucc1NAphz4_sentence_269.wav,We need to do this quickly.,Chúng ta cần làm nhanh.,A1
wucc1NAphz4_sentence_278.wav,He has been dead for ten years.,Ông ấy đã chết 10 năm rồi.,A2
wucc1NAphz4_sentence_288.wav,Are you jealous of me?,Anh ghen tị với em à?,A1
wucc1NAphz4_sentence_362.wav,My apartment is near here.,Căn hộ của tôi ở gần đây.,A1
wucc1NAphz4_sentence_373.wav,This coffee is too bitter.,Cà phê này đắng quá.,A1
wucc1NAphz4_sentence_385.wav,We managed to get there on time.,Chúng tôi đã đến đó đúng giờ.,A2
wucc1NAphz4_sentence_396.wav,Success depends mostly on effort.,Thành công phụ thuộc chủ yếu vào nỗ lực.,A2
wucc1NAphz4_sentence_432.wav,How long will this cold weather continue?,Thời tiết lạnh này sẽ còn tiếp diễn bao lâu nữa?,A2
wucc1NAphz4_sentence_435.wav,I'll be with you as soon as I finish this job.,Tôi sẽ ở bên anh ngay khi xong việc.,A2
wucc1NAphz4_sentence_437.wav,I have to finish my homework by tomorrow.,Ngày mai con phải làm xong bài tập.,A1
wucc1NAphz4_sentence_443.wav,"Hurry up, otherwise you'll be late for school.","Nhanh lên, nếu không con sẽ trễ học đấy.",A1
wucc1NAphz4_sentence_447.wav,That explanation is unlikely to be true.,Lời giải thích đó không có vẻ đúng.,A2
wucc1NAphz4_sentence_497.wav,She leaned on my shoulder.,Cô ấy dựa vào vai tôi.,A1
wucc1NAphz4_sentence_511.wav,Coffee,Cà phê,A1
wucc1NAphz4_sentence_522.wav,She looks like her mother.,Nó trông giống mẹ nó.,A1
wucc1NAphz4_sentence_560.wav,That house is ugly.,Ngôi nhà đó xấu quá.,A1
wucc1NAphz4_sentence_597.wav,I'd like to become a doctor.,Tôi muốn trở thành bác sĩ.,A1
wucc1NAphz4_sentence_603.wav,He used to smoke two packs of cigarettes a day.,Ông thường hút hai gói thuốc lá một ngày.,A2
wucc1NAphz4_sentence_606.wav,Please accept my sincere apologies.,Xin hãy chấp nhận lời xin lỗi chân thành của tôi.,A1
wucc1NAphz4_sentence_611.wav,I don't think he is sincere.,Tôi không nghĩ anh ta thành thật.,A2
wucc1NAphz4_sentence_639.wav,Knock on the door before you enter the room.,Gõ cửa trước khi bước vào phòng.,A1
wucc1NAphz4_sentence_644.wav,They won't allow us to enter the garden.,Họ không cho chúng ta vào vườn.,A2
wucc1NAphz4_sentence_659.wav,Please light a candle.,Xin hãy thắp một ngọn nến.,A1
wucc1NAphz4_sentence_686.wav,Speak slowly and clearly.,Nói chậm rãi và rõ ràng.,A1
wucc1NAphz4_sentence_697.wav,He rarely gets angry.,Anh ta hiếm khi nổi giận.,A2
wucc1NAphz4_sentence_705.wav,That company went bankrupt.,Công ty đó phá sản.,A2
wucc1NAphz4_sentence_714.wav,I have confidence in his abilities.,Tôi tin tưởng vào khả năng của anh ấy.,A1
wucc1NAphz4_sentence_728.wav,Her anxiety was apparent to everyone.,Sự lo lắng của cô ấy là rõ ràng với tất cả mọi người.,A2
wucc1NAphz4_sentence_747.wav,He pointed to a spot beyond the trees.,Ông chỉ một điểm bên kia những cái cây.,A2
wucc1NAphz4_sentence_750.wav,Divorce is becoming more common nowadays.,Ly hôn ngày càng trở nên phổ biến.,A2
wucc1NAphz4_sentence_777.wav,It's absolutely impossible.,Điều đó hoàn toàn không thể.,A1
wucc1NAphz4_sentence_778.wav,We have absolutely nothing in common.,Chúng ta hoàn toàn không có điểm chung nào cả.,A2
wucc1NAphz4_sentence_817.wav,Extremely.,Rất nhiều.,A2
wucc1NAphz4_sentence_820.wav,This is an extremely important point.,Đây là một điểm cực kỳ quan trọng.,A2
wucc1NAphz4_sentence_831.wav,Broad. The valley is three miles long and half a mile broad. The company has a broad range of experience. The room is very broad.,Rộng. Thung lũng dài ba dặm và rộng nửa dặm. Công ty có nhiều kinh nghiệm. Căn phòng rất rộng.,B1
wucc1NAphz4_sentence_857.wav,It really annoys me when people forget to say thank you.,Thật khó chịu khi người ta quên nói cảm ơn.,A2
wucc1NAphz4_sentence_871.wav,It's useless trying to change her mind.,Cố gắng thay đổi ý định của cô ấy là vô ích.,A2
wucc1NAphz4_sentence_905.wav,Do you think I'm ugly?,Anh có nghĩ tôi xấu xí không?,A1
wucc1NAphz4_sentence_914.wav,I owe you a sincere apology.,Tôi nợ anh một lời xin lỗi chân thành.,A1
wucc1NAphz4_sentence_936.wav,How far is the next gas station?,Trạm xăng kế tiếp còn bao xa?,A2
wucc1NAphz4_sentence_956.wav,I rarely stay at home on Sundays.,Tôi hiếm khi ở nhà vào Chủ nhật.,A2
wucc1NAphz4_sentence_973.wav,His wife's death was a great blow to him.,Cái chết của vợ ông là một cú đánh mạnh vào ông.,A2
wucc1NAphz4_sentence_984.wav,Prices will continue to rise.,Giá sẽ tiếp tục tăng.,A2
xRFTtFcL6ZM_sentence_010.wav,I have a friend whose father is a famous doctor.,Tôi có một người bạn có cha là một bác sĩ nổi tiếng.,A2
xRFTtFcL6ZM_sentence_021.wav,Her father has been an alcoholic for many years.,Cha cô là một người nghiện rượu trong nhiều năm.,A2
xRFTtFcL6ZM_sentence_024.wav,Vocabulary.,Vocabulary (bằng tiếng Anh).,A2
xRFTtFcL6ZM_sentence_038.wav,Do you know the old lady at the gate?,Anh có biết bà già ở cổng không?,A1
xRFTtFcL6ZM_sentence_042.wav,"May I have your attention, ladies and gentlemen.","Xin quý vị chú ý, thưa quý vị.",A2
xRFTtFcL6ZM_sentence_053.wav,This is the best restaurant in town.,Đây là nhà hàng ngon nhất trong thành phố.,A1
xRFTtFcL6ZM_sentence_079.wav,"When you blame others, you give up your power to change.","Khi bạn đổ lỗi cho người khác, bạn đã từ bỏ sức mạnh để thay đổi.",A2
xRFTtFcL6ZM_sentence_110.wav,This book isn't worth reading.,Cuốn sách này không đáng để đọc.,A1
xRFTtFcL6ZM_sentence_131.wav,I'll see you next Monday.,Thứ hai tuần sau gặp lại.,A1
xRFTtFcL6ZM_sentence_171.wav,He seems to know us.,Có vẻ như hắn biết chúng ta.,A2
xRFTtFcL6ZM_sentence_173.wav,Are you sure you don't want to go with us?,Anh có chắc là không muốn đi với chúng tôi không?,A1
xRFTtFcL6ZM_sentence_180.wav,You have a beautiful smile.,Cô có nụ cười đẹp.,A1
xRFTtFcL6ZM_sentence_183.wav,Can you ride a horse?,Anh cưỡi ngựa được không?,A1
xRFTtFcL6ZM_sentence_185.wav,I'll give you a ride home.,Tôi sẽ đưa cô về nhà.,A1
xRFTtFcL6ZM_sentence_193.wav,There is a small lake in front of my house.,Có một cái hồ nhỏ trước nhà tôi.,A1
xRFTtFcL6ZM_sentence_197.wav,I'm proud to be a part of this project.,Tôi tự hào là một phần của dự án này.,A1
xRFTtFcL6ZM_sentence_210.wav,Word,Từ,A1
xRFTtFcL6ZM_sentence_214.wav,How do you spell that word?,Anh đánh vần từ đó thế nào?,A1
xRFTtFcL6ZM_sentence_229.wav,Paper.,Giấy.,A1
xRFTtFcL6ZM_sentence_238.wav,Most skin cancers are curable.,Hầu hết các bệnh ung thư da đều có thể chữa khỏi.,A2
xRFTtFcL6ZM_sentence_247.wav,Fever is highly contagious.,Sốt rất dễ lây.,A2
xRFTtFcL6ZM_sentence_275.wav,I don't enjoy travelling in large groups.,Tôi không thích đi theo nhóm lớn.,A2
xRFTtFcL6ZM_sentence_308.wav,You don't have to pay attention to what he says.,Bạn không cần phải chú ý đến những gì anh ấy nói.,A2
xRFTtFcL6ZM_sentence_309.wav,Buck,Buck,A1
xRFTtFcL6ZM_sentence_313.wav,He's writing a book about his experiences.,Anh ấy đang viết một cuốn sách về những trải nghiệm của mình.,A1
xRFTtFcL6ZM_sentence_325.wav,It's a pleasure to be here.,Thật là một vinh hạnh khi được ở đây.,A1
xRFTtFcL6ZM_sentence_326.wav,Thank you for your help. It's my pleasure.,"Cảm ơn sự giúp đỡ của anh, rất hân hạnh.",A1
xRFTtFcL6ZM_sentence_327.wav,It's been a pleasure working with you.,Rất vui được làm việc với anh.,A2
xRFTtFcL6ZM_sentence_332.wav,I was asked to open the gate.,Tôi được yêu cầu mở cổng.,A1
xRFTtFcL6ZM_sentence_344.wav,BISNESS Are you seriously thinking about starting your own business? He is in the oil business.,BISNESS Bạn có thực sự nghĩ về việc bắt đầu kinh doanh của riêng bạn? Anh ta đang kinh doanh dầu.,A2
xRFTtFcL6ZM_sentence_347.wav,He is in the oil business.,Ông ta làm trong ngành kinh doanh dầu.,A2
xRFTtFcL6ZM_sentence_348.wav,Flight.,Bay.,A2
xRFTtFcL6ZM_sentence_350.wav,All flights have been cancelled because of fog.,Tất cả các chuyến bay đã bị huỷ vì sương mù.,A2
xRFTtFcL6ZM_sentence_364.wav,Please don't waste water.,Xin đừng lãng phí nước.,A1
xRFTtFcL6ZM_sentence_368.wav,Some of my friends can speak English very well.,Một vài người bạn của tôi có thể nói tiếng Anh rất tốt.,A2
xRFTtFcL6ZM_sentence_377.wav,It would be a shame to give up now.,Sẽ thật xấu hổ nếu từ bỏ ngay bây giờ.,A2
xRFTtFcL6ZM_sentence_391.wav,We're almost there.,Chúng ta sắp tới nơi rồi.,A1
xRFTtFcL6ZM_sentence_393.wav,They have lived there for ten years.,Họ đã sống ở đó mười năm.,A2
xRFTtFcL6ZM_sentence_404.wav,He is a man of wealth and power.,Ông ấy là người giàu có và quyền lực.,A2
xRFTtFcL6ZM_sentence_407.wav,Do you have any soft drinks?,Anh có nước ngọt không?,A1
xRFTtFcL6ZM_sentence_415.wav,What is your greatest weakness?,Điểm yếu lớn nhất của anh là gì?,A2
xRFTtFcL6ZM_sentence_417.wav,Do you know your strengths and weaknesses?,Bạn có biết điểm mạnh và điểm yếu của mình không?,A2
xRFTtFcL6ZM_sentence_420.wav,I'm feeling embarrassed right now.,Tôi đang cảm thấy xấu hổ.,A1
xRFTtFcL6ZM_sentence_431.wav,Yes.,Vâng.,A1
xRFTtFcL6ZM_sentence_432.wav,"Yes, you're absolutely right.","Vâng, anh hoàn toàn đúng.",A1
xRFTtFcL6ZM_sentence_450.wav,I'm pretty sure you will succeed.,Tôi khá chắc là anh sẽ thành công.,A1
xRFTtFcL6ZM_sentence_453.wav,Female,Giọng nam ở MỹFestivalVoiceName,A2
xRFTtFcL6ZM_sentence_467.wav,She is a friend of theirs.,Cô ấy là bạn của họ.,A2
xRFTtFcL6ZM_sentence_471.wav,I have neither time nor money for that.,Tôi không có thời gian hay tiền bạc cho việc đó.,A2
xRFTtFcL6ZM_sentence_480.wav,I want to spend more time with my family.,Tôi muốn dành nhiều thời gian hơn cho gia đình.,A1
xRFTtFcL6ZM_sentence_481.wav,There are five people in my family.,Có 5 người trong gia đình tôi.,A1
xRFTtFcL6ZM_sentence_485.wav,He gave me a brief outline of the plan.,Ông ấy đã cho tôi một bản phác thảo ngắn gọn về kế hoạch.,A2
xRFTtFcL6ZM_sentence_489.wav,Meeting,Cuộc họp,A1
xRFTtFcL6ZM_sentence_490.wav,He didn't attend the meeting.,Anh ta không tham dự cuộc họp.,A2
xRFTtFcL6ZM_sentence_495.wav,The meeting was postponed.,Cuộc họp đã bị hoãn lại.,A2
xRFTtFcL6ZM_sentence_503.wav,Step.,Bước.,A1
xRFTtFcL6ZM_sentence_504.wav,He took a step towards the door.,Nó bước một bước ra cửa.,A1
xRFTtFcL6ZM_sentence_506.wav,She stepped aside to let them pass.,Cô bước sang một bên để họ đi qua.,A2
xRFTtFcL6ZM_sentence_512.wav,The job requires special training.,Công việc đòi hỏi phải được đào tạo đặc biệt.,A2
xRFTtFcL6ZM_sentence_523.wav,I bet you wish he'd come here to talk to you. I'll bet you fifteen dollars you won't find a single scratch.,"Tôi cá là anh sẽ muốn hắn đến đây nói chuyện với anh, tôi cá 15 đô anh sẽ không tìm thấy một vết xước nào.",A2
xRFTtFcL6ZM_sentence_525.wav,I bet you wish he'd come here to talk to you. Fly.,Tôi cá là anh ước gì hắn tới đây để nói chuyện với anh.,A2
xRFTtFcL6ZM_sentence_534.wav,"List the name, age, and sex of each person in your family.","Liệt kê tên, tuổi, và giới tính của từng thành viên trong gia đình.",A2
xRFTtFcL6ZM_sentence_539.wav,Successfully.,Thành công.,A1
xRFTtFcL6ZM_sentence_540.wav,Your email has been sent successfully.,Email của bạn đã được gửi thành công.,A2
xRFTtFcL6ZM_sentence_545.wav,I successfully passed the exam.,Tôi đã vượt qua kỳ thi.,A1
xqyaKzZX__4_sentence_004.wav,I'm under so much pressure now.,Giờ tôi đang chịu quá nhiều áp lực.,A2
xqyaKzZX__4_sentence_013.wav,Do you know when he will come?,Anh có biết khi nào anh ta sẽ đến không?,A1
xqyaKzZX__4_sentence_019.wav,Ticket.,Vé.,A1
xqyaKzZX__4_sentence_030.wav,I have a job interview today at 2.30.,Tôi có cuộc phỏng vấn xin việc lúc 2: 30.,A1
xqyaKzZX__4_sentence_031.wav,How was the interview?,Buổi phỏng vấn thế nào?,A1
xqyaKzZX__4_sentence_033.wav,Young.,Young.,A1
xqyaKzZX__4_sentence_036.wav,She looks very young.,Cô ấy trông rất trẻ.,A1
xqyaKzZX__4_sentence_041.wav,Are you still at the office?,Anh vẫn còn ở văn phòng chứ?,A1
xqyaKzZX__4_sentence_043.wav,I easily found his office.,Tôi dễ dàng tìm thấy văn phòng của ông ta.,A1
xqyaKzZX__4_sentence_047.wav,Please limit your presentation to 30 minutes.,Xin giới hạn thời gian cho bài thuyết trình của bạn là 30 phút.,A2
xqyaKzZX__4_sentence_068.wav,We use a lot of water every day.,Chúng ta dùng rất nhiều nước mỗi ngày.,A1
xqyaKzZX__4_sentence_076.wav,It's a very effective solution.,Đó là một giải pháp rất hiệu quả.,A2
xqyaKzZX__4_sentence_102.wav,I bought this dress at a low price.,Tôi mua cái áo này với giá rẻ.,A2
xqyaKzZX__4_sentence_103.wav,Please speak in a low voice.,Làm ơn nói nhỏ thôi.,A1
xqyaKzZX__4_sentence_108.wav,I believe that you will overcome this challenge.,Tôi tin rằng anh sẽ vượt qua được thử thách này.,A2
xqyaKzZX__4_sentence_112.wav,There is a crowd of women around him.,Có một đám đông phụ nữ xung quanh anh ta.,A2
xqyaKzZX__4_sentence_117.wav,The boy was lost in the crowd.,Cậu bé đã mất tích trong đám đông.,A2
xqyaKzZX__4_sentence_139.wav,Bus. I sometimes go to school by bus. She advised him to walk instead of taking a bus. Where's the nearest bus stop? I sometimes go to school by bus. She advised him to walk instead of taking a bus. Where's the nearest bus stop? Sentence.,Xe buýt. Đôi khi tôi đi học bằng xe buýt. Cô khuyên nó đi bộ thay vì đi xe buýt. Trạm xe buýt gần nhất ở đâu? Đôi khi tôi đi học bằng xe buýt. Cô khuyên nó đi bộ thay vì đi xe buýt. Trạm xe buýt gần nhất ở đâu? Bản án.,B1
xqyaKzZX__4_sentence_143.wav,Make a sentence with this word.,Tạo một câu với từ này.,A1
xqyaKzZX__4_sentence_188.wav,She is trying to complete her homework.,Cô ấy đang cố gắng hoàn thành bài tập về nhà.,A1
xqyaKzZX__4_sentence_192.wav,He will go home right after completing his work.,Anh ấy sẽ về nhà ngay sau khi hoàn thành công việc.,A2
xqyaKzZX__4_sentence_202.wav,Would anyone like more coffee?,Có ai muốn uống thêm cà phê không?,A1
xqyaKzZX__4_sentence_210.wav,I need absolute silence when I'm working.,Tôi cần sự im lặng tuyệt đối khi làm việc.,A2
xqyaKzZX__4_sentence_227.wav,The storm didn't cause any damage.,Cơn bão không gây ra bất kỳ thiệt hại nào.,A2
xqyaKzZX__4_sentence_239.wav,This book is suitable for beginners.,Cuốn sách này phù hợp với người mới bắt đầu.,A2
xqyaKzZX__4_sentence_245.wav,I ran out of breath.,Tôi hết hơi.,A1
xqyaKzZX__4_sentence_257.wav,He begins the day with some exercises.,Anh bắt đầu ngày mới với một số bài tập.,A1
xqyaKzZX__4_sentence_263.wav,I feel happy when I'm with you.,Em cảm thấy hạnh phúc khi ở bên anh.,A1
xqyaKzZX__4_sentence_264.wav,"He's rich, but he's not happy.","Hắn giàu, nhưng không hạnh phúc.",A1
xqyaKzZX__4_sentence_267.wav,Give,Cho,A1
xqyaKzZX__4_sentence_271.wav,"Come on, give me a chance.","Thôi nào, cho tôi một cơ hội đi.",A1
xqyaKzZX__4_sentence_272.wav,I advised him to give up smoking.,Tôi khuyên anh ta bỏ thuốc lá.,A2
xqyaKzZX__4_sentence_282.wav,Who's your favorite writer?,Nhà văn yêu thích của bạn là ai?,A1
xqyaKzZX__4_sentence_285.wav,This is a restricted area.,Đây là khu vực cấm.,A1
xqyaKzZX__4_sentence_290.wav,That is outside my area of expertise.,Đó là ngoài phạm vi chuyên môn của tôi.,A2
xqyaKzZX__4_sentence_291.wav,Them.,Họ.,A1
xqyaKzZX__4_sentence_296.wav,Easily.,Dễ dàng.,A1
xqyaKzZX__4_sentence_305.wav,I have a lot of things to do today.,Hôm nay tôi có nhiều việc phải làm.,A1
xqyaKzZX__4_sentence_321.wav,I think he's a great man.,Tôi nghĩ ông ấy là một người vĩ đại.,A1
xqyaKzZX__4_sentence_375.wav,This is a very time-consuming task.,Đây là một nhiệm vụ rất tốn thời gian.,A2
xqyaKzZX__4_sentence_381.wav,Vietnam is a friendly country.,Việt Nam là một nước thân thiện.,A1
xqyaKzZX__4_sentence_382.wav,Your father seems very friendly.,Cha cô có vẻ rất thân thiện.,A1
xqyaKzZX__4_sentence_415.wav,Old.,Già.,A1
xqyaKzZX__4_sentence_417.wav,How old is your father?,Cha cô bao nhiêu tuổi?,A1
xqyaKzZX__4_sentence_419.wav,Who is that old woman?,Bà già đó là ai vậy?,A1
xqyaKzZX__4_sentence_421.wav,How old do you think I am?,Anh nghĩ tôi bao nhiêu tuổi?,A1
xqyaKzZX__4_sentence_425.wav,Could you please tell me again why you are late?,Anh có thể nói lại cho tôi biết tại sao anh đến muộn không?,A1
xqyaKzZX__4_sentence_432.wav,He lives in that yellow house.,Nó sống trong căn nhà màu vàng đó.,A1
xqyaKzZX__4_sentence_433.wav,My favorite color is yellow.,Màu yêu thích của tôi là vàng.,A1
xqyaKzZX__4_sentence_436.wav,That's the building where my dad works.,Đó là tòa nhà bố tôi làm việc.,A2
xqyaKzZX__4_sentence_437.wav,"You don't know my dad, do you?","Anh không biết bố tôi, phải không?",A2
xqyaKzZX__4_sentence_438.wav,My mom is two years younger than my dad.,Mẹ tôi nhỏ hơn bố tôi hai tuổi.,A2
xqyaKzZX__4_sentence_447.wav,She was very surprised when she heard the news.,Cô ấy rất ngạc nhiên khi nghe tin.,A2
xqyaKzZX__4_sentence_456.wav,We grow vegetables in our garden.,Chúng tôi trồng rau trong vườn.,A1
xqyaKzZX__4_sentence_459.wav,Can you deliver it to my house?,Anh có thể chuyển nó đến nhà tôi không?,A2
xqyaKzZX__4_sentence_460.wav,We can deliver it this evening.,Chúng ta có thể giao nó tối nay.,A2
xqyaKzZX__4_sentence_471.wav,His room is twice as large as mine.,Phòng của hắn to gấp đôi phòng tôi.,A2
xqyaKzZX__4_sentence_474.wav,I borrowed this book from him.,Tôi mượn cuốn sách này từ ông ấy.,A1
xqyaKzZX__4_sentence_479.wav,Sunday,Chủ nhật,A1
xqyaKzZX__4_sentence_504.wav,They're not sure if they could provide accommodation for the whole group.,Họ không chắc liệu họ có thể cung cấp chỗ ở cho cả nhóm hay không.,A2
xqyaKzZX__4_sentence_527.wav,It's a big grass.,Đó là một đám cỏ lớn.,A1
xqyaKzZX__4_sentence_532.wav,Metal,Kim loại,A1
xqyaKzZX__4_sentence_544.wav,We apologize for the mistake and promise that it won't happen again.,Chúng tôi xin lỗi vì sai lầm và hứa sẽ không tái phạm.,A2
xqyaKzZX__4_sentence_553.wav,Wedding.,Đám cưới.,A1
yW9sxTNzvIQ_sentence_040.wav,He didn't have the courage to try it again.,Anh ta không có can đảm để thử lại lần nữa.,A2
yW9sxTNzvIQ_sentence_051.wav,It's important to keep your body in good condition.,Giữ cơ thể khoẻ mạnh là điều quan trọng.,A2
yW9sxTNzvIQ_sentence_059.wav,"The sign said Private Property, Keep Out.","Biển báo ghi là tài sản riêng, tránh xa.",A2
yW9sxTNzvIQ_sentence_065.wav,You must attach this label to your suitcase.,Bạn phải dán nhãn này vào va li.,A2
yW9sxTNzvIQ_sentence_072.wav,We received a flood of phone calls yesterday.,Chúng tôi nhận được rất nhiều cuộc gọi ngày hôm qua.,A2
yW9sxTNzvIQ_sentence_076.wav,Many roads and fields were flooded.,Nhiều con đường và cánh đồng bị ngập lụt.,A2
yW9sxTNzvIQ_sentence_120.wav,"The challenges are daunting, but we can overcome them.","Những thử thách thật khó khăn, nhưng chúng ta có thể vượt qua.",B1
yW9sxTNzvIQ_sentence_128.wav,"Although he's nearly 80, he is still very active.","Mặc dù gần 80 tuổi, ông vẫn rất năng động.",A2
yW9sxTNzvIQ_sentence_130.wav,You need to be more active.,Anh cần phải năng động hơn.,A1
yW9sxTNzvIQ_sentence_147.wav,"I have to lose weight, so I'm on a diet.","Tôi phải giảm cân, nên tôi đang ăn kiêng.",A2
yW9sxTNzvIQ_sentence_151.wav,Today is a national holiday.,Hôm nay là ngày lễ quốc gia.,A2
yW9sxTNzvIQ_sentence_156.wav,Don't ever mention his name again.,Đừng bao giờ nhắc đến tên hắn nữa.,A1
yW9sxTNzvIQ_sentence_198.wav,They're related to each other.,Chúng có liên quan với nhau.,A1
yW9sxTNzvIQ_sentence_212.wav,I have nothing to hide.,Tôi không có gì phải giấu cả.,A1
yW9sxTNzvIQ_sentence_213.wav,He hid in an abandoned building.,Hắn trốn trong một toà nhà bỏ hoang.,A2
yW9sxTNzvIQ_sentence_216.wav,At least I tried to do something.,Ít nhất tôi đã cố làm gì đó.,A1
yW9sxTNzvIQ_sentence_226.wav,You'll pass a bank on the way to the station.,Anh sẽ đi qua một ngân hàng trên đường tới nhà ga.,A2
yW9sxTNzvIQ_sentence_232.wav,I paused at the door and looked back.,Tôi dừng lại ở cửa và nhìn lại.,A2
yW9sxTNzvIQ_sentence_256.wav,"He sat at his desk all morning, but he didn't write much.","Ông ngồi ở bàn làm việc cả buổi sáng, nhưng ông không viết nhiều.",A2
yW9sxTNzvIQ_sentence_302.wav,Chapter,Chương 10 :,A2
yW9sxTNzvIQ_sentence_303.wav,This book is divided into 25 chapters.,Cuốn sách này được chia thành 25 chương.,A2
yW9sxTNzvIQ_sentence_310.wav,You need to communicate your ideas more effectively.,Bạn cần truyền đạt ý tưởng của mình hiệu quả hơn.,A2
yW9sxTNzvIQ_sentence_343.wav,How do you feel about it?,Anh cảm thấy sao về chuyện đó?,A1
yW9sxTNzvIQ_sentence_352.wav,Approval.,Phê duyệt.,A1
yW9sxTNzvIQ_sentence_355.wav,I asked for their approval.,Tôi đã yêu cầu sự chấp thuận của họ.,A2
yW9sxTNzvIQ_sentence_361.wav,Stress is a very serious problem in today's society.,Căng thẳng là một vấn đề rất nghiêm trọng trong xã hội ngày nay.,B1
yW9sxTNzvIQ_sentence_362.wav,Recommend,Đề nghị,A2
yW9sxTNzvIQ_sentence_366.wav,A friend recommended this restaurant.,Một người bạn đã giới thiệu nhà hàng này.,A1
yW9sxTNzvIQ_sentence_367.wav,Can you recommend a good hotel?,Anh có thể giới thiệu một khách sạn tốt không?,A2
yW9sxTNzvIQ_sentence_372.wav,Do you really want to drop out of school?,Em thật sự muốn bỏ học à?,A1
yW9sxTNzvIQ_sentence_404.wav,Our current revenues are certainly lower than anticipated.,Doanh thu hiện tại của chúng tôi chắc chắn là thấp hơn dự đoán.,A2
yW9sxTNzvIQ_sentence_422.wav,The band always draws a large crowd.,Ban nhạc luôn thu hút một đám đông lớn.,A2
yW9sxTNzvIQ_sentence_432.wav,Their marriage broke up last year.,"Năm ngoái, cuộc hôn nhân của họ tan vỡ.",A2
yW9sxTNzvIQ_sentence_436.wav,"You can set the table. Meanwhile, I'll start making dinner.",Anh có thể dọn bàn trong khi tôi chuẩn bị bữa tối.,A2
yW9sxTNzvIQ_sentence_451.wav,She's decided not to accept the job.,Cô ấy quyết định không nhận công việc.,A2
yW9sxTNzvIQ_sentence_455.wav,They stared at me with wide eyes.,Họ nhìn tôi chằm chằm với đôi mắt mở to.,A2
yW9sxTNzvIQ_sentence_472.wav,We don't want to create any new problems.,Chúng ta không muốn tạo ra bất kỳ vấn đề mới nào.,A2
yW9sxTNzvIQ_sentence_478.wav,He has trouble remembering names.,Nó không nhớ tên được.,A2
yY0BaDXBSbk_sentence_000.wav,Significant.,Đáng kể.,A2
yY0BaDXBSbk_sentence_017.wav,You're starting to annoy me.,Anh bắt đầu làm tôi khó chịu rồi đấy.,A2
yY0BaDXBSbk_sentence_050.wav,My desire is to help you with this problem.,Mong muốn của tôi là giúp anh giải quyết vấn đề này.,A2
yY0BaDXBSbk_sentence_077.wav,Stand aside and let these people pass.,Tránh qua một bên và để những người này đi qua.,A2
yY0BaDXBSbk_sentence_078.wav,He took me aside to give me some advice.,Anh ta kéo tôi sang một bên để cho tôi vài lời khuyên.,A2
yY0BaDXBSbk_sentence_107.wav,He is very humorous.,Anh ta rất hài hước.,A1
yY0BaDXBSbk_sentence_108.wav,What are your favorite humorous movies?,Bạn thích bộ phim hài nào nhất?,A1
yY0BaDXBSbk_sentence_112.wav,We value our customers.,Chúng tôi coi trọng khách hàng.,A2
yY0BaDXBSbk_sentence_129.wav,We went down to the valley.,Chúng tôi đi xuống thung lũng.,A2
yY0BaDXBSbk_sentence_161.wav,I couldn't go out because of the snow.,Tôi không thể ra ngoài vì tuyết.,A1
yY0BaDXBSbk_sentence_164.wav,She finished the job with ease.,Cô ấy hoàn thành công việc một cách dễ dàng.,A2
yY0BaDXBSbk_sentence_167.wav,Give me something to ease the pain.,Cho tôi thứ gì đó để giảm đau.,A1
yY0BaDXBSbk_sentence_174.wav,Give me a chance to prove it.,Cho tôi một cơ hội để chứng minh điều đó.,A1
yY0BaDXBSbk_sentence_176.wav,I know you're lying. Prove it.,"Tôi biết anh đang nói dối, chứng minh đi.",A1
yY0BaDXBSbk_sentence_180.wav,This doesn't prove anything.,Điều này không chứng minh được gì cả.,A1
yY0BaDXBSbk_sentence_183.wav,The road ahead was blocked. Go ahead with your story.,Con đường phía trước đã bị chặn.,A2
yY0BaDXBSbk_sentence_193.wav,I will be there in fifteen minutes.,Tôi sẽ đến đó trong 15 phút nữa.,A1
yY0BaDXBSbk_sentence_257.wav,She jumped for joy at the news.,Cô bé nhảy lên vì vui mừng khi nghe tin.,A2
yY0BaDXBSbk_sentence_267.wav,She's eating an apple.,Cô ấy đang ăn táo.,A1
yY0BaDXBSbk_sentence_282.wav,"None of these books are worth reading, but","Không có cuốn nào đáng đọc, nhưng",A2
yY0BaDXBSbk_sentence_289.wav,Who remind?,Ai nhắc nhở?,A2
yY0BaDXBSbk_sentence_297.wav,Please remind me to call John at 8 a.m.,Làm ơn nhắc tôi gọi cho John lúc 8 giờ sáng.,A2
yY0BaDXBSbk_sentence_301.wav,Is there a flight in the morning?,Sáng mai có chuyến bay nào không?,A1
yY0BaDXBSbk_sentence_311.wav,She has already left the office.,Cô ấy đã rời văn phòng rồi.,A1
yY0BaDXBSbk_sentence_312.wav,Heavy brain.,Não nặng.,A2
yY0BaDXBSbk_sentence_313.wav,The brain is the center of the nervous system.,Não bộ là trung tâm của hệ thần kinh.,A2
yY0BaDXBSbk_sentence_314.wav,Brain,Não,A1
yY0BaDXBSbk_sentence_326.wav,I don't see any significant difference.,Tôi không thấy có sự khác biệt đáng kể nào.,A2
yY0BaDXBSbk_sentence_333.wav,I'd like to be a dentist in the future.,Tôi muốn trở thành nha sĩ trong tương lai.,A2
yY0BaDXBSbk_sentence_343.wav,Apartment,Căn hộ,A1
yY0BaDXBSbk_sentence_376.wav,I'm afraid that I might make you angry.,Tôi sợ rằng tôi có thể làm cho bạn tức giận.,A2
yY0BaDXBSbk_sentence_392.wav,There were no empty seats on the bus.,Không có chỗ trống trên xe buýt.,A2
yY0BaDXBSbk_sentence_398.wav,"I must say, I'm a bit disappointed.",Phải nói là tôi hơi thất vọng.,A2
yY0BaDXBSbk_sentence_399.wav,"The less you know about him, the less disappointed you are.","Bạn càng biết ít về anh ấy, bạn càng ít thất vọng.",A2
yY0BaDXBSbk_sentence_431.wav,Yesterday they fired seven employees.,Hôm qua họ sa thải 7 nhân viên.,A2
yY0BaDXBSbk_sentence_476.wav,Remind me to give this to him.,Nhớ nhắc tôi đưa cái này cho anh ta.,A1
yY0BaDXBSbk_sentence_523.wav,Two-thirds of the employees of this company are engineers.,Hai phần ba nhân viên của công ty này là kỹ sư.,B1
yY0BaDXBSbk_sentence_533.wav,There's just one tiny problem.,Chỉ có một vấn đề nhỏ.,A1
yY0BaDXBSbk_sentence_534.wav,This insect is tiny but very dangerous.,Loài côn trùng này tuy nhỏ nhưng rất nguy hiểm.,A2
yY0BaDXBSbk_sentence_564.wav,How did you solve the problem?,Bạn đã giải quyết vấn đề như thế nào?,A1
yY0BaDXBSbk_sentence_571.wav,It seems that she has a tendency to exaggerate things.,Có vẻ như cô ấy có xu hướng phóng đại mọi thứ.,B1
yY0BaDXBSbk_sentence_597.wav,He pretended not to hear me.,Hắn giả vờ không nghe tôi.,A2
yY0BaDXBSbk_sentence_606.wav,Follow.,Theo.,A1
yY0BaDXBSbk_sentence_610.wav,You need to follow your mother's advice.,Con cần làm theo lời khuyên của mẹ.,A1
yY0BaDXBSbk_sentence_662.wav,Factor.,Yếu tố.,A1
yY0BaDXBSbk_sentence_672.wav,Bottle,Chai,A1
yY0BaDXBSbk_sentence_673.wav,Please open the bottle. I think I'll start with a bottle of beer.,"Mở chai đi, tôi nghĩ tôi sẽ bắt đầu với một chai bia.",A1
yY0BaDXBSbk_sentence_694.wav,Disappointed.,Thất vọng.,A2
yY0BaDXBSbk_sentence_711.wav,"My father wants me to be an engineer, said","Cha tôi muốn tôi trở thành một kỹ sư, ông nói",A2
yY0BaDXBSbk_sentence_719.wav,His bicycle is in rusty condition.,Xe đạp của anh ta đang trong tình trạng rỉ sét.,A2
yY0BaDXBSbk_sentence_778.wav,Do you think that dress suits her?,Anh nghĩ bộ váy đó hợp với cổ không?,A1
yY0BaDXBSbk_sentence_817.wav,Poverty was the greatest motivating factor in my life.,Nghèo đói là động lực lớn nhất trong cuộc đời tôi.,A2
yY0BaDXBSbk_sentence_821.wav,Please sit down.,Mời ngồi.,A1
yY0BaDXBSbk_sentence_926.wav,I never thought it'd be this hard to choose a color to paint the kitchen.,Tôi chưa bao giờ nghĩ là lại khó khăn như vậy để chọn màu sơn cho căn bếp.,A2
yY0BaDXBSbk_sentence_946.wav,This sentence has various meanings.,Câu này có nhiều ý nghĩa khác nhau.,A2
yY0BaDXBSbk_sentence_966.wav,He runs as fast as you.,Nó chạy nhanh như anh.,A2
yY0BaDXBSbk_sentence_971.wav,You're speaking a little too fast for me. Would you speak a little more slowly?,Anh nói hơi nhanh so với tôi.,A2
yY0BaDXBSbk_sentence_979.wav,I respect your opinion.,Tôi tôn trọng ý kiến của anh.,A1
yY0BaDXBSbk_sentence_988.wav,The children pretended to be asleep.,Bọn trẻ giả vờ ngủ.,A1
yzQdKLHuq4Y_sentence_047.wav,A mysterious young woman is living next door.,Một cô gái trẻ bí ẩn đang sống ở nhà bên cạnh.,A2
yzQdKLHuq4Y_sentence_077.wav,Spread the map on the table.,Trải bản đồ lên bàn.,A1
yzQdKLHuq4Y_sentence_094.wav,She speaks English with a Vietnamese accent.,Cô nói tiếng Anh với giọng Việt.,A2
yzQdKLHuq4Y_sentence_110.wav,"I'm not sure, she responded.","Tôi không chắc, cô ấy trả lời.",A2
yzQdKLHuq4Y_sentence_166.wav,She deliberately ignored me on the street.,Cô ấy cố tình phớt lờ tôi trên đường.,A2
yzQdKLHuq4Y_sentence_170.wav,"When it comes to music, everyone has their own preferences.","Khi nói đến âm nhạc, mỗi người đều có sở thích riêng.",A2
yzQdKLHuq4Y_sentence_233.wav,What do you infer from her refusal?,Anh suy luận gì từ lời từ chối của cô ta?,A2
yzQdKLHuq4Y_sentence_236.wav,He took her silence as a refusal.,Ông coi sự im lặng của cô như một lời từ chối.,B1
yzQdKLHuq4Y_sentence_247.wav,There's a slight difference between them.,Có một sự khác biệt nhỏ giữa chúng.,A2
yzQdKLHuq4Y_sentence_252.wav,I have a slight fever.,Tôi bị sốt nhẹ.,A1
yzQdKLHuq4Y_sentence_257.wav,I'd like to improve my English pronunciation.,Tôi muốn cải thiện cách phát âm tiếng Anh của tôi.,A2
yzQdKLHuq4Y_sentence_258.wav,Your pronunciation is excellent.,Phát âm của anh rất tuyệt.,A1
yzQdKLHuq4Y_sentence_261.wav,Working.,Đang làm việc.,A1
yzQdKLHuq4Y_sentence_262.wav,They had to work in poor working conditions.,Họ phải làm việc trong điều kiện làm việc tồi tệ.,A2
yzQdKLHuq4Y_sentence_263.wav,She spent most of her working life as a teacher.,Bà dành phần lớn cuộc đời làm giáo viên.,A2
yzQdKLHuq4Y_sentence_266.wav,"I'm sorry, I'm partly responsible for it.","Tôi xin lỗi, tôi chịu trách nhiệm một phần.",A1
yzQdKLHuq4Y_sentence_289.wav,He publicly apologised for his comments.,Ông đã công khai xin lỗi về những bình luận của mình.,A2
yzQdKLHuq4Y_sentence_295.wav,Rude.,Thô lỗ.,A1
yzQdKLHuq4Y_sentence_302.wav,Satisfy.,Thoả mãn.,A1
yzQdKLHuq4Y_sentence_311.wav,It's impossible to satisfy everyone.,Không thể nào làm hài lòng tất cả mọi người.,A2
yzQdKLHuq4Y_sentence_312.wav,Does that answer satisfy you?,Câu trả lời đó có làm anh hài lòng không?,A2
yzQdKLHuq4Y_sentence_326.wav,Uniform.,Đồng phục.,A1
yzQdKLHuq4Y_sentence_327.wav,I hate this uniform.,Tôi ghét bộ đồng phục này.,A1
yzQdKLHuq4Y_sentence_328.wav,Employees are required to wear uniforms.,Nhân viên được yêu cầu mặc đồng phục.,A2
yzQdKLHuq4Y_sentence_329.wav,I pepper.,Tôi tiêu.,A1
yzQdKLHuq4Y_sentence_334.wav,Region,Vùng,A2
yzQdKLHuq4Y_sentence_338.wav,This region has changed significantly since 2010.,Khu vực này đã thay đổi đáng kể kể từ năm 2010.,A2
yzQdKLHuq4Y_sentence_339.wav,The river flooded the entire region.,Con sông đã làm ngập lụt toàn bộ khu vực.,A2
yzQdKLHuq4Y_sentence_368.wav,Her life is full of pain and suffering.,Cuộc sống của cô ấy đầy đau khổ và khổ sở.,A2
yzQdKLHuq4Y_sentence_373.wav,My broken arm took several weeks to heal.,Cánh tay gãy của tôi mất vài tuần để lành.,A2
yzQdKLHuq4Y_sentence_399.wav,he managed to secure a good job.,Anh ta đã tìm được một công việc tốt.,A2
yzQdKLHuq4Y_sentence_475.wav,He is a rude person.,Hắn là một người thô lỗ.,A1
yzQdKLHuq4Y_sentence_515.wav,This account has been banned forever.,Tài khoản này đã bị cấm vĩnh viễn.,A2
yzQdKLHuq4Y_sentence_535.wav,Time heals all wounds.,Thời gian chữa lành mọi vết thương.,A2
yzQdKLHuq4Y_sentence_548.wav,Alcohol depresses the nervous system.,Rượu làm suy yếu hệ thần kinh.,B1
yzQdKLHuq4Y_sentence_584.wav,Indoor.,Trong nhà.,A1
yzQdKLHuq4Y_sentence_585.wav,Do you have an indoor swimming pool?,Bạn có hồ bơi trong nhà không?,A1
yzQdKLHuq4Y_sentence_586.wav,He doesn't like indoor activities.,Nó không thích các hoạt động trong nhà.,A2
yzQdKLHuq4Y_sentence_587.wav,Do you engineering?,Bạn có phải là kỹ sư không?,A1
yzQdKLHuq4Y_sentence_598.wav,Fork.,Fork.,A1
yzQdKLHuq4Y_sentence_600.wav,How many more forks do you need?,Anh cần thêm bao nhiêu nĩa nữa?,A1
yzQdKLHuq4Y_sentence_601.wav,Pork.,Thịt lợn.,A2
yzQdKLHuq4Y_sentence_602.wav,"We usually eat with a knife, fork, and spoon.","Chúng tôi thường ăn bằng dao, nĩa và thìa.",A2
yzQdKLHuq4Y_sentence_649.wav,Consumer.,Người tiêu dùng.,A2
yzQdKLHuq4Y_sentence_661.wav,Enthusiastic.,Rõ ràng.,A2
yzQdKLHuq4Y_sentence_680.wav,Pink.,Màu hồng.,A1
yzQdKLHuq4Y_sentence_681.wav,My favourite colour is pink.,Màu yêu thích của tôi là hồng.,A1
yzQdKLHuq4Y_sentence_682.wav,She painted the wall pink.,Cô ấy sơn bức tường màu hồng.,A2
yzQdKLHuq4Y_sentence_683.wav,Who is the girl in the pink dress?,Cô gái mặc váy hồng là ai?,A1
yzQdKLHuq4Y_sentence_684.wav,My analysis.,Phân tích của tôi.,A2
yzQdKLHuq4Y_sentence_713.wav,She was transported to a local hospital.,Cô được chuyển đến một bệnh viện địa phương.,A2
yzQdKLHuq4Y_sentence_721.wav,His bike is his only means of transport.,Xe đạp là phương tiện di chuyển duy nhất của anh ta.,A2
yzQdKLHuq4Y_sentence_739.wav,Failure didn't depress him.,Thất bại không làm ông buồn phiền.,B1
yzQdKLHuq4Y_sentence_781.wav,The rumor spread quickly.,Tin đồn lan truyền nhanh chóng.,A2
yzQdKLHuq4Y_sentence_804.wav,He has a southern accent.,Anh ta nói giọng miền nam.,A2
yzQdKLHuq4Y_sentence_821.wav,"I asked him his name, but he didn't respond.","Tôi hỏi tên anh ta, nhưng anh ta không trả lời.",A2
yzQdKLHuq4Y_sentence_830.wav,I woke up with a slight headache.,Tôi tỉnh dậy với một cơn đau đầu nhẹ.,A2
yzQdKLHuq4Y_sentence_855.wav,It's a problem that requires careful analysis.,Đó là một vấn đề đòi hỏi sự phân tích cẩn thận.,A2
yzQdKLHuq4Y_sentence_868.wav,A bus transported us from the airport to the hotel.,Một chiếc xe buýt chở chúng tôi từ sân bay đến khách sạn.,A2
yzQdKLHuq4Y_sentence_879.wav,Everybody wants recognition and respect.,Ai cũng muốn được công nhận và tôn trọng.,A1
yzQdKLHuq4Y_sentence_888.wav,Why are you so rude to your mother?,Sao mày thô lỗ với mẹ mày vậy?,A1
yzQdKLHuq4Y_sentence_889.wav,I didn't mean to be rude to you.,Tôi không có ý thô lỗ với anh.,A2
zKdouMbQMMY_sentence_010.wav,I hardly know where to begin.,Tôi không biết phải bắt đầu từ đâu.,A2
zKdouMbQMMY_sentence_011.wav,"Unfortunately, I hardly speak any French.","Thật không may, tôi hầu như không nói được tiếng Pháp.",A2
zKdouMbQMMY_sentence_028.wav,He was a guest speaker at the conference.,Ông là diễn giả khách mời tại hội nghị.,A2
zKdouMbQMMY_sentence_053.wav,Words often have several meanings.,Từ thường có nhiều ý nghĩa.,A2
zKdouMbQMMY_sentence_068.wav,"I'd like to paint the room a different color, just as an experiment.","Tôi muốn sơn căn phòng một màu khác, chỉ như một thí nghiệm.",A2
zKdouMbQMMY_sentence_078.wav,Our kids don't want to live in the countryside.,Con cái chúng ta không muốn sống ở nông thôn.,A2
zKdouMbQMMY_sentence_084.wav,We need to find an effective method.,Chúng ta cần tìm một phương pháp hiệu quả.,A2
zKdouMbQMMY_sentence_167.wav,I estimate that we'll need two days to finish the work.,Tôi ước tính chúng ta sẽ cần hai ngày để hoàn thành công việc.,A2
zKdouMbQMMY_sentence_178.wav,I fully understand your concerns.,Tôi hoàn toàn hiểu mối quan tâm của anh.,A1
zKdouMbQMMY_sentence_199.wav,My general impression is that it is very good.,Ấn tượng chung của tôi là nó rất hay.,A2
zKdouMbQMMY_sentence_214.wav,We want to help you because you deserve it.,Chúng tôi muốn giúp anh vì anh xứng đáng được như vậy.,A2
zKdouMbQMMY_sentence_229.wav,She personally replied to my letter.,Đích thân bà ấy đã trả lời thư của tôi.,A2
zKdouMbQMMY_sentence_270.wav,She kept working even though she was tired.,Cô ấy vẫn tiếp tục làm việc mặc dù cô ấy mệt mỏi.,A2
zKdouMbQMMY_sentence_274.wav,"Though it was late, we decided to go.","Mặc dù đã muộn, chúng tôi quyết định đi.",A2
zKdouMbQMMY_sentence_281.wav,He is a potential leader.,Anh ta là một nhà lãnh đạo tiềm năng.,A2
zKdouMbQMMY_sentence_288.wav,"The beach is within walking distance of my house, replied.","Bãi biển nằm trong khoảng cách đi bộ từ nhà tôi, trả lời.",A2
zKdouMbQMMY_sentence_289.wav,The beach is crowded on holidays.,Bãi biển đông đúc vào những ngày nghỉ.,A2
zKdouMbQMMY_sentence_304.wav,What's the matter with you?,Có chuyện gì với anh vậy?,A2
zKdouMbQMMY_sentence_308.wav,"No matter what he says, don't trust him.","Dù anh ta nói gì, đừng tin anh ta.",A1
zKdouMbQMMY_sentence_309.wav,Fear,Sợ hãi,A1
zKdouMbQMMY_sentence_316.wav,Belief.,Niềm tin.,A1
zKdouMbQMMY_sentence_380.wav,"For your own safety, just stay here.","Vì sự an toàn của chính cô, hãy ở lại đây.",A1
zKdouMbQMMY_sentence_394.wav,My father is busy getting ready for his trip.,Cha tôi đang bận chuẩn bị cho chuyến đi.,A2
zKdouMbQMMY_sentence_399.wav,You are not allowed to enter this room.,Cô không được phép vào phòng này.,A1
zKdouMbQMMY_sentence_408.wav,They chose her instead of me.,Họ chọn cô ấy thay vì tôi.,A2
zKdouMbQMMY_sentence_420.wav,You should brush your teeth twice a day.,Bạn nên đánh răng hai lần mỗi ngày.,A1
zKdouMbQMMY_sentence_463.wav,She lay down on the bed and cried.,Cô nằm xuống giường và khóc.,A1
zKdouMbQMMY_sentence_488.wav,I would like to try it.,Tôi muốn thử nó.,A1
zKdouMbQMMY_sentence_492.wav,Would you like to have lunch with me?,Anh có muốn ăn trưa với tôi không?,A1
zOsZ6doLPs0_sentence_014.wav,Foreign.,Nước ngoài.,A2
zOsZ6doLPs0_sentence_018.wav,Learning a foreign language is interesting.,Học ngoại ngữ là một việc thú vị.,A2
zOsZ6doLPs0_sentence_035.wav,He has a tendency to look on the dark side of things.,Anh ta có xu hướng nhìn vào mặt tối của mọi thứ.,B1
zOsZ6doLPs0_sentence_083.wav,Can you recommend a good dentist?,Anh có thể giới thiệu cho tôi một nha sĩ giỏi không?,A2
zOsZ6doLPs0_sentence_084.wav,I have a dentist appointment at 2.30 p.m.,Tôi có hẹn với nha sĩ lúc 2: 30 chiều.,A2
zOsZ6doLPs0_sentence_130.wav,"She leaves her bedroom window open, however cold it is.","Cô để cửa sổ phòng ngủ mở, dù nó lạnh thế nào.",A2
zOsZ6doLPs0_sentence_137.wav,She looked at him with a smile on her face.,Nàng nhìn anh với nụ cười trên môi.,A2
zOsZ6doLPs0_sentence_142.wav,Will you meet our demands?,Anh sẽ đáp ứng yêu cầu của chúng tôi chứ?,A2
zOsZ6doLPs0_sentence_154.wav,I didn't get a straight answer from him.,Tôi không nhận được câu trả lời thẳng thắn từ anh ta.,A2
zOsZ6doLPs0_sentence_158.wav,She was here just a minute ago.,Cô ấy vừa ở đây một phút trước.,A1
zOsZ6doLPs0_sentence_162.wav,I met my girlfriend three years ago.,Tôi gặp bạn gái của mình 3 năm trước.,A2
zOsZ6doLPs0_sentence_183.wav,I'd like some more coffee.,Tôi muốn thêm cà phê.,A1
zOsZ6doLPs0_sentence_184.wav,Environment.,Môi trường.,A1
zOsZ6doLPs0_sentence_192.wav,What time did you go to bed?,Anh đi ngủ lúc mấy giờ?,A1
zOsZ6doLPs0_sentence_197.wav,"We put the children to bed early,",Chúng tôi cho bọn trẻ đi ngủ sớm.,A1
zOsZ6doLPs0_sentence_219.wav,Drunk driving is a serious problem.,Lái xe say xỉn là một vấn đề nghiêm trọng.,A2
zOsZ6doLPs0_sentence_227.wav,I enjoy feeding the pigeons.,Tôi thích cho bồ câu ăn.,A1
zOsZ6doLPs0_sentence_283.wav,I think you should wear a tie.,Tôi nghĩ anh nên đeo cà vạt.,A1
zOsZ6doLPs0_sentence_293.wav,Are you seriously thinking about divorce?,Anh đang nghĩ đến ly dị thật à?,A1
zOsZ6doLPs0_sentence_365.wav,May I ask you a favor?,Tôi nhờ anh một việc được không?,A2
zOsZ6doLPs0_sentence_376.wav,I want to be more independent.,Tôi muốn độc lập hơn.,A1
zOsZ6doLPs0_sentence_401.wav,"Obviously, we don't want to spend too much money.",Rõ ràng là chúng ta không muốn tiêu quá nhiều tiền.,A1
zOsZ6doLPs0_sentence_422.wav,I'll tell you a secret.,Tôi sẽ cho anh biết một bí mật.,A1
zOsZ6doLPs0_sentence_424.wav,I revealed the secret to him.,Tôi đã tiết lộ bí mật cho anh ta.,A2
zOsZ6doLPs0_sentence_453.wav,He couldn't hide his anger at us.,Anh ta không thể che giấu sự tức giận của mình với chúng tôi.,A2
zOsZ6doLPs0_sentence_462.wav,What style of furniture would you like?,Bạn thích kiểu nội thất nào?,A1
zOsZ6doLPs0_sentence_465.wav,I can't unfortunately. I have to work.,"Không thể, tiếc là tôi phải làm việc.",A1
zOsZ6doLPs0_sentence_483.wav,We need to pay over a thousand dollars in tax.,Chúng ta cần phải trả hơn một ngàn đô la thuế.,A2
zOsZ6doLPs0_sentence_502.wav,Translate the following sentences into English.,Dịch những câu sau đây sang tiếng Anh.,A2
zOsZ6doLPs0_sentence_537.wav,He is a very kind and generous man.,Ông ấy là một người rất tốt bụng và rộng lượng.,A2
zOsZ6doLPs0_sentence_544.wav,I can walk home. Don't be silly. It's too far.,Tôi có thể đi bộ về nhà. Đừng ngốc thế. Nó quá xa.,A1
zOsZ6doLPs0_sentence_545.wav,Afford,Đạt được,A2
zOsZ6doLPs0_sentence_549.wav,Can we afford a new car?,Chúng ta có thể mua xe mới không?,A1
zOsZ6doLPs0_sentence_578.wav,I'd rather stay at home than go out.,Tôi thà ở nhà còn hơn ra ngoài.,A2
zOsZ6doLPs0_sentence_585.wav,Social,Xã hội,A1
zOsZ6doLPs0_sentence_587.wav,The increase in suicides has become a serious social problem.,Sự gia tăng các vụ tự tử đã trở thành một vấn đề xã hội nghiêm trọng.,A2
zOsZ6doLPs0_sentence_590.wav,Story,Câu chuyện,A1
zOsZ6doLPs0_sentence_592.wav,I've heard this story before.,Tôi đã nghe câu chuyện này trước đây.,A1
zOsZ6doLPs0_sentence_593.wav,Where did you hear that story?,Anh nghe câu chuyện đó ở đâu?,A1
zOsZ6doLPs0_sentence_637.wav,In form,Dưới dạng,A2
zOsZ6doLPs0_sentence_638.wav,Who should I inform?,Tôi nên báo cho ai?,A2
zOsZ6doLPs0_sentence_645.wav,He told me the story of his life.,Ông ấy kể cho tôi câu chuyện về cuộc đời ông ấy.,A1
zOsZ6doLPs0_sentence_666.wav,He is my uncle.,Ông ấy là chú tôi.,A1
zOsZ6doLPs0_sentence_673.wav,We all admire your courage.,Chúng tôi đều ngưỡng mộ lòng dũng cảm của anh.,A1
zOsZ6doLPs0_sentence_685.wav,There's nothing left to say.,Chẳng còn gì để nói nữa.,A1
zOsZ6doLPs0_sentence_687.wav,She has nothing in common with him.,Cô ấy không có điểm chung nào với hắn.,A2
zOsZ6doLPs0_sentence_689.wav,Neighbor,Hàng xóm,A1
zOsZ6doLPs0_sentence_701.wav,She looked so beautiful in white.,Cô ấy mặc đồ trắng trông rất đẹp.,A1
zOsZ6doLPs0_sentence_702.wav,He said I was the most beautiful woman he'd ever seen.,Anh ấy nói tôi là người phụ nữ đẹp nhất anh ấy từng thấy.,A2
zOsZ6doLPs0_sentence_704.wav,"It's going to be a beautiful day, Sarah said. Including","Sarah nói: "" Hôm nay sẽ là một ngày đẹp trời. Bao gồm cả những ngày tháng đẹp trời. "" '",A2
zOsZ6doLPs0_sentence_711.wav,I remember virtually everything he said.,Tôi nhớ gần như mọi điều ông ấy nói.,A1
zOsZ6doLPs0_sentence_757.wav,He has no interest in science.,Ông không có hứng thú với khoa học.,A2
zOsZ6doLPs0_sentence_760.wav,We're studying physical science.,Chúng tôi đang nghiên cứu khoa học vật lý.,A1
zOsZ6doLPs0_sentence_764.wav,She's a famous movie star.,Cô ấy là ngôi sao điện ảnh nổi tiếng.,A1
zOsZ6doLPs0_sentence_790.wav,I will wait until you arrive.,Tôi sẽ đợi cho đến khi anh đến.,A2
zOsZ6doLPs0_sentence_794.wav,We arrived home at six o'clock.,Chúng tôi về nhà lúc 6 giờ.,A2
zOsZ6doLPs0_sentence_795.wav,The train from Bangkok is now arriving.,Tàu từ Bangkok đang đến.,A2
zOsZ6doLPs0_sentence_801.wav,She advised me to give up smoking.,Bà khuyên tôi bỏ thuốc lá.,A2
zOsZ6doLPs0_sentence_819.wav,Do you agree with me that we should leave now?,Anh có đồng ý với tôi là chúng ta nên đi ngay bây giờ không?,A2
zOsZ6doLPs0_sentence_821.wav,He didn't agree to my proposal.,Ông ta không đồng ý đề nghị của tôi.,A2
zOsZ6doLPs0_sentence_847.wav,D crease.,Nếp gấp D.,A2
zOsZ6doLPs0_sentence_869.wav,I have no desire to stay here.,Tôi không có ý định ở lại đây.,A1
zOsZ6doLPs0_sentence_874.wav,The club charges an annual fee of$50.,Câu lạc bộ tính phí hàng năm là 50 đô la.,A2
zOsZ6doLPs0_sentence_875.wav,His annual income is over one hundred fifty thousand dollars.,Thu nhập hàng năm của anh ta là hơn 150.000 đô la.,A2
zOsZ6doLPs0_sentence_883.wav,Hand.,Tay.,A1
zOsZ6doLPs0_sentence_903.wav,He has worked there for the past few months.,Anh ta đã làm việc ở đó vài tháng qua.,A2
zOsZ6doLPs0_sentence_906.wav,He is able to speak ten languages.,Anh có thể nói mười ngôn ngữ.,A2
zOsZ6doLPs0_sentence_913.wav,"His annual income is more than$100,000.",Thu nhập hàng năm của anh ta là hơn 100.000 đô la.,A2
zOsZ6doLPs0_sentence_925.wav,She got bored with staring out of the window.,Cô ấy đã chán nhìn chằm chằm ra ngoài cửa sổ.,A2
zOsZ6doLPs0_sentence_930.wav,Suddenly,Đột nhiên,A1
zOsZ6doLPs0_sentence_933.wav,It all happened so suddenly.,Tất cả xảy ra quá đột ngột.,A1
zOsZ6doLPs0_sentence_952.wav,Can you reduce the price a little bit?,Ông có thể giảm giá một chút không?,A2
zOsZ6doLPs0_sentence_962.wav,It isn't polite to interrupt people when they're talking.,Không nên ngắt lời người khác khi họ đang nói.,A2
zOsZ6doLPs0_sentence_976.wav,Turn right at the next intersection.,Rẽ phải ở giao lộ tiếp theo.,A1
zOsZ6doLPs0_sentence_979.wav,The doctor advised me to take a complete rest.,Bác sĩ khuyên tôi nên nghỉ ngơi hoàn toàn.,A2
zOsZ6doLPs0_sentence_988.wav,This story is based on facts.,Câu chuyện này dựa trên sự thật.,A2
zdGXA7pw_iw_sentence_060.wav,I'm so excited to see her after such a long time.,Tôi rất vui khi gặp lại cô ấy sau một thời gian dài như vậy.,A2
zdGXA7pw_iw_sentence_086.wav,I can assure you that you won't be disappointed.,Tôi có thể đảm bảo rằng cô sẽ không thất vọng.,A2
zdGXA7pw_iw_sentence_106.wav,I didn't mean to interrupt your conversation.,Tôi không có ý cắt ngang cuộc nói chuyện của hai người.,A2
zdGXA7pw_iw_sentence_127.wav,She deserves a reward for her efforts.,Cô ấy xứng đáng được thưởng vì những nỗ lực của mình.,A2
zdGXA7pw_iw_sentence_129.wav,Well known.,Rất nổi tiếng.,A2
zdGXA7pw_iw_sentence_216.wav,He's always making excuses for being late.,Anh ta luôn viện lý do vì đến muộn.,A2
zdGXA7pw_iw_sentence_219.wav,Rent.,Tiền thuê nhà.,A1
zdGXA7pw_iw_sentence_270.wav,Meaning.,Ý nghĩa.,A2
zdGXA7pw_iw_sentence_280.wav,Let's go out now and eat afterwards.,Hãy ra ngoài ăn sau đó.,A1
zdGXA7pw_iw_sentence_283.wav,I really appreciate your kindness.,Tôi rất cảm kích lòng tốt của anh.,A1
zdGXA7pw_iw_sentence_287.wav,She takes my kindness for granted.,Cô ấy coi trọng lòng tốt của tôi.,A2
zdGXA7pw_iw_sentence_294.wav,I need to hire a new secretary.,Tôi cần thuê một thư ký mới.,A1
zdGXA7pw_iw_sentence_298.wav,She is a brilliant public speaker.,Cô ấy là một diễn giả xuất sắc.,A2
zdGXA7pw_iw_sentence_299.wav,You speak English like a native speaker.,Anh nói tiếng Anh như người bản xứ.,A2
zdGXA7pw_iw_sentence_327.wav,"He is an extremely intelligent person, almost a genius.","Anh ấy là một người cực kỳ thông minh, gần như một thiên tài.",A2
zdGXA7pw_iw_sentence_336.wav,Outside.,Bên ngoài.,A1
zdGXA7pw_iw_sentence_337.wav,The outside of the house needs painting.,Phần bên ngoài nhà cần được sơn.,A2
zdGXA7pw_iw_sentence_341.wav,They're waiting outside.,Họ đang đợi ở ngoài.,A1
zdGXA7pw_iw_sentence_344.wav,I guess it's going to rain.,Tôi đoán là trời sẽ mưa.,A1
zdGXA7pw_iw_sentence_346.wav,My guess is that it will be fine tomorrow.,Tôi đoán là ngày mai sẽ ổn thôi.,A2
zdGXA7pw_iw_sentence_356.wav,This matter is very urgent.,Vấn đề này rất cấp bách.,A1
zdGXA7pw_iw_sentence_368.wav,Do you want to race?,Anh có muốn đua không?,A1
zdGXA7pw_iw_sentence_373.wav,I didn't see any familiar faces at the party.,Tôi không thấy bất kỳ khuôn mặt quen thuộc nào ở bữa tiệc.,A2
zdGXA7pw_iw_sentence_376.wav,Experience,Kinh nghiệm,A1
zdGXA7pw_iw_sentence_379.wav,I don't have as much experience as you.,Tôi không có nhiều kinh nghiệm như anh.,A2
zdGXA7pw_iw_sentence_388.wav,Responsibility,Trách nhiệm,A1
zdGXA7pw_iw_sentence_389.wav,I take full responsibility for this.,Tôi chịu hoàn toàn trách nhiệm về việc này.,A1
zdGXA7pw_iw_sentence_393.wav,"This isn't my responsibility, it's yours.","Đây không phải trách nhiệm của tôi, mà là của anh.",A2
zdGXA7pw_iw_sentence_404.wav,"She isn't kind to him. In fact, she's not kind to anyone.",Cô ấy không tốt với anh ta.,A2
zdGXA7pw_iw_sentence_405.wav,What kind of wine do you have?,Anh có loại rượu nào?,A1
zdGXA7pw_iw_sentence_416.wav,Floor.,Sàn nhà.,A1
zdGXA7pw_iw_sentence_417.wav,I don't mind sleeping on the floor.,Tôi không phiền ngủ dưới sàn.,A1
zdGXA7pw_iw_sentence_422.wav,How many floors does this building have?,Toà nhà này có bao nhiêu tầng?,A2
zdGXA7pw_iw_sentence_435.wav,Final.,Cuối cùng.,A1
zdGXA7pw_iw_sentence_436.wav,I have one final question for you.,Tôi có một câu hỏi cuối cùng cho anh.,A1
zdGXA7pw_iw_sentence_441.wav,What is your final decision?,Quyết định cuối cùng của anh là gì?,A1
zdGXA7pw_iw_sentence_445.wav,This is my favorite t-shirt.,Đây là cái áo ưa thích của tôi.,A1
zdGXA7pw_iw_sentence_451.wav,I plan to pursue a career in international finance.,Tôi dự định theo đuổi sự nghiệp tài chính quốc tế.,A2
zdGXA7pw_iw_sentence_466.wav,Try.,Thử đi.,A1
zdGXA7pw_iw_sentence_470.wav,I think that we should try again.,Tôi nghĩ chúng ta nên thử lại.,A1
zdGXA7pw_iw_sentence_476.wav,"Hand me that book, please.",Làm ơn đưa tôi cuốn sách đó.,A1
zdGXA7pw_iw_sentence_484.wav,I'm the owner of this restaurant.,Tôi là chủ nhà hàng này.,A1
